CLASSE,Hue,Saturation,Value,Vibration,Metal
Madeira,26.51,53.75,31.37,0.81,0
Madeira,23.57,58.95,37.25,2.04,0
Madeira,25.71,52.50,31.37,3.15,0
Madeira,24.26,52.81,34.90,3.39,0
Madeira,22.35,57.95,34.51,8.03,0
Madeira,25.50,50.00,31.37,7.15,0
Madeira,21.43,57.73,38.04,7.28,0
Madeira,25.91,54.32,31.76,7.03,0
Madeira,27.00,49.38,31.76,6.36,0
Madeira,23.16,59.38,37.65,12.23,0
Madeira,25.71,52.50,31.37,12.94,0
Madeira,25.33,51.72,34.12,15.81,0
Madeira,24.71,57.30,34.90,17.79,0
Madeira,25.71,52.50,31.37,15.59,0
Madeira,22.64,56.38,36.86,13.99,0
Madeira,24.78,55.42,32.55,12.68,0
Madeira,27.69,48.75,31.37,10.86,0
Madeira,22.11,58.76,38.04,9.97,0
Madeira,25.71,52.50,31.37,9.97,0
Madeira,25.12,50.59,33.33,9.68,0
Madeira,23.77,57.61,36.08,8.30,0
Madeira,25.71,52.50,31.37,8.65,0
Madeira,22.04,53.85,35.69,8.29,0
Madeira,22.91,58.51,36.86,9.97,0
Madeira,26.51,53.75,31.37,11.59,0
Madeira,22.98,52.81,34.90,10.68,0
Madeira,22.50,58.95,37.25,9.36,0
Madeira,26.51,53.75,31.37,7.95,0
Madeira,23.48,52.27,34.51,8.14,0
Madeira,22.50,58.95,37.25,8.81,0
Madeira,25.71,52.50,31.37,8.86,0
Madeira,24.78,52.27,34.51,9.87,0
Madeira,24.23,58.43,34.90,9.41,0
Madeira,25.71,52.50,31.37,9.21,0
Madeira,21.92,55.32,36.86,10.92,0
Madeira,24.71,57.30,34.90,10.92,0
Madeira,26.51,53.75,31.37,9.87,0
Madeira,23.08,55.91,36.47,9.51,0
Madeira,24.00,54.22,32.55,10.79,0
Madeira,26.15,48.75,31.37,13.13,0
Madeira,22.50,58.33,37.65,11.46,0
Madeira,26.51,53.75,31.37,12.06,0
Madeira,25.71,50.00,32.94,14.47,0
Madeira,23.33,58.70,36.08,12.54,0
Madeira,26.51,53.75,31.37,11.63,0
Madeira,24.00,54.95,35.69,9.94,0
Madeira,23.33,58.06,36.47,8.89,0
Madeira,25.71,52.50,31.37,8.26,0
Madeira,24.49,54.44,35.29,7.52,0
Madeira,23.27,56.98,33.73,8.64,0
Madeira,25.50,50.00,31.37,8.52,0
Madeira,21.82,57.29,37.65,9.69,0
Madeira,27.27,54.32,31.76,10.75,0
Madeira,24.88,50.62,31.76,9.86,0
Madeira,21.82,57.29,37.65,14.35,0
Madeira,25.12,53.09,31.76,17.51,0
Madeira,26.15,48.15,31.76,16.61,0
Madeira,20.69,60.42,37.65,19.43,0
Madeira,25.71,52.50,31.37,18.67,0
Madeira,24.23,55.91,36.47,17.12,0
Madeira,23.08,58.43,34.90,15.17,0
Madeira,24.88,51.25,31.37,14.35,0
Madeira,22.91,57.89,37.25,13.92,0
Madeira,26.51,53.75,31.37,11.55,0
Madeira,26.51,50.59,33.33,11.13,0
Madeira,23.33,58.70,36.08,16.70,0
Madeira,26.51,53.75,31.37,15.32,0
Madeira,24.00,54.95,35.69,12.45,0
Madeira,25.00,56.47,33.33,14.68,0
Madeira,24.88,51.25,31.37,15.16,0
Madeira,21.11,56.25,37.65,18.06,0
Madeira,24.49,56.98,33.73,21.52,0
Madeira,24.29,52.50,31.37,23.60,0
Madeira,21.11,56.25,37.65,27.05,0
Madeira,22.80,57.47,34.12,23.40,0
Madeira,24.62,48.75,31.37,23.38,0
Madeira,21.82,57.29,37.65,20.37,0
Madeira,25.91,54.32,31.76,17.65,0
Madeira,27.69,48.15,31.76,15.26,0
Madeira,21.72,60.42,37.65,13.92,0
Madeira,24.29,52.50,31.37,12.01,0
Madeira,21.92,55.32,36.86,11.54,0
Madeira,22.64,58.89,35.29,9.56,0
Madeira,24.00,50.00,31.37,9.08,0
Madeira,22.22,56.25,37.65,14.87,0
Madeira,24.00,54.22,32.55,17.84,0
Madeira,26.15,48.75,31.37,17.50,0
Madeira,20.69,59.79,38.04,17.99,0
Madeira,26.51,53.75,31.37,15.71,0
Madeira,23.53,55.43,36.08,13.70,0
Madeira,22.50,56.47,33.33,12.56,0
Madeira,24.62,48.75,31.37,11.00,0
Madeira,22.91,57.29,37.65,9.73,0
Madeira,26.51,53.75,31.37,9.16,0
Madeira,26.34,49.40,32.55,8.77,0
Madeira,23.57,58.95,37.25,12.29,0
Madeira,26.51,53.75,31.37,12.91,0
Madeira,22.17,52.27,34.51,13.33,0
Madeira,23.16,59.38,37.65,12.23,0
Madeira,25.71,52.50,31.37,13.28,0
Madeira,23.48,52.87,34.12,12.99,0
Madeira,23.16,59.38,37.65,11.44,0
Madeira,26.51,53.75,31.37,9.72,0
Madeira,24.00,51.72,34.12,9.25,0
Madeira,23.08,58.43,34.90,8.25,0
Madeira,24.88,51.25,31.37,7.91,0
Madeira,21.43,57.73,38.04,6.79,0
Madeira,24.26,55.29,33.33,6.29,0
Madeira,24.88,51.25,31.37,7.19,0
Madeira,21.11,56.25,37.65,6.62,0
Madeira,23.75,56.47,33.33,6.11,0
Madeira,27.00,50.00,31.37,6.32,0
Madeira,21.82,57.29,37.65,8.44,0
Madeira,25.71,52.50,31.37,8.30,0
Madeira,27.69,48.15,31.76,7.87,0
Madeira,21.05,60.00,37.25,10.15,0
Madeira,25.71,52.50,31.37,10.59,0
Madeira,21.92,55.32,36.86,13.76,0
Madeira,24.00,56.82,34.51,12.39,0
Madeira,25.12,53.75,31.37,11.99,0
Madeira,21.92,55.32,36.86,14.03,0
Madeira,23.53,57.30,34.90,14.43,0
Madeira,25.12,53.75,31.37,13.92,0
Madeira,22.64,56.38,36.86,13.03,0
Madeira,24.00,54.88,32.16,11.27,0
Madeira,26.15,48.75,31.37,11.10,0
Madeira,23.16,59.38,37.65,11.28,0
Madeira,25.12,53.75,31.37,10.68,0
Madeira,25.91,51.76,33.33,10.31,0
Madeira,22.64,58.89,35.29,11.85,0
Madeira,24.88,51.25,31.37,11.25,0
Madeira,21.51,55.79,37.25,10.41,0
Madeira,22.98,55.95,32.94,10.33,0
Madeira,27.00,50.00,31.37,9.81,0
Madeira,22.50,58.33,37.65,8.88,0
Madeira,25.71,52.50,31.37,10.02,0
Madeira,26.34,49.40,32.55,9.37,0
Madeira,24.00,59.14,36.47,8.94,0
Madeira,25.71,52.50,31.37,8.84,0
Madeira,24.49,54.44,35.29,9.55,0
Madeira,23.27,56.98,33.73,15.63,0
Madeira,25.50,50.00,31.37,14.89,0
Madeira,22.76,59.79,38.04,13.81,0
Madeira,26.51,53.75,31.37,11.74,0
Madeira,24.26,52.81,34.90,13.09,0
Madeira,22.80,57.47,34.12,12.35,0
Madeira,25.50,50.00,31.37,12.26,0
Madeira,23.16,59.38,37.65,15.30,0
Madeira,25.12,53.75,31.37,14.08,0
Madeira,24.78,52.27,34.51,12.42,0
Madeira,23.08,59.09,34.51,11.98,0
Madeira,24.88,51.25,31.37,11.20,0
Madeira,22.76,59.79,38.04,9.28,0
Madeira,27.91,53.75,31.37,8.30,0
Madeira,26.09,52.87,34.12,8.33,0
Madeira,21.92,58.43,34.90,7.11,0
Madeira,23.41,51.25,31.37,6.24,0
Madeira,22.50,58.33,37.65,6.57,0
Madeira,26.51,53.75,31.37,8.91,0
Madeira,23.18,51.76,33.33,8.68,0
Madeira,22.11,58.76,38.04,9.01,0
Madeira,26.51,53.75,31.37,8.25,0
Madeira,25.12,50.59,33.33,7.65,0
Madeira,23.33,58.70,36.08,6.18,0
Madeira,26.51,53.75,31.37,6.72,0
Madeira,24.00,54.95,35.69,6.86,0
Madeira,23.75,55.81,33.73,7.45,0
Madeira,25.71,52.50,31.37,6.87,0
Madeira,21.82,57.29,37.65,7.33,0
Madeira,26.51,53.75,31.37,6.33,0
Madeira,27.69,48.15,31.76,5.48,0
Madeira,22.50,58.95,37.25,5.82,0
Madeira,24.29,52.50,31.37,5.45,0
Madeira,24.26,52.81,34.90,6.98,0
Madeira,23.27,56.32,34.12,6.94,0
Madeira,24.29,52.50,31.37,7.36,0
Madeira,22.64,56.38,36.86,11.08,0
Madeira,25.91,54.32,31.76,12.34,0
Madeira,27.00,49.38,31.76,15.32,0
Madeira,23.16,59.38,37.65,15.01,0
Madeira,24.29,52.50,31.37,13.42,0
Madeira,22.67,51.72,34.12,15.93,0
Madeira,22.50,58.95,37.25,19.77,0
Madeira,25.12,53.75,31.37,18.19,0
Madeira,25.33,51.72,34.12,15.57,0
Madeira,25.38,58.43,34.90,15.79,0
Madeira,26.51,53.75,31.37,13.37,0
Madeira,22.80,54.35,36.08,11.65,0
Madeira,23.77,58.24,35.69,9.92,0
Madeira,26.51,53.75,31.37,8.95,0
Madeira,22.04,53.85,35.69,7.56,0
Madeira,23.33,58.70,36.08,7.68,0
Madeira,26.51,53.75,31.37,7.09,0
Madeira,25.20,54.95,35.69,7.16,0
Madeira,23.27,56.32,34.12,6.34,0
Madeira,25.71,52.50,31.37,5.93,0
Madeira,22.22,56.84,37.25,5.40,0
Madeira,25.91,54.32,31.76,4.90,0
Madeira,27.80,50.00,32.16,4.85,0
Madeira,23.57,58.95,37.25,4.86,0
Madeira,26.51,53.75,31.37,4.77,0
Madeira,24.78,52.27,34.51,4.07,0
Madeira,24.71,57.95,34.51,3.73,0
Madeira,24.29,52.50,31.37,4.22,0
Madeira,22.35,54.84,36.47,4.10,0
Madeira,24.23,58.43,34.90,5.28,0
Madeira,25.71,52.50,31.37,5.33,0
Madeira,22.80,54.35,36.08,6.64,0
Madeira,22.64,58.24,35.69,6.06,0
Madeira,26.51,53.75,31.37,5.82,0
Madeira,22.35,55.43,36.08,5.52,0
Madeira,24.44,58.70,36.08,5.81,0
Madeira,25.12,53.75,31.37,5.58,0
Madeira,22.04,53.85,35.69,5.49,0
Madeira,23.33,58.06,36.47,5.34,0
Madeira,25.12,53.75,31.37,6.00,0
Madeira,23.75,53.33,35.29,6.38,0
Madeira,23.27,56.32,34.12,5.41,0
Madeira,26.34,51.90,30.98,5.37,0
Madeira,23.77,56.38,36.86,4.50,0
Madeira,25.91,54.32,31.76,5.20,0
Madeira,26.15,48.15,31.76,6.34,0
Madeira,22.11,59.38,37.65,6.62,0
Madeira,26.51,53.75,31.37,7.36,0
Madeira,25.33,51.72,34.12,6.95,0
Madeira,23.77,58.89,35.29,7.21,0
Madeira,25.12,53.75,31.37,6.50,0
Madeira,24.23,55.91,36.47,5.86,0
Madeira,25.33,54.22,32.55,5.87,0
Madeira,24.88,51.25,31.37,5.47,0
Madeira,22.11,58.76,38.04,5.25,0
Madeira,26.51,53.75,31.37,7.48,0
Madeira,27.14,50.60,32.55,6.64,0
Madeira,21.82,58.51,36.86,6.12,0
Madeira,25.71,52.50,31.37,5.86,0
Madeira,25.53,52.81,34.90,5.28,0
Madeira,25.20,57.47,34.12,4.74,0
Madeira,24.29,52.50,31.37,5.18,0
Madeira,22.64,56.38,36.86,4.81,0
Madeira,25.91,54.32,31.76,5.97,0
Madeira,27.00,49.38,31.76,6.44,0
Madeira,23.16,59.38,37.65,6.42,0
Madeira,26.51,53.75,31.37,7.31,0
Madeira,25.33,51.72,34.12,10.62,0
Madeira,23.77,58.24,35.69,12.01,0
Madeira,24.29,52.50,31.37,12.54,0
Madeira,22.35,55.43,36.08,12.20,0
Madeira,24.00,59.14,36.47,13.40,0
Madeira,25.71,52.50,31.37,11.57,0
Madeira,23.27,53.85,35.69,10.56,0
Madeira,23.27,56.32,34.12,10.35,0
Madeira,25.71,52.50,31.37,9.93,0
Madeira,22.22,56.84,37.25,13.98,0
Madeira,25.12,53.09,31.76,11.71,0
Madeira,27.00,49.38,31.76,11.44,0
Madeira,22.11,59.38,37.65,9.81,0
Madeira,25.12,53.75,31.37,8.98,0
Madeira,24.00,52.33,33.73,8.13,0
Madeira,22.50,58.33,37.65,7.26,0
Madeira,24.29,52.50,31.37,9.24,0
Madeira,23.18,51.76,33.33,8.63,0
Madeira,22.91,57.89,37.25,7.45,0
Madeira,25.12,53.75,31.37,6.57,0
Madeira,25.71,51.22,32.16,5.67,0
Madeira,21.82,57.29,37.65,6.07,0
Madeira,25.71,52.50,31.37,5.15,0
Madeira,26.34,50.00,32.16,6.14,0
Madeira,21.72,61.05,37.25,7.23,0
Madeira,25.71,52.50,31.37,7.79,0
Madeira,22.64,56.38,36.86,6.46,0
Madeira,24.78,55.42,32.55,6.63,0
Madeira,26.15,48.75,31.37,10.45,0
Madeira,22.50,58.33,37.65,9.22,0
Madeira,24.29,52.50,31.37,8.73,0
Madeira,23.72,51.19,32.94,8.41,0
Madeira,22.11,58.76,38.04,8.26,0
Madeira,25.71,52.50,31.37,8.45,0
Madeira,23.72,51.81,32.55,8.36,0
Madeira,21.43,57.73,38.04,8.41,0
Madeira,25.71,52.50,31.37,8.26,0
Madeira,25.50,48.78,32.16,8.17,0
Madeira,22.50,58.95,37.25,7.26,0
Madeira,26.51,53.75,31.37,8.86,0
Madeira,22.98,52.81,34.90,9.91,0
Madeira,24.23,58.43,34.90,8.73,0
Madeira,25.71,52.50,31.37,8.48,0
Madeira,23.77,56.38,36.86,10.47,0
Madeira,25.33,54.88,32.16,9.58,0
Madeira,27.69,48.75,31.37,9.33,0
Madeira,22.11,58.76,38.04,10.62,0
Madeira,26.51,53.75,31.37,9.25,0
Madeira,25.12,50.59,33.33,8.35,0
Madeira,22.22,58.06,36.47,8.21,0
Madeira,26.51,53.75,31.37,7.35,0
Madeira,22.04,53.85,35.69,8.17,0
Madeira,23.57,59.57,36.86,7.21,0
Madeira,26.51,53.75,31.37,6.63,0
Madeira,23.75,53.33,35.29,6.01,0
Madeira,24.00,57.47,34.12,6.01,0
Madeira,25.71,52.50,31.37,8.65,0
Madeira,21.92,55.32,36.86,11.42,0
Madeira,23.53,57.30,34.90,13.94,0
Madeira,25.71,52.50,31.37,18.72,0
Madeira,22.80,54.35,36.08,23.58,0
Madeira,24.23,57.78,35.29,20.82,0
Madeira,26.51,53.75,31.37,18.27,0
Madeira,21.60,54.35,36.08,15.89,0
Madeira,22.64,57.61,36.08,13.71,0
Madeira,26.51,53.75,31.37,11.61,0
Madeira,22.50,53.33,35.29,10.44,0
Madeira,23.33,58.06,36.47,9.15,0
Madeira,26.51,53.75,31.37,9.64,0
Madeira,23.75,53.93,34.90,8.71,0
Madeira,22.91,58.51,36.86,7.74,0
Madeira,27.14,53.16,30.98,7.81,0
Madeira,25.53,53.41,34.51,6.87,0
Madeira,24.71,57.95,34.51,6.36,0
Madeira,25.12,53.75,31.37,6.20,0
Madeira,22.35,54.84,36.47,9.13,0
Madeira,23.53,57.30,34.90,11.03,0
Madeira,25.71,52.50,31.37,11.03,0
Madeira,23.08,55.91,36.47,10.13,0
Madeira,24.78,55.42,32.55,9.68,0
Madeira,27.00,50.00,31.37,10.55,0
Madeira,22.11,58.76,38.04,8.87,0
Madeira,25.71,52.50,31.37,10.72,0
Madeira,27.14,50.60,32.55,12.33,0
Madeira,24.00,59.14,36.47,11.57,0
Madeira,25.12,53.75,31.37,11.61,0
Madeira,22.50,53.33,35.29,10.57,0
Madeira,21.05,60.64,36.86,8.57,0
Madeira,25.71,52.50,31.37,10.20,0
Madeira,21.92,55.32,36.86,11.47,0
Madeira,22.35,57.95,34.51,10.89,0
Madeira,24.00,50.00,31.37,11.75,0
Madeira,21.43,57.73,38.04,13.37,0
Madeira,25.12,53.09,31.76,13.35,0
Madeira,26.15,48.75,31.37,12.91,0
Madeira,22.11,60.00,37.25,12.38,0
Madeira,25.12,53.75,31.37,11.96,0
Madeira,22.80,54.35,36.08,10.33,0
Madeira,23.08,58.43,34.90,9.14,0
Madeira,24.88,51.25,31.37,8.26,0
Madeira,23.33,56.84,37.25,11.44,0
Madeira,24.26,55.95,32.94,10.17,0
Madeira,26.15,48.75,31.37,9.85,0
Madeira,22.11,60.00,37.25,8.05,0
Madeira,25.12,53.75,31.37,7.93,0
Madeira,24.00,54.95,35.69,10.58,0
Madeira,22.04,56.98,33.73,10.82,0
Madeira,25.50,50.00,31.37,10.46,0
Madeira,21.82,57.29,37.65,9.45,0
Madeira,25.71,52.50,31.37,11.47,0
Madeira,25.50,50.00,31.37,12.83,0
Madeira,21.72,59.79,38.04,13.37,0
Madeira,26.51,53.75,31.37,11.47,0
Madeira,22.98,53.41,34.51,10.17,0
Madeira,21.05,60.00,37.25,11.85,0
Madeira,25.71,52.50,31.37,12.30,0
Madeira,21.92,55.32,36.86,10.74,0
Madeira,21.92,58.43,34.90,9.49,0
Madeira,24.88,51.25,31.37,11.21,0
Madeira,22.91,57.29,37.65,11.45,0
Madeira,23.48,55.42,32.55,11.03,0
Madeira,27.00,50.00,31.37,13.07,0
Madeira,22.50,58.33,37.65,11.84,0
Madeira,24.29,52.50,31.37,12.50,0
Madeira,26.51,51.19,32.94,11.59,0
Madeira,22.91,59.14,36.47,10.43,0
Madeira,25.12,53.75,31.37,9.58,0
Madeira,22.04,53.85,35.69,9.60,0
Madeira,20.73,59.14,36.47,9.97,0
Madeira,25.71,52.50,31.37,8.63,0
Madeira,21.92,55.32,36.86,8.23,0
Madeira,23.27,56.98,33.73,7.99,0
Madeira,25.50,50.00,31.37,7.21,0
Madeira,21.43,57.73,38.04,6.40,0
Madeira,26.51,53.75,31.37,7.27,0
Madeira,27.80,50.00,32.16,7.81,0
Madeira,21.05,60.00,37.25,10.48,0
Madeira,26.34,51.90,30.98,13.99,0
Madeira,21.92,55.32,36.86,16.04,0
Madeira,22.80,57.47,34.12,14.68,0
Madeira,24.88,51.25,31.37,17.42,0
Madeira,21.82,57.29,37.65,15.49,0
Madeira,23.72,53.09,31.76,14.94,0
Madeira,27.00,49.38,31.76,12.90,0
Madeira,22.11,59.38,37.65,11.69,0
Madeira,25.71,53.16,30.98,10.72,0
Madeira,25.33,51.72,34.12,9.50,0
Madeira,21.18,57.30,34.90,8.55,0
Madeira,24.88,51.25,31.37,9.11,0
Madeira,21.82,57.29,37.65,9.33,0
Madeira,24.00,54.88,32.16,8.83,0
Madeira,27.69,48.75,31.37,7.67,0
Madeira,23.16,59.38,37.65,6.64,0
Madeira,26.51,53.75,31.37,5.79,0
Madeira,25.91,51.76,33.33,6.03,0
Madeira,23.77,58.24,35.69,6.09,0
Madeira,26.51,53.75,31.37,5.64,0
Madeira,24.71,55.43,36.08,10.68,0
Madeira,24.26,55.95,32.94,19.01,0
Madeira,26.15,48.75,31.37,17.52,0
Madeira,22.50,58.33,37.65,17.26,0
Madeira,26.51,53.75,31.37,14.97,0
Madeira,26.51,51.19,32.94,12.60,0
Madeira,21.82,59.78,36.08,10.67,0
Madeira,24.88,51.25,31.37,9.70,0
Madeira,21.92,55.32,36.86,8.07,0
Madeira,22.50,56.47,33.33,8.66,0
Madeira,27.00,50.00,31.37,9.28,0
Madeira,22.76,60.42,37.65,8.78,0
Madeira,25.71,52.50,31.37,8.17,0
Madeira,23.27,54.44,35.29,10.16,0
Madeira,22.91,58.51,36.86,9.62,0
Madeira,26.51,53.75,31.37,9.18,0
Madeira,24.00,54.95,35.69,11.68,0
Madeira,21.60,57.47,34.12,10.74,0
Madeira,25.50,50.00,31.37,10.25,0
Madeira,21.82,57.29,37.65,9.55,0
Madeira,25.71,52.50,31.37,12.31,0
Madeira,27.69,48.15,31.76,11.74,0
Madeira,22.91,58.51,36.86,11.11,0
Madeira,26.51,53.75,31.37,10.68,0
Madeira,21.70,52.81,34.90,13.23,0
Madeira,22.11,60.64,36.86,11.84,0
Madeira,24.29,52.50,31.37,11.44,0
Madeira,21.92,55.32,36.86,10.49,0
Madeira,22.80,57.47,34.12,9.51,0
Madeira,25.50,50.00,31.37,9.07,0
Madeira,21.72,59.79,38.04,7.95,0
Madeira,22.86,52.50,31.37,6.58,0
Madeira,23.75,53.93,34.90,9.37,0
Madeira,21.05,60.00,37.25,9.32,0
Madeira,24.29,52.50,31.37,9.40,0
Madeira,21.92,55.32,36.86,8.46,0
Madeira,22.80,57.47,34.12,8.37,0
Madeira,25.50,50.00,31.37,7.89,0
Madeira,21.82,57.29,37.65,7.22,0
Madeira,24.55,54.32,31.76,7.52,0
Madeira,27.69,48.15,31.76,9.03,0
Madeira,21.05,60.00,37.25,8.63,0
Madeira,25.12,53.75,31.37,10.05,0
Madeira,21.92,55.32,36.86,9.79,0
Madeira,22.80,57.47,34.12,8.76,0
Madeira,25.50,50.00,31.37,8.65,0
Madeira,22.22,56.84,37.25,7.73,0
Madeira,25.91,54.32,31.76,7.06,0
Madeira,27.00,49.38,31.76,7.87,0
Madeira,21.36,61.46,37.65,7.50,0
Madeira,24.29,52.50,31.37,8.69,0
Madeira,22.35,54.84,36.47,9.02,0
Madeira,22.35,57.95,34.51,8.14,0
Madeira,24.88,51.25,31.37,6.82,0
Madeira,21.43,57.73,38.04,5.73,0
Madeira,25.91,54.32,31.76,6.05,0
Madeira,27.69,48.75,31.37,5.41,0
Madeira,22.50,58.33,37.65,5.39,0
Madeira,25.12,53.75,31.37,6.09,0
Madeira,26.09,52.87,34.12,5.35,0
Madeira,24.71,57.30,34.90,4.74,0
Madeira,26.51,53.75,31.37,6.11,0
Madeira,22.64,56.38,36.86,9.10,0
Madeira,25.33,54.88,32.16,8.64,0
Madeira,27.69,48.75,31.37,8.89,0
Madeira,22.11,58.76,38.04,8.40,0
Madeira,25.71,52.50,31.37,9.07,0
Madeira,25.91,51.16,33.73,9.71,0
Madeira,24.91,58.89,35.29,9.15,0
Madeira,24.29,52.50,31.37,10.63,0
Madeira,22.80,54.35,36.08,9.68,0
Madeira,24.26,55.95,32.94,9.32,0
Madeira,26.15,48.75,31.37,9.45,0
Madeira,22.91,57.89,37.25,9.46,0
Madeira,24.29,52.50,31.37,13.57,0
Madeira,25.12,50.59,33.33,12.06,0
Madeira,21.51,58.24,35.69,13.48,0
Madeira,24.88,51.25,31.37,11.71,0
Madeira,22.22,56.84,37.25,11.42,0
Madeira,24.26,55.95,32.94,9.78,0
Madeira,27.00,50.00,31.37,11.11,0
Madeira,21.36,60.82,38.04,11.37,0
Madeira,24.29,52.50,31.37,13.20,0
Madeira,21.60,54.35,36.08,12.78,0
Madeira,21.82,59.78,36.08,10.82,0
Madeira,23.41,51.25,31.37,14.42,0
Madeira,22.50,58.33,37.65,13.03,0
Madeira,27.14,53.16,30.98,16.52,0
Madeira,26.51,51.19,32.94,14.53,0
Madeira,21.11,59.34,35.69,19.39,0
Madeira,23.41,51.25,31.37,17.25,0
Madeira,22.50,58.33,37.65,16.90,0
Madeira,25.12,53.75,31.37,17.27,0
Madeira,25.71,50.00,32.94,16.00,0
Madeira,24.44,58.70,36.08,14.21,0
Madeira,25.71,52.50,31.37,12.73,0
Madeira,23.27,53.85,35.69,12.68,0
Madeira,23.75,56.47,33.33,14.18,0
Madeira,27.00,50.00,31.37,12.76,0
Madeira,22.91,57.89,37.25,13.07,0
Madeira,30.00,30.00,47.06,1.94,0
Madeira,37.50,23.08,40.78,2.31,0
Madeira,30.00,30.00,47.06,2.47,0
Madeira,34.84,27.93,43.53,2.95,0
Madeira,37.50,23.08,40.78,3.50,0
Madeira,32.00,26.32,44.71,5.18,0
Madeira,30.00,31.40,47.45,4.79,0
Madeira,40.00,23.08,40.78,4.27,0
Madeira,35.45,20.95,41.18,4.98,0
Madeira,29.19,30.58,47.45,4.96,0
Madeira,37.50,23.08,40.78,4.28,0
Madeira,36.52,22.12,40.78,3.87,0
Madeira,29.19,30.58,47.45,3.78,0
Madeira,36.00,27.27,43.14,3.79,0
Madeira,37.50,23.08,40.78,3.59,0
Madeira,29.03,26.72,45.49,3.18,0
Madeira,32.43,31.09,46.67,5.21,0
Madeira,37.50,23.08,40.78,4.72,0
Madeira,35.00,22.22,42.35,4.98,0
Madeira,29.19,30.58,47.45,6.27,0
Madeira,37.50,23.08,40.78,5.37,0
Madeira,35.45,21.15,40.78,4.55,0
Madeira,29.19,30.58,47.45,4.09,0
Madeira,34.00,27.27,43.14,4.84,0
Madeira,37.50,23.08,40.78,4.62,0
Madeira,30.00,28.81,46.27,4.28,0
Madeira,30.81,31.09,46.67,4.63,0
Madeira,37.50,23.08,40.78,4.96,0
Madeira,35.00,22.22,42.35,4.57,0
Madeira,31.58,31.40,47.45,4.04,0
Madeira,37.50,23.08,40.78,4.23,0
Madeira,35.45,21.15,40.78,4.10,0
Madeira,29.19,30.58,47.45,4.22,0
Madeira,37.24,26.61,42.75,5.86,0
Madeira,37.50,23.08,40.78,6.05,0
Madeira,30.91,27.97,46.27,5.31,0
Madeira,32.43,31.62,45.88,4.64,0
Madeira,37.50,23.08,40.78,3.93,0
Madeira,32.31,23.64,43.14,3.88,0
Madeira,29.19,30.58,47.45,3.67,0
Madeira,37.50,23.08,40.78,3.26,0
Madeira,38.18,21.15,40.78,2.73,0
Madeira,29.19,30.58,47.45,2.27,0
Madeira,35.56,25.23,41.96,2.23,0
Madeira,37.50,23.08,40.78,2.38,0
Madeira,30.86,29.41,46.67,2.37,0
Madeira,33.33,31.03,45.49,2.09,0
Madeira,37.50,23.08,40.78,1.99,0
Madeira,31.11,24.32,43.53,2.24,0
Madeira,30.00,31.40,47.45,2.76,0
Madeira,37.50,23.08,40.78,2.43,0
Madeira,38.18,21.15,40.78,2.72,0
Madeira,29.19,30.58,47.45,3.20,0
Madeira,36.92,24.53,41.57,3.85,0
Madeira,37.50,23.08,40.78,3.81,0
Madeira,30.86,29.41,46.67,4.31,0
Madeira,33.53,29.82,44.71,4.42,0
Madeira,37.50,23.08,40.78,4.26,0
Madeira,32.14,25.00,43.92,3.81,0
Madeira,30.77,32.23,47.45,3.77,0
Madeira,37.50,23.08,40.78,3.37,0
Madeira,32.73,20.95,41.18,4.12,0
Madeira,30.00,31.40,47.45,4.99,0
Madeira,36.00,23.81,41.18,5.18,0
Madeira,37.50,23.08,40.78,4.66,0
Madeira,29.19,30.58,47.45,4.35,0
Madeira,30.77,32.23,47.45,3.81,0
Madeira,37.50,23.08,40.78,3.58,0
Madeira,38.18,21.15,40.78,3.85,0
Madeira,29.19,30.58,47.45,3.27,0
Madeira,38.40,23.81,41.18,3.41,0
Madeira,37.50,23.08,40.78,3.81,0
Madeira,29.19,30.58,47.45,3.51,0
Madeira,34.55,29.20,44.31,3.34,0
Madeira,40.00,23.08,40.78,3.99,0
Madeira,32.00,26.32,44.71,4.84,0
Madeira,30.00,31.40,47.45,4.48,0
Madeira,37.50,23.08,40.78,4.61,0
Madeira,38.18,21.15,40.78,5.26,0
Madeira,30.81,30.58,47.45,5.94,0
Madeira,33.60,23.81,41.18,5.54,0
Madeira,37.50,23.08,40.78,5.49,0
Madeira,29.19,30.58,47.45,4.88,0
Madeira,33.53,29.82,44.71,6.20,0
Madeira,37.50,23.08,40.78,5.82,0
Madeira,32.00,26.32,44.71,6.10,0
Madeira,30.77,32.23,47.45,5.80,0
Madeira,37.50,23.08,40.78,5.75,0
Madeira,35.45,20.95,41.18,5.40,0
Madeira,30.81,30.58,47.45,4.62,0
Madeira,36.00,23.81,41.18,4.95,0
Madeira,37.50,23.08,40.78,4.59,0
Madeira,30.00,30.00,47.06,5.17,0
Madeira,35.63,28.57,43.92,4.66,0
Madeira,37.50,23.08,40.78,4.79,0
Madeira,31.03,25.66,44.31,5.76,0
Madeira,30.77,32.23,47.45,5.97,0
Madeira,37.50,23.08,40.78,8.09,0
Madeira,35.45,20.75,41.57,8.03,0
Madeira,29.19,30.58,47.45,8.43,0
Madeira,36.00,23.81,41.18,7.38,0
Madeira,37.50,23.08,40.78,6.61,0
Madeira,29.19,30.58,47.45,6.02,0
Madeira,34.84,27.93,43.53,5.22,0
Madeira,37.50,23.08,40.78,4.67,0
Madeira,32.00,26.32,44.71,3.93,0
Madeira,30.77,32.23,47.45,5.10,0
Madeira,37.50,23.08,40.78,5.16,0
Madeira,36.52,21.70,41.57,4.56,0
Madeira,29.19,30.58,47.45,5.14,0
Madeira,33.60,23.81,41.18,4.52,0
Madeira,36.52,22.12,40.78,4.34,0
Madeira,29.19,30.58,47.45,4.35,0
Madeira,36.00,27.27,43.14,4.18,0
Madeira,37.50,23.08,40.78,3.86,0
Madeira,31.87,27.59,45.49,3.52,0
Madeira,31.58,31.93,46.67,4.50,0
Madeira,37.50,23.08,40.78,6.17,0
Madeira,32.50,22.22,42.35,5.50,0
Madeira,30.81,30.58,47.45,4.85,0
Madeira,37.50,23.08,40.78,4.05,0
Madeira,36.52,22.12,40.78,3.57,0
Madeira,29.19,30.58,47.45,3.51,0
Madeira,35.17,26.61,42.75,3.07,0
Madeira,37.50,23.08,40.78,2.89,0
Madeira,30.00,28.81,46.27,3.04,0
Madeira,31.58,31.93,46.67,2.83,0
Madeira,37.50,23.08,40.78,2.49,0
Madeira,33.60,22.94,42.75,2.27,0
Madeira,29.19,30.58,47.45,2.56,0
Madeira,37.50,23.08,40.78,2.96,0
Madeira,37.50,23.08,40.78,2.63,0
Madeira,29.19,30.58,47.45,2.76,0
Madeira,37.24,26.61,42.75,2.62,0
Madeira,37.50,23.08,40.78,3.63,0
Madeira,32.73,28.21,45.88,3.11,0
Madeira,35.00,31.03,45.49,3.77,0
Madeira,37.50,23.08,40.78,4.71,0
Madeira,33.60,22.94,42.75,4.87,0
Madeira,29.19,30.58,47.45,5.50,0
Madeira,37.50,23.08,40.78,4.68,0
Madeira,35.45,21.15,40.78,4.47,0
Madeira,30.81,30.58,47.45,4.03,0
Madeira,36.43,25.93,42.35,3.84,0
Madeira,37.50,23.08,40.78,3.87,0
Madeira,30.00,28.81,46.27,4.95,0
Madeira,34.05,31.62,45.88,4.88,0
Madeira,37.50,23.08,40.78,4.46,0
Madeira,32.31,23.64,43.14,4.90,0
Madeira,30.00,31.40,47.45,5.32,0
Madeira,37.50,23.08,40.78,5.45,0
Madeira,35.45,21.15,40.78,5.04,0
Madeira,29.19,30.58,47.45,5.11,0
Madeira,35.56,25.23,41.96,4.30,0
Madeira,37.50,23.08,40.78,3.88,0
Madeira,31.76,28.81,46.27,3.76,0
Madeira,35.29,29.82,44.71,3.60,0
Madeira,39.13,22.33,40.39,3.11,0
Madeira,35.56,24.55,43.14,2.59,0
Madeira,30.00,31.40,47.45,2.34,0
Madeira,37.50,23.08,40.78,2.58,0
Madeira,33.91,22.12,40.78,2.47,0
Madeira,29.19,30.58,47.45,2.42,0
Madeira,35.56,25.23,41.96,2.21,0
Madeira,37.50,23.08,40.78,1.99,0
Madeira,30.86,29.41,46.67,2.25,0
Madeira,33.53,29.57,45.10,2.27,0
Madeira,37.50,23.08,40.78,2.43,0
Madeira,31.11,24.32,43.53,2.46,0
Madeira,29.19,30.58,47.45,2.59,0
Madeira,40.00,23.08,40.78,2.56,0
Madeira,35.45,21.15,40.78,2.15,0
Madeira,29.19,30.58,47.45,2.07,0
Madeira,33.33,31.03,45.49,2.23,0
Madeira,37.50,23.08,40.78,1.93,0
Madeira,30.00,23.64,43.14,4.73,0
Madeira,30.77,32.23,47.45,4.19,0
Madeira,37.50,23.08,40.78,3.91,0
Madeira,39.13,22.12,40.78,4.71,0
Madeira,29.19,30.58,47.45,4.99,0
Madeira,35.56,25.23,41.96,4.80,0
Madeira,37.50,23.08,40.78,5.18,0
Madeira,30.86,29.41,46.67,5.34,0
Madeira,32.57,30.17,45.49,4.83,0
Madeira,37.50,23.08,40.78,4.87,0
Madeira,31.11,24.32,43.53,5.32,0
Madeira,29.19,30.58,47.45,4.87,0
Madeira,37.50,23.08,40.78,4.74,0
Madeira,37.14,20.19,40.78,4.76,0
Madeira,29.19,30.58,47.45,6.41,0
Madeira,36.92,24.53,41.57,5.51,0
Madeira,37.50,23.08,40.78,5.17,0
Madeira,31.76,28.81,46.27,5.23,0
Madeira,34.29,30.43,45.10,5.60,0
Madeira,37.50,23.08,40.78,5.54,0
Madeira,33.33,24.32,43.53,5.37,0
Madeira,30.00,31.40,47.45,5.03,0
Madeira,37.50,23.08,40.78,4.79,0
Madeira,35.45,21.15,40.78,4.58,0
Madeira,29.19,30.58,47.45,4.53,0
Madeira,34.62,24.53,41.57,4.41,0
Madeira,37.50,23.08,40.78,4.11,0
Madeira,30.86,29.41,46.67,4.09,0
Madeira,30.77,32.23,47.45,3.54,0
Madeira,37.50,23.08,40.78,3.25,0
Madeira,36.52,22.12,40.78,3.10,0
Madeira,29.19,30.58,47.45,3.27,0
Madeira,39.23,24.53,41.57,3.03,0
Madeira,37.50,23.08,40.78,3.37,0
Madeira,30.86,29.41,46.67,3.75,0
Madeira,30.00,31.40,47.45,4.16,0
Madeira,37.50,23.08,40.78,3.89,0
Madeira,38.18,21.15,40.78,3.49,0
Madeira,29.19,30.58,47.45,3.60,0
Madeira,36.92,24.53,41.57,4.29,0
Madeira,37.50,23.08,40.78,4.46,0
Madeira,31.76,28.81,46.27,4.11,0
Madeira,35.29,29.82,44.71,4.52,0
Madeira,37.50,23.08,40.78,3.98,0
Madeira,34.29,25.00,43.92,3.40,0
Madeira,29.19,30.58,47.45,3.07,0
Madeira,34.62,24.53,41.57,3.06,0
Madeira,40.00,23.08,40.78,3.12,0
Madeira,30.86,29.41,46.67,3.33,0
Madeira,33.53,29.82,44.71,3.21,0
Madeira,37.50,23.08,40.78,4.45,0
Madeira,26.90,25.66,44.31,3.79,0
Madeira,30.77,32.23,47.45,3.67,0
Madeira,37.50,23.08,40.78,3.92,0
Madeira,38.18,21.15,40.78,3.78,0
Madeira,29.19,30.58,47.45,3.66,0
Madeira,36.92,24.53,41.57,3.15,0
Madeira,37.50,23.08,40.78,3.33,0
Madeira,30.86,29.41,46.67,2.96,0
Madeira,34.55,29.20,44.31,3.18,0
Madeira,37.50,23.08,40.78,2.80,0
Madeira,32.00,26.32,44.71,2.40,0
Madeira,30.77,32.23,47.45,2.67,0
Madeira,37.50,23.08,40.78,3.55,0
Madeira,37.14,20.19,40.78,3.18,0
Madeira,29.19,30.58,47.45,2.83,0
Madeira,38.40,23.81,41.18,2.69,0
Madeira,37.50,23.08,40.78,2.41,0
Madeira,30.86,29.41,46.67,2.51,0
Madeira,36.36,29.20,44.31,2.79,0
Madeira,39.13,22.33,40.39,3.22,0
Madeira,32.14,25.00,43.92,4.23,0
Madeira,30.77,32.23,47.45,3.90,0
Madeira,42.50,23.08,40.78,3.56,0
Madeira,35.45,20.95,41.18,4.40,0
Madeira,29.19,30.58,47.45,4.54,0
Madeira,36.00,23.81,41.18,3.87,0
Madeira,37.50,23.08,40.78,3.70,0
Madeira,30.00,30.00,47.06,3.92,0
Madeira,31.76,29.82,44.71,4.20,0
Madeira,37.50,23.08,40.78,3.73,0
Madeira,31.03,25.66,44.31,3.52,0
Madeira,30.77,32.23,47.45,3.56,0
Madeira,40.00,23.08,40.78,3.11,0
Madeira,38.18,21.15,40.78,3.33,0
Madeira,29.19,30.58,47.45,5.64,0
Madeira,36.00,23.81,41.18,6.64,0
Madeira,37.50,23.08,40.78,7.49,0
Madeira,30.86,29.41,46.67,6.80,0
Madeira,34.55,29.20,44.31,6.50,0
Madeira,37.50,23.08,40.78,6.73,0
Madeira,33.10,25.66,44.31,6.25,0
Madeira,30.77,32.23,47.45,5.32,0
Madeira,42.50,23.08,40.78,4.84,0
Madeira,36.52,21.90,41.18,4.43,0
Madeira,29.19,30.58,47.45,3.74,0
Madeira,36.00,23.81,41.18,3.49,0
Madeira,37.50,23.08,40.78,3.82,0
Madeira,29.19,30.58,47.45,3.82,0
Madeira,33.53,29.82,44.71,3.47,0
Madeira,37.50,23.08,40.78,3.18,0
Madeira,34.29,25.00,43.92,3.63,0
Madeira,31.58,31.67,47.06,4.35,0
Madeira,37.50,23.08,40.78,6.43,0
Madeira,36.52,21.90,41.18,5.49,0
Madeira,29.19,30.58,47.45,5.30,0
Madeira,38.40,23.81,41.18,4.69,0
Madeira,37.50,23.08,40.78,4.30,0
Madeira,30.00,30.00,47.06,3.83,0
Madeira,33.53,29.82,44.71,3.83,0
Madeira,37.50,23.08,40.78,4.44,0
Madeira,33.10,25.66,44.31,5.35,0
Madeira,30.00,31.40,47.45,4.82,0
Madeira,37.50,23.08,40.78,4.75,0
Madeira,35.45,21.15,40.78,4.71,0
Madeira,29.19,30.58,47.45,4.03,0
Madeira,34.62,24.53,41.57,4.26,0
Madeira,37.50,23.08,40.78,4.63,0
Madeira,30.00,30.00,47.06,3.85,0
Madeira,33.53,29.82,44.71,3.38,0
Madeira,37.50,23.08,40.78,2.99,0
Madeira,32.14,25.00,43.92,2.81,0
Madeira,30.77,32.23,47.45,2.77,0
Madeira,42.50,23.08,40.78,3.84,0
Madeira,36.52,21.90,41.18,3.35,0
Madeira,29.19,30.58,47.45,3.86,0
Madeira,32.31,24.53,41.57,4.44,0
Madeira,35.00,23.08,40.78,4.83,0
Madeira,30.86,29.41,46.67,5.29,0
Madeira,34.55,29.20,44.31,7.93,0
Madeira,37.50,23.08,40.78,8.15,0
Madeira,30.00,25.00,43.92,7.38,0
Madeira,30.00,31.40,47.45,7.00,0
Madeira,37.50,23.08,40.78,6.60,0
Madeira,37.14,20.19,40.78,6.40,0
Madeira,29.19,30.58,47.45,7.16,0
Madeira,36.92,24.53,41.57,6.41,0
Madeira,37.50,23.08,40.78,5.71,0
Madeira,29.19,30.58,47.45,4.88,0
Madeira,33.75,28.32,44.31,4.94,0
Madeira,37.50,23.08,40.78,4.94,0
Madeira,33.10,25.66,44.31,4.71,0
Madeira,29.19,30.58,47.45,5.33,0
Madeira,36.92,24.53,41.57,5.54,0
Madeira,37.50,23.08,40.78,5.19,0
Madeira,30.86,29.41,46.67,6.29,0
Madeira,32.73,29.20,44.31,7.00,0
Madeira,37.50,23.08,40.78,6.11,0
Madeira,32.14,25.00,43.92,5.93,0
Madeira,30.77,32.23,47.45,5.51,0
Madeira,37.50,23.08,40.78,5.13,0
Madeira,37.14,20.19,40.78,4.92,0
Madeira,29.19,30.58,47.45,4.29,0
Madeira,34.62,24.53,41.57,5.53,0
Madeira,36.52,22.12,40.78,5.16,0
Madeira,30.86,29.41,46.67,5.51,0
Madeira,33.53,29.82,44.71,5.00,0
Madeira,37.50,23.08,40.78,4.22,0
Madeira,33.33,24.32,43.53,3.58,0
Madeira,30.00,31.40,47.45,3.57,0
Madeira,37.50,23.08,40.78,3.51,0
Madeira,38.18,21.15,40.78,3.87,0
Madeira,29.19,30.58,47.45,3.93,0
Madeira,36.92,24.53,41.57,4.22,0
Madeira,37.50,23.08,40.78,3.50,0
Madeira,30.86,29.41,46.67,3.41,0
Madeira,32.73,28.95,44.71,3.47,0
Madeira,32.31,23.64,43.14,3.83,0
Madeira,30.00,31.40,47.45,3.50,0
Madeira,37.50,23.08,40.78,3.41,0
Madeira,35.45,21.15,40.78,3.82,0
Madeira,29.19,30.58,47.45,3.89,0
Madeira,36.43,25.93,42.35,3.71,0
Madeira,37.50,23.08,40.78,4.35,0
Madeira,30.91,28.21,45.88,3.82,0
Madeira,32.57,30.17,45.49,3.58,0
Madeira,37.50,23.08,40.78,3.59,0
Madeira,33.60,22.94,42.75,4.85,0
Madeira,29.19,30.58,47.45,4.50,0
Madeira,37.50,23.08,40.78,4.19,0
Madeira,36.52,22.12,40.78,3.49,0
Madeira,30.81,30.58,47.45,3.21,0
Madeira,36.43,25.93,42.35,3.22,0
Madeira,37.50,23.08,40.78,3.08,0
Madeira,30.91,28.21,45.88,2.78,0
Madeira,31.67,30.77,45.88,2.96,0
Madeira,37.50,23.08,40.78,2.67,0
Madeira,33.60,22.94,42.75,2.84,0
Madeira,29.19,30.58,47.45,3.59,0
Madeira,37.50,23.08,40.78,3.80,0
Madeira,36.52,22.12,40.78,3.49,0
Madeira,29.19,30.58,47.45,3.32,0
Madeira,36.43,25.93,42.35,2.88,0
Madeira,40.00,23.08,40.78,3.05,0
Madeira,29.09,28.21,45.88,4.00,0
Madeira,31.58,31.40,47.45,4.37,0
Madeira,37.50,23.08,40.78,3.98,0
Madeira,36.52,22.12,40.78,3.51,0
Madeira,29.19,30.58,47.45,3.66,0
Madeira,36.43,25.93,42.35,4.35,0
Madeira,37.50,23.08,40.78,7.02,0
Madeira,30.91,28.21,45.88,5.79,0
Madeira,33.16,32.20,46.27,5.66,0
Madeira,37.50,23.08,40.78,5.50,0
Madeira,35.00,22.22,42.35,4.63,0
Madeira,30.00,31.40,47.45,4.06,0
Madeira,37.50,23.08,40.78,5.22,0
Madeira,36.52,22.12,40.78,5.79,0
Madeira,29.19,30.58,47.45,5.43,0
Madeira,35.17,26.61,42.75,5.64,0
Madeira,37.50,23.08,40.78,6.93,0
Madeira,30.00,28.81,46.27,6.78,0
Madeira,32.43,31.62,45.88,6.30,0
Madeira,37.50,23.08,40.78,5.28,0
Madeira,31.20,22.94,42.75,4.83,0
Madeira,29.19,30.58,47.45,4.05,0
Madeira,37.50,23.08,40.78,3.52,0
Madeira,35.45,21.15,40.78,3.06,0
Madeira,29.19,30.58,47.45,2.66,0
Madeira,35.17,26.61,42.75,2.34,0
Madeira,37.50,23.08,40.78,2.58,0
Madeira,30.91,28.21,45.88,2.46,0
Madeira,30.81,31.36,46.27,2.74,0
Madeira,37.50,23.08,40.78,2.62,0
Madeira,35.00,22.22,42.35,3.08,0
Madeira,30.00,31.40,47.45,3.81,0
Madeira,40.00,23.08,40.78,3.77,0
Madeira,38.18,21.15,40.78,5.92,0
Madeira,29.19,30.58,47.45,5.15,0
Madeira,31.58,31.93,46.67,4.24,0
Madeira,37.50,23.08,40.78,4.10,0
Madeira,36.00,23.15,42.35,4.90,0
Madeira,30.00,31.40,47.45,4.63,0
Madeira,37.50,23.08,40.78,5.43,0
Madeira,39.13,22.12,40.78,5.13,0
Madeira,29.19,30.58,47.45,5.54,0
Madeira,36.43,25.93,42.35,4.93,0
Madeira,37.50,23.08,40.78,5.82,0
Madeira,30.91,28.21,45.88,4.92,0
Madeira,33.33,31.03,45.49,5.24,0
Madeira,37.50,23.08,40.78,5.01,0
Madeira,32.31,23.64,43.14,5.59,0
Madeira,30.00,31.40,47.45,6.55,0
Madeira,37.50,23.08,40.78,7.29,0
Madeira,35.45,21.15,40.78,6.36,0
Madeira,29.19,30.58,47.45,7.28,0
Madeira,33.33,25.23,41.96,7.10,0
Madeira,37.50,23.08,40.78,5.94,0
Madeira,31.76,28.81,46.27,5.73,0
Madeira,34.29,30.43,45.10,5.40,0
Madeira,37.50,23.08,40.78,5.63,0
Madeira,36.00,22.94,42.75,4.92,0
Madeira,30.00,31.40,47.45,6.31,0
Madeira,37.50,23.08,40.78,5.70,0
Madeira,36.52,22.12,40.78,4.84,0
Madeira,28.33,29.75,47.45,4.03,0
Madeira,35.56,25.23,41.96,6.08,0
Madeira,37.50,23.08,40.78,5.65,0
Madeira,33.75,27.59,45.49,5.08,0
Madeira,31.67,30.77,45.88,5.07,0
Madeira,37.50,23.08,40.78,5.29,0
Madeira,32.50,22.22,42.35,5.07,0
Madeira,30.00,31.40,47.45,7.44,0
Madeira,37.50,23.08,40.78,8.38,0
Madeira,41.74,22.12,40.78,7.70,0
Madeira,29.19,30.58,47.45,7.44,0
Madeira,32.00,27.27,43.14,6.28,0
Madeira,37.50,23.08,40.78,5.68,0
Madeira,31.87,27.59,45.49,5.10,0
Madeira,31.67,30.51,46.27,4.53,0
Madeira,37.50,23.08,40.78,3.83,0
Madeira,37.50,22.43,41.96,3.59,0
Madeira,29.19,30.58,47.45,3.10,0
Madeira,37.50,23.08,40.78,3.27,0
Madeira,39.13,22.12,40.78,3.12,0
Madeira,29.19,30.58,47.45,2.94,0
Madeira,36.00,27.27,43.14,2.91,0
Madeira,37.50,23.08,40.78,2.48,0
Madeira,31.87,27.59,45.49,2.92,0
Madeira,32.31,32.77,46.67,2.58,0
Madeira,37.50,23.08,40.78,3.18,0
Madeira,37.50,22.43,41.96,3.22,0
Madeira,29.19,30.58,47.45,2.89,0
Madeira,37.50,23.08,40.78,2.54,0
Madeira,36.52,22.12,40.78,2.11,0
Madeira,29.19,30.58,47.45,1.89,0
Madeira,36.00,27.27,43.14,1.95,0
Madeira,37.50,23.08,40.78,1.99,0
Madeira,30.00,27.59,45.49,1.81,0
Madeira,32.31,32.50,47.06,1.81,0
Madeira,37.50,23.08,40.78,2.23,0
Madeira,36.52,21.70,41.57,2.53,0
Madeira,29.19,30.58,47.45,2.67,0
Madeira,37.50,23.08,40.78,3.21,0
Madeira,37.50,23.08,40.78,3.21,0
Madeira,29.19,30.58,47.45,4.87,0
Madeira,33.75,28.57,43.92,4.22,0
Madeira,35.00,23.08,40.78,3.81,0
Madeira,32.00,26.32,44.71,3.78,0
Madeira,30.00,31.67,47.06,3.45,0
Madeira,37.50,23.08,40.78,3.19,0
Madeira,32.73,20.95,41.18,4.00,0
Madeira,29.19,30.58,47.45,4.53,0
Madeira,37.50,23.08,40.78,4.09,0
Madeira,36.52,22.12,40.78,4.34,0
Madeira,29.19,30.58,47.45,3.75,0
Madeira,34.84,27.93,43.53,3.52,0
Madeira,37.50,23.08,40.78,4.79,0
Madeira,27.10,26.96,45.10,4.39,0
Madeira,30.77,32.23,47.45,5.25,0
Madeira,37.50,23.08,40.78,8.00,0
Madeira,35.45,20.95,41.18,7.06,0
Madeira,29.19,30.58,47.45,7.51,0
Madeira,37.50,23.08,40.78,6.48,0
Madeira,37.50,23.08,40.78,5.62,0
Madeira,30.00,30.00,47.06,5.21,0
Madeira,34.55,29.20,44.31,4.61,0
Madeira,37.50,23.08,40.78,3.96,0
Madeira,32.00,26.32,44.71,5.16,0
Madeira,30.77,32.23,47.45,4.55,0
Madeira,37.50,23.08,40.78,4.13,0
Madeira,38.18,21.15,40.78,3.61,0
Madeira,29.19,30.58,47.45,3.72,0
Madeira,34.62,24.53,41.57,4.59,0
Madeira,37.50,23.08,40.78,4.31,0
Madeira,60.00,21.58,94.51,1.40,0
Madeira,75.60,21.19,92.55,1.94,0
Madeira,72.00,21.10,92.94,2.16,0
Madeira,64.36,22.73,94.90,3.36,0
Madeira,58.97,23.48,96.86,3.39,0
Madeira,54.10,24.40,98.04,3.38,0
Madeira,58.91,22.54,95.69,3.16,0
Madeira,71.32,22.08,94.12,2.86,0
Madeira,80.40,21.10,92.94,3.19,0
Madeira,79.62,21.94,92.94,2.81,0
Madeira,75.92,20.85,92.16,3.12,0
Madeira,77.50,20.51,91.76,3.10,0
Madeira,74.40,21.19,92.55,2.95,0
Madeira,63.33,22.41,94.51,2.49,0
Madeira,58.98,23.79,97.25,2.45,0
Madeira,54.00,24.00,98.04,2.89,0
Madeira,54.10,24.40,98.04,2.89,0
Madeira,63.33,22.41,94.51,2.89,0
Madeira,72.94,21.43,93.33,3.30,0
Madeira,74.69,20.94,91.76,3.63,0
Madeira,72.69,22.13,92.16,3.60,0
Madeira,74.04,20.09,91.76,3.38,0
Madeira,71.11,22.78,92.94,3.04,0
Madeira,70.00,22.41,94.51,2.90,0
Madeira,65.45,22.63,95.29,3.05,0
Madeira,55.93,23.89,96.86,3.01,0
Madeira,54.92,23.79,97.25,3.08,0
Madeira,58.91,22.73,94.90,3.17,0
Madeira,70.19,22.08,94.12,2.86,0
Madeira,72.00,21.28,92.16,2.52,0
Madeira,68.94,20.09,91.76,2.27,0
Madeira,74.69,20.76,92.55,2.46,0
Madeira,70.80,21.19,92.55,2.61,0
Madeira,75.29,21.43,93.33,2.39,0
Madeira,63.33,22.41,94.51,2.25,0
Madeira,58.91,22.18,97.25,2.37,0
Madeira,58.97,23.20,98.04,2.32,0
Madeira,56.73,22.00,98.04,2.61,0
Madeira,63.40,21.99,94.51,3.36,0
Madeira,75.56,22.41,94.51,3.99,0
Madeira,75.56,22.41,94.51,3.76,0
Madeira,75.56,22.41,94.51,4.10,0
Madeira,75.56,22.41,94.51,4.59,0
Madeira,72.94,21.43,93.33,4.38,0
Madeira,67.92,21.99,94.51,3.81,0
Madeira,60.00,23.39,97.25,4.43,0
Madeira,58.93,22.40,98.04,4.45,0
Madeira,61.03,23.11,98.43,4.87,0
Madeira,63.40,21.72,95.69,4.68,0
Madeira,71.11,22.41,94.51,4.29,0
Madeira,74.72,22.08,94.12,3.78,0
Madeira,76.98,22.08,94.12,4.44,0
Madeira,78.11,22.08,94.12,4.84,0
Madeira,76.98,22.08,94.12,4.32,0
Madeira,75.56,22.41,94.51,5.06,0
Madeira,65.66,21.72,95.69,5.61,0
Madeira,58.91,22.00,98.04,5.04,0
Madeira,61.03,23.11,98.43,4.63,0
Madeira,63.33,21.77,97.25,4.21,0
Madeira,66.67,22.41,94.51,4.16,0
Madeira,74.72,22.08,94.12,3.68,0
Madeira,76.47,21.43,93.33,3.91,0
Madeira,74.72,22.08,94.12,3.97,0
Madeira,72.94,21.43,93.33,3.80,0
Madeira,75.56,22.41,94.51,4.66,0
Madeira,64.44,22.31,94.90,3.96,0
Madeira,58.95,22.80,98.04,4.46,0
Madeira,58.95,22.80,98.04,4.19,0
Madeira,58.93,22.40,98.04,4.56,0
Madeira,64.36,22.73,94.90,4.50,0
Madeira,72.94,21.43,93.33,4.03,0
Madeira,76.98,22.08,94.12,3.78,0
Madeira,76.98,22.08,94.12,4.13,0
Madeira,75.56,22.41,94.51,4.19,0
Madeira,75.56,22.41,94.51,3.62,0
Madeira,68.42,23.36,95.69,3.78,0
Madeira,61.07,22.31,98.43,4.06,0
Madeira,61.05,22.71,98.43,3.59,0
Madeira,61.07,22.31,98.43,5.05,0
Madeira,63.27,22.27,96.86,5.11,0
Madeira,72.45,21.99,94.51,4.46,0
Madeira,75.56,22.41,94.51,3.69,0
Madeira,75.56,22.41,94.51,3.63,0
Madeira,75.56,22.41,94.51,3.09,0
Madeira,75.56,22.41,94.51,3.35,0
Madeira,70.19,21.99,94.51,3.58,0
Madeira,64.71,20.99,95.29,3.94,0
Madeira,61.03,23.11,98.43,4.09,0
Madeira,58.97,23.20,98.04,3.68,0
Madeira,58.91,22.45,96.08,3.30,0
Madeira,72.22,22.41,94.51,2.82,0
Madeira,72.00,21.10,92.94,2.80,0
Madeira,77.78,22.41,94.51,2.84,0
Madeira,78.11,22.08,94.12,2.88,0
Madeira,75.56,22.41,94.51,3.59,0
Madeira,75.56,22.41,94.51,3.76,0
Madeira,65.66,21.72,95.69,3.65,0
Madeira,58.95,22.80,98.04,3.54,0
Madeira,61.03,23.11,98.43,3.72,0
Madeira,57.93,23.39,97.25,3.71,0
Madeira,63.33,22.41,94.51,4.87,0
Madeira,75.29,21.43,93.33,4.32,0
Madeira,76.47,21.43,93.33,4.36,0
Madeira,72.94,21.43,93.33,5.37,0
Madeira,76.98,22.08,94.12,5.08,0
Madeira,78.89,22.41,94.51,5.44,0
Madeira,64.62,21.49,94.90,4.65,0
Madeira,63.10,23.11,98.43,5.63,0
Madeira,61.03,23.11,98.43,5.24,0
Madeira,58.97,23.20,98.04,4.68,0
Madeira,63.46,21.58,94.51,4.40,0
Madeira,74.72,22.08,94.12,4.47,0
Madeira,74.72,22.08,94.12,3.80,0
Madeira,74.72,22.08,94.12,4.04,0
Madeira,76.98,22.08,94.12,4.28,0
Madeira,75.29,21.43,93.33,4.12,0
Madeira,71.11,22.41,94.51,3.84,0
Madeira,63.21,22.67,96.86,3.63,0
Madeira,61.03,23.11,98.43,4.06,0
Madeira,62.95,24.30,98.43,3.94,0
Madeira,58.89,22.13,95.69,3.81,0
Madeira,72.22,22.41,94.51,4.08,0
Madeira,78.11,22.08,94.12,4.12,0
Madeira,74.40,21.10,92.94,4.98,0
Madeira,72.94,21.43,93.33,4.56,0
Madeira,75.29,21.43,93.33,4.00,0
Madeira,75.56,22.41,94.51,3.92,0
Madeira,64.44,22.31,94.90,3.80,0
Madeira,56.79,22.40,98.04,3.82,0
Madeira,58.91,22.00,98.04,3.96,0
Madeira,61.03,23.11,98.43,3.54,0
Madeira,65.56,22.41,94.51,4.89,0
Madeira,76.98,22.08,94.12,6.58,0
Madeira,74.40,21.10,92.94,5.99,0
Madeira,74.40,21.10,92.94,5.62,0
Madeira,72.00,21.10,92.94,5.50,0
Madeira,76.98,22.08,94.12,5.37,0
Madeira,63.33,22.41,94.51,5.72,0
Madeira,60.00,21.77,97.25,6.81,0
Madeira,57.97,23.60,98.04,6.93,0
Madeira,61.00,23.90,98.43,6.55,0
Madeira,63.33,22.41,94.51,6.42,0
Madeira,74.72,22.08,94.12,5.40,0
Madeira,70.00,20.43,92.16,4.65,0
Madeira,74.40,21.10,92.94,5.12,0
Madeira,73.47,20.76,92.55,4.88,0
Madeira,72.94,21.43,93.33,4.58,0
Madeira,66.67,22.41,94.51,4.27,0
Madeira,62.07,23.48,96.86,4.62,0
Madeira,61.05,22.89,97.65,3.92,0
Madeira,58.98,23.60,98.04,4.27,0
Madeira,62.22,22.22,95.29,4.03,0
Madeira,74.44,22.41,94.51,3.62,0
Madeira,75.29,21.43,93.33,3.23,0
Madeira,76.80,21.10,92.94,3.05,0
Madeira,77.78,22.41,94.51,3.17,0
Madeira,74.40,21.10,92.94,3.44,0
Madeira,73.58,22.08,94.12,3.84,0
Madeira,67.37,23.17,96.47,3.39,0
Madeira,58.91,22.00,98.04,3.13,0
Madeira,58.98,23.60,98.04,2.87,0
Madeira,57.86,22.40,98.04,2.70,0
Madeira,63.33,22.41,94.51,2.49,0
Madeira,75.29,21.43,93.33,3.07,0
Madeira,72.00,21.10,92.94,2.99,0
Madeira,74.69,20.76,92.55,3.71,0
Madeira,75.29,21.43,93.33,3.20,0
Madeira,72.00,21.10,92.94,4.15,0
Madeira,64.44,22.31,94.90,4.24,0
Madeira,58.97,23.20,98.04,4.85,0
Madeira,58.97,23.20,98.04,4.54,0
Madeira,58.93,22.40,98.04,4.47,0
Madeira,63.40,21.99,94.51,5.20,0
Madeira,72.00,21.10,92.94,4.36,0
Madeira,72.00,19.40,90.98,3.81,0
Madeira,73.75,20.43,92.16,3.28,0
Madeira,75.29,21.43,93.33,3.46,0
Madeira,76.47,21.43,93.33,3.64,0
Madeira,70.00,22.41,94.51,3.24,0
Madeira,57.78,22.04,96.08,3.20,0
Madeira,61.07,22.31,98.43,3.16,0
Madeira,58.93,22.40,98.04,3.28,0
Madeira,62.22,22.13,95.69,5.03,0
Madeira,70.00,22.41,94.51,5.82,0
Madeira,73.47,20.76,92.55,5.95,0
Madeira,74.72,22.08,94.12,6.38,0
Madeira,76.98,22.08,94.12,5.46,0
Madeira,74.40,21.10,92.94,6.85,0
Madeira,75.56,22.41,94.51,6.97,0
Madeira,65.66,21.81,95.29,6.84,0
Madeira,55.86,23.20,98.04,6.24,0
Madeira,58.97,23.20,98.04,5.52,0
Madeira,58.91,22.27,96.86,5.04,0
Madeira,65.56,22.41,94.51,4.31,0
Madeira,76.47,21.43,93.33,4.12,0
Madeira,75.60,21.10,92.94,3.85,0
Madeira,68.18,19.05,90.59,3.64,0
Madeira,76.80,21.10,92.94,3.84,0
Madeira,78.11,22.08,94.12,3.44,0
Madeira,66.67,22.41,94.51,3.80,0
Madeira,58.93,22.86,96.08,3.23,0
Madeira,57.86,22.40,98.04,2.98,0
Madeira,61.05,22.71,98.43,2.57,0
Madeira,62.31,21.58,94.51,2.44,0
Madeira,72.22,22.41,94.51,2.18,0
Madeira,76.98,22.08,94.12,2.11,0
Madeira,80.38,22.08,94.12,2.26,0
Madeira,72.94,21.43,93.33,2.16,0
Madeira,72.00,21.10,92.94,2.57,0
Madeira,76.98,22.08,94.12,3.08,0
Madeira,65.45,22.63,95.29,3.12,0
Madeira,56.90,23.20,98.04,3.34,0
Madeira,58.93,22.40,98.04,3.52,0
Madeira,57.05,24.40,98.04,3.18,0
Madeira,65.56,22.41,94.51,3.58,0
Madeira,72.94,21.43,93.33,3.61,0
Madeira,76.25,20.43,92.16,4.72,0
Madeira,72.77,20.09,91.76,4.84,0
Madeira,75.60,21.10,92.94,4.67,0
Madeira,72.50,20.43,92.16,4.74,0
Madeira,74.44,22.41,94.51,4.77,0
Madeira,65.45,22.63,95.29,5.10,0
Madeira,57.97,23.60,98.04,4.23,0
Madeira,57.89,22.80,98.04,3.89,0
Madeira,55.79,23.08,96.86,3.65,0
Madeira,67.78,22.41,94.51,3.46,0
Madeira,76.98,22.08,94.12,3.66,0
Madeira,78.00,21.10,92.94,3.06,0
Madeira,75.92,20.76,92.55,2.91,0
Madeira,78.89,22.41,94.51,2.85,0
Madeira,77.78,22.41,94.51,3.01,0
Madeira,66.67,22.41,94.51,2.69,0
Madeira,62.22,22.13,95.69,2.48,0
Madeira,61.02,23.51,98.43,2.46,0
Madeira,57.93,23.20,98.04,3.06,0
Madeira,64.53,21.90,94.90,2.84,0
Madeira,73.58,22.08,94.12,3.09,0
Madeira,77.78,22.41,94.51,3.58,0
Madeira,76.98,22.08,94.12,3.18,0
Madeira,74.04,20.09,91.76,3.04,0
Madeira,77.78,22.41,94.51,3.05,0
Madeira,76.98,22.08,94.12,3.22,0
Madeira,64.36,22.73,94.90,2.97,0
Madeira,53.00,24.00,98.04,3.96,0
Madeira,56.84,22.80,98.04,3.59,0
Madeira,56.00,24.00,98.04,3.81,0
Madeira,65.66,21.99,94.51,3.87,0
Madeira,74.40,21.10,92.94,3.95,0
Madeira,74.40,21.10,92.94,3.64,0
Madeira,76.47,21.43,93.33,3.30,0
Madeira,75.00,20.43,92.16,3.38,0
Madeira,72.50,20.51,91.76,4.55,0
Madeira,71.11,22.41,94.51,5.29,0
Madeira,64.07,23.98,96.47,4.84,0
Madeira,55.71,22.58,97.25,4.29,0
Madeira,61.03,23.11,98.43,4.02,0
Madeira,62.11,23.17,96.47,3.78,0
Madeira,66.67,22.41,94.51,4.21,0
Madeira,76.47,21.43,93.33,3.87,0
Madeira,74.40,21.10,92.94,3.38,0
Madeira,72.77,20.09,91.76,2.99,0
Madeira,75.92,20.76,92.55,3.75,0
Madeira,77.78,22.41,94.51,4.19,0
Madeira,63.33,22.41,94.51,5.02,0
Madeira,60.00,22.67,96.86,5.50,0
Madeira,56.84,22.80,98.04,4.78,0
Madeira,58.00,24.00,98.04,4.37,0
Madeira,63.27,22.73,94.90,4.03,0
Madeira,72.22,22.41,94.51,3.94,0
Madeira,74.44,22.50,94.12,3.78,0
Madeira,80.38,22.08,94.12,3.77,0
Madeira,73.75,20.43,92.16,4.22,0
Madeira,72.00,19.40,90.98,3.93,0
Madeira,74.72,22.08,94.12,4.50,0
Madeira,63.46,21.58,94.51,3.96,0
Madeira,56.79,22.67,96.86,3.82,0
Madeira,53.79,23.20,98.04,3.49,0
Madeira,56.90,23.48,96.86,3.54,0
Madeira,66.67,22.41,94.51,3.07,0
Madeira,78.11,22.08,94.12,3.14,0
Madeira,77.65,21.43,93.33,3.28,0
Madeira,73.47,20.76,92.55,3.41,0
Madeira,76.80,21.10,92.94,3.24,0
Madeira,74.40,21.19,92.55,2.98,0
Madeira,67.78,22.41,94.51,3.51,0
Madeira,58.97,23.48,96.86,3.48,0
Madeira,55.86,23.20,98.04,3.44,0
Madeira,56.90,23.20,98.04,3.51,0
Madeira,67.24,23.58,96.47,4.00,0
Madeira,72.22,22.41,94.51,4.29,0
Madeira,78.82,21.43,93.33,3.75,0
Madeira,79.25,22.08,94.12,3.46,0
Madeira,68.18,19.05,90.59,3.19,0
Madeira,74.69,20.76,92.55,3.14,0
Madeira,75.56,22.41,94.51,4.37,0
Madeira,65.45,22.63,95.29,4.71,0
Madeira,56.84,22.80,98.04,4.29,0
Madeira,53.79,23.20,98.04,4.48,0
Madeira,63.10,23.39,97.25,4.25,0
Madeira,66.67,22.41,94.51,3.90,0
Madeira,76.15,21.85,93.33,4.34,0
Madeira,76.80,21.10,92.94,4.16,0
Madeira,80.82,20.76,92.55,3.69,0
Madeira,76.80,21.10,92.94,3.78,0
Madeira,78.00,21.10,92.94,3.24,0
Madeira,71.11,22.41,94.51,3.31,0
Madeira,62.22,22.22,95.29,3.26,0
Madeira,60.00,23.08,96.86,3.40,0
Madeira,55.93,23.60,98.04,3.82,0
Madeira,60.00,21.99,94.51,3.88,0
Madeira,72.22,22.41,94.51,3.36,0
Madeira,76.80,21.10,92.94,3.14,0
Madeira,73.47,20.76,92.55,2.86,0
Madeira,73.75,20.43,92.16,3.11,0
Madeira,75.60,21.19,92.55,3.14,0
Madeira,74.72,22.08,94.12,2.70,0
Madeira,63.40,21.99,94.51,2.74,0
Madeira,58.97,23.39,97.25,2.51,0
Madeira,53.79,23.20,98.04,2.82,0
Madeira,52.13,24.40,98.04,2.66,0
Madeira,65.56,22.41,94.51,2.72,0
Madeira,71.02,20.76,92.55,2.97,0
Madeira,72.77,20.09,91.76,3.29,0
Madeira,73.47,20.76,92.55,4.09,0
Madeira,76.80,21.10,92.94,3.97,0
Madeira,74.69,20.76,92.55,3.86,0
Madeira,65.56,22.41,94.51,3.74,0
Madeira,62.18,22.63,95.29,3.42,0
Madeira,52.88,23.60,98.04,3.32,0
Madeira,58.91,22.18,97.25,3.27,0
Madeira,63.27,22.73,94.90,3.05,0
Madeira,75.56,22.41,94.51,3.84,0
Madeira,74.69,20.76,92.55,4.32,0
Madeira,76.80,21.10,92.94,4.59,0
Madeira,76.80,21.10,92.94,4.30,0
Madeira,76.25,20.43,92.16,4.23,0
Madeira,74.72,22.08,94.12,4.25,0
Madeira,63.33,22.41,94.51,4.32,0
Madeira,57.89,22.80,98.04,4.56,0
Madeira,57.00,24.00,98.04,4.70,0
Madeira,56.67,22.04,96.08,5.26,0
Madeira,71.11,22.41,94.51,4.74,0
Madeira,78.46,21.85,93.33,5.21,0
Madeira,78.00,21.10,92.94,5.83,0
Madeira,75.60,21.10,92.94,5.13,0
Madeira,75.00,20.43,92.16,5.56,0
Madeira,71.76,21.52,92.94,5.85,0
Madeira,63.40,21.99,94.51,5.58,0
Madeira,58.89,22.04,96.08,5.17,0
Madeira,55.86,23.39,97.25,4.81,0
Madeira,56.13,24.80,98.04,4.27,0
Madeira,63.33,22.41,94.51,4.01,0
Madeira,75.29,21.43,93.33,3.63,0
Madeira,77.65,21.43,93.33,3.14,0
Madeira,70.80,21.19,92.55,3.08,0
Madeira,72.77,20.09,91.76,3.05,0
Madeira,80.00,20.43,92.16,3.08,0
Madeira,71.11,22.41,94.51,3.20,0
Madeira,62.11,23.17,96.47,3.03,0
Madeira,60.00,22.58,97.25,2.60,0
Madeira,52.26,24.80,98.04,2.72,0
Madeira,62.22,22.22,95.29,2.70,0
Madeira,72.22,22.41,94.51,2.45,0
Madeira,74.69,20.76,92.55,2.80,0
Madeira,76.25,20.43,92.16,2.47,0
Madeira,81.18,21.52,92.94,3.63,0
Madeira,73.47,20.76,92.55,4.44,0
Madeira,73.47,20.76,92.55,5.88,0
Madeira,63.40,21.99,94.51,5.45,0
Madeira,56.79,22.67,96.86,5.07,0
Madeira,54.10,24.40,98.04,4.39,0
Madeira,55.86,23.39,97.25,4.16,0
Madeira,66.67,22.41,94.51,3.76,0
Madeira,78.89,22.50,94.12,3.26,0
Madeira,74.69,20.76,92.55,3.49,0
Madeira,76.25,20.43,92.16,3.11,0
Madeira,79.20,21.19,92.55,3.00,0
Madeira,72.00,21.10,92.94,2.68,0
Madeira,66.67,22.41,94.51,2.90,0
Madeira,62.22,22.13,95.69,2.74,0
Madeira,54.10,24.40,98.04,3.51,0
Madeira,55.86,23.20,98.04,3.71,0
Madeira,64.44,22.31,94.90,4.41,0
Madeira,75.56,22.41,94.51,4.23,0
Madeira,74.69,20.76,92.55,4.25,0
Madeira,81.25,20.43,92.16,4.38,0
Madeira,81.25,20.43,92.16,4.14,0
Madeira,71.76,21.52,92.94,4.18,0
Madeira,74.72,22.08,94.12,4.02,0
Madeira,62.22,22.41,94.51,3.64,0
Madeira,62.18,22.36,96.47,4.25,0
Madeira,58.00,24.00,98.04,4.44,0
Madeira,61.07,22.76,96.47,4.79,0
Madeira,66.67,22.41,94.51,4.67,0
Madeira,72.50,20.43,92.16,4.57,0
Madeira,73.75,20.51,91.76,4.09,0
Madeira,76.47,21.61,92.55,3.98,0
Madeira,74.69,20.85,92.16,4.17,0
Madeira,71.02,20.76,92.55,4.20,0
Madeira,65.56,22.41,94.51,3.97,0
Madeira,57.05,24.40,98.04,4.01,0
Madeira,56.95,23.60,98.04,3.70,0
Madeira,58.95,23.08,96.86,3.98,0
Madeira,63.40,21.99,94.51,3.83,0
Madeira,71.02,20.76,92.55,3.66,0
Madeira,74.69,20.76,92.55,3.82,0
Madeira,75.00,20.43,92.16,3.49,0
Madeira,83.27,20.85,92.16,3.81,0
Madeira,73.20,21.19,92.55,3.81,0
Madeira,73.58,22.08,94.12,3.32,0
Madeira,58.87,21.90,94.90,2.97,0
Madeira,56.07,24.40,98.04,2.95,0
Madeira,57.97,23.60,98.04,3.27,0
Madeira,63.16,23.36,95.69,4.27,0
Madeira,72.22,22.41,94.51,4.63,0
Madeira,80.00,21.61,92.55,4.54,0
Madeira,75.00,20.43,92.16,4.21,0
Madeira,75.00,20.43,92.16,3.97,0
Madeira,76.25,20.43,92.16,3.93,0
Madeira,75.00,21.85,93.33,3.53,0
Madeira,63.33,22.41,94.51,3.61,0
Madeira,61.05,23.17,96.47,3.74,0
Madeira,58.00,24.19,97.25,3.43,0
Madeira,59.00,24.19,97.25,3.45,0
Madeira,65.56,22.41,94.51,4.99,0
Madeira,74.69,20.85,92.16,6.38,0
Madeira,74.04,20.09,91.76,6.89,0
Madeira,74.40,21.28,92.16,7.24,0
Madeira,71.49,20.26,90.98,6.57,0
Madeira,76.96,19.83,90.98,6.03,0
Madeira,66.67,22.41,94.51,5.21,0
Madeira,58.89,22.13,95.69,6.04,0
Madeira,58.97,23.48,96.86,5.75,0
Madeira,64.21,23.17,96.47,5.64,0
Madeira,63.33,22.41,94.51,5.14,0
Madeira,71.49,20.09,91.76,4.81,0
Madeira,75.92,20.85,92.16,4.27,0
Madeira,78.00,21.37,91.76,4.03,0
Madeira,77.87,20.09,91.76,4.01,0
Madeira,73.75,20.51,91.76,3.31,0
Madeira,74.44,22.41,94.51,2.84,0
Madeira,63.46,21.49,94.90,3.58,0
Madeira,56.90,23.48,96.86,3.26,0
Madeira,55.71,22.58,97.25,4.91,0
Madeira,64.36,22.73,94.90,6.62,0
Madeira,74.72,22.08,94.12,6.15,0
Madeira,79.20,21.19,92.55,9.00,0
Madeira,78.89,22.88,92.55,7.60,0
Madeira,80.00,20.43,92.16,7.44,0
Madeira,75.00,20.51,91.76,6.50,0
Madeira,72.00,21.10,92.94,5.83,0
Madeira,64.36,22.73,94.90,5.77,0
Madeira,62.14,22.76,96.47,5.41,0
Madeira,60.00,23.79,97.25,5.04,0
Madeira,58.91,22.73,94.90,4.53,0
Madeira,73.58,22.08,94.12,4.60,0
Madeira,73.33,19.40,90.98,4.19,0
Madeira,73.04,19.83,90.98,4.34,0
Madeira,75.65,19.83,90.98,4.63,0
Madeira,76.25,20.43,92.16,4.31,0
Madeira,76.47,21.43,93.33,3.87,0
Madeira,63.33,22.41,94.51,4.17,0
Madeira,59.00,24.19,97.25,3.59,0
Madeira,54.19,24.80,98.04,3.95,0
Madeira,53.90,23.79,97.25,3.68,0
Madeira,66.67,22.41,94.51,3.23,0
Madeira,74.69,20.85,92.16,3.16,0
Madeira,76.96,19.83,90.98,2.99,0
Madeira,77.87,20.09,91.76,2.69,0
Madeira,76.00,19.40,90.98,2.97,0
Madeira,78.37,20.85,92.16,2.98,0
Madeira,65.56,22.41,94.51,3.17,0
Madeira,58.89,22.13,95.69,3.37,0
Madeira,59.00,24.19,97.25,3.74,0
Madeira,55.93,23.79,97.25,3.43,0
Madeira,63.33,22.41,94.51,3.82,0
Madeira,71.49,20.09,91.76,4.96,0
Madeira,72.50,20.69,90.98,6.30,0
Madeira,75.00,20.51,91.76,5.44,0
Madeira,76.00,19.40,90.98,5.08,0
Madeira,75.92,20.85,92.16,5.27,0
Madeira,71.32,22.08,94.12,5.11,0
Madeira,62.22,22.41,94.51,4.59,0
Madeira,55.00,24.19,97.25,4.42,0
Madeira,58.97,23.48,96.86,3.97,0
Madeira,63.40,21.99,94.51,4.53,0
Madeira,72.94,21.43,93.33,4.61,0
Madeira,72.77,20.26,90.98,5.19,0
Madeira,73.75,20.78,90.59,5.00,0
Madeira,78.37,20.94,91.76,4.77,0
Madeira,72.77,20.26,90.98,4.88,0
Madeira,72.94,21.43,93.33,4.55,0
Madeira,63.33,22.41,94.51,5.27,0
Madeira,62.18,22.36,96.47,5.02,0
Madeira,53.11,24.40,98.04,4.86,0
Madeira,60.00,22.31,94.90,4.95,0
Madeira,68.24,21.43,93.33,4.50,0
Madeira,72.50,20.69,90.98,5.12,0
Madeira,74.69,20.85,92.16,4.59,0
Madeira,74.12,21.79,91.76,4.92,0
Madeira,13.64,35.48,24.31,2.72,0
Madeira,14.29,35.59,23.14,4.67,0
Madeira,16.15,40.00,25.49,8.38,0
Madeira,11.43,35.59,23.14,11.85,0
Madeira,12.00,33.33,23.53,11.13,0
Madeira,11.54,40.63,25.10,9.72,0
Madeira,14.29,35.59,23.14,11.19,0
Madeira,13.85,40.00,25.49,13.85,0
Madeira,11.43,35.59,23.14,12.97,0
Madeira,17.14,35.00,23.53,13.83,0
Madeira,13.33,41.54,25.49,17.67,0
Madeira,15.00,34.48,22.75,14.96,0
Madeira,12.00,38.46,25.49,20.00,0
Madeira,13.64,36.67,23.53,19.54,0
Madeira,12.63,32.20,23.14,19.45,0
Madeira,13.33,41.54,25.49,21.92,0
Madeira,15.65,38.33,23.53,20.15,0
Madeira,14.40,38.46,25.49,19.45,0
Madeira,13.64,36.67,23.53,20.18,0
Madeira,12.00,33.33,23.53,19.85,0
Madeira,12.86,42.42,25.88,17.88,0
Madeira,16.36,37.29,23.14,15.35,0
Madeira,15.00,37.50,25.10,17.29,0
Madeira,13.04,37.70,23.92,15.28,0
Madeira,15.00,33.90,23.14,13.29,0
Madeira,15.56,41.54,25.49,12.60,0
Madeira,14.29,35.59,23.14,13.30,0
Madeira,13.04,36.51,24.71,11.30,0
Madeira,10.43,37.70,23.92,9.39,0
Madeira,12.00,33.90,23.14,8.20,0
Madeira,13.33,40.91,25.88,7.29,0
Madeira,13.64,36.67,23.53,6.66,0
Madeira,13.04,36.51,24.71,7.12,0
Madeira,12.50,38.71,24.31,6.32,0
Madeira,14.29,35.00,23.53,5.97,0
Madeira,13.33,40.91,25.88,6.42,0
Madeira,16.36,35.48,24.31,7.71,0
Madeira,12.00,39.68,24.71,7.07,0
Madeira,11.43,35.00,23.53,7.48,0
Madeira,13.33,40.91,25.88,7.02,0
Madeira,14.29,35.59,23.14,8.00,0
Madeira,13.64,35.48,24.31,7.63,0
Madeira,13.85,40.63,25.10,6.84,0
Madeira,11.43,35.00,23.53,6.36,0
Madeira,15.56,40.91,25.88,5.45,0
Madeira,13.64,36.67,23.53,5.46,0
Madeira,14.29,34.43,23.92,4.81,0
Madeira,11.54,40.63,25.10,6.06,0
Madeira,13.64,36.67,23.53,6.32,0
Madeira,14.40,38.46,25.49,6.08,0
Madeira,13.64,36.67,23.53,6.29,0
Madeira,14.29,34.43,23.92,7.09,0
Madeira,13.33,41.54,25.49,6.86,0
Madeira,11.43,35.00,23.53,8.52,0
Madeira,16.15,40.00,25.49,11.28,0
Madeira,15.65,38.33,23.53,11.37,0
Madeira,15.00,33.33,23.53,10.41,0
Madeira,13.33,41.54,25.49,10.62,0
Madeira,13.64,36.67,23.53,9.38,0
Madeira,12.50,37.50,25.10,8.73,0
Madeira,13.64,36.67,23.53,9.14,0
Madeira,12.00,33.33,23.53,7.86,0
Madeira,15.56,41.54,25.49,7.16,0
Madeira,14.29,35.59,23.14,11.47,0
Madeira,14.40,38.46,25.49,9.95,0
Madeira,13.64,36.67,23.53,8.82,0
Madeira,15.00,33.33,23.53,8.95,0
Madeira,13.33,41.54,25.49,7.82,0
Madeira,14.29,35.59,23.14,9.14,0
Madeira,13.85,40.00,25.49,8.26,0
Madeira,13.04,37.70,23.92,7.70,0
Madeira,14.29,35.00,23.53,6.90,0
Madeira,14.40,39.06,25.10,8.64,0
Madeira,14.29,35.59,23.14,8.73,0
Madeira,12.50,37.50,25.10,9.92,0
Madeira,13.04,37.70,23.92,9.89,0
Madeira,14.29,35.00,23.53,9.92,0
Madeira,15.00,42.42,25.88,10.59,0
Madeira,13.64,36.67,23.53,9.01,0
Madeira,15.65,36.51,24.71,8.04,0
Madeira,13.04,37.70,23.92,7.71,0
Madeira,14.29,35.00,23.53,7.10,0
Madeira,13.85,40.00,25.49,6.17,0
Madeira,13.64,36.67,23.53,5.53,0
Madeira,13.04,36.51,24.71,5.20,0
Madeira,13.04,37.70,23.92,4.68,0
Madeira,15.00,33.90,23.14,4.55,0
Madeira,13.33,40.91,25.88,4.16,0
Madeira,13.64,36.67,23.53,6.42,0
Madeira,13.04,36.51,24.71,6.95,0
Madeira,12.50,38.71,24.31,10.21,0
Madeira,14.29,35.00,23.53,9.97,0
Madeira,15.56,41.54,25.49,10.15,0
Madeira,13.64,36.67,23.53,10.06,0
Madeira,13.64,35.48,24.31,8.57,0
Madeira,12.50,38.71,24.31,8.01,0
Madeira,11.43,35.00,23.53,7.62,0
Madeira,13.85,40.00,25.49,7.61,0
Madeira,13.64,36.67,23.53,7.07,0
Madeira,13.64,35.48,24.31,6.50,0
Madeira,12.50,38.71,24.31,5.88,0
Madeira,12.00,33.90,23.14,6.07,0
Madeira,13.85,40.00,25.49,5.31,0
Madeira,14.29,35.59,23.14,6.11,0
Madeira,13.64,35.48,24.31,6.91,0
Madeira,12.50,38.71,24.31,11.04,0
Madeira,11.43,35.00,23.53,10.16,0
Madeira,13.33,40.91,25.88,9.04,0
Madeira,13.64,36.67,23.53,8.20,0
Madeira,13.64,35.48,24.31,8.20,0
Madeira,12.00,39.68,24.71,8.02,0
Madeira,12.00,33.90,23.14,9.03,0
Madeira,13.85,40.00,25.49,9.64,0
Madeira,14.29,35.59,23.14,8.41,0
Madeira,13.64,35.48,24.31,8.09,0
Madeira,12.00,39.68,24.71,7.50,0
Madeira,12.00,33.90,23.14,7.31,0
Madeira,13.85,40.00,25.49,8.48,0
Madeira,13.64,36.67,23.53,7.99,0
Madeira,16.36,35.48,24.31,11.82,0
Madeira,15.00,38.71,24.31,12.81,0
Madeira,11.43,35.00,23.53,12.17,0
Madeira,13.85,40.00,25.49,10.16,0
Madeira,13.64,36.67,23.53,11.40,0
Madeira,14.29,34.43,23.92,10.45,0
Madeira,12.00,39.68,24.71,11.72,0
Madeira,12.63,32.76,22.75,9.52,0
Madeira,12.50,37.50,25.10,9.11,0
Madeira,13.64,36.67,23.53,10.98,0
Madeira,14.29,34.43,23.92,9.65,0
Madeira,12.00,39.68,24.71,9.17,0
Madeira,12.00,33.90,23.14,9.43,0
Madeira,13.85,40.00,25.49,8.17,0
Madeira,14.29,35.59,23.14,10.13,0
Madeira,14.29,34.43,23.92,10.20,0
Madeira,11.54,40.63,25.10,10.53,0
Madeira,14.29,35.59,23.14,9.13,0
Madeira,13.85,40.00,25.49,7.77,0
Madeira,11.43,35.59,23.14,7.10,0
Madeira,14.29,34.43,23.92,6.72,0
Madeira,12.00,39.68,24.71,6.12,0
Madeira,12.00,34.48,22.75,6.42,0
Madeira,14.40,39.06,25.10,5.98,0
Madeira,14.29,35.59,23.14,7.13,0
Madeira,14.29,34.43,23.92,7.28,0
Madeira,12.00,39.68,24.71,7.32,0
Madeira,14.29,35.59,23.14,6.42,0
Madeira,13.85,40.00,25.49,6.65,0
Madeira,12.63,33.33,22.35,6.16,0
Madeira,12.00,33.33,23.53,5.96,0
Madeira,9.60,39.68,24.71,8.68,0
Madeira,15.00,34.48,22.75,8.14,0
Madeira,13.85,40.00,25.49,6.90,0
Madeira,15.00,34.48,22.75,6.37,0
Madeira,15.00,33.33,23.53,5.97,0
Madeira,12.00,39.68,24.71,5.81,0
Madeira,15.00,34.48,22.75,5.09,0
Madeira,14.40,39.06,25.10,4.51,0
Madeira,12.00,34.48,22.75,4.69,0
Madeira,15.00,33.33,23.53,4.41,0
Madeira,12.00,39.68,24.71,4.67,0
Madeira,11.43,35.59,23.14,4.50,0
Madeira,13.85,40.00,25.49,5.01,0
Madeira,11.43,35.59,23.14,4.78,0
Madeira,13.64,36.07,23.92,4.43,0
Madeira,12.00,39.68,24.71,4.15,0
Madeira,12.00,34.48,22.75,4.31,0
Madeira,13.85,40.00,25.49,3.98,0
Madeira,12.00,34.48,22.75,4.35,0
Madeira,12.00,33.33,23.53,4.63,0
Madeira,12.00,39.68,24.71,4.24,0
Madeira,12.00,34.48,22.75,6.30,0
Madeira,14.40,39.06,25.10,7.71,0
Madeira,12.00,34.48,22.75,8.06,0
Madeira,12.00,33.33,23.53,8.22,0
Madeira,11.54,40.63,25.10,8.23,0
Madeira,12.00,34.48,22.75,6.89,0
Madeira,14.40,39.06,25.10,6.64,0
Madeira,12.00,34.48,22.75,6.89,0
Madeira,14.29,34.43,23.92,7.25,0
Madeira,12.00,39.68,24.71,7.20,0
Madeira,12.00,34.48,22.75,8.53,0
Madeira,14.40,39.06,25.10,7.69,0
Madeira,12.00,34.48,22.75,7.90,0
Madeira,14.29,34.43,23.92,7.13,0
Madeira,12.00,39.68,24.71,5.99,0
Madeira,12.00,34.48,22.75,5.90,0
Madeira,14.40,39.06,25.10,6.03,0
Madeira,12.00,34.48,22.75,5.82,0
Madeira,13.64,36.07,23.92,5.64,0
Madeira,12.00,39.68,24.71,7.35,0
Madeira,15.00,34.48,22.75,8.18,0
Madeira,13.85,40.00,25.49,10.70,0
Madeira,12.00,34.48,22.75,10.99,0
Madeira,13.64,36.07,23.92,10.72,0
Madeira,10.00,38.71,24.31,9.70,0
Madeira,12.63,32.76,22.75,9.92,0
Madeira,14.40,39.06,25.10,9.17,0
Madeira,12.00,34.48,22.75,8.01,0
Madeira,13.64,36.07,23.92,7.35,0
Madeira,10.00,38.71,24.31,6.24,0
Madeira,12.63,33.33,22.35,5.69,0
Madeira,14.40,39.06,25.10,7.28,0
Madeira,12.63,33.33,22.35,7.56,0
Madeira,13.64,36.07,23.92,7.56,0
Madeira,9.60,39.68,24.71,6.88,0
Madeira,12.63,33.33,22.35,7.86,0
Madeira,14.40,39.06,25.10,10.98,0
Madeira,9.47,33.33,22.35,10.46,0
Madeira,11.43,34.43,23.92,10.59,0
Madeira,10.00,38.71,24.31,10.99,0
Madeira,12.63,33.33,22.35,10.55,0
Madeira,12.00,39.06,25.10,10.73,0
Madeira,9.00,34.48,22.75,10.72,0
Madeira,16.36,36.07,23.92,9.05,0
Madeira,12.00,40.32,24.31,7.68,0
Madeira,9.47,32.76,22.75,8.14,0
Madeira,13.85,40.00,25.49,7.17,0
Madeira,15.00,34.48,22.75,8.34,0
Madeira,13.64,35.48,24.31,10.64,0
Madeira,10.00,38.71,24.31,13.71,0
Madeira,9.47,32.76,22.75,16.53,0
Madeira,13.85,40.63,25.10,16.58,0
Madeira,12.00,34.48,22.75,16.30,0
Madeira,13.64,35.48,24.31,14.35,0
Madeira,12.50,39.34,23.92,13.98,0
Madeira,15.00,34.48,22.75,12.11,0
Madeira,11.54,40.63,25.10,13.13,0
Madeira,12.63,33.33,22.35,11.85,0
Madeira,13.64,35.48,24.31,16.00,0
Madeira,10.91,36.67,23.53,14.28,0
Madeira,13.33,31.58,22.35,14.08,0
Madeira,11.54,40.00,25.49,13.46,0
Madeira,12.00,34.48,22.75,11.56,0
Madeira,13.64,35.48,24.31,12.70,0
Madeira,10.43,37.70,23.92,11.70,0
Madeira,12.63,32.76,22.75,14.22,0
Madeira,13.85,40.63,25.10,15.00,0
Madeira,9.00,34.48,22.75,13.41,0
Madeira,15.00,38.10,24.71,12.42,0
Madeira,10.43,37.70,23.92,10.90,0
Madeira,12.63,32.76,22.75,9.86,0
Madeira,13.85,40.63,25.10,9.33,0
Madeira,12.00,34.48,22.75,10.89,0
Madeira,15.00,38.10,24.71,11.12,0
Madeira,13.64,36.67,23.53,9.75,0
Madeira,12.63,32.20,23.14,9.36,0
Madeira,13.85,40.63,25.10,8.72,0
Madeira,14.29,36.21,22.75,7.78,0
Madeira,14.40,39.06,25.10,6.40,0
Madeira,14.29,36.21,22.75,5.41,0
Madeira,15.00,33.90,23.14,4.64,0
Madeira,13.85,40.63,25.10,4.35,0
Madeira,12.00,34.48,22.75,5.19,0
Madeira,14.40,39.06,25.10,5.31,0
Madeira,11.43,35.59,23.14,4.72,0
Madeira,15.00,33.90,23.14,5.09,0
Madeira,11.54,40.63,25.10,4.40,0
Madeira,9.00,34.48,22.75,5.36,0
Madeira,14.40,39.06,25.10,6.53,0
Madeira,14.29,36.21,22.75,7.85,0
Madeira,15.79,32.76,22.75,7.54,0
Madeira,9.23,40.63,25.10,6.67,0
Madeira,12.63,33.33,22.35,6.26,0
Madeira,14.40,39.06,25.10,5.68,0
Madeira,9.47,33.33,22.35,5.83,0
Madeira,15.00,33.90,23.14,6.29,0
Madeira,9.60,39.68,24.71,6.05,0
Madeira,12.63,33.33,22.35,5.88,0
Madeira,14.40,39.06,25.10,6.98,0
Madeira,9.47,33.33,22.35,6.75,0
Madeira,14.29,35.00,23.53,7.42,0
Madeira,9.60,39.68,24.71,6.51,0
Madeira,13.33,32.14,21.96,6.13,0
Madeira,13.85,40.63,25.10,5.13,0
Madeira,12.63,33.33,22.35,5.95,0
Madeira,14.29,35.00,23.53,5.61,0
Madeira,12.00,40.32,24.31,5.44,0
Madeira,12.63,33.33,22.35,5.49,0
Madeira,16.15,40.63,25.10,6.10,0
Madeira,15.00,35.09,22.35,6.11,0
Madeira,16.36,36.07,23.92,5.72,0
Madeira,12.50,39.34,23.92,5.63,0
Madeira,6.67,31.58,22.35,5.13,0
Madeira,13.85,40.63,25.10,4.47,0
Madeira,9.00,34.48,22.75,4.79,0
Madeira,15.65,37.10,24.31,4.10,0
Madeira,10.43,37.70,23.92,4.92,0
Madeira,12.00,34.48,22.75,4.61,0
Madeira,15.00,38.10,24.71,3.78,0
Madeira,12.00,34.48,22.75,3.52,0
Madeira,15.65,37.10,24.31,4.03,0
Madeira,10.91,36.67,23.53,3.92,0
Madeira,12.63,33.33,22.35,4.92,0
Madeira,13.85,40.63,25.10,4.76,0
Madeira,9.47,33.33,22.35,8.51,0
Madeira,15.00,38.10,24.71,8.05,0
Madeira,8.18,36.67,23.53,10.85,0
Madeira,13.33,31.58,22.35,10.86,0
Madeira,13.85,40.63,25.10,10.26,0
Madeira,12.63,33.33,22.35,9.92,0
Madeira,15.00,38.10,24.71,8.73,0
Madeira,8.57,35.59,23.14,8.32,0
Madeira,13.33,31.58,22.35,8.39,0
Madeira,13.85,40.63,25.10,7.94,0
Madeira,12.00,35.09,22.35,6.97,0
Madeira,15.00,38.10,24.71,5.77,0
Madeira,11.43,35.59,23.14,4.93,0
Madeira,15.79,32.76,22.75,4.69,0
Madeira,11.54,40.63,25.10,4.14,0
Madeira,9.47,33.33,22.35,3.73,0
Madeira,12.50,37.50,25.10,3.53,0
Madeira,12.00,34.48,22.75,2.94,0
Madeira,12.63,32.76,22.75,2.89,0
Madeira,11.54,40.63,25.10,3.33,0
Madeira,12.63,33.33,22.35,3.37,0
Madeira,14.40,39.06,25.10,2.99,0
Madeira,14.29,36.21,22.75,3.23,0
Madeira,15.00,34.48,22.75,3.37,0
Madeira,11.54,40.63,25.10,4.00,0
Madeira,9.47,33.33,22.35,3.89,0
Madeira,14.40,39.06,25.10,3.62,0
Madeira,12.00,34.48,22.75,3.52,0
Madeira,12.63,32.76,22.75,3.21,0
Madeira,11.54,40.63,25.10,3.02,0
Madeira,9.47,33.33,22.35,2.94,0
Madeira,14.40,39.06,25.10,2.92,0
Madeira,12.00,34.48,22.75,2.88,0
Madeira,12.00,33.90,23.14,3.48,0
Madeira,9.60,39.68,24.71,3.24,0
Madeira,9.47,33.33,22.35,3.14,0
Madeira,14.40,39.06,25.10,2.87,0
Madeira,12.00,35.09,22.35,3.23,0
Madeira,12.63,32.76,22.75,3.37,0
Madeira,9.60,39.68,24.71,4.84,0
Madeira,12.63,33.33,22.35,5.35,0
Madeira,14.40,39.06,25.10,5.59,0
Madeira,12.00,34.48,22.75,5.18,0
Madeira,12.00,33.33,23.53,4.91,0
Madeira,14.40,40.32,24.31,6.33,0
Madeira,9.00,34.48,22.75,7.00,0
Madeira,14.40,39.06,25.10,7.43,0
Madeira,12.63,33.33,22.35,8.80,0
Madeira,16.36,36.07,23.92,7.39,0
Madeira,12.50,38.71,24.31,7.35,0
Madeira,12.00,34.48,22.75,7.67,0
Madeira,14.40,39.06,25.10,7.15,0
Madeira,14.29,36.21,22.75,6.98,0
Madeira,13.64,35.48,24.31,6.76,0
Madeira,12.50,38.71,24.31,6.67,0
Madeira,12.63,33.33,22.35,6.78,0
Madeira,13.85,40.00,25.49,8.67,0
Madeira,12.00,34.48,22.75,10.92,0
Madeira,13.64,35.48,24.31,10.29,0
Madeira,12.50,38.71,24.31,8.95,0
Madeira,12.63,32.76,22.75,8.68,0
Madeira,13.85,40.00,25.49,8.88,0
Madeira,11.43,35.59,23.14,10.25,0
Madeira,13.64,35.48,24.31,9.23,0
Madeira,10.43,37.70,23.92,7.98,0
Madeira,12.63,32.76,22.75,7.57,0
Madeira,16.15,40.63,25.10,9.10,0
Madeira,15.00,34.48,22.75,9.57,0
Madeira,13.04,36.51,24.71,8.49,0
Madeira,13.04,37.70,23.92,9.58,0
Madeira,12.63,32.76,22.75,9.86,0
Madeira,15.56,41.54,25.49,10.71,0
Madeira,12.00,34.48,22.75,10.69,0
Madeira,13.04,36.51,24.71,10.62,0
Madeira,10.43,37.70,23.92,9.27,0
Madeira,13.33,31.58,22.35,8.30,0
Madeira,13.33,41.54,25.49,7.40,0
Madeira,15.00,34.48,22.75,6.43,0
Madeira,14.40,39.06,25.10,5.33,0
Madeira,10.91,36.67,23.53,4.59,0
Madeira,12.63,32.76,22.75,5.68,0
Madeira,13.33,41.54,25.49,7.10,0
Madeira,12.00,34.48,22.75,7.19,0
Madeira,14.40,39.06,25.10,6.50,0
Madeira,11.43,36.21,22.75,6.97,0
Madeira,12.63,32.76,22.75,9.89,0
Madeira,11.54,40.63,25.10,8.79,0
Madeira,14.29,36.21,22.75,9.21,0
Madeira,14.40,39.06,25.10,10.52,0
Madeira,11.43,36.21,22.75,9.61,0
Madeira,12.63,32.76,22.75,11.16,0
Madeira,11.54,40.63,25.10,10.94,0
Madeira,12.00,34.48,22.75,11.41,0
Madeira,12.50,37.50,25.10,11.65,0
Madeira,12.00,34.48,22.75,10.34,0
Madeira,12.63,32.76,22.75,10.15,0
Madeira,11.11,42.19,25.10,9.94,0
Madeira,9.47,33.33,22.35,10.90,0
Madeira,16.15,40.63,25.10,9.71,0
Madeira,9.47,33.33,22.35,9.15,0
Madeira,15.00,33.90,23.14,8.79,0
Madeira,11.54,41.27,24.71,10.48,0
Madeira,9.47,33.33,22.35,9.80,0
Madeira,12.00,39.06,25.10,9.66,0
Madeira,9.47,33.33,22.35,10.88,0
Madeira,15.00,33.90,23.14,10.52,0
Madeira,12.00,40.32,24.31,9.21,0
Madeira,12.63,33.33,22.35,7.71,0
Madeira,16.15,40.63,25.10,7.76,0
Madeira,9.47,33.33,22.35,6.78,0
Madeira,13.64,36.07,23.92,5.87,0
Madeira,12.00,40.32,24.31,5.39,0
Madeira,12.63,33.33,22.35,4.82,0
Madeira,13.85,40.63,25.10,4.44,0
Madeira,9.47,33.33,22.35,4.11,0
Madeira,16.36,36.07,23.92,3.79,0
Madeira,10.00,39.34,23.92,3.51,0
Madeira,12.00,34.48,22.75,3.13,0
Madeira,13.33,41.54,25.49,2.95,0
Madeira,9.47,33.33,22.35,3.22,0
Madeira,15.65,37.10,24.31,3.71,0
Madeira,10.43,37.70,23.92,3.73,0
Madeira,10.00,31.58,22.35,4.30,0
Madeira,13.85,40.63,25.10,4.43,0
Madeira,12.00,35.09,22.35,4.82,0
Madeira,15.65,37.10,24.31,4.79,0
Madeira,7.83,37.70,23.92,5.07,0
Madeira,10.00,31.58,22.35,5.00,0
Madeira,13.85,40.63,25.10,6.23,0
Madeira,9.47,33.33,22.35,9.64,0
Madeira,15.65,37.10,24.31,9.17,0
Madeira,10.43,37.70,23.92,9.35,0
Madeira,10.00,31.58,22.35,9.14,0
Madeira,13.85,40.63,25.10,8.98,0
Madeira,12.63,33.33,22.35,7.94,0
Madeira,15.65,37.10,24.31,7.84,0
Madeira,8.18,36.67,23.53,6.66,0
Madeira,12.63,32.76,22.75,6.51,0
Madeira,13.85,40.63,25.10,6.13,0
Madeira,11.43,35.59,23.14,6.82,0
Madeira,15.65,37.10,24.31,6.85,0
Madeira,11.43,35.59,23.14,6.71,0
Madeira,15.79,33.33,22.35,6.28,0
Madeira,11.11,41.54,25.49,6.43,0
Madeira,9.47,33.33,22.35,7.33,0
Madeira,15.00,38.10,24.71,6.78,0
Madeira,11.43,35.59,23.14,5.74,0
Madeira,12.63,32.76,22.75,5.27,0
Madeira,11.54,40.63,25.10,5.14,0
Madeira,9.47,33.33,22.35,4.66,0
Madeira,15.00,38.10,24.71,4.87,0
Madeira,8.57,35.59,23.14,4.44,0
Madeira,12.63,32.76,22.75,3.89,0
Madeira,11.54,40.63,25.10,3.85,0
Madeira,9.47,33.33,22.35,3.91,0
Madeira,15.00,38.10,24.71,6.23,0
Madeira,12.00,34.48,22.75,6.24,0
Madeira,12.63,32.76,22.75,7.36,0
Madeira,11.54,40.63,25.10,10.34,0
Madeira,9.47,33.33,22.35,10.13,0
Madeira,12.50,38.10,24.71,11.34,0
Madeira,12.00,34.48,22.75,9.53,0
Madeira,15.79,32.76,22.75,9.92,0
Madeira,13.33,42.19,25.10,9.27,0
Madeira,14.40,39.06,25.10,9.94,0
Madeira,14.29,36.21,22.75,9.05,0
Madeira,12.63,32.20,23.14,8.91,0
Madeira,12.00,39.68,24.71,7.56,0
Madeira,9.47,33.33,22.35,7.01,0
Madeira,12.50,37.50,25.10,6.78,0
Madeira,12.00,34.48,22.75,6.55,0
Madeira,12.00,33.90,23.14,7.15,0
Madeira,11.54,41.27,24.71,6.15,0
Madeira,12.00,34.48,22.75,7.37,0
Madeira,14.40,39.06,25.10,8.35,0
Madeira,12.63,33.33,22.35,9.14,0
Madeira,14.29,35.00,23.53,8.33,0
Madeira,10.00,38.71,24.31,7.64,0
Madeira,12.63,33.33,22.35,7.23,0
Madeira,14.40,39.06,25.10,7.37,0
Madeira,12.63,33.33,22.35,6.76,0
Madeira,14.29,35.00,23.53,6.46,0
Madeira,9.60,39.68,24.71,5.99,0
Madeira,12.63,33.33,22.35,5.63,0
Madeira,13.85,40.63,25.10,5.03,0
Madeira,9.47,33.33,22.35,5.41,0
Madeira,13.64,36.07,23.92,5.25,0
Madeira,10.00,38.71,24.31,5.13,0
Madeira,10.00,31.58,22.35,9.43,0
Madeira,13.85,40.63,25.10,9.84,0
Madeira,12.00,35.09,22.35,8.62,0
Madeira,13.64,36.07,23.92,8.72,0
Madeira,12.50,39.34,23.92,7.50,0
Madeira,12.63,33.33,22.35,11.64,0
Madeira,13.85,40.63,25.10,9.91,0
Madeira,15.00,35.09,22.35,10.53,0
Madeira,16.36,36.07,23.92,9.69,0
Madeira,10.43,37.70,23.92,9.17,0
Madeira,12.63,33.33,22.35,10.51,0
Madeira,16.15,40.63,25.10,9.88,0
Madeira,11.43,36.21,22.75,8.15,0
Madeira,13.64,36.07,23.92,7.17,0
Madeira,10.43,37.70,23.92,6.42,0
Madeira,12.63,33.33,22.35,6.26,0
Madeira,13.85,40.63,25.10,6.38,0
Madeira,60.00,12.16,100.00,0.69,0
Madeira,60.00,9.80,100.00,2.81,0
Madeira,60.00,9.41,100.00,5.29,0
Madeira,60.00,8.24,100.00,5.80,0
Madeira,60.00,9.41,100.00,6.05,0
Madeira,60.00,12.16,100.00,5.80,0
Madeira,60.00,12.16,100.00,13.21,0
Madeira,60.00,12.16,100.00,13.91,0
Madeira,60.00,12.16,100.00,13.51,0
Madeira,60.00,12.16,100.00,13.36,0
Madeira,60.00,12.16,100.00,11.86,0
Madeira,60.00,9.02,100.00,11.92,0
Madeira,60.00,9.80,100.00,11.29,0
Madeira,60.00,7.84,100.00,16.61,0
Madeira,60.00,9.41,100.00,20.06,0
Madeira,60.00,10.98,100.00,17.67,0
Madeira,60.00,12.16,100.00,18.22,0
Madeira,60.00,12.16,100.00,15.41,0
Madeira,60.00,12.16,100.00,15.06,0
Madeira,60.00,12.16,100.00,18.10,0
Madeira,60.00,12.16,100.00,15.41,0
Madeira,60.00,12.16,100.00,12.85,0
Madeira,60.00,10.98,100.00,10.80,0
Madeira,60.00,10.98,100.00,9.01,0
Madeira,60.00,10.59,100.00,7.80,0
Madeira,60.00,12.16,100.00,7.68,0
Madeira,60.00,12.16,100.00,9.56,0
Madeira,60.00,12.16,100.00,11.54,0
Madeira,60.00,12.16,100.00,10.80,0
Madeira,60.00,12.16,100.00,10.61,0
Madeira,60.00,12.16,100.00,12.72,0
Madeira,60.00,12.16,100.00,11.11,0
Madeira,60.00,10.59,100.00,12.21,0
Madeira,60.00,9.80,100.00,10.17,0
Madeira,60.00,9.41,100.00,8.53,0
Madeira,60.00,10.59,100.00,9.01,0
Madeira,60.00,12.16,100.00,8.17,0
Madeira,60.00,12.16,100.00,11.78,0
Madeira,60.00,12.16,100.00,11.86,0
Madeira,60.00,12.16,100.00,12.60,0
Madeira,60.00,12.16,100.00,11.97,0
Madeira,60.00,12.16,100.00,10.53,0
Madeira,60.00,10.98,100.00,8.90,0
Madeira,60.00,9.80,100.00,9.35,0
Madeira,60.00,9.41,100.00,7.74,0
Madeira,60.00,11.76,100.00,6.85,0
Madeira,60.00,12.16,100.00,5.67,0
Madeira,60.00,12.16,100.00,5.23,0
Madeira,60.00,12.16,100.00,4.84,0
Madeira,60.00,12.16,100.00,4.73,0
Madeira,60.00,12.55,100.00,5.41,0
Madeira,60.00,12.16,100.00,5.85,0
Madeira,60.00,10.59,100.00,5.15,0
Madeira,60.00,10.98,100.00,4.86,0
Madeira,60.00,9.41,100.00,5.39,0
Madeira,60.00,10.59,100.00,4.71,0
Madeira,60.00,12.16,100.00,4.13,0
Madeira,60.00,12.16,100.00,4.32,0
Madeira,60.00,12.16,100.00,4.17,0
Madeira,60.00,12.16,100.00,4.20,0
Madeira,60.00,12.16,100.00,4.10,0
Madeira,60.00,12.16,100.00,3.97,0
Madeira,60.00,11.76,100.00,3.84,0
Madeira,60.00,10.59,100.00,3.53,0
Madeira,60.00,9.02,100.00,3.74,0
Madeira,60.00,9.80,100.00,3.93,0
Madeira,60.00,11.76,100.00,4.87,0
Madeira,60.00,12.16,100.00,4.28,0
Madeira,60.00,12.16,100.00,4.13,0
Madeira,60.00,12.16,100.00,3.83,0
Madeira,60.00,12.16,100.00,3.98,0
Madeira,60.00,12.94,100.00,3.49,0
Madeira,60.00,12.16,100.00,3.75,0
Madeira,60.00,11.76,100.00,3.16,0
Madeira,60.00,9.80,100.00,3.38,0
Madeira,60.00,11.76,100.00,2.88,0
Madeira,60.00,12.16,100.00,3.08,0
Madeira,60.00,12.16,100.00,3.18,0
Madeira,60.00,12.16,100.00,3.26,0
Madeira,60.00,12.16,100.00,3.43,0
Madeira,60.00,12.55,100.00,3.83,0
Madeira,60.00,12.55,100.00,3.99,0
Madeira,60.00,12.16,100.00,3.96,0
Madeira,60.00,12.16,100.00,4.28,0
Madeira,60.00,11.76,100.00,4.39,0
Madeira,60.00,12.16,100.00,4.70,0
Madeira,60.00,12.16,100.00,6.29,0
Madeira,60.00,12.16,100.00,6.72,0
Madeira,60.00,12.16,100.00,6.94,0
Madeira,60.00,12.55,100.00,6.39,0
Madeira,60.00,12.16,100.00,6.78,0
Madeira,60.00,12.55,100.00,6.19,0
Madeira,60.00,12.16,100.00,5.78,0
Madeira,60.00,12.16,100.00,5.14,0
Madeira,60.00,12.16,100.00,5.60,0
Madeira,60.00,12.16,100.00,4.74,0
Madeira,60.00,12.16,100.00,4.46,0
Madeira,60.00,12.16,100.00,3.88,0
Madeira,60.00,12.55,100.00,3.93,0
Madeira,60.00,12.94,100.00,3.52,0
Madeira,60.00,12.55,100.00,3.34,0
Madeira,60.00,12.55,100.00,2.95,0
Madeira,60.00,12.55,100.00,3.64,0
Madeira,60.00,12.16,100.00,5.44,0
Madeira,60.00,11.76,100.00,7.10,0
Madeira,60.00,12.16,100.00,6.53,0
Madeira,60.00,12.16,100.00,7.05,0
Madeira,60.00,12.16,100.00,6.39,0
Madeira,60.00,12.94,100.00,5.89,0
Madeira,60.00,12.16,100.00,5.27,0
Madeira,60.00,14.12,100.00,6.09,0
Madeira,60.00,13.73,100.00,5.37,0
Madeira,60.00,14.12,100.00,4.55,0
Madeira,60.00,12.16,100.00,3.98,0
Madeira,60.00,12.16,100.00,3.37,0
Madeira,60.00,12.16,100.00,3.23,0
Madeira,60.00,12.16,100.00,3.23,0
Madeira,60.00,12.16,100.00,2.82,0
Madeira,60.00,12.55,100.00,2.66,0
Madeira,60.00,12.55,100.00,3.01,0
Madeira,60.00,13.73,100.00,3.44,0
Madeira,60.00,13.73,100.00,3.56,0
Madeira,60.00,14.51,100.00,3.27,0
Madeira,60.00,12.55,100.00,2.83,0
Madeira,60.00,12.16,100.00,2.55,0
Madeira,60.00,11.76,100.00,2.72,0
Madeira,60.00,11.76,100.00,3.31,0
Madeira,60.00,12.16,100.00,4.62,0
Madeira,60.00,12.16,100.00,4.91,0
Madeira,60.00,12.16,100.00,4.03,0
Madeira,60.00,12.55,100.00,3.60,0
Madeira,60.00,12.94,100.00,3.99,0
Madeira,60.00,12.94,100.00,3.45,0
Madeira,60.00,12.16,100.00,3.12,0
Madeira,60.00,12.16,100.00,3.36,0
Madeira,60.00,11.76,100.00,3.50,0
Madeira,60.00,12.16,100.00,2.97,0
Madeira,60.00,12.16,100.00,2.77,0
Madeira,60.00,12.16,100.00,2.50,0
Madeira,60.00,12.55,100.00,3.10,0
Madeira,60.00,12.55,100.00,3.50,0
Madeira,60.00,12.94,100.00,3.92,0
Madeira,60.00,12.55,100.00,4.38,0
Madeira,60.00,12.16,100.00,4.27,0
Madeira,60.00,12.16,100.00,4.48,0
Madeira,60.00,12.16,100.00,4.02,0
Madeira,60.00,12.16,100.00,4.26,0
Madeira,60.00,12.16,100.00,3.69,0
Madeira,60.00,12.16,100.00,3.50,0
Madeira,60.00,12.55,100.00,3.19,0
Madeira,60.00,12.94,100.00,2.88,0
Madeira,60.00,12.94,100.00,2.93,0
Madeira,60.00,12.55,100.00,2.95,0
Madeira,60.00,13.73,100.00,2.88,0
Madeira,60.00,12.16,100.00,3.24,0
Madeira,60.00,10.98,100.00,3.25,0
Madeira,60.00,12.16,100.00,3.23,0
Madeira,60.00,11.76,100.00,3.23,0
Madeira,60.00,12.16,100.00,3.76,0
Madeira,60.00,12.16,100.00,3.35,0
Madeira,60.00,12.55,100.00,4.33,0
Madeira,60.00,12.55,100.00,4.63,0
Madeira,60.00,12.94,100.00,5.47,0
Madeira,60.00,12.16,100.00,5.61,0
Madeira,60.00,12.16,100.00,6.42,0
Madeira,60.00,12.16,100.00,8.20,0
Madeira,60.00,11.76,100.00,7.16,0
Madeira,60.00,10.98,100.00,6.37,0
Madeira,60.00,12.16,100.00,5.48,0
Madeira,60.00,12.16,100.00,4.63,0
Madeira,60.00,12.94,100.00,4.32,0
Madeira,60.00,12.16,100.00,3.75,0
Madeira,60.00,12.16,100.00,3.46,0
Madeira,60.00,12.55,100.00,4.76,0
Madeira,60.00,12.16,100.00,4.38,0
Madeira,60.00,12.16,100.00,3.88,0
Madeira,60.00,11.76,100.00,3.63,0
Madeira,60.00,10.59,100.00,4.01,0
Madeira,60.00,11.76,100.00,3.80,0
Madeira,60.00,12.16,100.00,4.07,0
Madeira,60.00,12.55,100.00,4.24,0
Madeira,60.00,12.16,100.00,3.98,0
Madeira,60.00,12.55,100.00,4.11,0
Madeira,60.00,12.16,100.00,6.04,0
Madeira,60.00,12.16,100.00,5.13,0
Madeira,60.00,12.16,100.00,4.67,0
Madeira,60.00,11.76,100.00,3.85,0
Madeira,60.00,12.16,100.00,3.59,0
Madeira,60.00,11.76,100.00,3.21,0
Madeira,60.00,12.16,100.00,2.64,0
Madeira,60.00,12.16,100.00,2.66,0
Madeira,60.00,12.16,100.00,3.25,0
Madeira,60.00,12.16,100.00,3.35,0
Madeira,60.00,12.94,100.00,5.20,0
Madeira,60.00,12.94,100.00,6.33,0
Madeira,60.00,12.16,100.00,8.40,0
Madeira,60.00,12.16,100.00,7.76,0
Madeira,60.00,12.16,100.00,7.23,0
Madeira,60.00,12.16,100.00,7.05,0
Madeira,60.00,12.16,100.00,6.26,0
Madeira,60.00,12.16,100.00,5.74,0
Madeira,60.00,12.16,100.00,5.25,0
Madeira,60.00,12.16,100.00,4.62,0
Madeira,60.00,12.55,100.00,4.32,0
Madeira,60.00,12.16,100.00,4.06,0
Madeira,60.00,12.16,100.00,4.14,0
Madeira,60.00,11.76,100.00,3.66,0
Madeira,60.00,10.59,100.00,3.75,0
Madeira,60.00,10.59,100.00,4.07,0
Madeira,60.00,10.59,100.00,4.16,0
Madeira,60.00,12.16,100.00,3.89,0
Madeira,60.00,12.16,100.00,4.74,0
Madeira,60.00,12.16,100.00,5.51,0
Madeira,60.00,12.16,100.00,5.99,0
Madeira,60.00,12.16,100.00,6.30,0
Madeira,60.00,12.16,100.00,5.66,0
Madeira,60.00,9.80,100.00,5.07,0
Madeira,60.00,9.41,100.00,4.84,0
Madeira,60.00,7.84,100.00,4.41,0
Madeira,60.00,9.02,100.00,4.07,0
Madeira,60.00,12.16,100.00,3.78,0
Madeira,60.00,12.16,100.00,3.56,0
Madeira,60.00,12.16,100.00,4.44,0
Madeira,60.00,12.16,100.00,4.28,0
Madeira,60.00,12.16,100.00,4.00,0
Madeira,60.00,12.16,100.00,3.94,0
Madeira,60.00,11.76,100.00,4.18,0
Madeira,60.00,10.59,100.00,4.69,0
Madeira,60.00,10.59,100.00,4.20,0
Madeira,60.00,9.02,100.00,4.23,0
Madeira,60.00,11.76,100.00,3.66,0
Madeira,60.00,12.16,100.00,4.72,0
Madeira,60.00,12.16,100.00,5.07,0
Madeira,60.00,12.16,100.00,5.76,0
Madeira,60.00,12.16,100.00,5.38,0
Madeira,60.00,12.16,100.00,6.58,0
Madeira,60.00,12.16,100.00,5.96,0
Madeira,60.00,9.41,100.00,6.22,0
Madeira,60.00,9.41,100.00,6.98,0
Madeira,60.00,9.02,100.00,7.80,0
Madeira,60.00,10.98,100.00,7.48,0
Madeira,60.00,12.16,100.00,7.39,0
Madeira,60.00,12.16,100.00,6.32,0
Madeira,60.00,12.16,100.00,5.41,0
Madeira,60.00,12.16,100.00,4.51,0
Madeira,60.00,12.16,100.00,4.32,0
Madeira,60.00,12.16,100.00,4.36,0
Madeira,60.00,10.59,100.00,4.45,0
Madeira,60.00,9.02,100.00,4.67,0
Madeira,60.00,9.41,100.00,4.70,0
Madeira,60.00,9.80,100.00,5.37,0
Madeira,60.00,12.16,100.00,4.91,0
Madeira,60.00,12.16,100.00,6.04,0
Madeira,60.00,12.16,100.00,6.39,0
Madeira,60.00,12.16,100.00,6.45,0
Madeira,60.00,12.16,100.00,6.19,0
Madeira,60.00,12.16,100.00,6.15,0
Madeira,60.00,12.16,100.00,5.67,0
Madeira,60.00,9.80,100.00,5.77,0
Madeira,60.00,9.41,100.00,6.31,0
Madeira,60.00,9.41,100.00,6.25,0
Madeira,60.00,11.76,100.00,5.40,0
Madeira,60.00,12.16,100.00,4.77,0
Madeira,60.00,12.16,100.00,4.25,0
Madeira,60.00,12.16,100.00,5.00,0
Madeira,60.00,12.16,100.00,4.20,0
Madeira,60.00,12.16,100.00,4.96,0
Madeira,60.00,9.80,100.00,4.93,0
Madeira,60.00,10.59,100.00,5.11,0
Madeira,60.00,9.41,100.00,5.18,0
Madeira,60.00,9.02,100.00,5.47,0
Madeira,60.00,12.16,100.00,5.23,0
Madeira,60.00,12.16,100.00,5.26,0
Madeira,60.00,12.16,100.00,4.63,0
Madeira,60.00,12.16,100.00,3.93,0
Madeira,60.00,12.16,100.00,3.90,0
Madeira,60.00,12.16,100.00,3.62,0
Madeira,60.00,10.98,100.00,3.61,0
Madeira,60.00,9.41,100.00,3.71,0
Madeira,60.00,7.84,100.00,3.52,0
Madeira,60.00,9.80,100.00,3.43,0
Madeira,60.00,12.16,100.00,3.29,0
Madeira,60.00,12.16,100.00,3.43,0
Madeira,60.00,12.16,100.00,3.79,0
Madeira,60.00,12.16,100.00,4.96,0
Madeira,60.00,12.16,100.00,4.70,0
Madeira,60.00,12.55,100.00,4.92,0
Madeira,60.00,12.16,100.00,5.90,0
Madeira,60.00,9.80,100.00,5.01,0
Madeira,60.00,9.80,100.00,5.64,0
Madeira,60.00,11.76,100.00,5.25,0
Madeira,60.00,12.16,100.00,5.01,0
Madeira,60.00,12.94,100.00,4.64,0
Madeira,60.00,12.94,100.00,4.52,0
Madeira,60.00,13.73,100.00,4.60,0
Madeira,60.00,12.94,100.00,4.06,0
Madeira,60.00,13.73,100.00,3.76,0
Madeira,60.00,12.16,100.00,3.72,0
Madeira,60.00,11.76,100.00,3.80,0
Madeira,60.00,10.98,100.00,3.35,0
Madeira,60.00,11.76,100.00,3.85,0
Madeira,60.00,12.16,100.00,3.36,0
Madeira,60.00,12.16,100.00,3.61,0
Madeira,60.00,12.16,100.00,4.40,0
Madeira,60.00,12.16,100.00,4.50,0
Madeira,60.00,12.16,100.00,6.02,0
Madeira,60.00,12.16,100.00,5.40,0
Madeira,60.00,11.76,100.00,5.23,0
Madeira,60.00,9.80,100.00,6.57,0
Madeira,60.00,8.24,100.00,6.38,0
Madeira,60.00,10.59,100.00,5.88,0
Madeira,60.00,12.16,100.00,5.14,0
Madeira,60.00,12.16,100.00,4.73,0
Madeira,60.00,12.16,100.00,4.40,0
Madeira,60.00,12.16,100.00,3.98,0
Madeira,60.00,12.16,100.00,3.74,0
Madeira,60.00,12.16,100.00,3.46,0
Madeira,60.00,10.98,100.00,4.14,0
Madeira,60.00,10.59,100.00,3.62,0
Madeira,60.00,9.02,100.00,5.06,0
Madeira,60.00,9.80,100.00,5.28,0
Madeira,60.00,11.76,100.00,4.72,0
Madeira,60.00,12.16,100.00,5.31,0
Madeira,60.00,12.16,100.00,4.94,0
Madeira,60.00,12.16,100.00,4.44,0
Madeira,60.00,12.16,100.00,4.45,0
Madeira,60.00,10.98,100.00,5.21,0
Madeira,60.00,9.02,100.00,4.45,0
Madeira,60.00,8.24,100.00,4.96,0
Madeira,60.00,8.24,100.00,4.97,0
Madeira,60.00,8.24,100.00,4.48,0
Madeira,60.00,10.98,100.00,4.18,0
Madeira,60.00,12.16,100.00,3.54,0
Madeira,60.00,12.16,100.00,3.19,0
Madeira,60.00,12.16,100.00,3.80,0
Madeira,60.00,12.16,100.00,3.77,0
Madeira,60.00,12.16,100.00,3.96,0
Madeira,60.00,10.98,100.00,4.34,0
Madeira,60.00,7.84,100.00,4.15,0
Madeira,60.00,7.84,100.00,3.37,0
Madeira,60.00,7.84,100.00,3.27,0
Madeira,60.00,9.41,100.00,3.20,0
Madeira,60.00,12.16,100.00,3.51,0
Madeira,60.00,12.16,100.00,4.04,0
Madeira,60.00,12.16,100.00,5.50,0
Madeira,60.00,12.16,100.00,5.91,0
Madeira,60.00,12.16,100.00,6.88,0
Madeira,60.00,9.02,100.00,6.84,0
Madeira,60.00,7.84,100.00,6.14,0
Madeira,60.00,7.84,100.00,6.09,0
Madeira,60.00,7.84,100.00,5.31,0
Madeira,60.00,9.02,100.00,4.58,0
Madeira,60.00,10.98,100.00,4.17,0
Madeira,60.00,12.16,100.00,3.88,0
Madeira,60.00,10.59,100.00,3.33,0
Madeira,60.00,10.98,100.00,3.33,0
Madeira,60.00,11.76,100.00,2.88,0
Madeira,60.00,8.24,100.00,2.82,0
Madeira,60.00,7.84,100.00,3.19,0
Madeira,60.00,9.41,100.00,5.82,0
Madeira,60.00,10.59,100.00,6.37,0
Madeira,60.00,12.16,100.00,8.10,0
Madeira,60.00,12.16,100.00,7.81,0
Madeira,60.00,13.73,100.00,7.08,0
Madeira,60.00,12.16,100.00,6.17,0
Madeira,60.00,12.16,100.00,5.20,0
Madeira,60.00,12.16,100.00,5.06,0
Madeira,60.00,10.98,100.00,4.47,0
Madeira,60.00,9.02,100.00,4.54,0
Madeira,60.00,9.02,100.00,4.47,0
Madeira,60.00,10.59,100.00,4.87,0
Madeira,60.00,11.76,100.00,4.33,0
Madeira,60.00,12.16,100.00,4.52,0
Madeira,60.00,12.16,100.00,5.02,0
Madeira,60.00,12.16,100.00,5.13,0
Madeira,60.00,12.16,100.00,4.64,0
Madeira,60.00,12.16,100.00,5.19,0
Madeira,60.00,9.02,100.00,5.28,0
Madeira,60.00,9.41,100.00,4.81,0
Madeira,60.00,9.41,100.00,7.25,0
Madeira,60.00,8.24,100.00,7.38,0
Madeira,60.00,12.16,100.00,6.03,0
Madeira,60.00,12.16,100.00,6.26,0
Madeira,60.00,12.16,100.00,6.19,0
Madeira,60.00,12.16,100.00,6.06,0
Madeira,60.00,12.16,100.00,5.80,0
Madeira,60.00,12.16,100.00,5.38,0
Madeira,60.00,10.59,100.00,4.75,0
Madeira,60.00,7.84,100.00,4.26,0
Madeira,60.00,9.41,100.00,3.84,0
Madeira,60.00,9.02,100.00,3.37,0
Madeira,60.00,12.16,100.00,2.89,0
Madeira,60.00,12.16,100.00,4.08,0
Madeira,60.00,12.16,100.00,3.99,0
Madeira,60.00,12.16,100.00,4.46,0
Madeira,60.00,12.16,100.00,5.34,0
Madeira,60.00,12.16,100.00,5.29,0
Madeira,60.00,9.80,100.00,5.62,0
Madeira,60.00,7.84,100.00,6.68,0
Madeira,60.00,7.84,100.00,6.93,0
Madeira,60.00,9.80,100.00,7.52,0
Madeira,60.00,12.16,100.00,7.70,0
Madeira,60.00,12.16,100.00,6.90,0
Madeira,60.00,12.16,100.00,5.71,0
Madeira,60.00,12.16,100.00,5.55,0
Madeira,60.00,12.16,100.00,5.01,0
Madeira,60.00,12.16,100.00,4.55,0
Madeira,60.00,9.80,100.00,3.98,0
Madeira,60.00,8.24,100.00,3.71,0
Madeira,60.00,9.02,100.00,3.31,0
Madeira,60.00,9.41,100.00,3.32,0
Madeira,60.00,12.16,100.00,3.68,0
Madeira,60.00,12.16,100.00,3.49,0
Madeira,60.00,12.16,100.00,3.42,0
Madeira,60.00,12.16,100.00,4.58,0
Madeira,60.00,12.16,100.00,5.29,0
Madeira,60.00,11.76,100.00,4.55,0
Madeira,60.00,9.41,100.00,4.55,0
Madeira,60.00,9.02,100.00,6.57,0
Madeira,60.00,9.80,100.00,5.83,0
Madeira,60.00,10.98,100.00,5.06,0
Madeira,60.00,12.16,100.00,4.91,0
Madeira,60.00,12.16,100.00,5.84,0
Madeira,60.00,12.16,100.00,7.05,0
Madeira,60.00,12.16,100.00,7.03,0
Madeira,60.00,12.16,100.00,7.83,0
Madeira,60.00,10.98,100.00,7.01,0
Madeira,60.00,9.80,100.00,6.03,0
Madeira,60.00,9.80,100.00,5.59,0
Madeira,60.00,9.02,100.00,5.02,0
Madeira,60.00,12.16,100.00,4.83,0
Madeira,60.00,12.16,100.00,3.99,0
Madeira,60.00,12.16,100.00,3.95,0
Madeira,60.00,12.16,100.00,3.77,0
Madeira,60.00,12.16,100.00,3.93,0
Madeira,60.00,12.16,100.00,4.30,0
Madeira,60.00,10.98,100.00,3.96,0
Madeira,60.00,8.24,100.00,5.11,0
Madeira,60.00,9.41,100.00,5.08,0
Madeira,60.00,9.41,100.00,5.27,0
Madeira,60.00,12.16,100.00,5.98,0
Madeira,60.00,12.16,100.00,5.10,0
Madeira,60.00,12.16,100.00,5.27,0
Madeira,60.00,12.16,100.00,5.35,0
Madeira,60.00,12.16,100.00,5.24,0
Madeira,60.00,12.16,100.00,5.51,0
Madeira,60.00,11.76,100.00,4.68,0
Madeira,60.00,8.24,100.00,4.37,0
Madeira,60.00,9.80,100.00,3.96,0
Madeira,60.00,10.98,100.00,3.72,0
Madeira,60.00,12.16,100.00,3.42,0
Madeira,60.00,12.16,100.00,3.02,0
Madeira,60.00,12.16,100.00,2.98,0
Madeira,60.00,12.16,100.00,2.87,0
Madeira,60.00,12.16,100.00,2.76,0
Madeira,60.00,11.76,100.00,3.38,0
Madeira,60.00,9.41,100.00,4.69,0
Madeira,60.00,9.80,100.00,4.32,0
Madeira,60.00,9.02,100.00,4.20,0
Madeira,60.00,11.76,100.00,8.17,0
Madeira,60.00,12.16,100.00,8.49,0
Madeira,60.00,12.16,100.00,7.44,0
Madeira,60.00,12.16,100.00,7.72,0
Madeira,60.00,12.16,100.00,6.82,0
Madeira,60.00,12.16,100.00,6.28,0
Madeira,60.00,10.59,100.00,5.74,0
Madeira,60.00,9.02,100.00,6.01,0
Madeira,60.00,9.41,100.00,5.57,0
Madeira,60.00,10.59,100.00,5.56,0
Madeira,60.00,12.16,100.00,4.81,0
Madeira,60.00,12.16,100.00,4.37,0
Madeira,60.00,12.16,100.00,4.02,0
Madeira,60.00,12.16,100.00,4.65,0
Madeira,60.00,12.16,100.00,4.33,0
Madeira,60.00,12.16,100.00,4.25,0
Madeira,60.00,10.98,100.00,4.32,0
Madeira,60.00,10.59,100.00,5.08,0
Madeira,60.00,9.41,100.00,4.98,0
Madeira,60.00,10.98,100.00,5.82,0
Madeira,60.00,12.16,100.00,5.32,0
Madeira,60.00,12.16,100.00,4.72,0
Madeira,60.00,12.16,100.00,6.13,0
Madeira,60.00,12.16,100.00,5.21,0
Madeira,60.00,12.16,100.00,4.43,0
Madeira,60.00,11.76,100.00,4.93,0
Madeira,60.00,9.80,100.00,4.30,0
Madeira,60.00,9.41,100.00,4.32,0
Madeira,60.00,10.98,100.00,3.92,0
Madeira,60.00,12.16,100.00,3.49,0
Madeira,60.00,12.16,100.00,3.41,0
Madeira,60.00,12.16,100.00,3.45,0
Madeira,60.00,12.16,100.00,3.31,0
Madeira,60.00,12.16,100.00,4.02,0
Madeira,60.00,12.16,100.00,4.29,0
Madeira,60.00,11.76,100.00,4.89,0
Madeira,60.00,9.02,100.00,5.69,0
Madeira,60.00,9.41,100.00,4.92,0
Madeira,60.00,9.80,100.00,4.35,0
Madeira,60.00,12.16,100.00,4.39,0
Madeira,60.00,12.16,100.00,5.25,0
Madeira,31.76,31.48,42.35,1.97,0
Madeira,39.23,25.74,39.61,2.23,0
Madeira,35.63,31.07,40.39,2.64,0
Madeira,38.18,23.66,36.47,3.24,0
Madeira,34.62,25.74,39.61,4.10,0
Madeira,31.76,31.48,42.35,6.07,0
Madeira,40.91,23.66,36.47,5.93,0
Madeira,36.00,21.28,36.86,5.32,0
Madeira,30.91,30.56,42.35,7.32,0
Madeira,41.74,24.47,36.86,7.43,0
Madeira,38.18,23.40,36.86,6.55,0
Madeira,30.91,30.56,42.35,5.61,0
Madeira,34.00,29.70,39.61,7.03,0
Madeira,43.64,23.66,36.47,6.98,0
Madeira,33.33,26.73,39.61,6.59,0
Madeira,33.53,31.78,41.96,6.24,0
Madeira,40.91,23.66,36.47,6.14,0
Madeira,47.37,20.21,36.86,5.99,0
Madeira,32.57,32.41,42.35,5.46,0
Madeira,38.18,23.66,36.47,5.22,0
Madeira,33.33,26.47,40.00,5.13,0
Madeira,32.57,32.41,42.35,5.02,0
Madeira,40.91,23.66,36.47,5.50,0
Madeira,37.14,22.11,37.25,4.69,0
Madeira,29.14,31.82,43.14,5.15,0
Madeira,39.13,24.47,36.86,6.11,0
Madeira,40.91,23.66,36.47,5.39,0
Madeira,30.91,30.56,42.35,4.51,0
Madeira,36.43,28.28,38.82,3.85,0
Madeira,40.91,23.66,36.47,3.79,0
Madeira,32.00,28.57,41.18,4.34,0
Madeira,32.57,32.71,41.96,4.12,0
Madeira,38.18,23.66,36.47,4.50,0
Madeira,34.29,26.92,40.78,4.37,0
Madeira,33.53,32.08,41.57,5.23,0
Madeira,40.91,23.66,36.47,5.91,0
Madeira,35.00,24.49,38.43,5.38,0
Madeira,31.76,31.48,42.35,5.39,0
Madeira,40.91,23.66,36.47,5.26,0
Madeira,36.00,21.51,36.47,5.81,0
Madeira,30.91,30.56,42.35,6.68,0
Madeira,37.78,27.55,38.43,6.61,0
Madeira,39.13,24.47,36.86,7.53,0
Madeira,32.00,28.30,41.57,7.01,0
Madeira,34.84,30.10,40.39,6.51,0
Madeira,40.91,23.66,36.47,5.75,0
Madeira,33.60,25.25,38.82,5.76,0
Madeira,31.76,31.48,42.35,6.21,0
Madeira,40.91,23.66,36.47,6.79,0
Madeira,42.00,21.51,36.47,6.04,0
Madeira,30.91,30.56,42.35,8.25,0
Madeira,38.40,26.04,37.65,6.87,0
Madeira,41.05,20.43,36.47,5.83,0
Madeira,31.76,31.48,42.35,6.32,0
Madeira,37.50,25.26,37.25,6.22,0
Madeira,33.00,21.28,36.86,5.34,0
Madeira,30.00,29.63,42.35,6.08,0
Madeira,36.52,24.47,36.86,5.46,0
Madeira,36.00,21.28,36.86,5.03,0
Madeira,30.91,30.56,42.35,4.62,0
Madeira,39.13,24.47,36.86,4.16,0
Madeira,40.00,22.58,36.47,3.66,0
Madeira,30.00,31.19,42.75,3.27,0
Madeira,34.00,29.70,39.61,3.35,0
Madeira,38.18,23.66,36.47,3.09,0
Madeira,28.12,29.63,42.35,3.12,0
Madeira,34.00,29.70,39.61,3.00,0
Madeira,37.14,22.58,36.47,3.74,0
Madeira,30.91,30.56,42.35,3.85,0
Madeira,35.17,29.00,39.22,3.99,0
Madeira,40.00,22.58,36.47,4.19,0
Madeira,30.91,30.56,42.35,3.77,0
Madeira,35.17,29.00,39.22,3.79,0
Madeira,40.00,22.58,36.47,3.99,0
Madeira,30.00,31.19,42.75,5.12,0
Madeira,35.17,29.00,39.22,4.34,0
Madeira,38.18,23.66,36.47,4.01,0
Madeira,33.10,27.88,40.78,4.18,0
Madeira,31.76,31.78,41.96,3.59,0
Madeira,40.91,23.66,36.47,3.11,0
Madeira,36.52,23.71,38.04,4.05,0
Madeira,30.86,32.11,42.75,4.43,0
Madeira,38.18,23.66,36.47,4.98,0
Madeira,41.05,20.43,36.47,4.79,0
Madeira,30.86,31.82,43.14,4.10,0
Madeira,38.18,23.66,36.47,4.46,0
Madeira,36.52,23.71,38.04,3.98,0
Madeira,30.91,30.56,42.35,3.57,0
Madeira,40.91,23.66,36.47,3.41,0
Madeira,44.21,20.43,36.47,2.84,0
Madeira,30.86,32.11,42.75,3.63,0
Madeira,40.91,23.66,36.47,3.53,0
Madeira,43.33,19.35,36.47,3.47,0
Madeira,30.86,32.11,42.75,3.32,0
Madeira,38.18,23.66,36.47,3.25,0
Madeira,32.50,24.24,38.82,3.77,0
Madeira,31.67,32.73,43.14,4.33,0
Madeira,40.91,23.66,36.47,3.99,0
Madeira,39.00,21.51,36.47,3.63,0
Madeira,28.24,30.91,43.14,3.74,0
Madeira,33.33,27.55,38.43,5.04,0
Madeira,36.00,21.51,36.47,5.30,0
Madeira,30.00,29.63,42.35,4.57,0
Madeira,35.56,27.55,38.43,5.25,0
Madeira,40.91,23.66,36.47,4.80,0
Madeira,32.00,28.30,41.57,4.44,0
Madeira,34.55,31.73,40.78,4.41,0
Madeira,40.91,23.66,36.47,4.35,0
Madeira,31.20,25.00,39.22,4.11,0
Madeira,30.00,31.19,42.75,4.18,0
Madeira,40.91,23.66,36.47,4.13,0
Madeira,44.21,20.21,36.86,3.71,0
Madeira,30.00,31.19,42.75,3.59,0
Madeira,39.13,24.73,36.47,3.69,0
Madeira,39.00,21.51,36.47,3.76,0
Madeira,29.09,30.28,42.75,3.27,0
Madeira,35.56,27.55,38.43,3.31,0
Madeira,40.00,22.58,36.47,3.28,0
Madeira,27.10,28.70,42.35,3.25,0
Madeira,35.56,27.55,38.43,3.25,0
Madeira,39.00,21.51,36.47,2.86,0
Madeira,30.91,30.56,42.35,2.88,0
Madeira,35.56,27.55,38.43,2.64,0
Madeira,36.00,21.51,36.47,2.34,0
Madeira,29.09,30.28,42.75,2.69,0
Madeira,36.92,26.80,38.04,2.95,0
Madeira,40.91,23.66,36.47,2.91,0
Madeira,30.00,28.30,41.57,3.31,0
Madeira,33.75,30.77,40.78,4.74,0
Madeira,40.91,23.66,36.47,5.37,0
Madeira,32.73,30.84,41.96,5.54,0
Madeira,32.73,31.43,41.18,4.65,0
Madeira,38.18,23.66,36.47,4.83,0
Madeira,31.87,29.91,41.96,5.82,0
Madeira,31.87,30.48,41.18,5.28,0
Madeira,40.91,23.66,36.47,5.25,0
Madeira,33.91,23.47,38.43,4.59,0
Madeira,30.86,32.11,42.75,4.49,0
Madeira,38.18,23.66,36.47,4.50,0
Madeira,43.33,19.35,36.47,5.31,0
Madeira,30.00,32.73,43.14,4.42,0
Madeira,40.91,23.66,36.47,4.27,0
Madeira,36.00,21.51,36.47,4.17,0
Madeira,30.00,29.63,42.35,3.87,0
Madeira,34.29,28.28,38.82,3.52,0
Madeira,39.00,21.51,36.47,4.72,0
Madeira,30.91,30.56,42.35,5.23,0
Madeira,34.29,28.28,38.82,6.52,0
Madeira,37.14,22.34,36.86,5.85,0
Madeira,30.00,29.63,42.35,6.27,0
Madeira,36.43,28.28,38.82,6.08,0
Madeira,36.00,21.51,36.47,5.84,0
Madeira,29.09,30.28,42.75,5.93,0
Madeira,34.29,28.28,38.82,5.54,0
Madeira,38.18,23.66,36.47,4.88,0
Madeira,31.03,27.62,41.18,4.55,0
Madeira,30.86,32.41,42.35,4.13,0
Madeira,38.18,23.66,36.47,3.64,0
Madeira,36.52,23.71,38.04,3.48,0
Madeira,30.00,31.19,42.75,4.84,0
Madeira,40.91,23.66,36.47,5.98,0
Madeira,38.18,23.66,36.47,8.28,0
Madeira,30.91,30.56,42.35,9.11,0
Madeira,35.17,29.00,39.22,7.83,0
Madeira,39.13,24.73,36.47,8.85,0
Madeira,33.10,27.88,40.78,7.86,0
Madeira,30.86,32.41,42.35,7.58,0
Madeira,38.18,23.66,36.47,8.15,0
Madeira,39.00,21.28,36.86,7.81,0
Madeira,30.00,29.63,42.35,7.02,0
Madeira,36.52,24.47,36.86,5.99,0
Madeira,47.37,20.21,36.86,5.07,0
Madeira,30.86,32.11,42.75,4.70,0
Madeira,38.18,23.66,36.47,5.00,0
Madeira,44.21,20.21,36.86,5.92,0
Madeira,30.86,32.11,42.75,5.26,0
Madeira,40.91,23.66,36.47,4.54,0
Madeira,45.00,21.28,36.86,4.52,0
Madeira,31.67,32.73,43.14,5.61,0
Madeira,38.18,23.66,36.47,5.29,0
Madeira,44.21,20.21,36.86,5.31,0
Madeira,30.86,32.11,42.75,5.08,0
Madeira,38.18,23.66,36.47,4.66,0
Madeira,36.00,21.28,36.86,3.81,0
Madeira,30.00,29.63,42.35,3.45,0
Madeira,36.00,26.04,37.65,3.58,0
Madeira,38.18,23.66,36.47,3.36,0
Madeira,30.97,28.97,41.96,3.01,0
Madeira,33.53,32.38,41.18,3.15,0
Madeira,38.18,23.66,36.47,3.24,0
Madeira,30.00,29.91,41.96,3.13,0
Madeira,33.75,30.77,40.78,3.84,0
Madeira,40.91,23.66,36.47,5.27,0
Madeira,30.00,28.04,41.96,5.53,0
Madeira,32.73,31.43,41.18,5.59,0
Madeira,40.91,23.66,36.47,5.97,0
Madeira,31.87,29.91,41.96,7.71,0
Madeira,33.53,32.38,41.18,7.33,0
Madeira,38.18,23.66,36.47,7.21,0
Madeira,30.97,29.25,41.57,8.54,0
Madeira,33.53,32.08,41.57,7.41,0
Madeira,40.91,23.66,36.47,6.69,0
Madeira,35.00,24.49,38.43,6.65,0
Madeira,30.00,31.19,42.75,6.58,0
Madeira,38.18,23.66,36.47,5.61,0
Madeira,36.52,23.71,38.04,5.61,0
Madeira,30.00,31.19,42.75,4.87,0
Madeira,38.18,23.66,36.47,4.98,0
Madeira,43.64,22.68,38.04,4.66,0
Madeira,31.76,31.78,41.96,4.40,0
Madeira,38.18,23.66,36.47,6.25,0
Madeira,31.03,27.62,41.18,9.10,0
Madeira,32.73,31.13,41.57,8.31,0
Madeira,38.18,23.66,36.47,7.66,0
Madeira,33.91,23.71,38.04,6.39,0
Madeira,30.86,32.11,42.75,5.55,0
Madeira,40.91,23.66,36.47,4.50,0
Madeira,37.14,22.58,36.47,4.23,0
Madeira,29.03,28.70,42.35,3.78,0
Madeira,34.29,28.28,38.82,3.28,0
Madeira,38.18,23.66,36.47,3.59,0
Madeira,30.00,29.63,42.35,3.26,0
Madeira,34.29,28.28,38.82,3.75,0
Madeira,40.91,23.66,36.47,3.69,0
Madeira,31.03,27.62,41.18,4.10,0
Madeira,30.91,31.13,41.57,3.92,0
Madeira,40.91,23.66,36.47,4.01,0
Madeira,35.00,24.49,38.43,4.49,0
Madeira,31.76,31.48,42.35,5.21,0
Madeira,40.91,23.66,36.47,4.82,0
Madeira,33.91,23.71,38.04,4.42,0
Madeira,30.86,32.11,42.75,3.83,0
Madeira,38.18,23.66,36.47,3.92,0
Madeira,41.74,23.47,38.43,4.07,0
Madeira,31.76,32.08,41.57,4.04,0
Madeira,40.91,23.66,36.47,3.77,0
Madeira,32.00,28.30,41.57,4.10,0
Madeira,31.76,32.08,41.57,3.56,0
Madeira,46.36,23.66,36.47,3.37,0
Madeira,35.00,24.49,38.43,3.63,0
Madeira,30.91,30.56,42.35,3.58,0
Madeira,38.18,23.66,36.47,3.63,0
Madeira,38.18,22.22,38.82,4.37,0
Madeira,32.73,31.43,41.18,6.28,0
Madeira,38.18,23.66,36.47,6.02,0
Madeira,34.84,29.25,41.57,5.98,0
Madeira,34.55,31.43,41.18,6.03,0
Madeira,40.91,23.66,36.47,6.72,0
Madeira,32.50,24.24,38.82,6.97,0
Madeira,31.76,31.48,42.35,6.14,0
Madeira,38.18,23.66,36.47,5.29,0
Madeira,33.60,25.25,38.82,7.25,0
Madeira,30.86,32.11,42.75,8.45,0
Madeira,38.18,23.66,36.47,6.88,0
Madeira,32.50,24.24,38.82,8.25,0
Madeira,30.86,32.11,42.75,7.79,0
Madeira,40.91,23.66,36.47,6.85,0
Madeira,33.60,25.00,39.22,6.91,0
Madeira,30.86,32.11,42.75,6.72,0
Madeira,40.91,23.66,36.47,6.16,0
Madeira,33.60,25.00,39.22,7.53,0
Madeira,30.86,32.11,42.75,6.47,0
Madeira,38.18,23.66,36.47,6.38,0
Madeira,32.31,25.74,39.61,5.84,0
Madeira,30.00,31.48,42.35,6.95,0
Madeira,40.91,23.66,36.47,6.48,0
Madeira,37.14,22.11,37.25,5.90,0
Madeira,32.73,30.56,42.35,6.28,0
Madeira,39.13,24.47,36.86,6.02,0
Madeira,34.29,22.58,36.47,5.68,0
Madeira,30.00,29.63,42.35,4.91,0
Madeira,35.17,29.00,39.22,4.87,0
Madeira,40.91,23.66,36.47,5.86,0
Madeira,30.00,27.18,40.39,5.27,0
Madeira,32.57,32.71,41.96,5.10,0
Madeira,38.18,23.66,36.47,5.07,0
Madeira,31.11,25.96,40.78,5.24,0
Madeira,31.76,31.78,41.96,7.15,0
Madeira,40.91,23.66,36.47,7.28,0
Madeira,34.00,28.57,41.18,7.39,0
Madeira,34.55,31.43,41.18,7.35,0
Madeira,38.18,23.66,36.47,8.80,0
Madeira,33.60,25.25,38.82,7.72,0
Madeira,34.29,32.11,42.75,8.86,0
Madeira,38.18,23.66,36.47,8.62,0
Madeira,39.00,21.51,36.47,8.64,0
Madeira,31.87,29.63,42.35,9.07,0
Madeira,37.50,25.26,37.25,7.76,0
Madeira,36.00,21.51,36.47,6.94,0
Madeira,34.55,30.56,42.35,6.31,0
Madeira,37.50,25.26,37.25,5.60,0
Madeira,34.74,20.43,36.47,5.81,0
Madeira,30.91,30.56,42.35,5.87,0
Madeira,38.40,26.04,37.65,5.49,0
Madeira,35.45,23.66,36.47,4.91,0
Madeira,30.91,30.56,42.35,5.76,0
Madeira,36.77,30.39,40.00,7.02,0
Madeira,38.18,23.66,36.47,7.05,0
Madeira,30.00,29.63,42.35,9.01,0
Madeira,34.84,30.39,40.00,8.92,0
Madeira,37.14,22.58,36.47,8.26,0
Madeira,30.91,30.56,42.35,7.39,0
Madeira,34.00,29.70,39.61,9.57,0
Madeira,40.91,23.66,36.47,11.21,0
Madeira,32.14,27.18,40.39,9.57,0
Madeira,32.57,32.71,41.96,8.92,0
Madeira,38.18,23.66,36.47,7.33,0
Madeira,32.00,28.85,40.78,6.38,0
Madeira,30.86,32.41,42.35,5.63,0
Madeira,40.91,23.66,36.47,4.81,0
Madeira,31.03,27.88,40.78,4.21,0
Madeira,32.73,31.13,41.57,4.33,0
Madeira,40.91,23.66,36.47,4.83,0
Madeira,33.10,27.62,41.18,4.10,0
Madeira,31.76,32.08,41.57,3.65,0
Madeira,38.18,23.66,36.47,3.37,0
Madeira,32.00,28.30,41.57,3.41,0
Madeira,33.75,30.77,40.78,3.04,0
Madeira,38.18,23.66,36.47,3.07,0
Madeira,34.62,26.00,39.22,3.81,0
Madeira,30.86,32.11,42.75,3.40,0
Madeira,43.64,23.66,36.47,3.87,0
Madeira,39.00,21.51,36.47,3.81,0
Madeira,29.09,30.28,42.75,4.08,0
Madeira,36.00,26.04,37.65,5.03,0
Madeira,36.00,21.51,36.47,4.87,0
Madeira,30.91,30.56,42.35,6.56,0
Madeira,37.50,25.26,37.25,7.01,0
Madeira,37.89,20.43,36.47,8.63,0
Madeira,34.55,30.56,42.35,7.79,0
Madeira,36.52,24.47,36.86,7.18,0
Madeira,34.74,20.43,36.47,6.88,0
Madeira,30.00,31.19,42.75,7.74,0
Madeira,39.13,24.47,36.86,8.50,0
Madeira,38.18,23.66,36.47,7.16,0
Madeira,30.00,29.63,42.35,8.35,0
Madeira,38.00,29.70,39.61,8.96,0
Madeira,38.18,23.66,36.47,8.19,0
Madeira,32.31,25.74,39.61,6.82,0
Madeira,31.67,33.03,42.75,5.95,0
Madeira,38.18,23.66,36.47,5.20,0
Madeira,36.00,21.28,36.86,4.99,0
Madeira,34.29,32.11,42.75,4.99,0
Madeira,39.13,24.47,36.86,5.15,0
Madeira,36.00,21.28,36.86,4.62,0
Madeira,30.00,31.19,42.75,5.72,0
Madeira,36.52,24.47,36.86,5.49,0
Madeira,40.91,23.66,36.47,5.48,0
Madeira,30.91,30.56,42.35,4.62,0
Madeira,34.00,29.70,39.61,5.46,0
Madeira,38.18,23.66,36.47,5.14,0
Madeira,32.14,27.18,40.39,5.40,0
Madeira,31.67,33.33,42.35,4.86,0
Madeira,38.18,23.66,36.47,4.51,0
Madeira,33.33,26.47,40.00,4.20,0
Madeira,33.53,31.78,41.96,4.31,0
Madeira,38.18,23.66,36.47,4.60,0
Madeira,33.10,27.88,40.78,4.96,0
Madeira,32.73,31.13,41.57,6.64,0
Madeira,38.18,23.66,36.47,6.07,0
Madeira,33.91,23.71,38.04,5.79,0
Madeira,30.00,31.19,42.75,5.14,0
Madeira,40.91,23.66,36.47,5.47,0
Madeira,33.91,23.71,38.04,4.86,0
Madeira,30.86,32.11,42.75,7.91,0
Madeira,40.91,23.66,36.47,7.29,0
Madeira,35.00,24.49,38.43,6.25,0
Madeira,30.86,32.11,42.75,6.31,0
Madeira,40.91,23.66,36.47,6.21,0
Madeira,33.91,23.47,38.43,5.57,0
Madeira,31.76,31.48,42.35,5.50,0
Madeira,38.18,23.66,36.47,5.00,0
Madeira,35.00,24.49,38.43,4.44,0
Madeira,31.76,31.48,42.35,5.88,0
Madeira,35.45,23.66,36.47,5.12,0
Madeira,32.50,24.24,38.82,5.18,0
Madeira,30.00,31.19,42.75,4.62,0
Madeira,38.18,23.66,36.47,3.95,0
Madeira,32.50,24.24,38.82,4.66,0
Madeira,30.86,32.11,42.75,4.68,0
Madeira,38.18,23.66,36.47,4.60,0
Madeira,39.00,21.51,36.47,7.00,0
Madeira,30.00,31.19,42.75,7.73,0
Madeira,36.00,26.04,37.65,7.81,0
Madeira,38.18,23.66,36.47,10.71,0
Madeira,32.00,28.30,41.57,12.95,0
Madeira,33.75,31.07,40.39,11.87,0
Madeira,38.18,23.66,36.47,12.10,0
Madeira,32.31,25.74,39.61,12.35,0
Madeira,30.86,32.11,42.75,10.01,0
Madeira,38.18,23.66,36.47,10.43,0
Madeira,31.11,26.47,40.00,9.78,0
Madeira,31.67,33.03,42.75,9.34,0
Madeira,40.91,23.66,36.47,8.08,0
Madeira,36.00,21.28,36.86,7.68,0
Madeira,30.00,31.19,42.75,7.77,0
Madeira,40.00,25.53,36.86,7.87,0
Madeira,35.45,23.66,36.47,7.17,0
Madeira,30.00,29.63,42.35,7.04,0
Madeira,32.90,30.39,40.00,6.66,0
Madeira,40.91,23.66,36.47,7.26,0
Madeira,33.33,26.47,40.00,8.10,0
Madeira,30.86,32.11,42.75,7.00,0
Madeira,35.45,23.66,36.47,6.13,0
Madeira,47.37,20.21,36.86,5.27,0
Madeira,32.57,32.41,42.35,4.36,0
Madeira,38.18,23.66,36.47,4.06,0
Madeira,32.31,25.49,40.00,4.16,0
Madeira,30.86,32.11,42.75,3.88,0
Madeira,40.91,23.66,36.47,3.57,0
Madeira,33.33,26.47,40.00,3.85,0
Madeira,32.57,32.41,42.35,4.57,0
Madeira,38.18,23.66,36.47,6.90,0
Madeira,32.14,27.18,40.39,9.41,0
Madeira,30.00,33.03,42.75,8.15,0
Madeira,38.18,23.66,36.47,7.14,0
Madeira,31.03,27.88,40.78,6.52,0
Madeira,30.86,32.41,42.35,5.95,0
Madeira,38.18,23.66,36.47,5.85,0
Madeira,32.14,27.18,40.39,5.08,0
Madeira,34.29,32.71,41.96,5.28,0
Madeira,38.18,23.66,36.47,5.24,0
Madeira,34.00,28.85,40.78,4.56,0
Madeira,31.76,31.78,41.96,5.30,0
Madeira,38.18,23.66,36.47,5.71,0
Madeira,35.45,22.92,37.65,5.82,0
Madeira,30.91,30.56,42.35,5.42,0
Madeira,40.91,23.66,36.47,6.10,0
Madeira,33.91,23.71,38.04,5.05,0
Madeira,30.00,31.19,42.75,4.54,0
Madeira,40.91,23.66,36.47,4.46,0
Madeira,34.29,21.87,37.65,4.30,0
Madeira,31.76,31.48,42.35,4.57,0
Madeira,39.13,24.47,36.86,4.31,0
Madeira,35.45,22.92,37.65,5.01,0
Madeira,30.00,31.19,42.75,4.76,0
Madeira,38.18,23.66,36.47,5.13,0
Madeira,41.05,20.43,36.47,4.81,0
Madeira,30.00,31.19,42.75,4.34,0
Madeira,38.18,23.66,36.47,4.19,0
Madeira,45.00,21.05,37.25,3.56,0
Madeira,31.67,33.03,42.75,3.60,0
Madeira,40.91,23.66,36.47,4.14,0
Madeira,36.00,21.05,37.25,4.68,0
Madeira,30.91,30.56,42.35,5.46,0
Madeira,39.13,24.47,36.86,5.55,0
Madeira,41.05,20.43,36.47,4.72,0
Madeira,30.00,31.19,42.75,4.09,0
Madeira,39.13,24.47,36.86,4.16,0
Madeira,37.14,22.11,37.25,3.99,0
Madeira,30.00,31.19,42.75,5.68,0
Madeira,39.13,24.47,36.86,6.65,0
Madeira,39.00,21.28,36.86,6.85,0
Madeira,30.00,31.19,42.75,7.18,0
Madeira,39.13,24.47,36.86,6.21,0
Madeira,36.00,21.28,36.86,6.73,0
Madeira,30.91,30.56,42.35,6.04,0
Madeira,37.50,25.26,37.25,5.44,0
Madeira,37.89,20.43,36.47,4.65,0
Madeira,28.24,30.91,43.14,4.36,0
Madeira,37.50,25.26,37.25,5.65,0
Madeira,37.89,20.43,36.47,8.35,0
Madeira,30.00,31.19,42.75,8.40,0
Madeira,40.00,25.26,37.25,7.36,0
Madeira,38.18,23.66,36.47,7.39,0
Madeira,30.91,30.56,42.35,6.75,0
Madeira,35.63,31.07,40.39,7.52,0
Madeira,38.18,23.66,36.47,7.54,0
Madeira,36.00,25.00,39.22,6.58,0
Madeira,30.00,32.73,43.14,7.98,0
Madeira,38.18,23.66,36.47,10.00,0
Madeira,32.50,24.24,38.82,11.09,0
Madeira,30.86,32.11,42.75,12.42,0
Madeira,40.91,23.66,36.47,10.40,0
Madeira,33.60,25.25,38.82,9.66,0
Madeira,30.00,32.73,43.14,8.81,0
Madeira,38.18,23.66,36.47,7.92,0
Madeira,35.00,24.24,38.82,7.27,0
Madeira,30.00,32.73,43.14,6.18,0
Madeira,40.91,23.66,36.47,5.76,0
Madeira,35.45,22.68,38.04,5.53,0
Madeira,29.14,31.82,43.14,5.59,0
Madeira,40.91,23.66,36.47,5.80,0
Madeira,37.14,22.11,37.25,9.99,0
Madeira,31.76,31.19,42.75,9.53,0
Madeira,38.18,23.66,36.47,8.99,0
Madeira,37.14,22.11,37.25,8.55,0
Madeira,30.00,31.19,42.75,7.26,0
Madeira,36.52,24.47,36.86,6.40,0
Madeira,39.00,21.28,36.86,5.87,0
Madeira,30.86,32.11,42.75,5.51,0
Madeira,36.52,24.47,36.86,5.64,0
Madeira,39.00,21.28,36.86,5.40,0
Madeira,30.86,32.11,42.75,5.40,0
Madeira,36.52,24.47,36.86,5.36,0
Madeira,47.37,20.43,36.47,5.12,0
Madeira,32.57,32.41,42.35,4.97,0
Madeira,38.18,23.66,36.47,4.63,0
Madeira,31.20,25.00,39.22,4.87,0
Madeira,30.86,32.11,42.75,5.35,0
Madeira,0.00,39.13,18.04,1.14,0
Madeira,5.71,42.86,19.22,1.26,0
Madeira,4.29,33.33,16.47,3.80,0
Madeira,9.47,38.78,19.22,4.44,0
Madeira,7.06,37.78,17.65,4.40,0
Madeira,5.00,28.57,16.47,5.15,0
Madeira,6.00,40.82,19.22,7.14,0
Madeira,4.29,33.33,16.47,8.41,0
Madeira,3.53,35.42,18.82,7.54,0
Madeira,3.75,36.36,17.25,6.76,0
Madeira,0.00,28.57,16.47,8.26,0
Madeira,8.18,43.14,20.00,9.69,0
Madeira,4.29,33.33,16.47,12.74,0
Madeira,3.33,39.13,18.04,11.99,0
Madeira,0.00,28.57,16.47,11.77,0
Madeira,5.71,41.18,20.00,13.67,0
Madeira,0.00,30.95,16.47,15.59,0
Madeira,7.06,36.17,18.43,16.51,0
Madeira,3.00,41.67,18.82,14.36,0
Madeira,0.00,32.56,16.86,12.67,0
Madeira,5.71,41.18,20.00,11.82,0
Madeira,4.00,34.88,16.86,10.80,0
Madeira,4.29,31.11,17.65,11.93,0
Madeira,5.71,42.86,19.22,11.11,0
Madeira,0.00,32.56,16.86,10.71,0
Madeira,5.71,41.18,20.00,12.09,0
Madeira,4.00,34.88,16.86,12.93,0
Madeira,9.23,30.23,16.86,17.66,0
Madeira,5.45,43.14,20.00,18.70,0
Madeira,4.00,34.88,16.86,24.27,0
Madeira,9.00,40.00,19.61,23.50,0
Madeira,4.00,34.88,16.86,22.15,0
Madeira,4.62,30.23,16.86,18.03,0
Madeira,7.83,45.10,20.00,17.63,0
Madeira,4.29,33.33,16.47,22.09,0
Madeira,6.67,36.73,19.22,11.46,0
Madeira,3.53,37.78,17.65,10.19,0
Madeira,0.00,28.57,16.47,8.97,0
Madeira,8.18,43.14,20.00,7.23,0
Madeira,4.29,33.33,16.47,8.65,0
Madeira,7.06,36.17,18.43,8.16,0
Madeira,3.16,40.43,18.43,9.77,0
Madeira,0.00,28.57,16.47,7.38,0
Madeira,8.18,43.14,20.00,6.10,0
Madeira,4.29,33.33,16.47,5.29,0
Madeira,7.50,34.78,18.04,4.58,0
Madeira,6.00,41.67,18.82,7.51,0
Madeira,0.00,32.56,16.86,7.47,0
Madeira,8.57,41.18,20.00,6.06,0
Madeira,4.00,34.88,16.86,5.41,0
Madeira,8.57,31.82,17.25,5.86,0
Madeira,5.22,46.00,19.61,5.67,0
Madeira,0.00,32.56,16.86,7.76,0
Madeira,9.00,40.00,19.61,8.33,0
Madeira,4.00,34.88,16.86,9.55,0
Madeira,4.62,30.23,16.86,10.41,0
Madeira,5.22,45.10,20.00,11.45,0
Madeira,4.29,33.33,16.47,13.22,0
Madeira,6.32,38.00,19.61,13.62,0
Madeira,3.75,36.36,17.25,13.71,0
Madeira,0.00,30.23,16.86,14.31,0
Madeira,5.45,43.14,20.00,14.26,0
Madeira,4.29,33.33,16.47,14.13,0
Madeira,10.00,37.50,18.82,15.70,0
Madeira,3.33,39.13,18.04,15.87,0
Madeira,0.00,30.23,16.86,15.43,0
Madeira,8.18,43.14,20.00,15.70,0
Madeira,0.00,34.88,16.86,15.77,0
Madeira,7.06,36.17,18.43,15.75,0
Madeira,3.16,40.43,18.43,16.98,0
Madeira,0.00,30.95,16.47,16.44,0
Madeira,5.71,41.18,20.00,17.09,0
Madeira,4.29,33.33,16.47,17.02,0
Madeira,4.29,31.11,17.65,17.71,0
Madeira,2.86,42.86,19.22,18.74,0
Madeira,0.00,30.95,16.47,19.08,0
Madeira,8.57,41.18,20.00,19.06,0
Madeira,4.29,33.33,16.47,18.45,0
Madeira,8.57,31.82,17.25,17.81,0
Madeira,5.45,44.00,19.61,17.94,0
Madeira,3.75,36.36,17.25,11.09,0
Madeira,9.00,40.00,19.61,14.31,0
Madeira,3.75,36.36,17.25,11.76,0
Madeira,4.29,31.82,17.25,12.21,0
Madeira,5.45,43.14,20.00,12.02,0
Madeira,4.00,34.88,16.86,11.90,0
Madeira,6.32,38.78,19.22,12.48,0
Madeira,3.53,37.78,17.65,12.25,0
Madeira,0.00,30.23,16.86,12.66,0
Madeira,8.18,43.14,20.00,11.29,0
Madeira,3.75,36.36,17.25,10.50,0
Madeira,10.00,37.50,18.82,19.33,0
Madeira,3.16,40.43,18.43,18.38,0
Madeira,0.00,30.23,16.86,18.38,0
Madeira,11.43,42.00,19.61,18.59,0
Madeira,7.50,36.36,17.25,17.48,0
Madeira,7.50,34.78,18.04,14.94,0
Madeira,6.00,41.67,18.82,12.55,0
Madeira,4.29,32.56,16.86,13.15,0
Madeira,5.71,41.18,20.00,15.64,0
Madeira,4.00,34.88,16.86,14.26,0
Madeira,8.57,31.82,17.25,17.28,0
Madeira,5.45,44.00,19.61,20.23,0
Madeira,0.00,32.56,16.86,20.72,0
Madeira,8.57,41.18,20.00,19.37,0
Madeira,4.00,34.88,16.86,19.00,0
Madeira,4.29,31.82,17.25,16.74,0
Madeira,8.18,44.00,19.61,14.79,0
Madeira,8.00,34.88,16.86,14.19,0
Madeira,9.47,38.78,19.22,17.11,0
Madeira,7.50,36.36,17.25,16.06,0
Madeira,0.00,31.82,17.25,20.42,0
Madeira,8.18,43.14,20.00,17.90,0
Madeira,7.50,36.36,17.25,16.10,0
Madeira,3.33,36.73,19.22,14.35,0
Madeira,3.16,40.43,18.43,13.63,0
Madeira,4.00,34.09,17.25,11.68,0
Madeira,10.91,43.14,20.00,10.99,0
Madeira,8.00,34.88,16.86,11.15,0
Madeira,7.50,34.78,18.04,10.58,0
Madeira,6.00,41.67,18.82,9.83,0
Madeira,4.00,34.09,17.25,8.84,0
Madeira,10.91,43.14,20.00,8.95,0
Madeira,8.00,34.88,16.86,8.64,0
Madeira,8.00,33.33,17.65,11.40,0
Madeira,5.45,44.00,19.61,17.86,0
Madeira,0.00,32.56,16.86,16.63,0
Madeira,8.57,41.18,20.00,15.85,0
Madeira,7.50,36.36,17.25,14.49,0
Madeira,8.57,31.82,17.25,13.26,0
Madeira,7.83,45.10,20.00,12.68,0
Madeira,0.00,36.36,17.25,11.96,0
Madeira,6.00,40.00,19.61,12.58,0
Madeira,3.53,37.78,17.65,11.32,0
Madeira,0.00,30.23,16.86,10.64,0
Madeira,10.43,45.10,20.00,9.57,0
Madeira,4.00,34.88,16.86,8.14,0
Madeira,6.67,37.50,18.82,7.37,0
Madeira,3.16,40.43,18.43,6.83,0
Madeira,0.00,30.23,16.86,7.53,0
Madeira,8.18,43.14,20.00,7.75,0
Madeira,0.00,34.88,16.86,6.96,0
Madeira,7.50,34.78,18.04,6.12,0
Madeira,3.00,41.67,18.82,9.46,0
Madeira,0.00,32.56,16.86,8.42,0
Madeira,10.91,43.14,20.00,8.24,0
Madeira,4.00,34.88,16.86,8.44,0
Madeira,8.57,31.82,17.25,8.02,0
Madeira,5.45,44.00,19.61,7.23,0
Madeira,0.00,32.56,16.86,6.82,0
Madeira,6.00,40.00,19.61,5.65,0
Madeira,4.00,34.88,16.86,4.88,0
Madeira,4.29,31.82,17.25,5.79,0
Madeira,5.22,45.10,20.00,5.33,0
Madeira,8.00,34.88,16.86,4.57,0
Madeira,6.32,38.78,19.22,4.31,0
Madeira,3.75,36.36,17.25,3.63,0
Madeira,0.00,30.23,16.86,3.23,0
Madeira,7.83,45.10,20.00,3.37,0
Madeira,4.00,34.88,16.86,3.62,0
Madeira,9.47,38.78,19.22,3.48,0
Madeira,3.53,37.78,17.65,3.12,0
Madeira,4.29,32.56,16.86,3.15,0
Madeira,7.83,45.10,20.00,3.10,0
Madeira,4.00,34.88,16.86,2.87,0
Madeira,6.67,37.50,18.82,2.53,0
Madeira,3.33,39.13,18.04,3.73,0
Madeira,0.00,32.56,16.86,3.24,0
Madeira,5.45,43.14,20.00,5.58,0
Madeira,4.00,34.88,16.86,5.39,0
Madeira,7.50,34.78,18.04,5.19,0
Madeira,3.00,41.67,18.82,4.99,0
Madeira,0.00,32.56,16.86,5.04,0
Madeira,5.71,41.18,20.00,7.58,0
Madeira,0.00,34.88,16.86,6.84,0
Madeira,4.00,33.33,17.65,6.18,0
Madeira,5.71,42.86,19.22,5.36,0
Madeira,0.00,32.56,16.86,6.37,0
Madeira,6.00,40.00,19.61,5.62,0
Madeira,3.75,36.36,17.25,7.00,0
Madeira,8.00,34.09,17.25,6.38,0
Madeira,5.22,45.10,20.00,7.63,0
Madeira,0.00,33.33,16.47,10.86,0
Madeira,11.43,42.00,19.61,9.13,0
Madeira,3.75,36.36,17.25,7.78,0
Madeira,4.62,30.23,16.86,6.74,0
Madeira,7.83,45.10,20.00,6.45,0
Madeira,3.75,36.36,17.25,7.17,0
Madeira,6.32,38.78,19.22,6.06,0
Madeira,3.53,37.78,17.65,5.47,0
Madeira,0.00,30.23,16.86,4.85,0
Madeira,10.43,45.10,20.00,5.85,0
Madeira,3.75,36.36,17.25,7.02,0
Madeira,7.06,36.17,18.43,6.35,0
Madeira,3.33,39.13,18.04,5.84,0
Madeira,4.29,32.56,16.86,5.61,0
Madeira,8.18,43.14,20.00,6.47,0
Madeira,0.00,33.33,16.47,6.60,0
Madeira,7.50,34.78,18.04,6.81,0
Madeira,3.00,41.67,18.82,8.44,0
Madeira,4.00,34.88,16.86,7.92,0
Madeira,8.18,43.14,20.00,8.64,0
Madeira,4.29,33.33,16.47,7.64,0
Madeira,4.29,31.82,17.25,7.30,0
Madeira,5.71,42.86,19.22,6.29,0
Madeira,0.00,33.33,16.47,7.08,0
Madeira,6.32,38.78,19.22,7.09,0
Madeira,4.00,34.88,16.86,8.87,0
Madeira,5.00,28.57,16.47,8.93,0
Madeira,5.45,44.00,19.61,9.93,0
Madeira,4.00,34.88,16.86,8.55,0
Madeira,6.00,40.00,19.61,8.46,0
Madeira,3.75,36.36,17.25,9.01,0
Madeira,0.00,28.57,16.47,9.80,0
Madeira,8.18,44.00,19.61,9.13,0
Madeira,0.00,33.33,16.47,8.23,0
Madeira,6.32,38.78,19.22,8.27,0
Madeira,0.00,37.78,17.65,7.85,0
Madeira,4.62,30.95,16.47,7.89,0
Madeira,5.45,43.14,20.00,8.92,0
Madeira,0.00,33.33,16.47,11.69,0
Madeira,7.06,36.17,18.43,10.29,0
Madeira,3.33,39.13,18.04,9.16,0
Madeira,0.00,30.95,16.47,9.53,0
Madeira,8.57,42.00,19.61,8.14,0
Madeira,4.29,33.33,16.47,6.75,0
Madeira,7.06,36.96,18.04,6.00,0
Madeira,3.00,41.67,18.82,5.17,0
Madeira,0.00,30.95,16.47,4.83,0
Madeira,8.18,43.14,20.00,4.36,0
Madeira,0.00,34.88,16.86,3.82,0
Madeira,4.29,31.82,17.25,4.43,0
Madeira,5.71,42.86,19.22,4.28,0
Madeira,4.29,33.33,16.47,3.93,0
Madeira,8.57,42.00,19.61,4.26,0
Madeira,0.00,34.88,16.86,3.80,0
Madeira,4.62,30.23,16.86,4.17,0
Madeira,5.45,44.00,19.61,4.80,0
Madeira,0.00,33.33,16.47,4.98,0
Madeira,8.57,42.00,19.61,4.84,0
Madeira,3.75,36.36,17.25,4.72,0
Madeira,0.00,28.57,16.47,4.05,0
Madeira,7.83,45.10,20.00,4.01,0
Madeira,0.00,33.33,16.47,6.94,0
Madeira,6.32,38.78,19.22,7.95,0
Madeira,3.53,37.78,17.65,7.49,0
Madeira,0.00,30.95,16.47,10.16,0
Madeira,8.18,44.00,19.61,8.98,0
Madeira,0.00,33.33,16.47,9.11,0
Madeira,7.06,36.17,18.43,11.03,0
Madeira,3.16,40.43,18.43,15.90,0
Madeira,0.00,30.95,16.47,14.43,0
Madeira,5.45,43.14,20.00,13.44,0
Madeira,4.29,33.33,16.47,13.46,0
Madeira,8.00,33.33,17.65,13.29,0
Madeira,2.86,42.86,19.22,13.93,0
Madeira,4.29,33.33,16.47,15.94,0
Madeira,8.18,43.14,20.00,17.61,0
Madeira,0.00,33.33,16.47,18.78,0
Madeira,4.29,31.82,17.25,17.77,0
Madeira,5.45,44.00,19.61,15.00,0
Madeira,0.00,33.33,16.47,13.20,0
Madeira,6.32,38.78,19.22,12.19,0
Madeira,4.00,34.88,16.86,12.01,0
Madeira,4.62,30.95,16.47,11.12,0
Madeira,5.22,45.10,20.00,12.49,0
Madeira,0.00,33.33,16.47,12.55,0
Madeira,6.67,37.50,18.82,16.22,0
Madeira,0.00,36.36,17.25,15.49,0
Madeira,0.00,28.57,16.47,12.85,0
Madeira,8.18,44.00,19.61,11.16,0
Madeira,0.00,33.33,16.47,9.54,0
Madeira,7.06,36.17,18.43,8.44,0
Madeira,3.33,39.13,18.04,8.56,0
Madeira,0.00,30.95,16.47,7.69,0
Madeira,8.57,42.00,19.61,9.76,0
Madeira,0.00,33.33,16.47,11.23,0
Madeira,3.75,34.78,18.04,9.92,0
Madeira,3.00,41.67,18.82,9.83,0
Madeira,4.29,33.33,16.47,9.65,0
Madeira,6.32,38.78,19.22,8.65,0
Madeira,4.29,33.33,16.47,8.08,0
Madeira,4.29,31.82,17.25,7.95,0
Madeira,5.45,44.00,19.61,7.21,0
Madeira,0.00,33.33,16.47,8.14,0
Madeira,6.00,40.00,19.61,8.55,0
Madeira,3.75,36.36,17.25,8.22,0
Madeira,5.00,28.57,16.47,8.68,0
Madeira,7.83,45.10,20.00,8.05,0
Madeira,355.71,33.33,16.47,7.84,0
Madeira,3.16,38.78,19.22,6.72,0
Madeira,0.00,37.78,17.65,7.01,0
Madeira,4.62,30.95,16.47,8.21,0
Madeira,7.83,45.10,20.00,11.41,0
Madeira,4.29,33.33,16.47,11.68,0
Madeira,7.50,34.78,18.04,9.97,0
Madeira,3.16,40.43,18.43,8.46,0
Madeira,4.29,33.33,16.47,7.94,0
Madeira,8.18,43.14,20.00,6.97,0
Madeira,0.00,33.33,16.47,7.18,0
Madeira,4.00,33.33,17.65,7.57,0
Madeira,2.86,42.86,19.22,6.87,0
Madeira,4.00,34.88,16.86,7.30,0
Madeira,6.00,40.00,19.61,8.16,0
Madeira,4.00,34.88,16.86,8.11,0
Madeira,4.62,30.23,16.86,7.18,0
Madeira,7.83,45.10,20.00,6.86,0
Madeira,4.00,34.88,16.86,7.42,0
Madeira,6.32,38.78,19.22,6.66,0
Madeira,3.75,36.36,17.25,7.92,0
Madeira,355.38,30.95,16.47,9.71,0
Madeira,10.91,44.00,19.61,10.88,0
Madeira,0.00,33.33,16.47,10.73,0
Madeira,7.06,36.17,18.43,9.99,0
Madeira,3.16,40.43,18.43,9.44,0
Madeira,0.00,30.95,16.47,9.23,0
Madeira,10.43,45.10,20.00,9.40,0
Madeira,0.00,34.88,16.86,8.12,0
Madeira,8.00,33.33,17.65,7.76,0
Madeira,0.00,40.82,19.22,6.99,0
Madeira,0.00,30.95,16.47,5.97,0
Madeira,6.00,40.00,19.61,5.20,0
Madeira,4.00,34.88,16.86,5.14,0
Madeira,4.62,30.23,16.86,5.31,0
Madeira,5.45,44.00,19.61,5.46,0
Madeira,4.00,34.88,16.86,6.87,0
Madeira,6.00,40.00,19.61,6.36,0
Madeira,3.75,36.36,17.25,5.85,0
Madeira,0.00,30.23,16.86,5.34,0
Madeira,5.22,45.10,20.00,4.89,0
Madeira,4.00,34.88,16.86,4.35,0
Madeira,6.67,37.50,18.82,4.43,0
Madeira,3.53,37.78,17.65,4.72,0
Madeira,4.29,32.56,16.86,4.78,0
Madeira,10.43,45.10,20.00,4.94,0
Madeira,4.00,34.88,16.86,4.95,0
Madeira,7.50,34.78,18.04,4.35,0
Madeira,3.16,40.43,18.43,4.00,0
Madeira,0.00,30.95,16.47,3.90,0
Madeira,8.18,43.14,20.00,5.00,0
Madeira,4.00,34.88,16.86,4.98,0
Madeira,4.00,33.33,17.65,5.60,0
Madeira,5.71,42.86,19.22,6.70,0
Madeira,0.00,34.88,16.86,6.72,0
Madeira,8.57,42.00,19.61,6.92,0
Madeira,0.00,34.88,16.86,7.56,0
Madeira,4.62,30.23,16.86,8.64,0
Madeira,5.22,45.10,20.00,8.96,0
Madeira,4.00,35.71,16.47,7.64,0
Madeira,6.32,38.78,19.22,6.89,0
Madeira,0.00,36.36,17.25,6.56,0
Madeira,4.62,30.95,16.47,7.10,0
Madeira,5.45,43.14,20.00,11.25,0
Madeira,0.00,33.33,16.47,10.91,0
Madeira,10.00,38.30,18.43,9.80,0
Madeira,0.00,39.13,18.04,9.45,0
Madeira,0.00,32.56,16.86,8.63,0
Madeira,8.18,43.14,20.00,8.18,0
Madeira,0.00,36.36,17.25,7.39,0
Madeira,4.00,32.61,18.04,8.63,0
Madeira,2.86,42.86,19.22,8.67,0
Madeira,0.00,32.56,16.86,8.44,0
Madeira,8.57,41.18,20.00,8.66,0
Madeira,0.00,36.36,17.25,9.24,0
Madeira,8.57,31.82,17.25,8.81,0
Madeira,5.45,44.00,19.61,10.07,0
Madeira,3.75,36.36,17.25,10.49,0
Madeira,5.71,41.18,20.00,9.58,0
Madeira,3.75,36.36,17.25,8.81,0
Madeira,4.29,31.82,17.25,9.15,0
Madeira,7.83,45.10,20.00,12.16,0
Madeira,4.00,34.88,16.86,12.34,0
Madeira,9.00,40.00,19.61,12.06,0
Madeira,3.53,37.78,17.65,10.05,0
Madeira,0.00,30.23,16.86,9.08,0
Madeira,10.43,45.10,20.00,8.71,0
Madeira,3.75,36.36,17.25,8.62,0
Madeira,6.67,37.50,18.82,8.01,0
Madeira,3.16,40.43,18.43,9.46,0
Madeira,4.29,32.56,16.86,8.99,0
Madeira,8.18,43.14,20.00,7.60,0
Madeira,3.75,36.36,17.25,7.17,0
Madeira,7.06,36.17,18.43,6.19,0
Madeira,3.00,41.67,18.82,5.80,0
Madeira,0.00,32.56,16.86,7.75,0
Madeira,8.18,43.14,20.00,9.71,0
Madeira,4.00,34.88,16.86,9.48,0
Madeira,8.57,31.82,17.25,9.66,0
Madeira,5.71,42.86,19.22,8.82,0
Madeira,0.00,34.88,16.86,7.92,0
Madeira,6.00,40.00,19.61,7.23,0
Madeira,4.00,34.88,16.86,6.29,0
Madeira,4.62,30.23,16.86,7.18,0
Madeira,5.22,45.10,20.00,6.20,0
Madeira,0.00,34.88,16.86,6.46,0
Madeira,8.57,42.00,19.61,7.09,0
Madeira,3.75,36.36,17.25,6.91,0
Madeira,0.00,30.23,16.86,9.74,0
Madeira,7.83,45.10,20.00,11.69,0
Madeira,4.00,34.88,16.86,10.66,0
Madeira,6.32,38.78,19.22,13.47,0
Madeira,0.00,39.13,18.04,13.71,0
Madeira,0.00,32.56,16.86,13.17,0
Madeira,5.45,43.14,20.00,16.92,0
Madeira,0.00,34.88,16.86,16.57,0
Madeira,7.06,36.17,18.43,14.41,0
Madeira,3.16,40.43,18.43,11.94,0
Madeira,0.00,30.95,16.47,11.42,0
Madeira,8.18,43.14,20.00,10.55,0
Madeira,4.00,34.88,16.86,10.14,0
Madeira,8.00,33.33,17.65,9.46,0
Madeira,3.00,41.67,18.82,8.07,0
Madeira,4.29,33.33,16.47,7.28,0
Madeira,8.57,42.00,19.61,7.50,0
Madeira,0.00,34.88,16.86,8.16,0
Madeira,4.29,31.82,17.25,11.55,0
Madeira,5.45,44.00,19.61,10.56,0
Madeira,0.00,34.88,16.86,10.69,0
Madeira,8.57,42.00,19.61,9.82,0
Madeira,0.00,36.36,17.25,9.19,0
Madeira,4.62,30.23,16.86,8.00,0
Madeira,7.83,45.10,20.00,9.74,0
Madeira,0.00,34.88,16.86,9.13,0
Madeira,6.67,37.50,18.82,10.66,0
Madeira,0.00,37.78,17.65,10.37,0
Madeira,4.29,32.56,16.86,8.94,0
Madeira,7.83,45.10,20.00,7.81,0
Madeira,4.00,34.88,16.86,7.11,0
Madeira,7.06,36.17,18.43,6.02,0
Madeira,0.00,39.13,18.04,6.16,0
Madeira,0.00,30.95,16.47,5.25,0
Madeira,8.18,43.14,20.00,5.07,0
Madeira,4.00,34.88,16.86,5.42,0
Madeira,8.00,33.33,17.65,4.90,0
Madeira,3.16,40.43,18.43,4.77,0
Madeira,0.00,32.56,16.86,6.98,0
Madeira,8.18,43.14,20.00,8.42,0
Madeira,4.00,34.88,16.86,7.31,0
Madeira,4.00,33.33,17.65,6.51,0
Madeira,5.71,42.86,19.22,5.81,0
Madeira,4.00,34.88,16.86,6.41,0
Madeira,5.71,41.18,20.00,5.98,0
Madeira,0.00,34.88,16.86,5.35,0
Madeira,4.29,31.82,17.25,4.97,0
Madeira,5.45,44.00,19.61,4.79,0
Madeira,4.00,34.88,16.86,4.27,0
Madeira,6.00,40.00,19.61,4.07,0
Madeira,3.75,36.36,17.25,5.08,0
Madeira,0.00,28.57,16.47,4.43,0
Madeira,7.83,45.10,20.00,3.91,0
Madeira,4.29,33.33,16.47,3.38,0
Madeira,6.32,38.78,19.22,3.51,0
Madeira,3.53,37.78,17.65,3.20,0
Madeira,4.29,32.56,16.86,3.04,0
Madeira,5.45,43.14,20.00,2.76,0
Madeira,0.00,34.88,16.86,2.95,0
Madeira,7.06,36.17,18.43,3.01,0
Madeira,3.16,40.43,18.43,6.00,0
Madeira,0.00,32.56,16.86,5.76,0
Madeira,8.18,43.14,20.00,9.01,0
Madeira,0.00,34.88,16.86,10.40,0
Madeira,7.50,34.78,18.04,10.34,0
Madeira,6.00,41.67,18.82,10.16,0
Madeira,0.00,30.95,16.47,13.80,0
Madeira,8.18,43.14,20.00,12.12,0
Madeira,4.00,34.88,16.86,10.55,0
Madeira,4.00,33.33,17.65,9.12,0
Madeira,5.45,44.00,19.61,9.36,0
Madeira,4.00,34.88,16.86,9.03,0
Madeira,8.57,42.00,19.61,9.06,0
Madeira,4.00,34.88,16.86,9.37,0
Madeira,4.29,31.82,17.25,10.24,0
Madeira,5.22,45.10,20.00,11.13,0
Madeira,0.00,34.88,16.86,9.80,0
Madeira,6.32,38.78,19.22,9.24,0
Madeira,0.00,36.36,17.25,9.59,0
Madeira,4.29,32.56,16.86,8.23,0
Madeira,7.83,45.10,20.00,7.70,0
Madeira,4.00,34.88,16.86,6.86,0
Madeira,6.67,37.50,18.82,6.35,0
Madeira,3.33,39.13,18.04,6.55,0
Madeira,4.29,32.56,16.86,7.80,0
Madeira,5.45,43.14,20.00,7.33,0
Madeira,4.00,34.88,16.86,6.37,0
Madeira,3.75,34.78,18.04,6.47,0
Madeira,3.16,40.43,18.43,6.82,0
Madeira,0.00,32.56,16.86,9.04,0
Madeira,10.43,45.10,20.00,9.67,0
Madeira,0.00,34.88,16.86,8.97,0
Madeira,4.00,33.33,17.65,7.50,0
Madeira,5.45,44.90,19.22,6.56,0
Madeira,4.00,34.88,16.86,5.57,0
Madeira,6.00,40.00,19.61,5.02,0
Madeira,0.00,34.88,16.86,4.49,0
Madeira,4.29,31.82,17.25,4.46,0
Madeira,5.71,42.86,19.22,4.70,0
Madeira,4.00,34.88,16.86,5.19,0
Madeira,6.00,40.00,19.61,6.04,0
Madeira,4.00,34.88,16.86,8.01,0
Madeira,4.62,30.23,16.86,7.25,0
Madeira,20.93,56.58,29.80,1.40,0
Madeira,19.62,61.18,33.33,1.89,0
Madeira,21.54,54.17,28.24,4.26,0
Madeira,22.04,58.33,32.94,8.83,0
Madeira,21.00,54.79,28.63,14.58,0
Madeira,24.32,51.39,28.24,12.36,0
Madeira,20.38,61.63,33.73,12.41,0
Madeira,23.68,53.52,27.84,13.27,0
Madeira,22.17,56.10,32.16,16.17,0
Madeira,20.93,57.33,29.41,17.57,0
Madeira,23.68,52.78,28.24,18.48,0
Madeira,21.51,61.63,33.73,16.14,0
Madeira,23.08,54.93,27.84,16.33,0
Madeira,23.72,55.13,30.59,19.29,0
Madeira,20.43,59.49,30.98,20.97,0
Madeira,24.32,52.86,27.45,18.64,0
Madeira,22.35,60.00,33.33,15.58,0
Madeira,22.70,52.86,27.45,16.34,0
Madeira,26.15,52.70,29.02,16.10,0
Madeira,19.20,60.24,32.55,15.59,0
Madeira,21.54,54.17,28.24,16.50,0
Madeira,22.80,59.52,32.94,14.42,0
Madeira,22.11,53.52,27.84,12.83,0
Madeira,25.95,51.39,28.24,12.51,0
Madeira,18.89,62.79,33.73,12.08,0
Madeira,23.68,53.52,27.84,13.00,0
Madeira,21.25,57.83,32.55,13.51,0
Madeira,22.11,53.52,27.84,12.92,0
Madeira,20.77,60.47,33.73,12.23,0
Madeira,21.54,54.17,28.24,13.55,0
Madeira,25.26,52.05,28.63,13.12,0
Madeira,18.82,60.71,32.94,12.06,0
Madeira,24.00,55.56,28.24,13.78,0
Madeira,20.40,58.82,33.33,13.07,0
Madeira,24.62,54.93,27.84,11.59,0
Madeira,24.32,51.39,28.24,11.11,0
Madeira,19.25,61.63,33.73,10.21,0
Madeira,23.08,54.93,27.84,10.63,0
Madeira,22.50,57.83,32.55,10.49,0
Madeira,21.00,54.79,28.63,9.72,0
Madeira,23.68,52.78,28.24,9.00,0
Madeira,20.77,61.18,33.33,8.68,0
Madeira,23.08,54.93,27.84,7.36,0
Madeira,23.18,55.70,30.98,8.09,0
Madeira,20.00,57.69,30.59,8.59,0
Madeira,22.11,52.78,28.24,7.67,0
Madeira,21.92,60.47,33.73,6.77,0
Madeira,21.54,54.93,27.84,5.83,0
Madeira,24.00,53.33,29.41,4.90,0
Madeira,18.00,60.24,32.55,5.40,0
Madeira,22.11,53.52,27.84,6.01,0
Madeira,20.40,58.82,33.33,5.29,0
Madeira,23.08,54.93,27.84,5.79,0
Madeira,25.26,52.05,28.63,5.45,0
Madeira,20.77,61.18,33.33,4.86,0
Madeira,23.68,54.29,27.45,6.29,0
Madeira,24.29,54.55,30.20,7.11,0
Madeira,20.00,60.00,31.37,6.53,0
Madeira,22.70,52.11,27.84,5.50,0
Madeira,20.77,60.47,33.73,5.21,0
Madeira,23.08,54.93,27.84,5.31,0
Madeira,26.15,52.70,29.02,5.07,0
Madeira,19.62,61.90,32.94,5.41,0
Madeira,22.11,53.52,27.84,4.99,0
Madeira,20.82,58.33,32.94,4.60,0
Madeira,23.08,54.93,27.84,6.41,0
Madeira,25.95,51.39,28.24,5.56,0
Madeira,20.77,60.47,33.73,6.14,0
Madeira,23.08,54.93,27.84,5.79,0
Madeira,24.62,52.00,29.41,5.28,0
Madeira,18.37,59.76,32.16,5.63,0
Madeira,22.11,53.52,27.84,4.82,0
Madeira,20.40,58.82,33.33,5.11,0
Madeira,23.08,54.93,27.84,4.71,0
Madeira,25.95,51.39,28.24,4.53,0
Madeira,20.38,62.35,33.33,4.61,0
Madeira,21.54,54.17,28.24,5.31,0
Madeira,20.82,58.33,32.94,5.35,0
Madeira,22.50,55.56,28.24,5.13,0
Madeira,25.00,50.70,27.84,5.54,0
Madeira,19.25,61.63,33.73,5.56,0
Madeira,22.50,55.56,28.24,6.17,0
Madeira,22.17,56.79,31.76,7.88,0
Madeira,21.82,57.89,29.80,8.95,0
Madeira,22.70,52.11,27.84,8.49,0
Madeira,21.92,61.18,33.33,7.53,0
Madeira,22.50,55.56,28.24,8.31,0
Madeira,27.14,54.55,30.20,7.33,0
Madeira,19.15,58.75,31.37,6.85,0
Madeira,22.11,53.52,27.84,6.57,0
Madeira,21.92,60.47,33.73,8.26,0
Madeira,24.62,54.93,27.84,7.93,0
Madeira,25.26,52.05,28.63,8.05,0
Madeira,20.77,61.18,33.33,8.40,0
Madeira,22.11,53.52,27.84,8.42,0
Madeira,24.55,55.70,30.98,7.33,0
Madeira,18.75,60.00,31.37,8.30,0
Madeira,22.11,53.52,27.84,7.31,0
Madeira,22.35,60.00,33.33,7.57,0
Madeira,23.08,54.93,27.84,7.88,0
Madeira,24.62,52.70,29.02,9.90,0
Madeira,19.20,60.24,32.55,9.71,0
Madeira,22.11,53.52,27.84,9.55,0
Madeira,20.40,58.82,33.33,9.81,0
Madeira,21.54,54.17,28.24,12.47,0
Madeira,25.00,50.70,27.84,12.16,0
Madeira,19.62,61.18,33.33,10.15,0
Madeira,23.68,53.52,27.84,10.86,0
Madeira,21.70,57.32,32.16,9.77,0
Madeira,20.00,56.76,29.02,8.23,0
Madeira,24.32,52.11,27.84,8.15,0
Madeira,20.77,61.18,33.33,8.39,0
Madeira,23.08,54.93,27.84,7.32,0
Madeira,24.29,54.55,30.20,6.39,0
Madeira,20.43,59.49,30.98,5.64,0
Madeira,22.70,52.11,27.84,5.01,0
Madeira,20.00,59.30,33.73,4.83,0
Madeira,21.43,56.76,29.02,4.47,0
Madeira,24.32,52.11,27.84,5.26,0
Madeira,20.82,58.33,32.94,6.41,0
Madeira,22.11,54.29,27.45,6.67,0
Madeira,25.95,51.39,28.24,7.91,0
Madeira,21.92,61.18,33.33,8.65,0
Madeira,24.62,54.93,27.84,9.59,0
Madeira,24.29,54.55,30.20,9.66,0
Madeira,20.00,60.00,31.37,9.94,0
Madeira,22.11,53.52,27.84,9.73,0
Madeira,21.18,60.00,33.33,9.24,0
Madeira,23.08,54.93,27.84,10.97,0
Madeira,24.32,50.68,28.63,12.39,0
Madeira,21.92,61.18,33.33,13.15,0
Madeira,24.32,52.86,27.45,12.93,0
Madeira,23.18,55.70,30.98,11.39,0
Madeira,19.15,59.49,30.98,11.58,0
Madeira,22.11,53.52,27.84,11.54,0
Madeira,21.18,60.00,33.33,10.07,0
Madeira,22.11,53.52,27.84,10.07,0
Madeira,24.62,52.70,29.02,8.42,0
Madeira,21.18,60.71,32.94,8.47,0
Madeira,21.54,54.93,27.84,7.53,0
Madeira,23.18,55.70,30.98,7.54,0
Madeira,20.87,58.97,30.59,6.28,0
Madeira,21.08,52.11,27.84,6.89,0
Madeira,21.60,59.52,32.94,6.47,0
Madeira,21.54,54.93,27.84,5.94,0
Madeira,24.00,53.33,29.41,5.08,0
Madeira,20.40,60.98,32.16,4.98,0
Madeira,23.68,53.52,27.84,4.71,0
Madeira,20.82,58.33,32.94,5.99,0
Madeira,22.50,55.56,28.24,5.95,0
Madeira,25.00,50.70,27.84,5.64,0
Madeira,21.51,61.63,33.73,6.58,0
Madeira,23.08,54.93,27.84,6.06,0
Madeira,25.50,53.33,29.41,7.23,0
Madeira,20.82,60.49,31.76,6.63,0
Madeira,22.70,52.86,27.45,6.59,0
Madeira,21.60,58.82,33.33,5.36,0
Madeira,20.53,53.52,27.84,5.36,0
Madeira,25.95,51.39,28.24,6.46,0
Madeira,21.18,60.00,33.33,7.48,0
Madeira,23.68,54.29,27.45,8.21,0
Madeira,24.88,53.95,29.80,7.75,0
Madeira,21.25,59.26,31.76,7.75,0
Madeira,22.11,53.52,27.84,8.57,0
Madeira,22.17,56.79,31.76,7.76,0
Madeira,20.93,57.33,29.41,6.49,0
Madeira,24.32,52.11,27.84,5.97,0
Madeira,20.77,61.18,33.33,6.34,0
Madeira,22.11,53.52,27.84,5.51,0
Madeira,24.29,54.55,30.20,4.86,0
Madeira,20.43,59.49,30.98,4.92,0
Madeira,22.11,53.52,27.84,4.44,0
Madeira,21.60,59.52,32.94,4.73,0
Madeira,23.08,54.93,27.84,6.21,0
Madeira,26.15,53.42,28.63,7.97,0
Madeira,18.82,60.71,32.94,8.04,0
Madeira,23.68,53.52,27.84,7.55,0
Madeira,23.27,58.33,32.94,8.76,0
Madeira,22.50,55.56,28.24,10.37,0
Madeira,25.00,50.70,27.84,10.32,0
Madeira,19.25,61.63,33.73,15.76,0
Madeira,23.68,54.29,27.45,14.42,0
Madeira,22.17,56.79,31.76,14.16,0
Madeira,20.00,56.76,29.02,12.70,0
Madeira,24.32,52.11,27.84,10.73,0
Madeira,20.38,61.63,33.73,10.32,0
Madeira,23.08,54.93,27.84,10.74,0
Madeira,24.29,54.55,30.20,11.00,0
Madeira,20.00,60.00,31.37,9.78,0
Madeira,22.70,52.86,27.45,8.55,0
Madeira,21.18,60.00,33.33,10.82,0
Madeira,23.08,54.93,27.84,11.24,0
Madeira,25.26,52.05,28.63,10.44,0
Madeira,18.82,60.71,32.94,9.02,0
Madeira,23.08,54.93,27.84,9.56,0
Madeira,20.82,58.33,32.94,11.02,0
Madeira,21.54,54.17,28.24,10.06,0
Madeira,25.95,52.11,27.84,8.78,0
Madeira,19.25,61.63,33.73,7.74,0
Madeira,23.08,54.93,27.84,6.77,0
Madeira,22.17,56.79,31.76,9.44,0
Madeira,20.93,57.33,29.41,11.38,0
Madeira,24.32,52.11,27.84,16.65,0
Madeira,21.51,61.63,33.73,15.52,0
Madeira,22.11,53.52,27.84,16.56,0
Madeira,24.88,53.95,29.80,13.95,0
Madeira,20.82,61.25,31.37,11.83,0
Madeira,22.11,53.52,27.84,10.28,0
Madeira,21.60,59.52,32.94,8.47,0
Madeira,23.68,54.29,27.45,7.45,0
Madeira,25.95,51.39,28.24,6.99,0
Madeira,19.62,61.90,32.94,7.09,0
Madeira,22.70,52.86,27.45,6.63,0
Madeira,21.25,57.83,32.55,6.41,0
Madeira,21.95,56.16,28.63,5.46,0
Madeira,25.00,50.70,27.84,5.26,0
Madeira,20.77,60.47,33.73,4.69,0
Madeira,23.68,54.29,27.45,4.33,0
Madeira,25.95,51.39,28.24,3.90,0
Madeira,20.77,61.18,33.33,3.63,0
Madeira,23.08,54.93,27.84,3.09,0
Madeira,25.12,55.13,30.59,3.10,0
Madeira,20.00,60.00,31.37,2.72,0
Madeira,23.68,53.52,27.84,2.83,0
Madeira,20.00,59.30,33.73,3.31,0
Madeira,21.43,56.76,29.02,3.52,0
Madeira,24.32,52.11,27.84,3.56,0
Madeira,21.51,61.63,33.73,4.79,0
Madeira,22.70,52.86,27.45,5.06,0
Madeira,23.18,55.70,30.98,6.32,0
Madeira,20.00,58.44,30.20,6.88,0
Madeira,22.70,52.11,27.84,9.24,0
Madeira,21.18,60.00,33.33,9.67,0
Madeira,23.68,54.29,27.45,8.21,0
Madeira,25.50,53.33,29.41,6.99,0
Madeira,21.60,60.24,32.55,7.04,0
Madeira,21.54,54.93,27.84,7.20,0
Madeira,22.67,56.25,31.37,11.22,0
Madeira,20.45,57.89,29.80,10.12,0
Madeira,22.70,52.11,27.84,10.27,0
Madeira,21.18,60.00,33.33,10.80,0
Madeira,23.68,54.29,27.45,10.67,0
Madeira,24.29,54.55,30.20,12.21,0
Madeira,20.00,59.26,31.76,11.88,0
Madeira,22.70,52.86,27.45,13.22,0
Madeira,20.40,58.82,33.33,11.31,0
Madeira,20.45,57.89,29.80,10.99,0
Madeira,24.32,52.11,27.84,12.42,0
Madeira,20.38,61.63,33.73,10.66,0
Madeira,23.08,54.93,27.84,9.54,0
Madeira,24.29,54.55,30.20,8.81,0
Madeira,20.00,60.00,31.37,8.15,0
Madeira,21.67,51.43,27.45,8.60,0
Madeira,22.04,58.33,32.94,7.20,0
Madeira,21.43,56.76,29.02,10.25,0
Madeira,25.00,51.43,27.45,9.72,0
Madeira,20.38,61.63,33.73,8.63,0
Madeira,23.08,54.93,27.84,7.64,0
Madeira,23.18,55.70,30.98,7.59,0
Madeira,20.43,59.49,30.98,7.30,0
Madeira,24.32,52.86,27.45,6.22,0
Madeira,21.18,60.00,33.33,5.81,0
Madeira,23.08,54.93,27.84,7.25,0
Madeira,24.00,53.33,29.41,6.37,0
Madeira,21.18,60.71,32.94,6.39,0
Madeira,22.70,52.86,27.45,6.38,0
Madeira,22.33,54.43,30.98,6.91,0
Madeira,19.09,57.14,30.20,7.07,0
Madeira,23.33,51.43,27.45,7.61,0
Madeira,21.92,61.18,33.33,8.07,0
Madeira,22.50,55.56,28.24,9.68,0
Madeira,24.88,53.95,29.80,8.32,0
Madeira,22.04,59.76,32.16,9.59,0
Madeira,22.70,52.86,27.45,10.03,0
Madeira,22.17,56.79,31.76,9.05,0
Madeira,20.00,58.44,30.20,10.19,0
Madeira,22.70,52.11,27.84,10.64,0
Madeira,21.92,61.18,33.33,9.99,0
Madeira,22.11,53.52,27.84,9.78,0
Madeira,24.29,54.55,30.20,11.65,0
Madeira,17.50,59.26,31.76,9.54,0
Madeira,24.32,52.86,27.45,9.28,0
Madeira,20.77,60.47,33.73,9.03,0
Madeira,22.70,52.86,27.45,12.16,0
Madeira,25.26,52.05,28.63,12.95,0
Madeira,18.82,60.71,32.94,11.51,0
Madeira,22.70,52.86,27.45,13.36,0
Madeira,20.82,58.33,32.94,11.37,0
Madeira,21.54,54.17,28.24,10.81,0
Madeira,25.00,50.70,27.84,10.67,0
Madeira,19.62,61.18,33.33,10.93,0
Madeira,22.70,52.86,27.45,12.89,0
Madeira,22.98,57.32,32.16,12.21,0
Madeira,20.93,57.33,29.41,12.57,0
Madeira,24.32,52.11,27.84,10.75,0
Madeira,21.18,60.00,33.33,9.72,0
Madeira,21.54,54.17,28.24,9.11,0
Madeira,26.67,50.70,27.84,7.99,0
Madeira,20.00,62.79,33.73,6.91,0
Madeira,22.11,53.52,27.84,5.87,0
Madeira,22.17,56.79,31.76,5.21,0
Madeira,20.00,56.00,29.41,4.67,0
Madeira,24.32,52.11,27.84,4.41,0
Madeira,20.40,58.82,33.33,4.04,0
Madeira,23.08,54.93,27.84,5.34,0
Madeira,25.00,50.70,27.84,6.83,0
Madeira,20.00,62.79,33.73,7.68,0
Madeira,22.70,52.86,27.45,7.41,0
Madeira,21.70,57.32,32.16,7.45,0
Madeira,20.93,57.33,29.41,7.93,0
Madeira,23.33,51.43,27.45,7.35,0
Madeira,20.38,61.63,33.73,7.80,0
Madeira,23.08,54.93,27.84,10.05,0
Madeira,23.72,55.13,30.59,9.73,0
Madeira,19.15,58.75,31.37,10.64,0
Madeira,23.33,51.43,27.45,10.17,0
Madeira,20.40,58.82,33.33,11.33,0
Madeira,21.43,56.76,29.02,11.02,0
Madeira,24.32,52.11,27.84,11.29,0
Madeira,20.38,61.63,33.73,10.96,0
Madeira,23.68,54.29,27.45,9.66,0
Madeira,22.67,56.25,31.37,8.40,0
Madeira,20.00,58.44,30.20,12.37,0
Madeira,23.33,51.43,27.45,18.62,0
Madeira,21.18,60.00,33.33,18.18,0
Madeira,23.68,54.29,27.45,17.60,0
Madeira,24.88,53.95,29.80,21.26,0
Madeira,19.59,60.49,31.76,20.66,0
Madeira,22.11,53.52,27.84,19.35,0
Madeira,21.60,58.82,33.33,19.41,0
Madeira,23.08,54.93,27.84,15.99,0
Madeira,25.95,51.39,28.24,13.11,0
Madeira,20.77,61.90,32.94,12.17,0
Madeira,22.11,53.52,27.84,11.10,0
Madeira,21.25,57.83,32.55,12.58,0
Madeira,21.95,56.16,28.63,12.17,0
Madeira,25.00,50.70,27.84,11.48,0
Madeira,20.00,60.00,33.33,14.13,0
Madeira,24.62,54.93,27.84,14.20,0
Madeira,24.55,55.70,30.98,13.95,0
Madeira,18.67,57.69,30.59,12.91,0
Madeira,24.32,52.86,27.45,11.47,0
Madeira,20.77,60.47,33.73,11.36,0
Madeira,23.68,54.29,27.45,13.93,0
Madeira,24.00,53.33,29.41,13.91,0
Madeira,18.00,60.24,32.55,13.14,0
Madeira,22.11,53.52,27.84,12.64,0
Madeira,20.82,58.33,32.94,11.28,0
Madeira,21.54,54.17,28.24,9.17,0
Madeira,25.95,51.39,28.24,8.39,0
Madeira,19.62,61.18,33.33,7.33,0
Madeira,23.68,54.29,27.45,6.80,0
Madeira,21.25,57.83,32.55,5.78,0
Madeira,20.93,57.33,29.41,5.54,0
Madeira,24.32,52.11,27.84,5.53,0
Madeira,20.77,60.47,33.73,5.32,0
Madeira,23.08,54.93,27.84,6.44,0
Madeira,26.67,50.70,27.84,5.49,0
Madeira,20.00,62.79,33.73,5.49,0
Madeira,22.11,53.52,27.84,5.52,0
Madeira,21.70,57.32,32.16,5.12,0
Madeira,21.95,56.16,28.63,7.42,0
Madeira,24.32,51.39,28.24,6.91,0
Madeira,20.38,61.63,33.73,6.49,0
Madeira,23.08,54.93,27.84,6.57,0
Madeira,21.82,55.00,31.37,6.70,0
Madeira,20.00,58.44,30.20,6.03,0
Madeira,22.11,53.52,27.84,6.32,0
Madeira,21.51,61.63,33.73,6.16,0
Madeira,23.08,54.93,27.84,5.91,0
Madeira,25.50,53.33,29.41,6.36,0
Madeira,19.59,60.49,31.76,6.05,0
Madeira,22.11,53.52,27.84,5.68,0
Madeira,22.80,59.52,32.94,5.30,0
Madeira,23.08,54.93,27.84,6.32,0
Madeira,25.00,50.70,27.84,6.73,0
Madeira,18.46,61.18,33.33,5.78,0
Madeira,21.08,52.86,27.45,6.39,0
Madeira,22.50,57.83,32.55,6.31,0
Madeira,21.54,54.17,28.24,7.09,0
Madeira,24.32,52.11,27.84,8.73,0
Madeira,20.77,61.18,33.33,8.17,0
Madeira,23.68,54.29,27.45,7.45,0
Madeira,22.67,56.25,31.37,8.23,0
Madeira,20.00,58.44,30.20,7.77,0
Madeira,22.70,52.11,27.84,7.24,0
Madeira,20.00,59.30,33.73,8.25,0
Madeira,21.95,56.16,28.63,9.45,0
Madeira,24.32,52.11,27.84,8.08,0
Madeira,20.38,61.63,33.73,8.16,0
Madeira,23.08,54.93,27.84,7.12,0
Madeira,22.17,56.79,31.76,6.58,0
Madeira,21.33,58.44,30.20,7.22,0
Madeira,22.11,52.78,28.24,7.04,0
Madeira,20.40,58.82,33.33,6.56,0
Madeira,22.50,55.56,28.24,5.70,0
Madeira,25.95,52.11,27.84,6.42,0
Madeira,19.25,61.63,33.73,6.57,0
Madeira,22.11,53.52,27.84,8.89,0
Madeira,22.17,56.79,31.76,8.55,0
Madeira,20.93,57.33,29.41,7.02,0
Madeira,24.32,52.11,27.84,7.35,0
Madeira,20.38,61.63,33.73,7.63,0
Madeira,23.68,54.29,27.45,7.04,0
Madeira,24.29,54.55,30.20,6.55,0
Madeira,20.00,60.00,31.37,5.54,0
Madeira,22.11,53.52,27.84,6.56,0
Madeira,22.35,60.00,33.33,6.11,0
Madeira,24.62,54.93,27.84,7.55,0
Madeira,25.26,52.05,28.63,9.53,0
Madeira,18.82,60.71,32.94,13.06,0
Madeira,22.11,53.52,27.84,15.93,0
Madeira,20.82,58.33,32.94,13.25,0
Madeira,22.50,55.56,28.24,11.61,0
Madeira,25.00,50.70,27.84,11.78,0
Madeira,20.00,62.79,33.73,9.99,0
Madeira,23.68,54.29,27.45,9.64,0
Madeira,22.17,56.79,31.76,12.50,0
Madeira,20.00,56.00,29.41,11.20,0
Madeira,25.00,51.43,27.45,10.55,0
Madeira,20.38,61.63,33.73,10.34,0
Madeira,24.62,55.71,27.45,9.20,0
Madeira,24.88,53.25,30.20,8.86,0
Madeira,20.43,59.49,30.98,8.40,0
Madeira,21.08,52.11,27.84,7.55,0
Madeira,20.77,60.47,33.73,7.52,0
Madeira,23.68,54.29,27.45,8.42,0
Madeira,23.68,51.35,29.02,8.42,0
Madeira,19.62,61.90,32.94,8.65,0
Madeira,23.68,54.29,27.45,7.42,0
Madeira,21.60,58.82,33.33,6.54,0
Madeira,22.11,53.52,27.84,7.04,0
Madeira,25.00,50.70,27.84,5.99,0
Madeira,21.18,60.00,33.33,5.23,0
Madeira,23.08,54.93,27.84,4.79,0
Madeira,24.62,52.70,29.02,4.39,0
Madeira,20.40,60.98,32.16,4.98,0
Madeira,22.11,53.52,27.84,4.96,0
Madeira,23.53,60.00,33.33,4.84,0
Madeira,23.08,54.93,27.84,4.73,0
Madeira,24.32,51.39,28.24,4.26,0
Madeira,19.25,62.35,33.33,3.78,0
Madeira,23.08,54.93,27.84,3.50,0
Madeira,21.70,57.32,32.16,2.98,0
Madeira,21.43,56.76,29.02,2.85,0
Madeira,24.32,52.11,27.84,2.71,0
Madeira,20.77,61.18,33.33,2.93,0
Madeira,23.68,54.29,27.45,6.15,0
Madeira,22.33,54.43,30.98,6.23,0
Madeira,18.67,57.69,30.59,6.93,0
Madeira,22.70,52.11,27.84,8.35,0
Madeira,20.77,60.47,33.73,7.71,0
Madeira,23.68,54.29,27.45,7.88,0
Madeira,24.62,52.70,29.02,11.13,0
Madeira,21.18,60.71,32.94,10.50,0
Madeira,23.68,54.29,27.45,9.03,0
Madeira,22.33,54.43,30.98,7.59,0
Madeira,19.57,58.97,30.59,6.89,0
Madeira,21.67,51.43,27.45,5.80,0
Madeira,21.92,60.47,33.73,5.67,0
Madeira,24.00,56.34,27.84,6.24,0
Madeira,23.68,51.35,29.02,6.65,0
Madeira,18.82,61.45,32.55,7.12,0
Madeira,22.11,53.52,27.84,6.31,0
Madeira,21.18,60.00,33.33,7.86,0
Madeira,23.08,54.93,27.84,12.07,0
Madeira,25.95,52.11,27.84,11.54,0
Madeira,21.51,61.63,33.73,12.53,0
Madeira,23.08,54.93,27.84,12.51,0
Madeira,24.62,52.70,29.02,15.24,0
Madeira,19.20,60.98,32.16,16.26,0
Madeira,22.70,52.86,27.45,15.15,0
Madeira,21.18,60.00,33.33,13.90,0
Madeira,22.11,53.52,27.84,12.13,0
Madeira,24.32,51.39,28.24,13.14,0
Madeira,19.62,61.18,33.33,12.84,0
Madeira,23.08,54.93,27.84,13.03,0
Madeira,22.98,57.32,32.16,11.65,0
Madeira,21.43,56.76,29.02,10.53,0
Madeira,24.32,52.11,27.84,9.31,0
Madeira,21.51,61.63,33.73,10.10,0
Madeira,24.62,54.93,27.84,10.16,0
Madeira,23.18,55.70,30.98,12.79,0
Madeira,18.26,58.23,30.98,11.51,0
Madeira,23.68,53.52,27.84,11.73,0
Madeira,21.18,60.00,33.33,12.25,0
Madeira,20.53,53.52,27.84,11.15,0
Madeira,25.26,52.05,28.63,11.15,0
Madeira,19.62,61.90,32.94,10.25,0
Madeira,20.53,53.52,27.84,10.29,0
Madeira,21.25,57.83,32.55,11.22,0
Madeira,23.08,54.93,27.84,13.00,0
Madeira,25.95,52.11,27.84,11.63,0
Madeira,20.38,62.35,33.33,10.49,0
Madeira,22.11,53.52,27.84,12.76,0
Madeira,22.67,56.25,31.37,13.03,0
Madeira,21.33,58.44,30.20,12.13,0
Madeira,23.33,51.43,27.45,10.89,0
Madeira,20.77,60.47,33.73,9.98,0
Madeira,21.54,54.93,27.84,11.46,0
Madeira,60.00,16.08,100.00,1.04,0
Madeira,60.00,16.08,100.00,2.44,0
Madeira,60.00,16.08,100.00,6.15,0
Madeira,60.00,16.08,100.00,6.48,0
Madeira,60.00,16.08,100.00,6.02,0
Madeira,60.00,16.08,100.00,5.58,0
Madeira,60.00,16.08,100.00,5.79,0
Madeira,60.00,16.08,100.00,8.55,0
Madeira,60.00,12.55,100.00,7.72,0
Madeira,60.00,12.16,100.00,8.42,0
Madeira,60.00,12.94,100.00,9.33,0
Madeira,60.00,12.16,100.00,9.21,0
Madeira,60.00,10.59,100.00,8.83,0
Madeira,60.00,11.76,100.00,7.98,0
Madeira,60.00,10.59,100.00,7.72,0
Madeira,60.00,10.59,100.00,8.86,0
Madeira,60.00,9.80,100.00,8.39,0
Madeira,60.00,7.84,100.00,7.53,0
Madeira,60.00,7.84,100.00,7.60,0
Madeira,60.00,8.24,100.00,7.65,0
Madeira,60.00,9.41,100.00,7.22,0
Madeira,60.00,8.24,100.00,6.44,0
Madeira,60.00,10.59,100.00,6.01,0
Madeira,60.00,9.80,100.00,5.85,0
Madeira,60.00,9.80,100.00,5.75,0
Madeira,60.00,9.02,100.00,6.23,0
Madeira,60.00,7.84,100.00,6.19,0
Madeira,60.00,7.84,100.00,5.34,0
Madeira,60.00,9.02,100.00,4.91,0
Madeira,60.00,8.24,100.00,4.21,0
Madeira,60.00,7.84,100.00,3.82,0
Madeira,60.00,7.84,100.00,3.57,0
Madeira,60.00,7.84,100.00,3.76,0
Madeira,60.00,7.84,100.00,3.48,0
Madeira,60.00,7.84,100.00,3.33,0
Madeira,60.00,7.84,100.00,3.24,0
Madeira,60.00,7.84,100.00,3.52,0
Madeira,60.00,5.49,100.00,4.27,0
Madeira,60.00,4.31,100.00,4.67,0
Madeira,60.00,3.92,100.00,4.87,0
Madeira,60.00,6.67,100.00,4.46,0
Madeira,60.00,7.45,100.00,4.01,0
Madeira,60.00,7.84,100.00,4.70,0
Madeira,60.00,7.84,100.00,5.39,0
Madeira,60.00,7.84,100.00,5.82,0
Madeira,60.00,7.84,100.00,5.18,0
Madeira,60.00,9.02,100.00,7.51,0
Madeira,60.00,7.84,100.00,8.42,0
Madeira,60.00,7.84,100.00,7.70,0
Madeira,60.00,7.84,100.00,7.50,0
Madeira,60.00,8.24,100.00,6.72,0
Madeira,60.00,7.84,100.00,5.65,0
Madeira,60.00,7.84,100.00,7.15,0
Madeira,60.00,8.24,100.00,7.20,0
Madeira,60.00,7.84,100.00,6.73,0
Madeira,60.00,8.24,100.00,5.85,0
Madeira,60.00,10.59,100.00,6.29,0
Madeira,60.00,10.98,100.00,5.70,0
Madeira,60.00,7.84,100.00,4.80,0
Madeira,60.00,7.84,100.00,4.05,0
Madeira,60.00,7.84,100.00,4.04,0
Madeira,60.00,7.84,100.00,3.78,0
Madeira,60.00,7.84,100.00,3.74,0
Madeira,60.00,7.84,100.00,3.31,0
Madeira,60.00,7.84,100.00,2.83,0
Madeira,60.00,7.84,100.00,2.54,0
Madeira,60.00,7.84,100.00,3.05,0
Madeira,60.00,7.84,100.00,2.96,0
Madeira,60.00,7.84,100.00,2.87,0
Madeira,60.00,7.84,100.00,3.29,0
Madeira,60.00,7.84,100.00,3.50,0
Madeira,60.00,7.84,100.00,4.91,0
Madeira,60.00,7.84,100.00,5.68,0
Madeira,60.00,7.84,100.00,6.23,0
Madeira,60.00,7.84,100.00,6.47,0
Madeira,60.00,7.84,100.00,7.78,0
Madeira,60.00,7.84,100.00,6.89,0
Madeira,60.00,7.84,100.00,6.94,0
Madeira,60.00,7.84,100.00,6.01,0
Madeira,60.00,7.84,100.00,5.56,0
Madeira,60.00,7.84,100.00,6.05,0
Madeira,60.00,7.84,100.00,6.10,0
Madeira,60.00,7.84,100.00,5.23,0
Madeira,60.00,7.84,100.00,4.50,0
Madeira,60.00,7.84,100.00,4.53,0
Madeira,60.00,7.84,100.00,4.27,0
Madeira,60.00,7.84,100.00,4.18,0
Madeira,60.00,7.84,100.00,4.29,0
Madeira,60.00,7.84,100.00,5.05,0
Madeira,60.00,7.84,100.00,4.56,0
Madeira,60.00,7.84,100.00,4.15,0
Madeira,60.00,7.84,100.00,3.98,0
Madeira,60.00,7.84,100.00,3.54,0
Madeira,60.00,7.45,100.00,3.11,0
Madeira,60.00,7.84,100.00,3.65,0
Madeira,60.00,7.84,100.00,4.07,0
Madeira,60.00,7.84,100.00,3.52,0
Madeira,60.00,7.84,100.00,3.28,0
Madeira,60.00,7.84,100.00,4.22,0
Madeira,60.00,7.84,100.00,4.40,0
Madeira,60.00,7.84,100.00,3.91,0
Madeira,60.00,7.84,100.00,3.96,0
Madeira,60.00,7.84,100.00,3.67,0
Madeira,60.00,7.45,100.00,3.32,0
Madeira,60.00,7.84,100.00,3.21,0
Madeira,60.00,7.84,100.00,3.59,0
Madeira,60.00,7.84,100.00,3.65,0
Madeira,60.00,7.84,100.00,3.84,0
Madeira,60.00,7.84,100.00,3.54,0
Madeira,60.00,7.84,100.00,3.62,0
Madeira,60.00,7.84,100.00,4.60,0
Madeira,60.00,7.84,100.00,5.04,0
Madeira,60.00,7.84,100.00,4.76,0
Madeira,60.00,7.84,100.00,4.77,0
Madeira,60.00,7.84,100.00,4.53,0
Madeira,60.00,7.84,100.00,5.03,0
Madeira,60.00,7.84,100.00,4.72,0
Madeira,60.00,7.84,100.00,4.75,0
Madeira,60.00,7.84,100.00,5.52,0
Madeira,60.00,7.84,100.00,7.20,0
Madeira,60.00,7.84,100.00,8.66,0
Madeira,60.00,7.84,100.00,8.28,0
Madeira,60.00,7.84,100.00,7.66,0
Madeira,60.00,7.84,100.00,6.62,0
Madeira,60.00,7.84,100.00,5.65,0
Madeira,60.00,7.84,100.00,5.51,0
Madeira,60.00,7.84,100.00,4.72,0
Madeira,60.00,7.84,100.00,4.15,0
Madeira,60.00,7.84,100.00,6.30,0
Madeira,60.00,7.84,100.00,5.86,0
Madeira,60.00,7.84,100.00,6.82,0
Madeira,60.00,7.84,100.00,6.66,0
Madeira,60.00,7.84,100.00,7.02,0
Madeira,60.00,7.84,100.00,7.27,0
Madeira,60.00,7.84,100.00,6.89,0
Madeira,60.00,7.45,100.00,6.25,0
Madeira,60.00,6.67,100.00,6.57,0
Madeira,60.00,7.84,100.00,7.77,0
Madeira,60.00,7.84,100.00,6.63,0
Madeira,60.00,7.84,100.00,8.41,0
Madeira,60.00,7.84,100.00,7.69,0
Madeira,60.00,7.84,100.00,7.52,0
Madeira,60.00,7.84,100.00,7.84,0
Madeira,60.00,7.84,100.00,8.83,0
Madeira,60.00,7.84,100.00,8.85,0
Madeira,60.00,7.45,100.00,7.71,0
Madeira,60.00,7.45,100.00,6.69,0
Madeira,60.00,6.67,100.00,6.97,0
Madeira,60.00,7.45,100.00,7.29,0
Madeira,60.00,7.84,100.00,6.91,0
Madeira,60.00,7.84,100.00,6.07,0
Madeira,60.00,7.84,100.00,5.92,0
Madeira,60.00,7.84,100.00,5.22,0
Madeira,60.00,7.84,100.00,4.78,0
Madeira,60.00,7.84,100.00,4.31,0
Madeira,60.00,6.67,100.00,4.04,0
Madeira,60.00,7.45,100.00,3.46,0
Madeira,60.00,6.67,100.00,3.15,0
Madeira,60.00,7.45,100.00,2.72,0
Madeira,60.00,7.84,100.00,3.37,0
Madeira,60.00,7.84,100.00,3.43,0
Madeira,60.00,7.84,100.00,5.08,0
Madeira,60.00,7.45,100.00,4.32,0
Madeira,60.00,7.45,100.00,4.10,0
Madeira,60.00,7.45,100.00,4.97,0
Madeira,60.00,7.45,100.00,5.05,0
Madeira,60.00,5.10,100.00,5.53,0
Madeira,60.00,6.27,100.00,4.70,0
Madeira,60.00,5.10,100.00,4.36,0
Madeira,60.00,5.49,100.00,5.09,0
Madeira,60.00,5.49,100.00,5.07,0
Madeira,60.00,5.10,100.00,4.15,0
Madeira,60.00,5.49,100.00,4.15,0
Madeira,60.00,5.49,100.00,3.76,0
Madeira,60.00,5.49,100.00,4.13,0
Madeira,60.00,5.10,100.00,5.27,0
Madeira,60.00,3.14,100.00,5.64,0
Madeira,60.00,3.14,100.00,5.03,0
Madeira,60.00,3.14,100.00,4.93,0
Madeira,60.00,3.14,100.00,5.16,0
Madeira,60.00,3.14,100.00,6.65,0
Madeira,60.00,4.31,100.00,7.29,0
Madeira,60.00,4.31,100.00,9.23,0
Madeira,60.00,5.10,100.00,7.69,0
Madeira,60.00,5.49,100.00,6.50,0
Madeira,60.00,5.49,100.00,5.35,0
Madeira,60.00,3.92,100.00,5.00,0
Madeira,60.00,3.14,100.00,4.18,0
Madeira,60.00,3.14,100.00,8.57,0
Madeira,60.00,3.14,100.00,9.07,0
Madeira,60.00,3.14,100.00,7.59,0
Madeira,60.00,5.10,100.00,8.43,0
Madeira,60.00,5.49,100.00,7.63,0
Madeira,60.00,4.31,100.00,7.59,0
Madeira,60.00,3.92,100.00,7.44,0
Madeira,60.00,4.31,100.00,6.84,0
Madeira,60.00,4.31,100.00,7.09,0
Madeira,60.00,3.14,100.00,6.66,0
Madeira,60.00,3.14,100.00,5.77,0
Madeira,60.00,3.14,100.00,5.33,0
Madeira,60.00,3.92,100.00,4.64,0
Madeira,60.00,3.14,100.00,5.60,0
Madeira,60.00,3.92,100.00,6.06,0
Madeira,60.00,5.10,100.00,5.98,0
Madeira,60.00,3.14,100.00,5.45,0
Madeira,60.00,3.14,100.00,4.68,0
Madeira,60.00,3.14,100.00,4.35,0
Madeira,60.00,3.92,100.00,3.78,0
Madeira,60.00,3.14,100.00,3.38,0
Madeira,60.00,3.14,100.00,3.77,0
Madeira,60.00,3.14,100.00,3.99,0
Madeira,60.00,3.14,100.00,3.93,0
Madeira,60.00,3.14,100.00,3.41,0
Madeira,60.00,3.14,100.00,4.11,0
Madeira,60.00,3.14,100.00,3.64,0
Madeira,60.00,3.14,100.00,4.84,0
Madeira,60.00,3.14,100.00,6.00,0
Madeira,60.00,3.14,100.00,6.38,0
Madeira,60.00,3.14,100.00,7.17,0
Madeira,60.00,3.14,100.00,6.99,0
Madeira,60.00,3.14,100.00,6.10,0
Madeira,60.00,3.14,100.00,5.41,0
Madeira,60.00,3.14,100.00,4.69,0
Madeira,60.00,3.14,100.00,4.26,0
Madeira,60.00,3.14,100.00,4.33,0
Madeira,60.00,4.31,100.00,6.33,0
Madeira,60.00,6.27,100.00,5.59,0
Madeira,60.00,3.14,100.00,5.34,0
Madeira,60.00,3.92,100.00,4.84,0
Madeira,60.00,3.14,100.00,4.53,0
Madeira,60.00,3.14,100.00,6.25,0
Madeira,60.00,3.14,100.00,6.52,0
Madeira,60.00,3.14,100.00,6.19,0
Madeira,60.00,3.14,100.00,6.27,0
Madeira,60.00,4.31,100.00,5.49,0
Madeira,60.00,3.14,100.00,4.72,0
Madeira,60.00,3.14,100.00,4.45,0
Madeira,60.00,4.31,100.00,3.71,0
Madeira,60.00,3.14,100.00,3.52,0
Madeira,60.00,3.92,100.00,3.23,0
Madeira,60.00,3.14,100.00,3.15,0
Madeira,60.00,3.14,100.00,3.44,0
Madeira,60.00,3.14,100.00,3.50,0
Madeira,60.00,3.14,100.00,4.36,0
Madeira,60.00,3.14,100.00,4.88,0
Madeira,60.00,3.14,100.00,4.89,0
Madeira,60.00,3.92,100.00,5.59,0
Madeira,60.00,3.14,100.00,9.11,0
Madeira,60.00,3.14,100.00,10.41,0
Madeira,60.00,3.14,100.00,9.54,0
Madeira,60.00,3.14,100.00,9.14,0
Madeira,60.00,3.14,100.00,8.12,0
Madeira,60.00,3.14,100.00,9.56,0
Madeira,60.00,3.14,100.00,9.11,0
Madeira,60.00,3.14,100.00,8.07,0
Madeira,60.00,3.14,100.00,7.66,0
Madeira,60.00,3.14,100.00,8.35,0
Madeira,60.00,3.14,100.00,7.48,0
Madeira,60.00,3.92,100.00,7.14,0
Madeira,60.00,3.14,100.00,6.22,0
Madeira,60.00,3.14,100.00,5.80,0
Madeira,60.00,3.14,100.00,5.22,0
Madeira,60.00,3.14,100.00,5.99,0
Madeira,60.00,3.14,100.00,5.31,0
Madeira,60.00,3.14,100.00,4.77,0
Madeira,60.00,3.14,100.00,4.34,0
Madeira,60.00,3.92,100.00,4.66,0
Madeira,60.00,4.31,100.00,4.52,0
Madeira,60.00,3.14,100.00,4.33,0
Madeira,60.00,3.14,100.00,4.25,0
Madeira,60.00,3.14,100.00,4.46,0
Madeira,60.00,3.14,100.00,4.81,0
Madeira,60.00,3.14,100.00,4.87,0
Madeira,60.00,3.14,100.00,4.71,0
Madeira,60.00,3.14,100.00,5.63,0
Madeira,60.00,3.14,100.00,5.16,0
Madeira,60.00,3.14,100.00,5.80,0
Madeira,60.00,3.14,100.00,5.67,0
Madeira,60.00,3.14,100.00,5.02,0
Madeira,60.00,3.14,100.00,4.20,0
Madeira,60.00,3.14,100.00,5.51,0
Madeira,60.00,3.14,100.00,4.62,0
Madeira,60.00,3.14,100.00,4.46,0
Madeira,60.00,3.14,100.00,4.03,0
Madeira,60.00,3.14,100.00,3.69,0
Madeira,60.00,3.14,100.00,3.25,0
Madeira,60.00,3.14,100.00,3.11,0
Madeira,60.00,3.14,100.00,3.29,0
Madeira,60.00,3.14,100.00,4.03,0
Madeira,60.00,3.14,100.00,4.25,0
Madeira,60.00,3.92,100.00,4.21,0
Madeira,60.00,3.92,100.00,3.84,0
Madeira,60.00,3.14,100.00,4.95,0
Madeira,60.00,3.14,100.00,5.25,0
Madeira,60.00,3.14,100.00,6.05,0
Madeira,60.00,3.14,100.00,5.69,0
Madeira,60.00,3.14,100.00,8.07,0
Madeira,60.00,3.14,100.00,15.90,0
Madeira,60.00,3.14,100.00,15.95,0
Madeira,60.00,3.92,100.00,16.15,0
Madeira,60.00,3.14,100.00,15.27,0
Madeira,60.00,3.14,100.00,14.71,0
Madeira,60.00,3.92,100.00,14.01,0
Madeira,60.00,3.14,100.00,12.52,0
Madeira,60.00,3.14,100.00,11.17,0
Madeira,60.00,3.14,100.00,9.96,0
Madeira,60.00,3.14,100.00,8.06,0
Madeira,60.00,3.14,100.00,6.92,0
Madeira,60.00,3.14,100.00,6.47,0
Madeira,60.00,3.14,100.00,6.06,0
Madeira,60.00,3.14,100.00,5.61,0
Madeira,60.00,3.92,100.00,5.09,0
Madeira,60.00,3.14,100.00,4.86,0
Madeira,60.00,3.14,100.00,5.40,0
Madeira,60.00,3.14,100.00,6.42,0
Madeira,60.00,3.14,100.00,7.31,0
Madeira,60.00,3.14,100.00,6.75,0
Madeira,60.00,3.14,100.00,6.58,0
Madeira,60.00,3.14,100.00,6.03,0
Madeira,60.00,3.14,100.00,5.32,0
Madeira,60.00,3.14,100.00,6.04,0
Madeira,60.00,3.14,100.00,5.46,0
Madeira,60.00,3.14,100.00,4.95,0
Madeira,60.00,3.14,100.00,5.44,0
Madeira,60.00,3.14,100.00,5.57,0
Madeira,60.00,1.96,100.00,5.25,0
Madeira,60.00,3.14,100.00,4.66,0
Madeira,60.00,3.14,100.00,4.05,0
Madeira,60.00,3.14,100.00,3.52,0
Madeira,60.00,3.14,100.00,2.99,0
Madeira,60.00,3.14,100.00,3.71,0
Madeira,60.00,3.14,100.00,4.04,0
Madeira,60.00,3.92,100.00,4.07,0
Madeira,60.00,3.14,100.00,3.95,0
Madeira,60.00,3.14,100.00,4.16,0
Madeira,60.00,3.14,100.00,4.39,0
Madeira,60.00,3.14,100.00,5.90,0
Madeira,60.00,3.14,100.00,7.36,0
Madeira,60.00,3.14,100.00,8.68,0
Madeira,60.00,3.92,100.00,10.59,0
Madeira,60.00,3.14,100.00,13.54,0
Madeira,60.00,3.92,100.00,11.70,0
Madeira,60.00,3.14,100.00,10.39,0
Madeira,60.00,3.14,100.00,10.16,0
Madeira,60.00,3.14,100.00,8.98,0
Madeira,60.00,3.14,100.00,8.60,0
Madeira,60.00,3.14,100.00,7.83,0
Madeira,60.00,3.14,100.00,7.22,0
Madeira,60.00,3.14,100.00,8.92,0
Madeira,60.00,3.14,100.00,8.09,0
Madeira,60.00,3.14,100.00,8.09,0
Madeira,60.00,3.14,100.00,7.11,0
Madeira,60.00,3.14,100.00,7.69,0
Madeira,60.00,3.14,100.00,6.29,0
Madeira,60.00,3.14,100.00,5.59,0
Madeira,60.00,3.14,100.00,5.28,0
Madeira,60.00,3.14,100.00,4.50,0
Madeira,60.00,3.14,100.00,4.24,0
Madeira,60.00,3.14,100.00,4.06,0
Madeira,60.00,3.14,100.00,3.68,0
Madeira,60.00,3.92,100.00,3.61,0
Madeira,60.00,3.14,100.00,4.71,0
Madeira,60.00,3.14,100.00,5.71,0
Madeira,60.00,3.92,100.00,4.87,0
Madeira,60.00,3.14,100.00,4.70,0
Madeira,60.00,3.14,100.00,4.47,0
Madeira,60.00,3.14,100.00,4.54,0
Madeira,60.00,3.14,100.00,3.99,0
Madeira,60.00,3.14,100.00,3.98,0
Madeira,60.00,3.14,100.00,4.97,0
Madeira,60.00,3.14,100.00,4.60,0
Madeira,60.00,3.14,100.00,4.08,0
Madeira,60.00,3.14,100.00,4.33,0
Madeira,60.00,3.14,100.00,7.60,0
Madeira,60.00,3.14,100.00,7.19,0
Madeira,60.00,3.92,100.00,6.17,0
Madeira,60.00,3.14,100.00,5.80,0
Madeira,60.00,3.14,100.00,5.06,0
Madeira,60.00,3.14,100.00,4.45,0
Madeira,60.00,3.14,100.00,4.09,0
Madeira,60.00,3.14,100.00,3.65,0
Madeira,60.00,3.14,100.00,3.54,0
Madeira,60.00,3.14,100.00,3.69,0
Madeira,60.00,3.14,100.00,3.39,0
Madeira,60.00,4.31,100.00,3.30,0
Madeira,60.00,4.31,100.00,3.38,0
Madeira,60.00,3.14,100.00,3.16,0
Madeira,60.00,3.14,100.00,3.66,0
Madeira,60.00,3.14,100.00,3.55,0
Madeira,60.00,3.14,100.00,3.40,0
Madeira,60.00,3.14,100.00,4.66,0
Madeira,60.00,3.14,100.00,5.97,0
Madeira,60.00,3.14,100.00,5.20,0
Madeira,60.00,3.92,100.00,4.60,0
Madeira,60.00,3.14,100.00,4.35,0
Madeira,60.00,3.92,100.00,4.11,0
Madeira,60.00,3.14,100.00,4.50,0
Madeira,60.00,3.14,100.00,3.99,0
Madeira,60.00,3.14,100.00,3.39,0
Madeira,60.00,3.14,100.00,4.16,0
Madeira,60.00,3.14,100.00,5.74,0
Madeira,60.00,3.14,100.00,6.88,0
Madeira,60.00,3.14,100.00,6.44,0
Madeira,60.00,3.92,100.00,6.51,0
Madeira,60.00,3.14,100.00,6.33,0
Madeira,60.00,3.92,100.00,5.95,0
Madeira,60.00,3.14,100.00,5.99,0
Madeira,60.00,3.14,100.00,5.34,0
Madeira,60.00,3.14,100.00,4.60,0
Madeira,60.00,3.14,100.00,4.49,0
Madeira,60.00,3.14,100.00,4.14,0
Madeira,60.00,3.14,100.00,4.16,0
Madeira,60.00,3.14,100.00,4.00,0
Madeira,60.00,3.92,100.00,3.56,0
Madeira,60.00,5.10,100.00,4.39,0
Madeira,60.00,5.10,100.00,5.12,0
Madeira,60.00,5.10,100.00,6.06,0
Madeira,60.00,5.49,100.00,5.93,0
Madeira,60.00,3.14,100.00,6.61,0
Madeira,60.00,3.14,100.00,5.92,0
Madeira,60.00,3.14,100.00,5.95,0
Madeira,60.00,3.14,100.00,5.36,0
Madeira,60.00,3.14,100.00,4.77,0
Madeira,60.00,3.14,100.00,4.83,0
Madeira,60.00,4.31,100.00,4.08,0
Madeira,60.00,5.10,100.00,3.73,0
Madeira,60.00,6.27,100.00,3.51,0
Madeira,60.00,4.31,100.00,3.30,0
Madeira,60.00,3.92,100.00,2.93,0
Madeira,60.00,3.14,100.00,2.84,0
Madeira,60.00,3.14,100.00,2.67,0
Madeira,60.00,3.14,100.00,3.21,0
Madeira,60.00,3.92,100.00,4.02,0
Madeira,60.00,3.92,100.00,3.74,0
Madeira,60.00,6.27,100.00,3.45,0
Madeira,60.00,5.10,100.00,3.44,0
Madeira,60.00,4.31,100.00,3.13,0
Madeira,60.00,4.31,100.00,3.36,0
Madeira,60.00,3.14,100.00,3.68,0
Madeira,60.00,3.92,100.00,3.53,0
Madeira,60.00,3.14,100.00,3.43,0
Madeira,60.00,3.14,100.00,3.20,0
Madeira,60.00,3.14,100.00,4.36,0
Madeira,60.00,3.14,100.00,4.71,0
Madeira,60.00,5.49,100.00,5.66,0
Madeira,60.00,5.10,100.00,4.95,0
Madeira,60.00,5.10,100.00,4.37,0
Madeira,60.00,5.49,100.00,3.73,0
Madeira,60.00,5.10,100.00,4.12,0
Madeira,60.00,5.10,100.00,4.12,0
Madeira,60.00,3.14,100.00,6.15,0
Madeira,60.00,3.14,100.00,7.35,0
Madeira,60.00,3.14,100.00,7.90,0
Madeira,60.00,3.92,100.00,7.07,0
Madeira,60.00,5.49,100.00,5.87,0
Madeira,60.00,5.49,100.00,5.45,0
Madeira,60.00,5.49,100.00,4.89,0
Madeira,60.00,3.92,100.00,4.57,0
Madeira,60.00,5.10,100.00,3.89,0
Madeira,60.00,6.27,100.00,3.92,0
Madeira,60.00,3.14,100.00,5.05,0
Madeira,60.00,3.14,100.00,4.84,0
Madeira,60.00,4.31,100.00,4.75,0
Madeira,60.00,3.14,100.00,4.71,0
Madeira,60.00,3.92,100.00,5.24,0
Madeira,60.00,4.31,100.00,4.79,0
Madeira,60.00,4.31,100.00,4.56,0
Madeira,60.00,7.45,100.00,4.73,0
Madeira,60.00,6.27,100.00,5.51,0
Madeira,60.00,5.49,100.00,5.51,0
Madeira,60.00,5.49,100.00,6.88,0
Madeira,60.00,5.49,100.00,6.00,0
Madeira,60.00,3.92,100.00,5.43,0
Madeira,60.00,4.31,100.00,5.19,0
Madeira,60.00,5.10,100.00,4.78,0
Madeira,60.00,5.49,100.00,4.50,0
Madeira,60.00,5.49,100.00,4.67,0
Madeira,60.00,4.31,100.00,4.80,0
Madeira,60.00,5.49,100.00,4.12,0
Madeira,60.00,5.10,100.00,3.86,0
Madeira,60.00,5.49,100.00,3.49,0
Madeira,60.00,5.10,100.00,3.37,0
Madeira,60.00,3.14,100.00,3.08,0
Madeira,60.00,4.31,100.00,2.79,0
Madeira,60.00,4.31,100.00,2.71,0
Madeira,60.00,6.27,100.00,2.67,0
Madeira,60.00,6.27,100.00,2.74,0
Madeira,60.00,5.10,100.00,2.94,0
Madeira,60.00,5.49,100.00,2.56,0
Madeira,60.00,6.27,100.00,2.60,0
Madeira,60.00,5.10,100.00,2.56,0
Madeira,60.00,6.67,100.00,2.48,0
Madeira,60.00,5.49,100.00,4.14,0
Madeira,60.00,3.14,100.00,3.97,0
Madeira,60.00,5.10,100.00,7.04,0
Madeira,60.00,5.10,100.00,8.26,0
Madeira,60.00,6.27,100.00,8.46,0
Madeira,60.00,4.31,100.00,7.45,0
Madeira,60.00,5.10,100.00,7.14,0
Madeira,60.00,5.10,100.00,7.45,0
Madeira,34.05,28.03,51.76,0.85,0
Madeira,44.00,24.79,47.45,2.84,0
Madeira,36.00,26.72,51.37,3.25,0
Madeira,35.12,30.37,52.94,3.07,0
Madeira,38.00,24.79,47.45,2.60,0
Madeira,40.71,22.95,47.84,3.48,0
Madeira,35.71,30.88,53.33,4.39,0
Madeira,36.67,28.13,50.20,4.59,0
Madeira,44.00,24.79,47.45,3.98,0
Madeira,42.86,22.95,47.84,4.85,0
Madeira,33.66,30.15,53.33,4.57,0
Madeira,44.52,25.62,47.45,4.80,0
Madeira,43.45,23.97,47.45,5.68,0
Madeira,37.71,26.92,50.98,5.64,0
Madeira,35.12,30.37,52.94,5.76,0
Madeira,40.65,25.62,47.45,5.35,0
Madeira,42.22,22.31,47.45,4.42,0
Madeira,34.50,29.41,53.33,4.18,0
Madeira,36.92,30.00,50.98,3.83,0
Madeira,39.31,23.97,47.45,4.04,0
Madeira,38.18,25.78,50.20,4.37,0
Madeira,34.29,30.88,53.33,4.58,0
Madeira,40.65,25.41,47.84,4.65,0
Madeira,40.71,23.14,47.45,4.18,0
Madeira,36.36,25.78,50.20,3.79,0
Madeira,34.29,30.88,53.33,3.74,0
Madeira,42.00,24.59,47.84,3.81,0
Madeira,43.45,23.97,47.45,3.77,0
Madeira,36.36,25.78,50.20,4.18,0
Madeira,34.29,30.88,53.33,4.08,0
Madeira,42.00,24.79,47.45,3.85,0
Madeira,44.00,24.79,47.45,4.00,0
Madeira,37.06,26.56,50.20,4.67,0
Madeira,34.29,30.88,53.33,4.86,0
Madeira,44.00,24.79,47.45,4.37,0
Madeira,42.22,22.31,47.45,4.13,0
Madeira,34.74,28.57,52.16,4.36,0
Madeira,38.05,31.06,51.76,4.58,0
Madeira,40.65,25.62,47.45,4.12,0
Madeira,40.71,23.14,47.45,4.17,0
Madeira,34.74,28.57,52.16,4.06,0
Madeira,36.32,29.01,51.37,3.69,0
Madeira,40.71,23.14,47.45,5.84,0
Madeira,40.71,23.14,47.45,5.94,0
Madeira,34.05,27.82,52.16,5.75,0
Madeira,37.14,31.58,52.16,4.81,0
Madeira,44.00,24.79,47.45,4.31,0
Madeira,38.57,23.14,47.45,3.80,0
Madeira,34.74,28.57,52.16,4.53,0
Madeira,34.29,31.11,52.94,5.08,0
Madeira,44.00,24.79,47.45,4.91,0
Madeira,38.57,23.14,47.45,4.37,0
Madeira,32.20,30.15,53.33,3.65,0
Madeira,36.00,30.08,52.16,3.56,0
Madeira,42.58,25.62,47.45,3.12,0
Madeira,42.00,24.79,47.45,3.66,0
Madeira,36.32,28.79,51.76,3.88,0
Madeira,35.12,30.60,52.55,4.40,0
Madeira,44.00,24.79,47.45,4.99,0
Madeira,41.38,23.97,47.45,4.70,0
Madeira,31.50,29.41,53.33,4.77,0
Madeira,37.71,27.56,49.80,4.46,0
Madeira,41.38,23.97,47.45,6.92,0
Madeira,41.38,23.97,47.45,6.47,0
Madeira,34.29,30.88,53.33,5.48,0
Madeira,38.33,28.35,49.80,4.74,0
Madeira,44.00,24.79,47.45,4.36,0
Madeira,40.71,22.95,47.84,4.17,0
Madeira,33.85,28.89,52.94,3.67,0
Madeira,37.71,27.34,50.20,3.25,0
Madeira,42.00,24.79,47.45,2.96,0
Madeira,38.18,25.78,50.20,2.84,0
Madeira,32.86,30.88,53.33,2.83,0
Madeira,42.00,24.79,47.45,2.80,0
Madeira,40.00,22.31,47.45,4.08,0
Madeira,34.50,29.63,52.94,3.70,0
Madeira,37.89,29.23,50.98,3.29,0
Madeira,42.58,25.62,47.45,5.22,0
Madeira,36.36,25.98,49.80,5.00,0
Madeira,32.86,30.88,53.33,4.73,0
Madeira,42.00,24.79,47.45,5.21,0
Madeira,41.38,23.97,47.45,5.08,0
Madeira,36.92,29.32,52.16,4.90,0
Madeira,36.00,30.30,51.76,4.54,0
Madeira,42.58,25.62,47.45,4.12,0
Madeira,40.00,24.79,47.45,4.04,0
Madeira,34.74,28.57,52.16,3.77,0
Madeira,35.38,29.32,52.16,3.92,0
Madeira,40.65,25.62,47.45,4.43,0
Madeira,42.86,23.14,47.45,5.05,0
Madeira,31.50,29.41,53.33,4.69,0
Madeira,36.92,29.55,51.76,6.43,0
Madeira,42.58,25.62,47.45,6.98,0
Madeira,40.00,24.19,48.63,7.75,0
Madeira,34.29,30.88,53.33,7.04,0
Madeira,40.00,26.61,48.63,6.99,0
Madeira,44.00,24.79,47.45,9.55,0
Madeira,35.68,28.03,51.76,11.07,0
Madeira,36.59,30.83,52.16,10.10,0
Madeira,41.38,23.97,47.45,9.83,0
Madeira,39.31,23.58,48.24,9.34,0
Madeira,34.29,30.88,53.33,8.09,0
Madeira,42.58,25.62,47.45,7.61,0
Madeira,40.71,23.14,47.45,6.59,0
Madeira,35.68,28.03,51.76,5.71,0
Madeira,35.71,30.88,53.33,6.09,0
Madeira,42.58,25.62,47.45,5.65,0
Madeira,40.71,23.14,47.45,5.76,0
Madeira,33.66,30.15,53.33,6.16,0
Madeira,34.29,31.11,52.94,5.59,0
Madeira,40.65,25.62,47.45,5.23,0
Madeira,39.31,23.58,48.24,4.77,0
Madeira,33.66,30.15,53.33,4.31,0
Madeira,33.66,30.37,52.94,3.77,0
Madeira,40.65,25.62,47.45,3.60,0
Madeira,42.86,22.95,47.84,3.80,0
Madeira,33.00,29.41,53.33,3.55,0
Madeira,33.66,30.37,52.94,3.31,0
Madeira,40.00,24.79,47.45,3.56,0
Madeira,40.00,22.31,47.45,3.44,0
Madeira,33.00,29.63,52.94,3.29,0
Madeira,34.29,30.88,53.33,3.07,0
Madeira,42.00,24.79,47.45,3.07,0
Madeira,40.71,23.14,47.45,2.73,0
Madeira,34.05,27.82,52.16,2.54,0
Madeira,37.89,29.23,50.98,3.16,0
Madeira,44.52,25.62,47.45,3.12,0
Madeira,42.22,22.31,47.45,2.82,0
Madeira,33.85,28.89,52.94,3.06,0
Madeira,37.50,30.30,51.76,3.12,0
Madeira,39.31,23.97,47.45,3.05,0
Madeira,37.50,25.40,49.41,3.04,0
Madeira,32.20,30.15,53.33,3.24,0
Madeira,35.12,30.83,52.16,3.11,0
Madeira,42.00,24.79,47.45,3.14,0
Madeira,40.65,24.80,49.02,3.68,0
Madeira,33.66,30.15,53.33,5.51,0
Madeira,36.92,29.55,51.76,6.05,0
Madeira,42.00,24.79,47.45,5.79,0
Madeira,38.00,24.19,48.63,8.28,0
Madeira,32.20,30.15,53.33,8.35,0
Madeira,33.66,30.60,52.55,7.32,0
Madeira,40.65,25.62,47.45,7.39,0
Madeira,36.77,24.80,49.02,6.35,0
Madeira,33.66,30.15,53.33,5.36,0
Madeira,36.00,30.08,52.16,5.40,0
Madeira,42.00,24.79,47.45,4.87,0
Madeira,40.00,24.19,48.63,4.68,0
Madeira,32.86,30.88,53.33,4.25,0
Madeira,38.18,26.40,49.02,3.75,0
Madeira,42.00,24.79,47.45,3.43,0
Madeira,40.00,24.19,48.63,2.82,0
Madeira,34.29,30.88,53.33,2.84,0
Madeira,44.52,25.62,47.45,2.44,0
Madeira,42.00,24.79,47.45,2.22,0
Madeira,36.67,27.48,51.37,2.21,0
Madeira,35.12,30.60,52.55,2.47,0
Madeira,40.65,25.62,47.45,2.34,0
Madeira,42.86,23.14,47.45,2.21,0
Madeira,33.00,29.41,53.33,2.00,0
Madeira,39.43,27.78,49.41,2.28,0
Madeira,42.00,24.79,47.45,3.46,0
Madeira,37.24,23.58,48.24,4.21,0
Madeira,35.12,30.15,53.33,3.96,0
Madeira,35.12,30.60,52.55,4.15,0
Madeira,44.52,25.62,47.45,4.04,0
Madeira,39.31,23.97,47.45,4.20,0
Madeira,35.68,28.03,51.76,3.66,0
Madeira,35.12,30.60,52.55,3.77,0
Madeira,42.58,25.62,47.45,3.95,0
Madeira,39.31,23.97,47.45,3.46,0
Madeira,38.33,27.69,50.98,3.12,0
Madeira,32.20,30.15,53.33,3.04,0
Madeira,44.00,24.79,47.45,3.26,0
Madeira,40.71,23.14,47.45,2.93,0
Madeira,36.32,28.79,51.76,2.93,0
Madeira,35.12,30.37,52.94,2.97,0
Madeira,42.00,24.79,47.45,2.88,0
Madeira,40.71,23.14,47.45,2.53,0
Madeira,32.86,30.88,53.33,2.29,0
Madeira,40.00,28.35,49.80,2.32,0
Madeira,40.00,24.79,47.45,2.80,0
Madeira,41.38,23.97,47.45,3.04,0
Madeira,36.67,27.48,51.37,3.06,0
Madeira,42.00,24.79,47.45,3.28,0
Madeira,42.00,24.79,47.45,3.44,0
Madeira,36.00,26.92,50.98,3.07,0
Madeira,35.12,30.37,52.94,3.42,0
Madeira,40.00,24.79,47.45,3.21,0
Madeira,41.38,23.97,47.45,3.08,0
Madeira,32.20,30.15,53.33,3.05,0
Madeira,36.67,28.13,50.20,2.71,0
Madeira,40.00,24.79,47.45,2.64,0
Madeira,42.00,24.79,47.45,2.32,0
Madeira,37.71,26.92,50.98,2.16,0
Madeira,33.49,31.62,53.33,2.11,0
Madeira,42.58,25.62,47.45,2.67,0
Madeira,42.00,24.79,47.45,3.03,0
Madeira,37.71,26.92,50.98,3.00,0
Madeira,35.12,30.37,52.94,3.46,0
Madeira,42.58,25.62,47.45,3.41,0
Madeira,39.31,23.97,47.45,3.05,0
Madeira,37.71,26.92,50.98,3.08,0
Madeira,33.49,31.62,53.33,2.73,0
Madeira,42.00,24.79,47.45,3.85,0
Madeira,40.71,22.95,47.84,4.16,0
Madeira,32.20,30.15,53.33,6.18,0
Madeira,38.33,28.35,49.80,5.22,0
Madeira,42.00,24.79,47.45,6.10,0
Madeira,39.31,23.97,47.45,6.50,0
Madeira,37.30,28.24,51.37,6.22,0
Madeira,34.29,31.11,52.94,6.67,0
Madeira,42.00,24.79,47.45,6.97,0
Madeira,40.00,24.79,47.45,6.70,0
Madeira,40.71,22.95,47.84,7.02,0
Madeira,34.29,30.88,53.33,6.57,0
Madeira,38.33,28.35,49.80,6.00,0
Madeira,41.38,23.97,47.45,5.12,0
Madeira,40.71,22.95,47.84,4.14,0
Madeira,33.85,28.89,52.94,4.69,0
Madeira,35.71,31.11,52.94,4.48,0
Madeira,42.00,24.79,47.45,4.83,0
Madeira,42.00,24.79,47.45,4.65,0
Madeira,34.50,29.63,52.94,5.98,0
Madeira,36.67,28.13,50.20,9.34,0
Madeira,42.00,24.79,47.45,10.22,0
Madeira,42.00,24.79,47.45,9.55,0
Madeira,36.67,27.69,50.98,8.21,0
Madeira,32.86,30.88,53.33,7.42,0
Madeira,40.00,24.79,47.45,7.34,0
Madeira,40.00,24.79,47.45,6.29,0
Madeira,33.00,29.63,52.94,5.95,0
Madeira,36.92,30.00,50.98,5.38,0
Madeira,39.31,23.97,47.45,4.63,0
Madeira,40.00,22.31,47.45,4.61,0
Madeira,33.66,30.37,52.94,4.13,0
Madeira,36.59,31.06,51.76,4.62,0
Madeira,44.00,24.79,47.45,4.18,0
Madeira,41.38,23.97,47.45,3.92,0
Madeira,39.38,25.40,49.41,4.89,0
Madeira,34.29,30.88,53.33,5.08,0
Madeira,40.59,27.42,48.63,4.47,0
Madeira,42.00,24.79,47.45,4.06,0
Madeira,40.00,22.31,47.45,3.60,0
Madeira,33.00,29.63,52.94,3.66,0
Madeira,35.71,30.88,53.33,3.74,0
Madeira,44.52,25.62,47.45,3.93,0
Madeira,41.38,23.97,47.45,3.93,0
Madeira,39.38,25.40,49.41,3.65,0
Madeira,34.29,30.88,53.33,3.71,0
Madeira,40.00,26.61,48.63,3.87,0
Madeira,38.00,24.79,47.45,3.53,0
Madeira,40.65,24.80,49.02,3.00,0
Madeira,32.20,30.15,53.33,2.86,0
Madeira,36.59,30.83,52.16,2.58,0
Madeira,42.00,24.79,47.45,2.52,0
Madeira,41.38,23.97,47.45,2.54,0
Madeira,35.38,29.32,52.16,2.85,0
Madeira,35.12,30.60,52.55,3.45,0
Madeira,42.00,24.79,47.45,3.50,0
Madeira,42.86,23.14,47.45,3.86,0
Madeira,35.68,28.03,51.76,3.46,0
Madeira,34.29,31.11,52.94,3.29,0
Madeira,42.00,24.79,47.45,3.05,0
Madeira,39.31,23.97,47.45,3.29,0
Madeira,37.71,26.92,50.98,3.84,0
Madeira,34.29,31.11,52.94,3.46,0
Madeira,41.38,23.97,47.45,3.90,0
Madeira,42.22,22.31,47.45,7.89,0
Madeira,31.50,29.41,53.33,8.73,0
Madeira,35.71,31.11,52.94,8.64,0
Madeira,42.00,24.79,47.45,8.38,0
Madeira,44.00,24.79,47.45,7.11,0
Madeira,32.20,30.15,53.33,6.22,0
Madeira,36.92,30.00,50.98,5.56,0
Madeira,42.00,24.79,47.45,5.15,0
Madeira,37.06,26.56,50.20,5.86,0
Madeira,33.00,29.41,53.33,5.24,0
Madeira,40.65,25.41,47.84,5.86,0
Madeira,42.00,24.79,47.45,5.37,0
Madeira,34.50,29.63,52.94,5.36,0
Madeira,36.00,30.30,51.76,5.89,0
Madeira,42.00,24.79,47.45,7.92,0
Madeira,42.58,25.62,47.45,7.33,0
Madeira,34.05,27.82,52.16,6.30,0
Madeira,34.50,30.08,52.16,5.86,0
Madeira,40.00,24.79,47.45,5.59,0
Madeira,38.57,23.14,47.45,4.84,0
Madeira,33.66,30.15,53.33,4.23,0
Madeira,35.12,30.60,52.55,6.35,0
Madeira,44.00,24.79,47.45,5.85,0
Madeira,39.31,23.97,47.45,5.59,0
Madeira,36.67,27.48,51.37,5.57,0
Madeira,35.71,31.11,52.94,6.30,0
Madeira,39.31,23.97,47.45,6.40,0
Madeira,42.00,24.79,47.45,5.61,0
Madeira,42.86,22.95,47.84,4.94,0
Madeira,33.66,30.15,53.33,4.54,0
Madeira,44.00,24.79,47.45,4.47,0
Madeira,42.00,24.79,47.45,4.71,0
Madeira,33.00,29.63,52.94,4.61,0
Madeira,39.00,30.77,50.98,4.00,0
Madeira,40.65,25.62,47.45,4.14,0
Madeira,35.00,27.69,50.98,3.84,0
Madeira,32.86,30.88,53.33,4.01,0
Madeira,44.52,25.62,47.45,4.29,0
Madeira,40.00,22.31,47.45,3.88,0
Madeira,35.38,29.10,52.55,3.97,0
Madeira,37.89,29.23,50.98,3.76,0
Madeira,42.00,24.79,47.45,5.29,0
Madeira,40.00,24.79,47.45,4.53,0
Madeira,40.65,24.80,49.02,4.40,0
Madeira,34.29,30.88,53.33,3.82,0
Madeira,42.58,25.62,47.45,3.59,0
Madeira,40.71,23.14,47.45,3.80,0
Madeira,35.68,28.03,51.76,4.30,0
Madeira,35.71,31.11,52.94,3.57,0
Madeira,42.00,24.79,47.45,3.57,0
Madeira,40.71,22.95,47.84,4.20,0
Madeira,34.29,30.88,53.33,3.87,0
Madeira,37.89,29.69,50.20,3.83,0
Madeira,38.71,25.62,47.45,3.78,0
Madeira,40.00,22.31,47.45,4.01,0
Madeira,31.50,29.41,53.33,4.23,0
Madeira,37.89,29.23,50.98,4.22,0
Madeira,42.00,24.79,47.45,4.20,0
Madeira,40.00,22.31,47.45,3.65,0
Madeira,33.85,29.10,52.55,3.18,0
Madeira,36.59,31.06,51.76,3.31,0
Madeira,42.00,24.79,47.45,3.63,0
Madeira,39.38,25.40,49.41,3.28,0
Madeira,33.66,30.15,53.33,2.91,0
Madeira,36.00,30.08,52.16,2.57,0
Madeira,42.58,25.62,47.45,2.46,0
Madeira,38.57,23.14,47.45,2.11,0
Madeira,36.67,27.48,51.37,2.65,0
Madeira,35.12,30.60,52.55,3.38,0
Madeira,42.00,24.79,47.45,3.74,0
Madeira,40.71,23.14,47.45,3.42,0
Madeira,36.00,26.92,50.98,4.78,0
Madeira,33.66,30.37,52.94,4.42,0
Madeira,42.58,25.62,47.45,3.81,0
Madeira,41.38,23.97,47.45,4.48,0
Madeira,32.20,30.15,53.33,3.85,0
Madeira,37.89,29.46,50.59,3.52,0
Madeira,44.52,25.62,47.45,3.98,0
Madeira,42.22,22.31,47.45,3.70,0
Madeira,33.16,28.36,52.55,4.31,0
Madeira,34.29,30.88,53.33,5.61,0
Madeira,42.00,24.79,47.45,5.86,0
Madeira,42.00,24.79,47.45,5.18,0
Madeira,38.71,24.80,49.02,5.33,0
Madeira,34.29,30.88,53.33,5.79,0
Madeira,42.00,24.79,47.45,4.98,0
Madeira,40.00,24.79,47.45,4.86,0
Madeira,38.00,24.19,48.63,4.42,0
Madeira,32.20,30.15,53.33,3.85,0
Madeira,38.33,28.35,49.80,3.76,0
Madeira,40.65,25.62,47.45,3.35,0
Madeira,42.00,24.79,47.45,3.64,0
Madeira,37.71,27.13,50.59,4.97,0
Madeira,32.86,30.88,53.33,4.28,0
Madeira,40.65,25.41,47.84,4.43,0
Madeira,42.00,24.79,47.45,4.02,0
Madeira,38.57,23.14,47.45,3.80,0
Madeira,33.00,29.63,52.94,3.42,0
Madeira,36.32,29.01,51.37,2.98,0
Madeira,40.00,24.79,47.45,3.09,0
Madeira,36.36,25.98,49.80,3.15,0
Madeira,32.20,30.15,53.33,2.90,0
Madeira,39.38,25.81,48.63,2.62,0
Madeira,42.00,24.79,47.45,2.78,0
Madeira,35.38,29.32,52.16,2.92,0
Madeira,36.00,30.08,52.16,2.97,0
Madeira,40.00,24.79,47.45,2.73,0
Madeira,42.58,25.62,47.45,3.15,0
Madeira,42.86,22.95,47.84,3.36,0
Madeira,34.29,30.88,53.33,4.44,0
Madeira,37.30,28.91,50.20,4.98,0
Madeira,40.00,24.79,47.45,5.64,0
Madeira,36.67,27.69,50.98,5.89,0
Madeira,33.66,30.37,52.94,5.20,0
Madeira,41.38,23.97,47.45,4.68,0
Madeira,42.00,24.79,47.45,5.62,0
Madeira,37.71,27.13,50.59,5.42,0
Madeira,32.86,30.88,53.33,6.05,0
Madeira,40.00,24.79,47.45,6.30,0
Madeira,42.00,24.79,47.45,5.84,0
Madeira,40.65,24.80,49.02,5.85,0
Madeira,34.88,31.62,53.33,5.53,0
Madeira,42.00,24.79,47.45,5.71,0
Madeira,42.58,25.62,47.45,6.12,0
Madeira,38.00,24.19,48.63,7.09,0
Madeira,32.20,30.15,53.33,6.42,0
Madeira,38.82,27.20,49.02,6.28,0
Madeira,40.00,24.79,47.45,6.01,0
Madeira,42.86,22.95,47.84,5.73,0
Madeira,32.20,30.15,53.33,8.20,0
Madeira,35.68,28.91,50.20,9.40,0
Madeira,40.00,24.79,47.45,8.85,0
Madeira,36.67,27.69,50.98,8.09,0
Madeira,33.49,31.62,53.33,8.62,0
Madeira,42.00,24.79,47.45,8.52,0
Madeira,42.00,24.79,47.45,7.67,0
Madeira,32.86,30.88,53.33,10.50,0
Madeira,32.86,30.88,53.33,9.60,0
Madeira,42.00,24.79,47.45,9.00,0
Madeira,41.38,23.97,47.45,7.92,0
Madeira,37.06,26.36,50.59,7.39,0
Madeira,34.29,30.88,53.33,6.74,0
Madeira,40.65,25.41,47.84,5.93,0
Madeira,44.00,24.79,47.45,9.60,0
Madeira,42.22,22.31,47.45,8.46,0
Madeira,34.74,28.36,52.55,8.04,0
Madeira,36.92,29.77,51.37,7.21,0
Madeira,40.00,24.79,47.45,7.00,0
Madeira,40.00,22.31,47.45,6.24,0
Madeira,32.31,28.89,52.94,5.42,0
Madeira,33.85,29.77,51.37,4.58,0
Madeira,42.00,24.79,47.45,4.24,0
Madeira,40.71,23.14,47.45,5.90,0
Madeira,33.00,29.63,52.94,6.42,0
Madeira,36.00,30.30,51.76,5.48,0
Madeira,40.65,25.62,47.45,5.95,0
Madeira,38.57,23.14,47.45,5.11,0
Madeira,34.05,27.82,52.16,5.53,0
Madeira,36.00,30.30,51.76,6.62,0
Madeira,40.65,25.62,47.45,6.29,0
Madeira,40.71,23.14,47.45,6.34,0
Madeira,34.74,28.57,52.16,6.42,0
Madeira,35.12,30.83,52.16,6.86,0
Madeira,42.00,24.79,47.45,7.93,0
Madeira,38.57,23.14,47.45,8.45,0
Madeira,36.32,28.79,51.76,7.50,0
Madeira,36.00,30.08,52.16,8.62,0
Madeira,40.00,24.79,47.45,8.03,0
Madeira,39.31,23.97,47.45,7.05,0
Madeira,36.67,27.69,50.98,6.41,0
Madeira,34.29,31.11,52.94,5.89,0
Madeira,39.31,23.97,47.45,5.80,0
Madeira,41.38,23.97,47.45,5.70,0
Madeira,34.29,26.92,50.98,6.24,0
Madeira,32.86,30.88,53.33,6.29,0
Madeira,42.00,24.79,47.45,7.63,0
Madeira,41.38,23.97,47.45,7.42,0
Madeira,35.29,26.36,50.59,7.63,0
Madeira,32.86,30.88,53.33,7.75,0
Madeira,42.00,24.79,47.45,6.83,0
Madeira,40.65,25.62,47.45,6.20,0
Madeira,37.06,26.56,50.20,5.47,0
Madeira,34.29,30.88,53.33,6.21,0
Madeira,40.65,25.62,47.45,6.39,0
Madeira,42.00,24.79,47.45,6.94,0
Madeira,38.71,24.80,49.02,7.48,0
Madeira,34.29,30.88,53.33,7.61,0
Madeira,40.00,24.79,47.45,6.98,0
Madeira,42.00,24.79,47.45,5.93,0
Madeira,38.71,24.80,49.02,5.38,0
Madeira,33.66,30.15,53.33,6.19,0
Madeira,36.00,30.08,52.16,6.85,0
Madeira,42.58,25.62,47.45,6.93,0
Madeira,40.71,23.14,47.45,7.16,0
Madeira,36.32,28.79,51.76,7.96,0
Madeira,33.66,30.60,52.55,7.92,0
Madeira,40.00,24.79,47.45,7.62,0
Madeira,40.71,23.14,47.45,8.36,0
Madeira,36.67,27.48,51.37,7.67,0
Madeira,34.29,31.11,52.94,6.76,0
Madeira,42.58,25.62,47.45,6.13,0
Madeira,42.00,24.79,47.45,7.43,0
Madeira,35.29,26.15,50.98,6.61,0
Madeira,34.29,30.88,53.33,6.46,0
Madeira,44.00,24.79,47.45,5.53,0
Madeira,41.38,23.97,47.45,5.47,0
Madeira,35.12,30.37,52.94,7.30,0
Madeira,32.86,30.88,53.33,6.83,0
Madeira,40.00,24.79,47.45,5.70,0
Madeira,44.52,25.62,47.45,6.51,0
Madeira,36.92,29.32,52.16,6.53,0
Madeira,34.50,30.30,51.76,7.23,0
Madeira,42.58,25.62,47.45,7.21,0
Madeira,37.78,22.31,47.45,6.85,0
Madeira,33.85,29.10,52.55,7.08,0
Madeira,36.00,30.30,51.76,6.92,0
Madeira,41.38,23.97,47.45,6.13,0
Madeira,38.57,23.14,47.45,6.11,0
Madeira,36.32,28.79,51.76,5.30,0
Madeira,36.00,30.08,52.16,5.34,0
Madeira,42.00,24.79,47.45,4.79,0
Madeira,41.38,23.97,47.45,3.97,0
Madeira,37.30,28.24,51.37,4.27,0
Madeira,34.50,29.85,52.55,3.90,0
Madeira,40.00,24.79,47.45,4.76,0
Madeira,41.38,23.97,47.45,4.37,0
Madeira,35.68,28.24,51.37,4.09,0
Madeira,34.29,31.11,52.94,4.47,0
Madeira,42.00,24.79,47.45,4.20,0
Madeira,42.00,24.79,47.45,4.36,0
Madeira,36.00,26.92,50.98,5.60,0
Madeira,33.66,30.37,52.94,6.06,0
Madeira,3.33,35.29,20.00,0.27,0
Madeira,4.62,28.26,18.04,0.68,0
Madeira,8.18,41.51,20.78,0.98,0
Madeira,0.00,29.55,17.25,2.69,0
Madeira,3.33,35.29,20.00,3.38,0
Madeira,4.00,32.61,18.04,4.33,0
Madeira,5.00,26.67,17.65,4.81,0
Madeira,8.57,40.38,20.39,4.23,0
Madeira,8.57,31.11,17.65,5.05,0
Madeira,6.32,36.54,20.39,5.63,0
Madeira,7.06,35.42,18.82,7.60,0
Madeira,4.62,28.26,18.04,8.34,0
Madeira,10.91,41.51,20.78,7.56,0
Madeira,7.50,34.04,18.43,12.91,0
Madeira,6.67,35.29,20.00,11.37,0
Madeira,6.67,36.73,19.22,12.16,0
Madeira,4.62,28.26,18.04,12.33,0
Madeira,8.57,39.62,20.78,10.30,0
Madeira,8.00,32.61,18.04,9.24,0
Madeira,6.32,36.54,20.39,9.11,0
Madeira,6.67,36.73,19.22,10.68,0
Madeira,8.57,30.43,18.04,10.22,0
Madeira,8.18,40.74,21.18,9.94,0
Madeira,8.00,32.61,18.04,8.57,0
Madeira,6.67,35.29,20.00,9.15,0
Madeira,6.67,36.73,19.22,9.29,0
Madeira,4.29,29.79,18.43,15.20,0
Madeira,8.18,40.74,21.18,13.71,0
Madeira,7.06,35.42,18.82,11.89,0
Madeira,6.67,35.29,20.00,11.78,0
Madeira,9.00,39.22,20.00,9.89,0
Madeira,4.29,29.79,18.43,10.45,0
Madeira,8.18,40.74,21.18,9.92,0
Madeira,7.50,34.04,18.43,9.34,0
Madeira,3.53,34.00,19.61,9.26,0
Madeira,8.57,40.38,20.39,8.53,0
Madeira,4.00,31.91,18.43,8.75,0
Madeira,5.71,38.89,21.18,10.87,0
Madeira,7.50,34.04,18.43,9.94,0
Madeira,7.50,32.65,19.22,8.55,0
Madeira,8.57,40.38,20.39,7.91,0
Madeira,4.00,31.91,18.43,6.85,0
Madeira,8.57,38.89,21.18,6.50,0
Madeira,7.50,34.04,18.43,6.00,0
Madeira,8.00,31.25,18.82,5.42,0
Madeira,8.57,40.38,20.39,5.87,0
Madeira,4.00,31.91,18.43,8.19,0
Madeira,8.57,38.89,21.18,15.77,0
Madeira,7.50,34.04,18.43,13.82,0
Madeira,12.00,31.25,18.82,13.21,0
Madeira,8.18,41.51,20.78,11.32,0
Madeira,7.50,34.04,18.43,9.33,0
Madeira,6.00,37.74,20.78,8.43,0
Madeira,7.50,34.04,18.43,7.25,0
Madeira,7.50,32.65,19.22,9.60,0
Madeira,10.43,43.40,20.78,8.20,0
Madeira,4.29,30.43,18.04,7.63,0
Madeira,6.00,37.74,20.78,7.17,0
Madeira,7.50,34.04,18.43,6.39,0
Madeira,8.00,31.25,18.82,9.33,0
Madeira,8.18,41.51,20.78,8.41,0
Madeira,4.00,31.91,18.43,7.78,0
Madeira,8.57,39.62,20.78,7.30,0
Madeira,7.50,34.04,18.43,9.38,0
Madeira,8.00,31.91,18.43,8.61,0
Madeira,8.18,41.51,20.78,7.68,0
Madeira,8.00,32.61,18.04,7.88,0
Madeira,6.00,37.74,20.78,6.65,0
Madeira,7.50,34.04,18.43,6.36,0
Madeira,4.29,29.79,18.43,6.22,0
Madeira,8.18,41.51,20.78,7.83,0
Madeira,7.50,34.04,18.43,7.61,0
Madeira,6.32,36.54,20.39,7.79,0
Madeira,7.50,34.04,18.43,7.55,0
Madeira,4.62,28.26,18.04,7.60,0
Madeira,8.18,41.51,20.78,8.04,0
Madeira,8.00,32.61,18.04,7.42,0
Madeira,6.32,36.54,20.39,8.66,0
Madeira,6.67,36.73,19.22,9.29,0
Madeira,8.57,30.43,18.04,7.88,0
Madeira,5.71,39.62,20.78,6.77,0
Madeira,8.00,32.61,18.04,6.26,0
Madeira,6.32,36.54,20.39,9.02,0
Madeira,6.32,38.00,19.61,9.60,0
Madeira,8.57,30.43,18.04,8.33,0
Madeira,9.00,38.46,20.39,7.92,0
Madeira,8.00,32.61,18.04,6.71,0
Madeira,6.67,35.29,20.00,6.36,0
Madeira,6.32,38.00,19.61,5.80,0
Madeira,4.29,30.43,18.04,5.34,0
Madeira,8.57,39.62,20.78,5.09,0
Madeira,8.00,32.61,18.04,4.83,0
Madeira,7.06,34.00,19.61,5.44,0
Madeira,6.00,39.22,20.00,5.39,0
Madeira,4.29,30.43,18.04,4.62,0
Madeira,8.57,39.62,20.78,4.50,0
Madeira,8.00,32.61,18.04,4.17,0
Madeira,7.06,34.00,19.61,5.16,0
Madeira,6.00,39.22,20.00,4.71,0
Madeira,4.29,30.43,18.04,4.83,0
Madeira,8.57,39.62,20.78,4.63,0
Madeira,8.00,32.61,18.04,4.89,0
Madeira,7.06,34.00,19.61,4.61,0
Madeira,8.57,41.18,20.00,4.41,0
Madeira,4.29,30.43,18.04,5.39,0
Madeira,5.71,39.62,20.78,5.11,0
Madeira,8.57,31.11,17.65,5.10,0
Madeira,3.75,32.65,19.22,8.34,0
Madeira,8.18,42.31,20.39,8.62,0
Madeira,8.00,32.61,18.04,8.06,0
Madeira,8.57,39.62,20.78,6.89,0
Madeira,7.50,34.04,18.43,6.98,0
Madeira,4.00,31.25,18.82,8.31,0
Madeira,8.57,40.38,20.39,10.08,0
Madeira,8.00,32.61,18.04,12.19,0
Madeira,6.00,37.74,20.78,12.23,0
Madeira,7.50,34.04,18.43,11.77,0
Madeira,4.00,31.25,18.82,13.81,0
Madeira,8.18,41.51,20.78,13.22,0
Madeira,8.00,32.61,18.04,12.52,0
Madeira,6.00,37.74,20.78,10.54,0
Madeira,7.50,34.04,18.43,9.92,0
Madeira,8.57,29.79,18.43,8.99,0
Madeira,8.57,40.38,20.39,8.67,0
Madeira,8.57,31.11,17.65,9.07,0
Madeira,8.57,39.62,20.78,8.28,0
Madeira,8.00,32.61,18.04,7.24,0
Madeira,4.29,29.79,18.43,8.02,0
Madeira,8.18,41.51,20.78,8.73,0
Madeira,8.00,32.61,18.04,7.88,0
Madeira,3.16,36.54,20.39,8.12,0
Madeira,7.50,34.04,18.43,7.60,0
Madeira,4.62,28.26,18.04,7.58,0
Madeira,8.18,41.51,20.78,8.30,0
Madeira,8.00,32.61,18.04,9.80,0
Madeira,6.32,36.54,20.39,9.72,0
Madeira,6.67,37.50,18.82,9.02,0
Madeira,4.62,28.26,18.04,7.91,0
Madeira,5.71,39.62,20.78,8.43,0
Madeira,8.00,32.61,18.04,7.70,0
Madeira,6.67,35.29,20.00,7.24,0
Madeira,6.67,36.73,19.22,6.29,0
Madeira,8.57,30.43,18.04,5.96,0
Madeira,10.91,41.51,20.78,6.01,0
Madeira,8.00,32.61,18.04,5.66,0
Madeira,6.67,35.29,20.00,5.51,0
Madeira,6.32,38.00,19.61,4.90,0
Madeira,4.29,30.43,18.04,4.63,0
Madeira,5.71,39.62,20.78,5.05,0
Madeira,8.00,32.61,18.04,5.05,0
Madeira,3.33,35.29,20.00,4.56,0
Madeira,6.00,39.22,20.00,4.86,0
Madeira,4.29,30.43,18.04,6.30,0
Madeira,8.57,39.62,20.78,7.48,0
Madeira,8.00,32.61,18.04,7.66,0
Madeira,7.06,34.00,19.61,9.51,0
Madeira,6.00,39.22,20.00,8.21,0
Madeira,4.29,30.43,18.04,11.71,0
Madeira,8.57,39.62,20.78,10.27,0
Madeira,8.57,31.11,17.65,16.39,0
Madeira,8.00,31.25,18.82,14.81,0
Madeira,6.00,39.22,20.00,13.48,0
Madeira,4.29,30.43,18.04,18.40,0
Madeira,6.00,37.74,20.78,15.76,0
Madeira,8.00,32.61,18.04,17.38,0
Madeira,8.00,31.25,18.82,14.75,0
Madeira,8.57,40.38,20.39,13.36,0
Madeira,8.57,31.11,17.65,11.21,0
Madeira,8.57,39.62,20.78,9.28,0
Madeira,8.00,32.61,18.04,7.91,0
Madeira,8.00,31.25,18.82,7.12,0
Madeira,8.57,40.38,20.39,6.84,0
Madeira,8.57,31.11,17.65,5.96,0
Madeira,8.57,39.62,20.78,8.93,0
Madeira,8.00,32.61,18.04,10.81,0
Madeira,4.29,29.79,18.43,10.72,0
Madeira,8.18,41.51,20.78,13.66,0
Madeira,8.57,31.11,17.65,13.95,0
Madeira,6.32,36.54,20.39,12.27,0
Madeira,7.50,34.04,18.43,14.13,0
Madeira,4.62,28.26,18.04,13.25,0
Madeira,8.18,41.51,20.78,14.17,0
Madeira,8.57,31.11,17.65,15.63,0
Madeira,6.32,36.54,20.39,14.08,0
Madeira,7.06,35.42,18.82,13.33,0
Madeira,4.62,28.26,18.04,13.75,0
Madeira,8.18,41.51,20.78,11.81,0
Madeira,8.00,32.61,18.04,13.04,0
Madeira,6.00,37.74,20.78,16.92,0
Madeira,7.06,35.42,18.82,17.30,0
Madeira,4.62,28.26,18.04,14.92,0
Madeira,5.71,39.62,20.78,14.20,0
Madeira,8.57,31.11,17.65,14.16,0
Madeira,6.67,35.29,20.00,14.87,0
Madeira,6.67,36.73,19.22,13.16,0
Madeira,9.23,28.89,17.65,12.72,0
Madeira,5.71,39.62,20.78,12.24,0
Madeira,8.00,32.61,18.04,11.04,0
Madeira,6.67,35.29,20.00,9.85,0
Madeira,6.32,38.00,19.61,8.58,0
Madeira,4.29,30.43,18.04,7.92,0
Madeira,8.57,39.62,20.78,7.05,0
Madeira,8.57,31.11,17.65,6.31,0
Madeira,3.53,34.00,19.61,6.31,0
Madeira,6.00,39.22,20.00,5.91,0
Madeira,4.62,28.89,17.65,10.38,0
Madeira,8.57,39.62,20.78,12.66,0
Madeira,4.29,31.11,17.65,12.80,0
Madeira,7.06,34.00,19.61,18.92,0
Madeira,9.00,39.22,20.00,15.91,0
Madeira,4.62,28.89,17.65,13.05,0
Madeira,6.00,37.74,20.78,11.97,0
Madeira,8.00,32.61,18.04,10.59,0
Madeira,3.75,32.65,19.22,10.44,0
Madeira,6.00,39.22,20.00,9.09,0
Madeira,4.62,28.89,17.65,9.34,0
Madeira,8.57,39.62,20.78,8.81,0
Madeira,8.00,32.61,18.04,7.88,0
Madeira,4.00,31.25,18.82,7.82,0
Madeira,5.71,40.38,20.39,7.60,0
Madeira,8.57,31.11,17.65,7.26,0
Madeira,6.00,37.74,20.78,6.87,0
Madeira,8.00,32.61,18.04,6.21,0
Madeira,8.00,31.25,18.82,5.45,0
Madeira,8.57,40.38,20.39,5.67,0
Madeira,8.57,31.11,17.65,6.13,0
Madeira,6.00,37.74,20.78,7.55,0
Madeira,8.00,32.61,18.04,7.84,0
Madeira,12.86,30.43,18.04,11.02,0
Madeira,8.57,40.38,20.39,11.86,0
Madeira,8.57,31.11,17.65,11.98,0
Madeira,3.00,37.74,20.78,12.35,0
Madeira,8.00,32.61,18.04,14.24,0
Madeira,4.62,28.26,18.04,12.86,0
Madeira,8.18,41.51,20.78,13.13,0
Madeira,8.00,32.61,18.04,13.80,0
Madeira,9.47,36.54,20.39,18.63,0
Madeira,7.50,34.04,18.43,19.71,0
Madeira,4.62,28.26,18.04,20.38,0
Madeira,5.45,41.51,20.78,19.53,0
Madeira,8.00,32.61,18.04,17.90,0
Madeira,6.32,36.54,20.39,16.15,0
Madeira,7.06,35.42,18.82,13.99,0
Madeira,4.29,29.79,18.43,14.66,0
Madeira,8.18,41.51,20.78,12.95,0
Madeira,8.00,32.61,18.04,13.32,0
Madeira,6.32,36.54,20.39,13.95,0
Madeira,3.53,34.69,19.22,13.27,0
Madeira,8.57,30.43,18.04,11.09,0
Madeira,10.91,41.51,20.78,9.41,0
Madeira,8.57,31.11,17.65,8.54,0
Madeira,6.67,35.29,20.00,7.83,0
Madeira,10.00,36.73,19.22,7.21,0
Madeira,4.62,28.26,18.04,7.04,0
Madeira,8.57,39.62,20.78,6.30,0
Madeira,8.00,32.61,18.04,7.04,0
Madeira,6.67,35.29,20.00,5.95,0
Madeira,6.00,39.22,20.00,5.80,0
Madeira,4.29,30.43,18.04,5.32,0
Madeira,8.18,40.74,21.18,5.38,0
Madeira,8.00,32.61,18.04,4.75,0
Madeira,7.06,34.00,19.61,4.48,0
Madeira,6.00,39.22,20.00,4.37,0
Madeira,4.29,30.43,18.04,6.20,0
Madeira,8.57,39.62,20.78,5.93,0
Madeira,8.00,32.61,18.04,5.92,0
Madeira,7.50,32.65,19.22,6.23,0
Madeira,6.00,39.22,20.00,5.59,0
Madeira,4.29,30.43,18.04,5.90,0
Madeira,5.71,39.62,20.78,5.36,0
Madeira,8.00,32.61,18.04,5.41,0
Madeira,4.00,31.25,18.82,4.91,0
Madeira,8.57,40.38,20.39,5.35,0
Madeira,4.29,30.43,18.04,5.17,0
Madeira,8.57,39.62,20.78,5.07,0
Madeira,8.00,32.61,18.04,5.17,0
Madeira,4.29,29.79,18.43,4.89,0
Madeira,8.57,40.38,20.39,6.28,0
Madeira,8.57,31.11,17.65,7.00,0
Madeira,6.00,37.74,20.78,8.16,0
Madeira,7.50,34.04,18.43,7.40,0
Madeira,4.29,29.79,18.43,6.69,0
Madeira,8.18,41.51,20.78,6.57,0
Madeira,12.00,32.61,18.04,7.07,0
Madeira,6.00,37.74,20.78,6.11,0
Madeira,7.50,34.04,18.43,5.20,0
Madeira,4.29,29.79,18.43,6.61,0
Madeira,8.18,41.51,20.78,8.70,0
Madeira,8.00,32.61,18.04,11.07,0
Madeira,6.32,36.54,20.39,11.20,0
Madeira,7.06,35.42,18.82,9.44,0
Madeira,8.57,30.43,18.04,8.97,0
Madeira,10.91,41.51,20.78,8.49,0
Madeira,8.00,32.61,18.04,10.28,0
Madeira,6.32,36.54,20.39,9.13,0
Madeira,6.67,36.73,19.22,9.04,0
Madeira,4.62,28.26,18.04,8.20,0
Madeira,7.83,42.59,21.18,9.06,0
Madeira,8.00,32.61,18.04,9.90,0
Madeira,6.67,35.29,20.00,8.80,0
Madeira,6.32,38.00,19.61,10.14,0
Madeira,4.29,30.43,18.04,11.40,0
Madeira,8.57,39.62,20.78,12.37,0
Madeira,8.00,32.61,18.04,11.11,0
Madeira,3.33,35.29,20.00,10.99,0
Madeira,6.32,38.00,19.61,11.13,0
Madeira,4.29,30.43,18.04,18.22,0
Madeira,8.57,39.62,20.78,20.83,0
Madeira,8.00,32.61,18.04,23.11,0
Madeira,6.67,35.29,20.00,22.68,0
Madeira,6.00,39.22,20.00,20.75,0
Madeira,4.29,30.43,18.04,18.28,0
Madeira,8.57,39.62,20.78,23.46,0
Madeira,8.00,32.61,18.04,21.60,0
Madeira,7.06,34.00,19.61,18.73,0
Madeira,6.00,39.22,20.00,20.70,0
Madeira,4.29,30.43,18.04,22.78,0
Madeira,8.57,39.62,20.78,23.46,0
Madeira,8.00,32.61,18.04,20.52,0
Madeira,8.00,31.25,18.82,17.41,0
Madeira,6.00,39.22,20.00,15.62,0
Madeira,8.00,32.61,18.04,13.53,0
Madeira,8.57,39.62,20.78,12.20,0
Madeira,8.00,32.61,18.04,10.75,0
Madeira,4.00,31.25,18.82,10.02,0
Madeira,8.57,40.38,20.39,11.53,0
Madeira,8.00,32.61,18.04,10.95,0
Madeira,8.57,39.62,20.78,9.77,0
Madeira,8.00,32.61,18.04,9.16,0
Madeira,4.00,31.25,18.82,8.02,0
Madeira,8.18,41.51,20.78,7.01,0
Madeira,8.00,32.61,18.04,5.90,0
Madeira,6.00,37.74,20.78,5.51,0
Madeira,11.25,34.78,18.04,5.80,0
Madeira,4.29,29.79,18.43,5.05,0
Madeira,8.18,41.51,20.78,5.41,0
Madeira,8.00,32.61,18.04,5.28,0
Madeira,6.00,37.74,20.78,7.42,0
Madeira,7.50,34.04,18.43,10.00,0
Madeira,4.29,29.79,18.43,8.56,0
Madeira,8.18,41.51,20.78,7.54,0
Madeira,8.00,32.61,18.04,7.69,0
Madeira,6.32,36.54,20.39,7.19,0
Madeira,7.06,35.42,18.82,7.11,0
Madeira,8.57,30.43,18.04,9.67,0
Madeira,8.57,39.62,20.78,12.40,0
Madeira,8.00,32.61,18.04,10.54,0
Madeira,6.32,36.54,20.39,10.41,0
Madeira,7.06,35.42,18.82,8.84,0
Madeira,8.57,30.43,18.04,8.11,0
Madeira,5.71,39.62,20.78,9.05,0
Madeira,11.25,34.78,18.04,9.50,0
Madeira,6.67,35.29,20.00,9.07,0
Madeira,6.32,38.00,19.61,8.68,0
Madeira,8.57,30.43,18.04,8.73,0
Madeira,5.45,40.74,21.18,8.76,0
Madeira,8.00,32.61,18.04,7.34,0
Madeira,6.67,35.29,20.00,6.65,0
Madeira,6.32,38.00,19.61,6.15,0
Madeira,8.00,31.91,18.43,5.60,0
Madeira,8.57,39.62,20.78,4.81,0
Madeira,8.00,32.61,18.04,4.19,0
Madeira,10.00,36.00,19.61,4.16,0
Madeira,6.00,39.22,20.00,6.78,0
Madeira,4.29,30.43,18.04,7.15,0
Madeira,8.57,39.62,20.78,7.70,0
Madeira,8.00,32.61,18.04,6.80,0
Madeira,7.50,32.65,19.22,7.73,0
Madeira,5.71,40.38,20.39,10.45,0
Madeira,4.29,30.43,18.04,11.42,0
Madeira,8.57,39.62,20.78,9.87,0
Madeira,8.00,32.61,18.04,9.76,0
Madeira,8.00,31.25,18.82,15.60,0
Madeira,8.57,40.38,20.39,13.32,0
Madeira,8.00,32.61,18.04,11.65,0
Madeira,6.00,37.74,20.78,10.52,0
Madeira,8.00,32.61,18.04,9.32,0
Madeira,4.00,31.25,18.82,8.36,0
Madeira,8.18,41.51,20.78,7.65,0
Madeira,8.00,32.61,18.04,7.08,0
Madeira,6.00,37.74,20.78,6.49,0
Madeira,7.50,34.04,18.43,6.10,0
Madeira,4.29,29.79,18.43,5.82,0
Madeira,8.18,41.51,20.78,5.35,0
Madeira,8.00,32.61,18.04,7.39,0
Madeira,6.00,37.74,20.78,8.88,0
Madeira,7.50,34.04,18.43,12.01,0
Madeira,8.00,31.91,18.43,11.27,0
Madeira,8.18,41.51,20.78,9.99,0
Madeira,8.00,32.61,18.04,10.02,0
Madeira,6.32,36.54,20.39,14.64,0
Madeira,7.06,35.42,18.82,13.57,0
Madeira,4.62,28.26,18.04,11.73,0
Madeira,7.83,42.59,21.18,10.26,0
Madeira,7.50,34.04,18.43,8.47,0
Madeira,6.32,36.54,20.39,7.40,0
Madeira,7.06,35.42,18.82,7.19,0
Madeira,4.62,28.26,18.04,6.10,0
Madeira,8.57,39.62,20.78,5.70,0
Madeira,8.00,32.61,18.04,5.21,0
Madeira,6.32,36.54,20.39,4.86,0
Madeira,6.67,36.73,19.22,4.17,0
Madeira,0.00,28.26,18.04,5.10,0
Madeira,10.91,41.51,20.78,5.58,0
Madeira,12.00,32.61,18.04,5.21,0
Madeira,6.32,36.54,20.39,8.19,0
Madeira,6.67,36.73,19.22,7.96,0
Madeira,8.57,30.43,18.04,13.60,0
Madeira,8.18,40.74,21.18,14.49,0
Madeira,12.00,32.61,18.04,17.09,0
Madeira,7.06,34.00,19.61,14.97,0
Madeira,6.00,39.22,20.00,13.17,0
Madeira,8.57,30.43,18.04,12.48,0
Madeira,8.57,39.62,20.78,10.52,0
Madeira,8.00,32.61,18.04,9.86,0
Madeira,3.53,34.00,19.61,8.14,0
Madeira,8.57,41.18,20.00,8.28,0
Madeira,4.29,30.43,18.04,8.70,0
Madeira,8.57,39.62,20.78,7.86,0
Madeira,8.00,32.61,18.04,8.58,0
Madeira,7.50,32.65,19.22,7.42,0
Madeira,9.00,39.22,20.00,8.09,0
Madeira,4.00,31.91,18.43,7.75,0
Madeira,6.00,37.74,20.78,12.09,0
Madeira,8.00,32.61,18.04,11.19,0
Madeira,8.00,31.25,18.82,9.29,0
Madeira,8.57,40.38,20.39,8.31,0
Madeira,4.00,31.91,18.43,10.47,0
Madeira,8.57,39.62,20.78,9.12,0
Madeira,8.00,32.61,18.04,9.00,0
Madeira,4.29,29.79,18.43,8.30,0
Madeira,8.18,41.51,20.78,7.50,0
Madeira,8.00,32.61,18.04,6.81,0
Madeira,6.00,37.74,20.78,6.62,0
Madeira,7.50,34.04,18.43,6.68,0
Madeira,4.62,28.26,18.04,5.92,0
Madeira,8.18,41.51,20.78,5.54,0
Madeira,8.00,32.61,18.04,5.34,0
Madeira,6.32,36.54,20.39,8.27,0
Madeira,7.50,34.04,18.43,10.94,0
Madeira,4.62,28.26,18.04,11.99,0
Madeira,8.18,41.51,20.78,10.13,0
Madeira,8.00,32.61,18.04,8.89,0
Madeira,6.32,36.54,20.39,7.51,0
Madeira,7.06,35.42,18.82,7.09,0
Madeira,4.29,29.79,18.43,6.83,0
Madeira,5.71,39.62,20.78,5.93,0
Madeira,4.00,32.61,18.04,5.94,0
Madeira,6.67,35.29,20.00,5.23,0
Madeira,6.67,36.73,19.22,5.31,0
Madeira,8.57,30.43,18.04,4.77,0
Madeira,10.91,41.51,20.78,4.44,0
Madeira,8.00,32.61,18.04,4.48,0
Madeira,6.67,35.29,20.00,4.21,0
Madeira,3.53,34.69,19.22,4.31,0
Madeira,4.29,30.43,18.04,5.91,0
Madeira,8.57,39.62,20.78,5.43,0
Madeira,8.00,32.61,18.04,6.45,0
Madeira,6.67,35.29,20.00,5.75,0
Madeira,6.00,39.22,20.00,5.25,0
Madeira,4.29,30.43,18.04,4.71,0
Madeira,8.57,39.62,20.78,6.31,0
Madeira,8.00,32.61,18.04,6.87,0
Madeira,7.06,34.00,19.61,10.62,0
Madeira,6.00,39.22,20.00,9.68,0
Madeira,8.57,31.11,17.65,10.36,0
Madeira,8.57,39.62,20.78,10.50,0
Madeira,8.00,32.61,18.04,16.12,0
Madeira,3.75,32.65,19.22,16.39,0
Madeira,5.71,40.38,20.39,17.34,0
Madeira,8.00,32.61,18.04,18.84,0
Madeira,8.57,39.62,20.78,18.36,0
Madeira,8.00,32.61,18.04,22.06,0
Madeira,4.00,31.25,18.82,19.01,0
Madeira,8.57,40.38,20.39,21.07,0
Madeira,4.29,30.43,18.04,19.79,0
Madeira,8.57,39.62,20.78,18.53,0
Madeira,8.00,32.61,18.04,19.75,0
Madeira,4.29,29.79,18.43,18.40,0
Madeira,8.57,40.38,20.39,17.47,0
Madeira,8.00,32.61,18.04,17.87,0
Madeira,6.00,37.74,20.78,21.06,0
Madeira,8.00,32.61,18.04,20.35,0
Madeira,4.29,29.79,18.43,20.32,0
Madeira,8.18,41.51,20.78,17.79,0
Madeira,8.00,32.61,18.04,16.89,0
Madeira,6.00,37.74,20.78,15.31,0
Madeira,7.50,34.04,18.43,13.64,0
Madeira,4.62,28.26,18.04,11.92,0
Madeira,8.18,41.51,20.78,11.85,0
Madeira,8.00,32.61,18.04,10.01,0
Madeira,6.32,36.54,20.39,10.35,0
Madeira,7.50,34.04,18.43,8.88,0
Madeira,4.29,29.79,18.43,8.02,0
Madeira,8.57,39.62,20.78,7.71,0
Madeira,8.00,32.61,18.04,8.20,0
Madeira,6.32,36.54,20.39,8.43,0
Madeira,6.67,36.73,19.22,8.59,0
Madeira,9.23,28.89,17.65,7.81,0
Madeira,8.18,41.51,20.78,10.04,0
Madeira,24.00,47.01,45.88,1.57,0
Madeira,23.16,47.11,47.45,2.81,0
Madeira,24.64,47.46,46.27,2.83,0
Madeira,24.00,44.64,43.92,3.60,0
Madeira,21.51,45.30,45.88,4.12,0
Madeira,23.79,47.93,47.45,4.21,0
Madeira,24.00,44.64,43.92,4.56,0
Madeira,23.27,43.75,43.92,4.29,0
Madeira,23.16,47.11,47.45,6.01,0
Madeira,24.91,46.90,44.31,9.56,0
Madeira,25.20,44.64,43.92,8.01,0
Madeira,22.11,47.11,47.45,7.04,0
Madeira,24.21,47.90,46.67,6.14,0
Madeira,22.80,44.64,43.92,5.86,0
Madeira,22.35,43.97,45.49,5.32,0
Madeira,23.16,47.11,47.45,4.69,0
Madeira,24.00,44.64,43.92,4.30,0
Madeira,23.27,43.75,43.92,4.08,0
Madeira,23.16,47.11,47.45,6.80,0
Madeira,24.23,45.61,44.71,6.86,0
Madeira,23.27,43.75,43.92,9.97,0
Madeira,21.43,46.28,47.45,9.20,0
Madeira,23.39,48.76,47.45,11.00,0
Madeira,24.00,44.64,43.92,10.15,0
Madeira,23.53,44.35,45.10,12.63,0
Madeira,23.79,47.93,47.45,11.18,0
Madeira,24.00,44.64,43.92,10.38,0
Madeira,25.00,43.24,43.53,10.46,0
Madeira,23.16,47.11,47.45,9.98,0
Madeira,23.08,45.61,44.71,9.16,0
Madeira,24.00,44.64,43.92,8.32,0
Madeira,22.50,46.67,47.06,7.25,0
Madeira,23.79,48.33,47.06,6.42,0
Madeira,25.20,44.64,43.92,5.67,0
Madeira,22.80,43.86,44.71,4.85,0
Madeira,23.16,47.11,47.45,3.99,0
Madeira,24.00,44.64,43.92,4.61,0
Madeira,22.04,43.75,43.92,5.22,0
Madeira,23.79,47.93,47.45,5.64,0
Madeira,23.33,46.55,45.49,6.69,0
Madeira,24.00,44.64,43.92,6.55,0
Madeira,22.91,46.22,46.67,8.34,0
Madeira,21.72,47.93,47.45,7.72,0
Madeira,25.20,44.64,43.92,7.51,0
Madeira,24.00,44.25,44.31,6.53,0
Madeira,25.86,47.93,47.45,6.38,0
Madeira,24.71,45.54,43.92,5.68,0
Madeira,23.27,43.75,43.92,6.32,0
Madeira,22.50,46.28,47.45,5.93,0
Madeira,23.33,46.55,45.49,5.00,0
Madeira,24.00,44.64,43.92,4.59,0
Madeira,21.82,46.22,46.67,4.79,0
Madeira,22.76,47.93,47.45,4.56,0
Madeira,24.00,44.64,43.92,4.04,0
Madeira,24.49,43.75,43.92,4.35,0
Madeira,23.16,47.11,47.45,4.63,0
Madeira,24.71,45.54,43.92,4.54,0
Madeira,24.00,44.64,43.92,4.73,0
Madeira,23.16,47.11,47.45,4.79,0
Madeira,24.00,47.01,45.88,4.56,0
Madeira,23.53,45.54,43.92,4.67,0
Madeira,23.33,45.76,46.27,6.19,0
Madeira,23.79,47.93,47.45,5.49,0
Madeira,22.80,44.64,43.92,5.68,0
Madeira,23.27,43.75,43.92,5.52,0
Madeira,23.16,47.11,47.45,5.98,0
Madeira,23.53,45.13,44.31,5.78,0
Madeira,24.00,44.64,43.92,5.57,0
Madeira,23.16,47.11,47.45,9.96,0
Madeira,23.16,47.90,46.67,8.67,0
Madeira,24.00,44.64,43.92,8.12,0
Madeira,22.64,45.69,45.49,8.86,0
Madeira,24.83,47.93,47.45,8.45,0
Madeira,22.80,44.64,43.92,9.42,0
Madeira,23.27,43.75,43.92,10.68,0
Madeira,23.16,47.11,47.45,12.03,0
Madeira,24.23,45.61,44.71,11.87,0
Madeira,24.00,44.64,43.92,10.77,0
Madeira,22.11,47.11,47.45,9.28,0
Madeira,22.76,47.93,47.45,9.53,0
Madeira,22.80,44.64,43.92,8.08,0
Madeira,22.35,44.35,45.10,6.67,0
Madeira,24.21,47.11,47.45,5.58,0
Madeira,24.71,45.54,43.92,4.57,0
Madeira,23.27,43.75,43.92,3.89,0
Madeira,22.50,46.28,47.45,3.52,0
Madeira,23.33,46.55,45.49,3.58,0
Madeira,22.80,44.64,43.92,3.01,0
Madeira,22.22,45.38,46.67,3.43,0
Madeira,22.76,47.93,47.45,3.58,0
Madeira,24.00,44.64,43.92,3.39,0
Madeira,22.04,43.36,44.31,3.04,0
Madeira,23.16,47.11,47.45,2.74,0
Madeira,24.00,44.64,43.92,2.65,0
Madeira,23.27,43.75,43.92,2.55,0
Madeira,23.16,47.11,47.45,3.09,0
Madeira,22.91,47.01,45.88,3.04,0
Madeira,22.80,44.64,43.92,3.06,0
Madeira,22.64,45.30,45.88,2.79,0
Madeira,22.76,47.93,47.45,4.68,0
Madeira,23.75,43.24,43.53,6.73,0
Madeira,23.27,43.75,43.92,6.86,0
Madeira,23.16,47.11,47.45,7.07,0
Madeira,24.71,45.13,44.31,8.77,0
Madeira,24.00,44.64,43.92,7.91,0
Madeira,22.76,47.93,47.45,8.44,0
Madeira,22.50,47.46,46.27,10.03,0
Madeira,25.20,44.64,43.92,9.12,0
Madeira,23.53,44.35,45.10,8.26,0
Madeira,23.79,47.93,47.45,8.45,0
Madeira,24.00,44.64,43.92,7.90,0
Madeira,24.49,43.75,43.92,7.10,0
Madeira,22.50,46.28,47.45,9.15,0
Madeira,24.23,45.61,44.71,8.26,0
Madeira,22.80,44.64,43.92,7.23,0
Madeira,22.22,45.38,46.67,6.43,0
Madeira,22.76,47.93,47.45,5.46,0
Madeira,24.00,44.64,43.92,5.05,0
Madeira,22.04,43.36,44.31,4.32,0
Madeira,23.16,47.11,47.45,3.91,0
Madeira,24.00,44.64,43.92,4.15,0
Madeira,24.00,44.64,43.92,3.84,0
Madeira,23.16,47.11,47.45,4.20,0
Madeira,23.16,48.31,46.27,5.06,0
Madeira,24.00,44.64,43.92,5.91,0
Madeira,23.08,44.83,45.49,7.96,0
Madeira,23.79,47.93,47.45,7.38,0
Madeira,24.00,44.64,43.92,7.73,0
Madeira,22.04,43.75,43.92,6.92,0
Madeira,23.16,47.11,47.45,6.90,0
Madeira,23.77,46.49,44.71,6.52,0
Madeira,24.00,44.64,43.92,7.14,0
Madeira,23.79,47.93,47.45,6.66,0
Madeira,23.39,48.76,47.45,6.17,0
Madeira,22.80,44.64,43.92,6.26,0
Madeira,23.53,44.74,44.71,6.10,0
Madeira,23.79,47.93,47.45,7.53,0
Madeira,22.80,44.64,43.92,7.26,0
Madeira,22.04,43.75,43.92,9.80,0
Madeira,22.50,46.28,47.45,8.57,0
Madeira,22.91,47.01,45.88,10.42,0
Madeira,22.80,44.64,43.92,9.25,0
Madeira,22.91,46.22,46.67,10.03,0
Madeira,23.79,47.93,47.45,9.39,0
Madeira,24.00,44.64,43.92,9.54,0
Madeira,24.49,43.75,43.92,8.08,0
Madeira,23.16,47.11,47.45,7.32,0
Madeira,24.71,45.13,44.31,7.01,0
Madeira,24.71,45.54,43.92,6.48,0
Madeira,23.16,47.11,47.45,5.44,0
Madeira,23.57,47.46,46.27,4.79,0
Madeira,24.00,44.64,43.92,4.54,0
Madeira,21.92,44.83,45.49,4.04,0
Madeira,23.79,47.93,47.45,3.70,0
Madeira,22.80,44.64,43.92,3.33,0
Madeira,23.27,43.75,43.92,3.39,0
Madeira,23.16,47.11,47.45,4.20,0
Madeira,23.77,46.09,45.10,3.89,0
Madeira,22.80,44.64,43.92,4.23,0
Madeira,22.91,46.22,46.67,7.22,0
Madeira,22.76,47.93,47.45,10.29,0
Madeira,22.80,44.64,43.92,11.51,0
Madeira,24.00,44.25,44.31,13.31,0
Madeira,23.16,47.11,47.45,15.79,0
Madeira,24.00,44.64,43.92,16.12,0
Madeira,24.00,44.64,43.92,14.24,0
Madeira,24.21,47.11,47.45,12.03,0
Madeira,24.00,47.01,45.88,11.17,0
Madeira,22.80,44.64,43.92,9.95,0
Madeira,22.22,45.76,46.27,10.34,0
Madeira,23.79,47.93,47.45,8.86,0
Madeira,23.53,45.54,43.92,7.88,0
Madeira,24.49,43.75,43.92,7.40,0
Madeira,23.16,47.11,47.45,6.69,0
Madeira,24.00,44.64,43.92,6.04,0
Madeira,24.00,44.64,43.92,5.68,0
Madeira,22.11,47.11,47.45,5.08,0
Madeira,21.43,47.06,46.67,5.00,0
Madeira,24.00,44.64,43.92,6.77,0
Madeira,24.00,47.01,45.88,6.49,0
Madeira,23.79,47.93,47.45,5.91,0
Madeira,24.00,44.64,43.92,6.85,0
Madeira,24.49,43.75,43.92,9.68,0
Madeira,23.79,47.93,47.45,9.91,0
Madeira,24.23,45.61,44.71,9.00,0
Madeira,24.00,44.64,43.92,7.87,0
Madeira,22.91,46.22,46.67,10.47,0
Madeira,22.11,47.50,47.06,9.31,0
Madeira,22.80,44.64,43.92,8.18,0
Madeira,22.80,43.86,44.71,7.93,0
Madeira,23.79,47.93,47.45,7.75,0
Madeira,24.00,44.64,43.92,6.54,0
Madeira,24.00,44.64,43.92,5.92,0
Madeira,23.16,47.11,47.45,5.03,0
Madeira,23.33,46.55,45.49,4.43,0
Madeira,24.00,44.64,43.92,4.44,0
Madeira,24.00,46.61,46.27,4.36,0
Madeira,23.79,47.93,47.45,3.90,0
Madeira,24.00,44.64,43.92,4.75,0
Madeira,24.49,43.75,43.92,12.44,0
Madeira,23.16,47.11,47.45,14.26,0
Madeira,24.00,44.64,43.92,12.32,0
Madeira,24.00,44.64,43.92,21.19,0
Madeira,23.16,47.11,47.45,19.20,0
Madeira,23.57,47.46,46.27,17.18,0
Madeira,24.00,44.64,43.92,15.36,0
Madeira,23.33,46.15,45.88,15.80,0
Madeira,23.79,47.93,47.45,13.20,0
Madeira,22.80,44.64,43.92,12.56,0
Madeira,23.27,43.75,43.92,10.98,0
Madeira,23.16,47.11,47.45,10.48,0
Madeira,25.38,46.02,44.31,9.34,0
Madeira,24.00,44.64,43.92,9.14,0
Madeira,21.43,46.28,47.45,9.85,0
Madeira,23.16,47.90,46.67,11.38,0
Madeira,24.00,44.64,43.92,10.46,0
Madeira,23.08,44.83,45.49,12.15,0
Madeira,23.79,47.93,47.45,10.88,0
Madeira,24.00,44.64,43.92,9.79,0
Madeira,23.27,43.75,43.92,8.14,0
Madeira,23.16,47.11,47.45,7.20,0
Madeira,23.77,46.09,45.10,6.77,0
Madeira,24.00,44.64,43.92,9.13,0
Madeira,23.57,46.67,47.06,8.23,0
Madeira,22.37,48.76,47.45,8.72,0
Madeira,24.71,45.54,43.92,8.36,0
Madeira,24.00,44.25,44.31,7.09,0
Madeira,23.79,47.93,47.45,6.73,0
Madeira,22.80,44.64,43.92,6.28,0
Madeira,24.00,44.64,43.92,5.84,0
Madeira,23.16,47.11,47.45,5.16,0
Madeira,24.00,47.41,45.49,5.39,0
Madeira,24.00,44.64,43.92,6.07,0
Madeira,23.33,45.76,46.27,7.13,0
Madeira,22.76,47.93,47.45,5.92,0
Madeira,24.71,45.54,43.92,10.38,0
Madeira,22.04,43.75,43.92,9.82,0
Madeira,23.16,47.11,47.45,12.48,0
Madeira,22.35,45.13,44.31,14.59,0
Madeira,24.49,44.14,43.53,15.77,0
Madeira,23.16,47.11,47.45,15.29,0
Madeira,23.57,47.46,46.27,16.21,0
Madeira,24.00,44.64,43.92,17.30,0
Madeira,23.33,46.15,45.88,14.62,0
Madeira,23.79,47.93,47.45,12.43,0
Madeira,24.00,44.64,43.92,10.74,0
Madeira,23.27,43.75,43.92,10.87,0
Madeira,23.16,47.11,47.45,9.94,0
Madeira,23.08,45.61,44.71,8.62,0
Madeira,22.80,44.64,43.92,8.40,0
Madeira,21.43,46.28,47.45,9.17,0
Madeira,22.50,47.06,46.67,8.06,0
Madeira,24.00,44.64,43.92,9.34,0
Madeira,22.80,43.86,44.71,9.44,0
Madeira,23.16,47.11,47.45,9.17,0
Madeira,24.71,45.54,43.92,11.54,0
Madeira,24.00,44.64,43.92,15.44,0
Madeira,23.16,47.11,47.45,15.81,0
Madeira,23.33,46.55,45.49,14.20,0
Madeira,24.00,44.64,43.92,13.17,0
Madeira,22.50,46.67,47.06,12.03,0
Madeira,22.76,47.93,47.45,11.31,0
Madeira,24.00,44.64,43.92,10.65,0
Madeira,23.27,43.75,43.92,9.30,0
Madeira,23.16,47.11,47.45,7.87,0
Madeira,24.00,44.64,43.92,6.82,0
Madeira,24.00,44.64,43.92,6.54,0
Madeira,23.79,47.93,47.45,5.49,0
Madeira,24.21,48.31,46.27,5.94,0
Madeira,24.00,44.64,43.92,5.24,0
Madeira,22.64,45.30,45.88,4.87,0
Madeira,23.79,47.93,47.45,4.58,0
Madeira,23.27,43.75,43.92,4.14,0
Madeira,23.16,47.11,47.45,3.82,0
Madeira,24.23,45.61,44.71,4.21,0
Madeira,24.49,44.14,43.53,4.93,0
Madeira,23.16,47.11,47.45,11.99,0
Madeira,23.39,48.76,47.45,11.18,0
Madeira,24.00,44.64,43.92,12.65,0
Madeira,24.00,44.25,44.31,11.47,0
Madeira,23.16,47.11,47.45,9.97,0
Madeira,23.53,45.54,43.92,12.52,0
Madeira,22.80,44.64,43.92,14.57,0
Madeira,23.16,47.11,47.45,13.17,0
Madeira,22.22,46.55,45.49,11.90,0
Madeira,24.00,44.64,43.92,10.24,0
Madeira,23.33,45.76,46.27,8.94,0
Madeira,22.76,47.93,47.45,8.31,0
Madeira,23.53,45.54,43.92,7.15,0
Madeira,24.49,43.75,43.92,6.14,0
Madeira,23.16,47.11,47.45,5.44,0
Madeira,24.00,44.64,43.92,5.51,0
Madeira,24.00,44.64,43.92,5.05,0
Madeira,22.11,47.11,47.45,6.17,0
Madeira,22.50,47.46,46.27,5.46,0
Madeira,24.00,44.64,43.92,4.76,0
Madeira,22.64,45.30,45.88,4.66,0
Madeira,23.79,47.93,47.45,4.95,0
Madeira,24.00,44.64,43.92,8.39,0
Madeira,23.27,43.75,43.92,7.85,0
Madeira,23.16,47.11,47.45,9.54,0
Madeira,24.71,45.13,44.31,10.45,0
Madeira,24.00,44.64,43.92,10.29,0
Madeira,23.16,47.11,47.45,10.50,0
Madeira,23.57,47.06,46.67,8.91,0
Madeira,22.80,44.64,43.92,7.77,0
Madeira,23.53,44.74,44.71,6.84,0
Madeira,23.79,47.93,47.45,5.81,0
Madeira,24.00,44.64,43.92,5.70,0
Madeira,23.27,43.75,43.92,5.74,0
Madeira,22.50,46.28,47.45,5.59,0
Madeira,24.23,45.61,44.71,6.62,0
Madeira,24.00,44.64,43.92,6.57,0
Madeira,23.57,47.06,46.67,12.29,0
Madeira,23.16,47.50,47.06,10.76,0
Madeira,24.00,44.64,43.92,10.84,0
Madeira,22.04,43.36,44.31,11.99,0
Madeira,23.16,47.11,47.45,11.75,0
Madeira,22.80,44.64,43.92,11.01,0
Madeira,24.00,44.64,43.92,10.30,0
Madeira,23.16,47.11,47.45,9.80,0
Madeira,23.57,47.86,45.88,8.87,0
Madeira,24.00,44.64,43.92,8.85,0
Madeira,22.91,46.61,46.27,7.80,0
Madeira,22.76,47.93,47.45,8.18,0
Madeira,24.00,44.64,43.92,7.75,0
Madeira,22.80,44.25,44.31,6.69,0
Madeira,23.16,47.11,47.45,6.25,0
Madeira,23.53,45.13,44.31,8.61,0
Madeira,23.27,43.75,43.92,10.55,0
Madeira,23.79,47.93,47.45,10.60,0
Madeira,23.16,47.90,46.67,14.56,0
Madeira,22.80,44.64,43.92,13.62,0
Madeira,22.64,45.30,45.88,13.32,0
Madeira,23.79,47.93,47.45,11.28,0
Madeira,24.00,44.64,43.92,9.82,0
Madeira,22.04,43.75,43.92,10.32,0
Madeira,22.50,46.28,47.45,11.08,0
Madeira,23.53,45.13,44.31,10.24,0
Madeira,24.00,44.64,43.92,10.99,0
Madeira,23.16,47.11,47.45,10.02,0
Madeira,23.16,47.90,46.67,10.29,0
Madeira,24.00,44.64,43.92,13.15,0
Madeira,22.64,45.69,45.49,14.82,0
Madeira,23.79,47.93,47.45,12.19,0
Madeira,24.00,44.64,43.92,10.54,0
Madeira,23.27,43.75,43.92,9.14,0
Madeira,23.16,47.11,47.45,8.83,0
Madeira,24.23,45.61,44.71,12.47,0
Madeira,24.00,44.64,43.92,10.28,0
Madeira,22.91,46.22,46.67,12.94,0
Madeira,23.16,47.50,47.06,11.23,0
Madeira,24.00,44.64,43.92,9.15,0
Madeira,24.00,44.25,44.31,8.07,0
Madeira,23.16,47.11,47.45,7.24,0
Madeira,24.00,44.64,43.92,10.79,0
Madeira,24.00,44.64,43.92,11.29,0
Madeira,23.16,47.11,47.45,10.07,0
Madeira,22.91,47.01,45.88,9.70,0
Madeira,22.80,44.64,43.92,8.76,0
Madeira,22.64,45.30,45.88,9.04,0
Madeira,22.76,47.93,47.45,7.81,0
Madeira,24.00,44.64,43.92,6.73,0
Madeira,23.27,43.75,43.92,6.28,0
Madeira,23.16,47.11,47.45,5.86,0
Madeira,25.20,44.64,43.92,5.41,0
Madeira,24.00,44.64,43.92,4.91,0
Madeira,23.16,47.11,47.45,4.24,0
Madeira,23.57,47.46,46.27,6.49,0
Madeira,22.80,44.64,43.92,7.34,0
Madeira,22.64,45.30,45.88,8.67,0
Madeira,23.79,47.93,47.45,10.14,0
Madeira,24.71,45.54,43.92,9.69,0
Madeira,23.27,43.75,43.92,11.70,0
Madeira,23.16,47.11,47.45,16.68,0
Madeira,24.71,45.13,44.31,19.38,0
Madeira,24.00,44.64,43.92,21.24,0
Madeira,22.76,47.93,47.45,19.50,0
Madeira,23.57,47.46,46.27,15.92,0
Madeira,24.00,44.64,43.92,13.89,0
Madeira,23.08,45.22,45.10,11.55,0
Madeira,23.79,47.93,47.45,9.94,0
Madeira,24.00,44.64,43.92,8.48,0
Madeira,22.04,43.75,43.92,8.31,0
Madeira,23.16,47.11,47.45,6.86,0
Madeira,24.23,45.61,44.71,5.70,0
Madeira,22.80,44.64,43.92,7.69,0
Madeira,21.82,45.83,47.06,9.09,0
Madeira,22.76,47.93,47.45,12.90,0
Madeira,22.80,44.64,43.92,10.63,0
Madeira,21.60,43.86,44.71,9.01,0
Madeira,23.79,47.93,47.45,7.58,0
Madeira,22.80,44.64,43.92,6.49,0
Madeira,24.00,44.64,43.92,5.80,0
Madeira,23.16,47.11,47.45,5.22,0
Madeira,22.91,47.01,45.88,4.90,0
Madeira,24.00,44.64,43.92,4.08,0
Madeira,21.82,46.22,46.67,3.67,0
Madeira,23.39,48.76,47.45,3.37,0
Madeira,24.71,45.54,43.92,2.88,0
Madeira,23.27,43.75,43.92,2.70,0
Madeira,23.16,47.11,47.45,2.44,0
Madeira,24.00,44.64,43.92,2.39,0
Madeira,22.80,44.64,43.92,2.34,0
Madeira,23.16,47.11,47.45,2.12,0
Madeira,23.33,46.55,45.49,2.09,0
Madeira,24.00,45.05,43.53,3.43,0
Madeira,23.33,46.15,45.88,3.74,0
Madeira,23.79,47.93,47.45,10.61,0
Madeira,24.00,44.64,43.92,11.28,0
Madeira,23.27,43.75,43.92,9.28,0
Madeira,22.11,47.11,47.45,8.84,0
Madeira,24.71,45.54,43.92,7.99,0
Madeira,24.00,44.64,43.92,6.81,0
Madeira,23.79,47.93,47.45,6.78,0
Madeira,22.91,47.01,45.88,6.67,0
Madeira,24.00,44.64,43.92,5.97,0
Madeira,23.33,46.15,45.88,4.95,0
Madeira,23.79,47.93,47.45,5.50,0
Madeira,24.71,45.54,43.92,4.93,0
Madeira,23.75,43.24,43.53,4.16,0
Madeira,23.16,47.11,47.45,4.84,0
Madeira,24.23,46.02,44.31,4.72,0
Madeira,24.00,44.64,43.92,4.44,0
Madeira,22.11,47.11,47.45,5.64,0
Madeira,22.91,46.61,46.27,6.00,0
Madeira,24.00,44.64,43.92,6.36,0
Madeira,23.33,46.15,45.88,9.72,0
Madeira,23.79,47.93,47.45,9.44,0
Madeira,24.00,44.64,43.92,7.75,0
Madeira,23.27,43.75,43.92,8.08,0
Madeira,23.16,47.11,47.45,8.20,0
Madeira,23.53,45.13,44.31,9.18,0
Madeira,22.80,44.64,43.92,7.97,0
Madeira,23.16,47.11,47.45,7.98,0
Madeira,22.91,46.61,46.27,8.58,0
Madeira,22.80,44.64,43.92,7.13,0
Madeira,23.08,44.83,45.49,7.68,0
Madeira,23.79,47.93,47.45,6.50,0
Madeira,24.71,45.54,43.92,5.67,0
Madeira,23.27,43.75,43.92,5.20,0
Madeira,23.16,47.11,47.45,4.71,0
Madeira,24.23,45.61,44.71,4.54,0
Madeira,23.53,45.54,43.92,5.08,0
Madeira,22.11,47.11,47.45,4.77,0
Madeira,23.79,48.33,47.06,5.18,0
Madeira,21.60,44.64,43.92,6.62,0
Madeira,22.64,45.69,45.49,9.92,0
Madeira,24.41,48.76,47.45,10.35,0
Madeira,24.00,44.64,43.92,10.26,0
Madeira,23.27,43.75,43.92,11.25,0
Madeira,23.16,47.11,47.45,14.89,0
Madeira,24.00,47.41,45.49,13.24,0
Madeira,24.00,44.64,43.92,12.10,0
Madeira,22.11,47.11,47.45,12.77,0
Madeira,21.43,47.06,46.67,10.64,0
Madeira,22.80,44.64,43.92,9.21,0
Madeira,23.27,43.36,44.31,14.03,0
Madeira,23.79,47.93,47.45,13.78,0
Madeira,24.00,44.64,43.92,11.72,0
Madeira,23.27,43.75,43.92,10.32,0
Madeira,23.16,47.11,47.45,10.92,0
Madeira,23.77,46.09,45.10,16.88,0
Madeira,22.80,44.64,43.92,20.48,0
Madeira,22.91,46.61,46.27,20.40,0
Madeira,21.72,47.93,47.45,19.28,0
Madeira,24.00,44.64,43.92,18.79,0
Madeira,24.00,44.25,44.31,21.00,0
Madeira,23.79,47.93,47.45,20.82,0
Madeira,24.00,44.64,43.92,19.69,0
Madeira,24.00,44.64,43.92,17.19,0
Madeira,23.16,47.11,47.45,15.41,0
Madeira,24.00,47.01,45.88,13.79,0
Madeira,23.53,45.54,43.92,12.50,0
Madeira,23.33,46.15,45.88,11.55,0
Madeira,22.76,47.93,47.45,10.08,0
Madeira,24.71,45.54,43.92,8.51,0
Madeira,23.27,43.75,43.92,8.04,0
Madeira,23.16,47.11,47.45,7.92,0
Madeira,24.00,44.64,43.92,6.79,0
Madeira,22.80,44.64,43.92,5.96,0
Madeira,23.79,47.93,47.45,5.96,0
Madeira,23.57,47.86,45.88,6.86,0
Madeira,24.00,44.64,43.92,7.33,0
Madeira,23.33,46.15,45.88,7.26,0
Madeira,23.79,47.93,47.45,11.75,0
Madeira,24.00,45.05,43.53,11.61,0
Madeira,22.04,43.75,43.92,12.43,0
Madeira,23.16,47.11,47.45,19.74,0
Madeira,24.71,45.13,44.31,18.58,0
Madeira,22.35,45.54,43.92,17.23,0
Madeira,21.43,46.28,47.45,15.65,0
Madeira,23.16,47.90,46.67,15.39,0
Madeira,22.80,44.64,43.92,13.10,0
Madeira,22.80,43.86,44.71,12.30,0
Madeira,23.79,47.93,47.45,10.70,0
Madeira,24.00,44.64,43.92,9.96,0
Madeira,23.27,43.75,43.92,10.19,0
Madeira,23.16,47.11,47.45,9.61,0
Madeira,23.33,46.55,45.49,8.66,0
Madeira,46.83,23.43,68.63,3.19,0
Madeira,42.35,26.84,74.51,3.37,0
Madeira,40.00,26.84,74.51,3.60,0
Madeira,44.00,24.59,71.76,3.50,0
Madeira,48.29,23.43,68.63,3.30,0
Madeira,46.50,22.99,68.24,2.91,0
Madeira,48.00,22.99,68.24,3.75,0
Madeira,49.50,22.99,68.24,3.68,0
Madeira,48.00,22.99,68.24,3.42,0
Madeira,43.40,25.54,72.16,3.64,0
Madeira,39.60,26.46,74.12,3.38,0
Madeira,42.35,26.84,74.51,4.26,0
Madeira,42.00,26.46,74.12,3.70,0
Madeira,42.50,25.95,72.55,4.31,0
Madeira,50.23,24.29,69.41,4.63,0
Madeira,48.00,22.99,68.24,5.63,0
Madeira,51.00,22.99,68.24,5.36,0
Madeira,55.50,22.99,68.24,5.24,0
Madeira,51.00,22.99,68.24,6.82,0
Madeira,46.05,23.76,70.98,5.67,0
Madeira,38.40,26.46,74.12,5.51,0
Madeira,43.20,26.46,74.12,5.94,0
Madeira,40.00,26.84,74.51,6.13,0
Madeira,40.00,25.67,73.33,6.53,0
Madeira,49.33,25.14,70.20,5.97,0
Madeira,48.00,22.99,68.24,5.47,0
Madeira,51.00,22.99,68.24,5.18,0
Madeira,49.50,22.99,68.24,6.19,0
Madeira,51.00,22.99,68.24,6.25,0
Madeira,47.23,25.97,70.98,7.52,0
Madeira,39.18,26.06,73.73,6.59,0
Madeira,43.20,26.46,74.12,5.88,0
Madeira,43.20,26.46,74.12,5.69,0
Madeira,38.40,26.46,74.12,4.84,0
Madeira,47.73,24.44,70.59,4.95,0
Madeira,51.00,22.99,68.24,6.24,0
Madeira,51.00,22.99,68.24,6.62,0
Madeira,49.50,22.99,68.24,5.72,0
Madeira,48.00,22.99,68.24,5.39,0
Madeira,48.26,25.56,70.59,4.69,0
Madeira,38.40,26.46,74.12,4.24,0
Madeira,40.80,26.46,74.12,4.17,0
Madeira,40.38,27.23,74.90,4.47,0
Madeira,39.60,26.46,74.12,4.69,0
Madeira,46.96,25.41,70.98,4.60,0
Madeira,48.00,22.99,68.24,4.03,0
Madeira,46.50,22.99,68.24,3.48,0
Madeira,46.50,22.99,68.24,3.42,0
Madeira,48.00,22.99,68.24,5.65,0
Madeira,48.57,23.73,69.41,5.36,0
Madeira,39.60,26.46,74.12,5.23,0
Madeira,43.20,26.46,74.12,5.97,0
Madeira,43.20,26.46,74.12,7.86,0
Madeira,38.40,26.46,74.12,10.84,0
Madeira,46.67,24.86,70.98,12.29,0
Madeira,49.50,22.99,68.24,15.40,0
Madeira,48.00,22.99,68.24,15.33,0
Madeira,51.00,22.99,68.24,14.91,0
Madeira,48.00,22.99,68.24,14.74,0
Madeira,45.71,23.60,69.80,14.95,0
Madeira,39.18,26.06,73.73,14.83,0
Madeira,43.20,26.46,74.12,12.78,0
Madeira,40.00,27.98,75.69,13.56,0
Madeira,38.82,26.98,74.12,11.11,0
Madeira,45.65,25.56,70.59,13.71,0
Madeira,51.00,22.99,68.24,12.70,0
Madeira,49.50,22.99,68.24,12.23,0
Madeira,51.00,22.99,68.24,11.08,0
Madeira,51.00,22.99,68.24,11.23,0
Madeira,47.23,25.97,70.98,8.10,0
Madeira,39.60,26.46,74.12,9.44,0
Madeira,42.00,26.46,74.12,8.31,0
Madeira,41.18,26.84,74.51,7.41,0
Madeira,40.00,27.13,73.73,6.33,0
Madeira,48.57,23.86,69.02,5.18,0
Madeira,51.00,22.99,68.24,5.62,0
Madeira,51.00,22.99,68.24,6.46,0
Madeira,51.00,22.99,68.24,5.21,0
Madeira,48.00,22.99,68.24,4.21,0
Madeira,45.65,25.27,71.37,6.04,0
Madeira,43.20,26.46,74.12,7.62,0
Madeira,40.00,26.84,74.51,8.31,0
Madeira,42.00,26.46,74.12,9.37,0
Madeira,42.86,26.49,72.55,9.99,0
Madeira,49.76,23.43,68.63,10.47,0
Madeira,49.50,22.99,68.24,12.32,0
Madeira,51.00,22.99,68.24,11.84,0
Madeira,46.50,22.99,68.24,11.41,0
Madeira,48.29,23.43,68.63,14.33,0
Madeira,43.40,25.54,72.16,37.35,0
Madeira,40.80,26.46,74.12,15.20,0
Madeira,42.00,26.46,74.12,14.55,0
Madeira,39.60,26.46,74.12,14.89,0
Madeira,45.65,25.27,71.37,17.12,0
Madeira,48.29,23.43,68.63,17.58,0
Madeira,48.00,22.99,68.24,17.93,0
Madeira,48.00,22.99,68.24,16.53,0
Madeira,49.50,22.99,68.24,15.05,0
Madeira,49.76,23.43,68.63,15.46,0
Madeira,43.04,25.00,72.16,14.41,0
Madeira,43.20,26.46,74.12,14.37,0
Madeira,43.20,26.46,74.12,14.51,0
Madeira,39.60,26.46,74.12,11.04,0
Madeira,46.96,25.41,70.98,19.77,0
Madeira,49.50,22.99,68.24,18.31,0
Madeira,49.50,22.99,68.24,17.90,0
Madeira,48.29,23.43,68.63,17.55,0
Madeira,48.00,22.99,68.24,16.48,0
Madeira,51.22,23.43,68.63,15.04,0
Madeira,41.63,26.34,72.94,14.17,0
Madeira,42.00,26.46,74.12,14.46,0
Madeira,42.00,26.46,74.12,15.05,0
Madeira,42.00,26.46,74.12,14.14,0
Madeira,47.73,24.44,70.59,13.22,0
Madeira,48.00,22.99,68.24,12.34,0
Madeira,48.00,22.99,68.24,12.03,0
Madeira,46.50,22.99,68.24,11.09,0
Madeira,51.00,22.99,68.24,10.33,0
Madeira,48.00,25.00,70.59,9.67,0
Madeira,39.60,26.46,74.12,9.27,0
Madeira,42.00,26.46,74.12,8.94,0
Madeira,42.00,26.46,74.12,8.58,0
Madeira,41.74,24.86,72.55,8.72,0
Madeira,49.09,24.72,69.80,8.08,0
Madeira,48.00,22.99,68.24,7.49,0
Madeira,49.50,22.99,68.24,6.96,0
Madeira,48.00,22.99,68.24,6.94,0
Madeira,49.50,22.99,68.24,6.62,0
Madeira,45.65,25.27,71.37,6.67,0
Madeira,40.80,26.46,74.12,6.27,0
Madeira,42.00,26.46,74.12,6.64,0
Madeira,41.18,26.84,74.51,8.00,0
Madeira,44.35,25.14,71.76,7.44,0
Madeira,48.29,23.43,68.63,6.76,0
Madeira,48.00,22.99,68.24,6.80,0
Madeira,51.00,22.99,68.24,5.94,0
Madeira,46.50,22.99,68.24,4.99,0
Madeira,49.76,23.43,68.63,5.59,0
Madeira,43.04,25.00,72.16,6.22,0
Madeira,39.60,26.46,74.12,5.74,0
Madeira,41.54,27.23,74.90,5.62,0
Madeira,42.00,26.46,74.12,5.32,0
Madeira,46.36,24.31,70.98,5.61,0
Madeira,49.50,22.99,68.24,6.28,0
Madeira,49.50,22.99,68.24,7.18,0
Madeira,48.00,22.99,68.24,7.04,0
Madeira,48.00,22.99,68.24,6.00,0
Madeira,47.73,24.58,70.20,6.22,0
Madeira,42.13,25.27,72.94,7.90,0
Madeira,43.20,26.46,74.12,6.85,0
Madeira,42.00,26.46,74.12,6.16,0
Madeira,39.60,26.46,74.12,7.73,0
Madeira,47.23,25.97,70.98,8.59,0
Madeira,49.50,22.99,68.24,8.49,0
Madeira,46.50,22.99,68.24,7.43,0
Madeira,51.00,22.99,68.24,7.57,0
Madeira,46.50,22.99,68.24,6.72,0
Madeira,45.33,24.86,70.98,5.87,0
Madeira,38.40,26.46,74.12,5.64,0
Madeira,42.00,26.46,74.12,5.24,0
Madeira,41.54,27.23,74.90,5.37,0
Madeira,40.41,26.20,73.33,4.65,0
Madeira,45.33,25.14,70.20,4.60,0
Madeira,48.00,22.99,68.24,4.53,0
Madeira,48.00,22.99,68.24,5.37,0
Madeira,49.50,22.99,68.24,5.59,0
Madeira,51.00,22.99,68.24,4.94,0
Madeira,45.00,24.18,71.37,5.38,0
Madeira,40.80,26.46,74.12,4.88,0
Madeira,40.80,26.46,74.12,4.52,0
Madeira,43.20,26.46,74.12,5.10,0
Madeira,44.35,25.14,71.76,4.82,0
Madeira,51.00,22.99,68.24,5.02,0
Madeira,46.50,22.99,68.24,4.24,0
Madeira,51.00,22.99,68.24,3.62,0
Madeira,46.50,22.99,68.24,3.62,0
Madeira,51.63,24.29,69.41,4.51,0
Madeira,39.60,26.60,73.73,4.24,0
Madeira,41.18,26.84,74.51,4.74,0
Madeira,41.18,26.84,74.51,4.76,0
Madeira,39.18,26.06,73.73,5.23,0
Madeira,45.33,25.14,70.20,5.68,0
Madeira,49.50,22.99,68.24,6.54,0
Madeira,46.50,22.99,68.24,5.88,0
Madeira,51.00,22.99,68.24,5.11,0
Madeira,49.50,22.99,68.24,4.33,0
Madeira,46.05,23.76,70.98,4.10,0
Madeira,39.60,26.46,74.12,4.30,0
Madeira,42.00,26.46,74.12,4.60,0
Madeira,42.00,26.46,74.12,4.64,0
Madeira,43.40,25.54,72.16,4.99,0
Madeira,49.50,22.99,68.24,4.71,0
Madeira,49.50,22.99,68.24,5.72,0
Madeira,48.00,22.99,68.24,5.09,0
Madeira,48.00,22.99,68.24,5.31,0
Madeira,51.00,22.99,68.24,4.78,0
Madeira,46.36,24.31,70.98,4.28,0
Madeira,38.40,26.46,74.12,4.59,0
Madeira,43.20,26.46,74.12,4.88,0
Madeira,38.82,26.84,74.51,4.62,0
Madeira,45.33,24.73,71.37,4.17,0
Madeira,48.00,22.99,68.24,3.74,0
Madeira,48.00,22.99,68.24,3.32,0
Madeira,51.00,22.99,68.24,3.40,0
Madeira,48.00,22.99,68.24,3.21,0
Madeira,48.29,23.30,69.02,4.13,0
Madeira,41.25,25.81,72.94,5.61,0
Madeira,40.80,26.46,74.12,5.19,0
Madeira,43.20,26.46,74.12,4.95,0
Madeira,40.80,26.46,74.12,4.75,0
Madeira,47.23,25.97,70.98,4.00,0
Madeira,46.50,22.99,68.24,3.66,0
Madeira,49.50,22.99,68.24,3.36,0
Madeira,51.00,22.99,68.24,2.77,0
Madeira,49.50,22.99,68.24,2.61,0
Madeira,47.14,23.73,69.41,2.36,0
Madeira,40.41,26.20,73.33,2.32,0
Madeira,42.00,26.46,74.12,2.30,0
Madeira,40.80,26.46,74.12,2.59,0
Madeira,38.40,26.46,74.12,2.69,0
Madeira,45.00,24.31,70.98,4.26,0
Madeira,46.50,22.99,68.24,4.27,0
Madeira,49.50,22.99,68.24,3.84,0
Madeira,46.50,22.99,68.24,4.94,0
Madeira,46.83,23.43,68.63,4.53,0
Madeira,50.23,24.16,69.80,4.41,0
Madeira,42.50,25.67,73.33,4.42,0
Madeira,42.00,26.46,74.12,4.22,0
Madeira,42.00,26.46,74.12,4.33,0
Madeira,40.00,26.98,74.12,4.19,0
Madeira,43.64,24.44,70.59,3.81,0
Madeira,49.50,22.99,68.24,3.72,0
Madeira,46.50,22.99,68.24,3.69,0
Madeira,51.00,22.99,68.24,4.39,0
Madeira,51.00,22.99,68.24,4.27,0
Madeira,46.36,24.31,70.98,4.78,0
Madeira,41.63,26.06,73.73,4.89,0
Madeira,39.60,26.46,74.12,5.45,0
Madeira,42.00,26.46,74.12,4.83,0
Madeira,43.04,25.00,72.16,4.71,0
Madeira,50.00,23.86,69.02,4.54,0
Madeira,48.00,22.99,68.24,4.11,0
Madeira,48.00,22.99,68.24,3.63,0
Madeira,48.00,22.99,68.24,4.09,0
Madeira,49.50,22.99,68.24,4.27,0
Madeira,45.33,24.73,71.37,4.91,0
Madeira,40.80,26.46,74.12,5.27,0
Madeira,39.60,26.46,74.12,5.77,0
Madeira,40.80,26.46,74.12,5.73,0
Madeira,42.50,25.95,72.55,6.76,0
Madeira,48.29,23.43,68.63,7.04,0
Madeira,48.00,22.99,68.24,6.61,0
Madeira,46.50,22.99,68.24,6.91,0
Madeira,49.50,22.99,68.24,7.65,0
Madeira,51.00,22.99,68.24,7.01,0
Madeira,43.40,25.54,72.16,5.94,0
Madeira,38.40,26.46,74.12,6.26,0
Madeira,42.35,26.84,74.51,5.77,0
Madeira,40.80,26.46,74.12,5.74,0
Madeira,45.33,24.73,71.37,4.99,0
Madeira,48.00,22.99,68.24,4.77,0
Madeira,49.50,22.99,68.24,6.31,0
Madeira,46.50,22.99,68.24,6.02,0
Madeira,46.50,22.99,68.24,7.56,0
Madeira,48.57,23.86,69.02,6.89,0
Madeira,41.63,26.34,72.94,6.67,0
Madeira,42.00,26.46,74.12,6.75,0
Madeira,41.54,27.23,74.90,6.16,0
Madeira,38.40,26.46,74.12,5.47,0
Madeira,46.67,24.86,70.98,5.49,0
Madeira,51.00,22.99,68.24,5.67,0
Madeira,51.00,22.99,68.24,5.62,0
Madeira,51.00,22.99,68.24,5.39,0
Madeira,48.00,22.99,68.24,5.91,0
Madeira,49.50,22.73,69.02,5.51,0
Madeira,40.41,26.20,73.33,6.27,0
Madeira,40.00,26.84,74.51,5.67,0
Madeira,41.18,26.84,74.51,4.84,0
Madeira,39.23,27.51,74.12,4.41,0
Madeira,45.33,24.86,70.98,4.21,0
Madeira,48.00,22.99,68.24,3.61,0
Madeira,48.00,22.99,68.24,4.35,0
Madeira,49.50,22.99,68.24,4.20,0
Madeira,48.00,22.99,68.24,5.36,0
Madeira,46.67,25.00,70.59,5.08,0
Madeira,41.63,26.06,73.73,4.96,0
Madeira,40.80,26.46,74.12,5.25,0
Madeira,42.00,26.46,74.12,4.92,0
Madeira,39.18,26.06,73.73,4.25,0
Madeira,44.35,25.56,70.59,3.82,0
Madeira,49.50,22.99,68.24,4.51,0
Madeira,51.00,22.99,68.24,4.22,0
Madeira,51.00,22.99,68.24,4.10,0
Madeira,46.50,22.99,68.24,3.57,0
Madeira,46.96,25.41,70.98,3.91,0
Madeira,40.80,26.46,74.12,3.83,0
Madeira,40.80,26.46,74.12,4.18,0
Madeira,43.20,26.46,74.12,4.49,0
Madeira,43.64,24.04,71.76,3.90,0
Madeira,48.57,23.86,69.02,3.85,0
Madeira,51.00,22.99,68.24,3.68,0
Madeira,54.00,22.99,68.24,3.85,0
Madeira,46.50,22.99,68.24,4.52,0
Madeira,49.50,22.99,68.24,3.98,0
Madeira,44.68,25.68,71.76,5.60,0
Madeira,38.40,26.46,74.12,6.10,0
Madeira,40.00,26.84,74.51,5.41,0
Madeira,42.00,26.46,74.12,5.24,0
Madeira,46.67,24.86,70.98,6.35,0
Madeira,48.29,23.43,68.63,5.42,0
Madeira,51.00,22.99,68.24,4.73,0
Madeira,48.00,22.99,68.24,3.93,0
Madeira,46.50,22.99,68.24,3.64,0
Madeira,46.83,23.43,68.63,3.32,0
Madeira,43.04,25.00,72.16,3.84,0
Madeira,43.20,26.46,74.12,3.73,0
Madeira,41.18,26.84,74.51,3.69,0
Madeira,38.82,26.98,74.12,4.53,0
Madeira,45.33,24.86,70.98,7.00,0
Madeira,51.00,22.99,68.24,7.68,0
Madeira,49.50,22.99,68.24,7.02,0
Madeira,46.50,22.99,68.24,6.62,0
Madeira,46.50,22.99,68.24,6.14,0
Madeira,48.26,25.56,70.59,5.17,0
Madeira,41.63,26.06,73.73,5.08,0
Madeira,40.80,26.46,74.12,4.36,0
Madeira,42.00,26.46,74.12,4.18,0
Madeira,41.25,25.81,72.94,5.64,0
Madeira,49.76,23.43,68.63,5.89,0
Madeira,48.00,22.99,68.24,5.44,0
Madeira,48.00,22.99,68.24,6.08,0
Madeira,46.50,22.99,68.24,5.30,0
Madeira,48.00,22.99,68.24,5.33,0
Madeira,45.33,24.73,71.37,6.51,0
Madeira,38.40,26.46,74.12,8.01,0
Madeira,40.80,26.46,74.12,6.98,0
Madeira,39.60,26.46,74.12,7.70,0
Madeira,45.33,24.73,71.37,7.77,0
Madeira,46.83,23.43,68.63,7.67,0
Madeira,49.50,22.99,68.24,6.98,0
Madeira,51.00,22.99,68.24,6.86,0
Madeira,46.50,22.99,68.24,6.22,0
Madeira,49.76,23.30,69.02,5.64,0
Madeira,41.25,25.81,72.94,4.89,0
Madeira,39.60,26.46,74.12,5.13,0
Madeira,42.00,26.46,74.12,4.61,0
Madeira,39.60,26.46,74.12,4.44,0
Madeira,47.23,25.97,70.98,4.65,0
Madeira,48.00,22.99,68.24,4.84,0
Madeira,51.00,22.99,68.24,6.26,0
Madeira,46.50,22.99,68.24,6.23,0
Madeira,48.00,22.99,68.24,6.17,0
Madeira,48.57,23.60,69.80,5.78,0
Madeira,40.85,25.27,72.94,5.50,0
Madeira,38.82,26.84,74.51,4.94,0
Madeira,42.00,26.46,74.12,4.36,0
Madeira,39.18,26.06,73.73,4.25,0
Madeira,48.00,25.14,70.20,4.59,0
Madeira,49.50,22.99,68.24,5.11,0
Madeira,48.00,22.99,68.24,5.73,0
Madeira,46.50,22.99,68.24,5.16,0
Madeira,48.00,22.99,68.24,4.60,0
Madeira,46.05,23.89,70.59,4.38,0
Madeira,39.60,26.46,74.12,4.20,0
Madeira,41.18,26.84,74.51,3.77,0
Madeira,40.80,26.46,74.12,3.73,0
Madeira,42.13,25.41,72.55,3.62,0
Madeira,49.76,23.43,68.63,3.44,0
Madeira,46.50,22.99,68.24,3.10,0
Madeira,46.50,22.99,68.24,3.54,0
Madeira,49.50,22.99,68.24,3.70,0
Madeira,46.50,22.99,68.24,3.40,0
Madeira,43.64,24.04,71.76,3.22,0
Madeira,43.20,26.46,74.12,3.62,0
Madeira,40.00,26.84,74.51,5.67,0
Madeira,39.60,26.46,74.12,6.25,0
Madeira,46.67,24.86,70.98,5.68,0
Madeira,48.00,22.99,68.24,5.17,0
Madeira,49.50,22.99,68.24,4.55,0
Madeira,46.50,22.99,68.24,4.92,0
Madeira,46.50,22.99,68.24,4.67,0
Madeira,48.84,24.29,69.41,4.84,0
Madeira,39.60,26.60,73.73,4.64,0
Madeira,40.80,26.46,74.12,4.24,0
Madeira,42.35,26.84,74.51,4.90,0
Madeira,39.18,26.06,73.73,4.83,0
Madeira,42.67,24.86,70.98,6.94,0
Madeira,48.00,22.99,68.24,6.00,0
Madeira,46.50,22.99,68.24,5.65,0
Madeira,48.00,22.99,68.24,5.70,0
Madeira,51.00,22.99,68.24,6.58,0
Madeira,46.96,25.41,70.98,5.60,0
Madeira,42.00,26.46,74.12,6.47,0
Madeira,40.80,26.46,74.12,6.19,0
Madeira,41.54,27.23,74.90,6.67,0
Madeira,44.35,25.14,71.76,6.73,0
Madeira,45.71,23.86,69.02,6.36,0
Madeira,48.00,22.99,68.24,6.91,0
Madeira,46.50,22.99,68.24,6.46,0
Madeira,49.50,22.99,68.24,6.08,0
Madeira,51.00,22.99,68.24,5.21,0
Madeira,44.35,25.14,71.76,5.13,0
Madeira,40.80,26.46,74.12,5.19,0
Madeira,39.60,26.46,74.12,5.07,0
Madeira,38.40,26.46,74.12,4.81,0
Madeira,47.23,25.97,70.98,4.29,0
Madeira,48.29,23.43,68.63,5.24,0
Madeira,51.00,22.99,68.24,4.60,0
Madeira,51.00,22.99,68.24,4.28,0
Madeira,51.00,22.99,68.24,4.00,0
Madeira,48.29,23.30,69.02,3.82,0
Madeira,40.85,25.27,72.94,3.40,0
Madeira,39.60,26.46,74.12,3.95,0
Madeira,38.40,26.46,74.12,4.41,0
Madeira,40.00,26.84,74.51,4.69,0
Madeira,46.05,23.89,70.59,6.28,0
Madeira,46.50,22.99,68.24,5.65,0
Madeira,46.50,22.99,68.24,5.08,0
Madeira,49.50,22.99,68.24,5.48,0
Madeira,49.50,22.99,68.24,4.78,0
Madeira,49.33,25.14,70.20,4.80,0
Madeira,41.63,26.20,73.33,4.85,0
Madeira,43.20,26.46,74.12,4.87,0
Madeira,43.20,26.46,74.12,4.72,0
Madeira,40.80,26.74,73.33,5.28,0
Madeira,46.05,24.16,69.80,5.31,0
Madeira,51.00,22.99,68.24,5.29,0
Madeira,46.50,22.99,68.24,4.33,0
Madeira,49.50,22.99,68.24,3.83,0
Madeira,49.50,22.99,68.24,3.39,0
Madeira,46.67,24.86,70.98,3.05,0
Madeira,38.40,26.46,74.12,2.88,0
Madeira,43.20,26.46,74.12,2.83,0
Madeira,40.80,26.46,74.12,3.41,0
Madeira,43.75,26.09,72.16,3.48,0
Madeira,49.76,23.43,68.63,3.07,0
Madeira,48.00,22.99,68.24,2.70,0
Madeira,48.00,22.99,68.24,2.90,0
Madeira,49.50,22.99,68.24,2.79,0
Madeira,49.76,23.43,68.63,3.69,0
Madeira,42.50,25.95,72.55,4.00,0
Madeira,42.00,26.46,74.12,3.87,0
Madeira,40.80,26.46,74.12,3.48,0
Madeira,39.60,26.46,74.12,3.58,0
Madeira,47.23,25.97,70.98,3.63,0
Madeira,51.00,22.99,68.24,4.14,0
Madeira,51.00,22.99,68.24,3.78,0
Madeira,48.00,22.99,68.24,4.19,0
Madeira,51.00,22.99,68.24,3.83,0
Madeira,52.86,23.86,69.02,3.31,0
Madeira,41.25,25.67,73.33,3.10,0
Madeira,41.18,26.84,74.51,2.86,0
Madeira,40.80,26.46,74.12,2.94,0
Madeira,41.63,26.06,73.73,2.80,0
Madeira,45.96,25.97,70.98,2.87,0
Madeira,49.50,22.99,68.24,2.52,0
Madeira,51.00,22.99,68.24,2.28,0
Madeira,46.50,22.99,68.24,2.17,0
Madeira,48.00,22.99,68.24,2.79,0
Madeira,47.44,23.89,70.59,2.81,0
Madeira,38.40,26.46,74.12,2.52,0
Madeira,42.00,26.46,74.12,2.36,0
Madeira,40.80,26.46,74.12,2.20,0
Madeira,40.00,27.13,73.73,2.16,0
Madeira,48.57,23.86,69.02,2.47,0
Madeira,49.50,22.99,68.24,4.13,0
Madeira,48.00,22.99,68.24,4.73,0
Madeira,48.00,22.99,68.24,5.87,0
Madeira,46.50,22.99,68.24,6.29,0
Madeira,46.05,23.76,70.98,6.67,0
Madeira,42.00,26.46,74.12,6.96,0
Madeira,40.00,26.84,74.51,6.00,0
Madeira,39.60,26.46,74.12,6.11,0
Madeira,42.50,25.95,72.55,5.41,0
Madeira,48.57,23.86,69.02,5.44,0
Madeira,49.50,22.99,68.24,5.64,0
Madeira,48.00,22.99,68.24,5.14,0
Madeira,46.50,22.99,68.24,5.08,0
Madeira,51.00,22.99,68.24,4.49,0
Madeira,44.35,25.14,71.76,4.28,0
Madeira,42.00,26.46,74.12,4.45,0
Madeira,42.00,26.46,74.12,4.43,0
Madeira,42.00,26.46,74.12,3.86,0
Madeira,45.00,26.23,71.76,3.66,0
Madeira,49.50,22.99,68.24,3.33,0
Madeira,48.00,22.99,68.24,3.00,0
Madeira,49.50,22.99,68.24,3.38,0
Madeira,48.00,22.99,68.24,3.83,0
Madeira,48.57,23.86,69.02,4.52,0
Madeira,42.13,25.41,72.55,4.03,0
Madeira,43.20,26.46,74.12,3.93,0
Madeira,42.00,26.46,74.12,3.81,0
Madeira,38.40,26.46,74.12,3.87,0
Madeira,45.00,24.31,70.98,3.48,0
Madeira,49.50,22.99,68.24,3.18,0
Madeira,46.50,22.99,68.24,3.14,0
Madeira,48.00,22.99,68.24,3.53,0
Madeira,48.00,22.99,68.24,5.90,0
Madeira,48.57,23.86,69.02,6.84,0
Madeira,40.85,25.27,72.94,8.83,0
Madeira,26.90,51.79,43.92,1.42,0
Madeira,27.46,52.68,43.92,2.35,0
Madeira,26.79,50.00,43.92,3.31,0
Madeira,25.22,54.76,49.41,3.53,0
Madeira,26.00,52.63,44.71,5.23,0
Madeira,26.90,51.79,43.92,5.97,0
Madeira,25.22,54.76,49.41,7.57,0
Madeira,26.87,55.37,47.45,7.25,0
Madeira,26.90,51.79,43.92,7.73,0
Madeira,25.16,51.67,47.06,7.60,0
Madeira,26.57,55.56,49.41,7.33,0
Madeira,26.90,51.79,43.92,6.46,0
Madeira,26.79,50.00,43.92,6.67,0
Madeira,25.22,54.76,49.41,7.77,0
Madeira,26.00,52.63,44.71,8.26,0
Madeira,26.90,51.79,43.92,7.19,0
Madeira,25.59,54.40,49.02,7.44,0
Madeira,26.87,55.37,47.45,8.34,0
Madeira,26.90,51.79,43.92,7.82,0
Madeira,26.13,52.10,46.67,6.67,0
Madeira,26.57,55.56,49.41,6.55,0
Madeira,26.90,51.79,43.92,7.57,0
Madeira,27.37,50.89,43.92,9.57,0
Madeira,25.59,53.97,49.41,8.75,0
Madeira,27.00,52.63,44.71,7.81,0
Madeira,27.93,51.79,43.92,6.69,0
Madeira,25.97,53.60,49.02,9.54,0
Madeira,26.87,55.37,47.45,9.66,0
Madeira,26.32,50.89,43.92,11.13,0
Madeira,25.31,52.89,47.45,9.36,0
Madeira,26.20,56.35,49.41,8.20,0
Madeira,26.90,51.79,43.92,9.56,0
Madeira,26.79,50.00,43.92,9.15,0
Madeira,25.22,54.76,49.41,7.90,0
Madeira,27.00,53.10,44.31,6.94,0
Madeira,25.86,51.79,43.92,6.85,0
Madeira,24.71,53.97,49.41,10.82,0
Madeira,26.36,55.00,47.06,9.88,0
Madeira,26.90,51.79,43.92,11.18,0
Madeira,26.25,52.89,47.45,9.62,0
Madeira,26.20,56.35,49.41,8.40,0
Madeira,26.90,51.79,43.92,7.61,0
Madeira,26.79,50.00,43.92,6.69,0
Madeira,25.22,54.76,49.41,5.85,0
Madeira,27.46,52.21,44.31,5.39,0
Madeira,26.90,51.79,43.92,5.26,0
Madeira,25.22,54.76,49.41,5.04,0
Madeira,25.97,55.37,47.45,4.66,0
Madeira,26.90,51.79,43.92,4.11,0
Madeira,26.67,52.50,47.06,4.11,0
Madeira,26.20,56.35,49.41,3.53,0
Madeira,26.90,51.79,43.92,4.18,0
Madeira,26.79,50.00,43.92,3.90,0
Madeira,26.09,54.76,49.41,3.63,0
Madeira,26.44,52.21,44.31,4.34,0
Madeira,26.90,51.79,43.92,4.28,0
Madeira,26.47,54.40,49.02,3.65,0
Madeira,26.47,56.20,47.45,3.67,0
Madeira,26.90,51.79,43.92,4.90,0
Madeira,26.25,53.33,47.06,5.07,0
Madeira,25.71,55.56,49.41,4.82,0
Madeira,26.90,51.79,43.92,5.74,0
Madeira,26.32,50.44,44.31,5.93,0
Madeira,26.57,55.56,49.41,6.03,0
Madeira,27.46,52.21,44.31,5.72,0
Madeira,26.90,51.79,43.92,6.79,0
Madeira,25.59,54.40,49.02,5.89,0
Madeira,25.97,55.37,47.45,5.91,0
Madeira,26.90,51.79,43.92,6.43,0
Madeira,26.77,53.72,47.45,5.75,0
Madeira,26.57,55.56,49.41,6.50,0
Madeira,26.90,51.79,43.92,6.18,0
Madeira,27.37,50.89,43.92,7.56,0
Madeira,26.09,54.76,49.41,10.29,0
Madeira,26.44,52.21,44.31,10.69,0
Madeira,27.46,52.68,43.92,10.20,0
Madeira,25.97,54.03,48.63,9.40,0
Madeira,25.97,55.37,47.45,8.57,0
Madeira,26.90,51.79,43.92,7.91,0
Madeira,25.71,52.50,47.06,7.97,0
Madeira,25.71,55.56,49.41,7.86,0
Madeira,27.46,52.68,43.92,7.00,0
Madeira,27.37,50.89,43.92,6.56,0
Madeira,25.22,54.76,49.41,6.72,0
Madeira,27.00,52.63,44.71,6.30,0
Madeira,26.90,51.79,43.92,8.83,0
Madeira,26.47,54.40,49.02,7.71,0
Madeira,26.87,55.37,47.45,10.05,0
Madeira,26.90,51.79,43.92,9.49,0
Madeira,26.25,53.33,47.06,8.73,0
Madeira,25.71,55.56,49.41,9.77,0
Madeira,26.90,51.79,43.92,9.20,0
Madeira,27.37,50.89,43.92,9.07,0
Madeira,25.22,54.76,49.41,9.16,0
Madeira,27.46,52.21,44.31,8.27,0
Madeira,28.00,53.57,43.92,7.92,0
Madeira,25.97,54.03,48.63,7.23,0
Madeira,26.87,55.37,47.45,7.44,0
Madeira,27.46,52.68,43.92,6.72,0
Madeira,26.13,52.10,46.67,5.74,0
Madeira,25.71,55.56,49.41,5.37,0
Madeira,26.90,51.79,43.92,8.00,0
Madeira,26.32,50.44,44.31,7.37,0
Madeira,25.59,53.97,49.41,6.65,0
Madeira,26.44,52.21,44.31,7.41,0
Madeira,27.93,51.79,43.92,7.07,0
Madeira,24.71,53.97,49.41,8.20,0
Madeira,25.97,55.37,47.45,7.72,0
Madeira,26.90,51.79,43.92,7.75,0
Madeira,25.31,52.89,47.45,8.81,0
Madeira,27.04,56.35,49.41,7.69,0
Madeira,26.90,51.79,43.92,7.32,0
Madeira,26.32,50.44,44.31,7.26,0
Madeira,26.09,54.76,49.41,6.49,0
Madeira,26.44,52.21,44.31,6.01,0
Madeira,26.90,51.79,43.92,5.30,0
Madeira,25.22,54.76,49.41,4.62,0
Madeira,25.97,55.37,47.45,4.21,0
Madeira,27.46,52.68,43.92,3.94,0
Madeira,26.25,52.89,47.45,7.24,0
Madeira,26.57,56.00,49.02,7.29,0
Madeira,26.90,51.79,43.92,7.29,0
Madeira,26.32,50.00,44.71,8.00,0
Madeira,26.09,54.76,49.41,9.57,0
Madeira,27.46,52.68,43.92,12.31,0
Madeira,26.90,51.79,43.92,11.43,0
Madeira,26.09,54.76,49.41,11.43,0
Madeira,26.25,54.24,46.27,10.54,0
Madeira,27.46,52.68,43.92,9.46,0
Madeira,25.71,52.07,47.45,12.35,0
Madeira,26.57,56.45,48.63,13.42,0
Madeira,26.90,51.79,43.92,12.76,0
Madeira,26.44,51.30,45.10,11.26,0
Madeira,26.57,55.56,49.41,9.55,0
Madeira,26.90,51.79,43.92,8.29,0
Madeira,26.32,50.89,43.92,7.88,0
Madeira,26.09,54.76,49.41,8.72,0
Madeira,26.25,54.70,45.88,9.07,0
Madeira,26.90,51.79,43.92,8.13,0
Madeira,25.31,52.46,47.84,7.99,0
Madeira,27.35,55.74,47.84,8.55,0
Madeira,26.90,51.79,43.92,9.39,0
Madeira,25.57,51.69,46.27,7.89,0
Madeira,25.71,55.56,49.41,7.06,0
Madeira,26.90,51.79,43.92,5.99,0
Madeira,26.32,50.89,43.92,5.32,0
Madeira,24.71,53.97,49.41,4.54,0
Madeira,25.57,53.04,45.10,4.69,0
Madeira,27.46,52.68,43.92,4.66,0
Madeira,26.36,53.66,48.24,4.71,0
Madeira,26.47,55.74,47.84,4.63,0
Madeira,26.90,51.79,43.92,4.49,0
Madeira,24.19,52.10,46.67,4.28,0
Madeira,26.57,55.56,49.41,4.88,0
Madeira,27.46,52.68,43.92,4.31,0
Madeira,26.32,50.89,43.92,4.86,0
Madeira,26.09,54.76,49.41,4.96,0
Madeira,28.00,52.63,44.71,5.26,0
Madeira,27.46,52.68,43.92,7.58,0
Madeira,25.97,54.03,48.63,7.56,0
Madeira,26.47,55.74,47.84,8.61,0
Madeira,26.90,51.79,43.92,8.79,0
Madeira,26.67,52.94,46.67,7.61,0
Madeira,26.57,55.56,49.41,6.99,0
Madeira,27.46,52.68,43.92,6.17,0
Madeira,27.37,50.89,43.92,5.86,0
Madeira,24.71,53.97,49.41,5.69,0
Madeira,27.00,53.10,44.31,5.34,0
Madeira,27.46,52.68,43.92,5.28,0
Madeira,25.07,53.60,49.02,6.82,0
Madeira,25.97,55.37,47.45,6.25,0
Madeira,26.90,51.79,43.92,5.88,0
Madeira,25.71,52.50,47.06,7.46,0
Madeira,25.71,55.56,49.41,6.75,0
Madeira,26.90,51.79,43.92,6.65,0
Madeira,26.90,51.33,44.31,6.63,0
Madeira,26.09,54.76,49.41,5.89,0
Madeira,27.00,53.10,44.31,5.28,0
Madeira,26.90,51.79,43.92,4.68,0
Madeira,25.07,53.60,49.02,4.19,0
Madeira,26.36,55.00,47.06,4.19,0
Madeira,26.90,51.79,43.92,4.46,0
Madeira,26.25,52.89,47.45,4.21,0
Madeira,26.20,56.35,49.41,6.00,0
Madeira,26.90,51.79,43.92,6.53,0
Madeira,27.37,50.44,44.31,6.11,0
Madeira,25.22,54.76,49.41,5.84,0
Madeira,26.44,52.21,44.31,5.32,0
Madeira,26.90,51.79,43.92,7.21,0
Madeira,25.22,54.76,49.41,6.72,0
Madeira,25.97,55.83,47.06,6.94,0
Madeira,27.46,52.68,43.92,6.24,0
Madeira,26.25,52.89,47.45,5.32,0
Madeira,26.57,56.00,49.02,5.52,0
Madeira,26.90,51.79,43.92,4.87,0
Madeira,26.90,50.88,44.71,5.52,0
Madeira,26.57,55.56,49.41,5.25,0
Madeira,27.46,52.68,43.92,7.25,0
Madeira,26.90,51.79,43.92,6.67,0
Madeira,25.22,54.76,49.41,6.30,0
Madeira,26.25,54.24,46.27,6.15,0
Madeira,27.46,52.68,43.92,5.94,0
Madeira,26.25,52.46,47.84,7.58,0
Madeira,26.57,56.45,48.63,7.06,0
Madeira,27.46,52.68,43.92,8.33,0
Madeira,25.00,51.28,45.88,9.27,0
Madeira,26.57,55.56,49.41,8.95,0
Madeira,26.90,51.79,43.92,10.14,0
Madeira,26.32,50.89,43.92,9.79,0
Madeira,26.09,54.76,49.41,8.51,0
Madeira,26.56,53.04,45.10,7.70,0
Madeira,27.46,52.68,43.92,8.89,0
Madeira,25.85,52.85,48.24,9.37,0
Madeira,26.47,55.74,47.84,8.95,0
Madeira,27.46,52.68,43.92,7.47,0
Madeira,25.71,52.94,46.67,7.10,0
Madeira,26.57,55.56,49.41,6.55,0
Madeira,26.90,51.79,43.92,6.19,0
Madeira,25.71,50.00,43.92,5.84,0
Madeira,25.22,54.76,49.41,5.52,0
Madeira,27.46,52.21,44.31,5.20,0
Madeira,26.90,51.79,43.92,5.21,0
Madeira,25.45,53.23,48.63,5.80,0
Madeira,26.87,55.37,47.45,5.24,0
Madeira,26.90,51.79,43.92,4.71,0
Madeira,26.25,53.33,47.06,6.02,0
Madeira,27.43,55.56,49.41,6.06,0
Madeira,27.46,52.68,43.92,6.67,0
Madeira,26.32,50.44,44.31,5.94,0
Madeira,26.09,54.76,49.41,5.97,0
Madeira,26.44,52.21,44.31,5.85,0
Madeira,27.46,52.68,43.92,8.61,0
Madeira,26.09,54.76,49.41,8.36,0
Madeira,26.36,55.00,47.06,7.98,0
Madeira,26.90,51.79,43.92,10.84,0
Madeira,25.31,52.89,47.45,10.90,0
Madeira,26.57,56.45,48.63,10.97,0
Madeira,27.46,52.68,43.92,9.14,0
Madeira,26.44,51.30,45.10,7.88,0
Madeira,25.22,54.76,49.41,7.07,0
Madeira,26.90,51.79,43.92,5.89,0
Madeira,26.90,51.79,43.92,5.29,0
Madeira,24.71,53.97,49.41,5.18,0
Madeira,27.54,53.04,45.10,5.73,0
Madeira,26.90,51.79,43.92,5.19,0
Madeira,25.59,54.84,48.63,4.79,0
Madeira,26.87,55.37,47.45,5.67,0
Madeira,27.46,52.68,43.92,6.18,0
Madeira,27.10,52.54,46.27,5.72,0
Madeira,26.57,55.56,49.41,6.50,0
Madeira,26.90,51.79,43.92,8.23,0
Madeira,26.79,50.00,43.92,9.14,0
Madeira,25.71,55.56,49.41,9.78,0
Madeira,26.90,51.79,43.92,11.63,0
Madeira,26.90,51.79,43.92,12.18,0
Madeira,25.22,54.76,49.41,11.57,0
Madeira,26.25,54.24,46.27,10.45,0
Madeira,26.90,51.79,43.92,10.29,0
Madeira,26.77,53.28,47.84,9.27,0
Madeira,27.35,55.74,47.84,8.45,0
Madeira,26.90,51.79,43.92,9.66,0
Madeira,26.00,51.28,45.88,9.18,0
Madeira,26.57,55.56,49.41,7.86,0
Madeira,26.90,51.79,43.92,8.21,0
Madeira,25.71,50.00,43.92,11.60,0
Madeira,26.09,54.76,49.41,12.61,0
Madeira,26.44,52.21,44.31,12.42,0
Madeira,26.90,51.79,43.92,11.21,0
Madeira,25.97,53.60,49.02,12.12,0
Madeira,26.36,55.00,47.06,13.66,0
Madeira,26.90,51.79,43.92,15.27,0
Madeira,26.25,52.89,47.45,16.71,0
Madeira,27.43,56.45,48.63,18.06,0
Madeira,27.93,51.79,43.92,17.63,0
Madeira,27.37,50.44,44.31,14.80,0
Madeira,25.71,55.56,49.41,16.25,0
Madeira,26.90,51.79,43.92,15.90,0
Madeira,26.32,50.89,43.92,14.34,0
Madeira,26.96,54.76,49.41,12.26,0
Madeira,28.00,52.63,44.71,11.61,0
Madeira,26.90,51.79,43.92,11.18,0
Madeira,25.97,54.03,48.63,11.81,0
Madeira,26.87,55.37,47.45,12.52,0
Madeira,27.93,51.79,43.92,13.10,0
Madeira,25.71,52.50,47.06,12.23,0
Madeira,26.20,56.35,49.41,15.66,0
Madeira,26.90,51.79,43.92,14.36,0
Madeira,26.90,51.33,44.31,13.20,0
Madeira,25.59,53.97,49.41,12.70,0
Madeira,26.90,51.79,43.92,10.62,0
Madeira,26.90,51.79,43.92,12.39,0
Madeira,24.71,53.97,49.41,11.77,0
Madeira,26.77,55.08,46.27,12.62,0
Madeira,26.90,51.79,43.92,10.62,0
Madeira,26.87,54.47,48.24,9.22,0
Madeira,26.09,56.10,48.24,8.33,0
Madeira,26.90,51.79,43.92,7.92,0
Madeira,24.19,52.10,46.67,7.72,0
Madeira,25.71,55.56,49.41,8.08,0
Madeira,26.90,51.79,43.92,10.60,0
Madeira,26.32,50.89,43.92,10.22,0
Madeira,25.22,54.76,49.41,15.24,0
Madeira,26.44,52.21,44.31,13.91,0
Madeira,26.90,51.79,43.92,12.34,0
Madeira,25.59,54.40,49.02,11.54,0
Madeira,27.27,55.00,47.06,9.97,0
Madeira,27.46,52.68,43.92,9.59,0
Madeira,25.31,52.89,47.45,8.55,0
Madeira,26.20,56.35,49.41,10.00,0
Madeira,26.90,51.79,43.92,8.83,0
Madeira,26.90,50.88,44.71,8.36,0
Madeira,26.57,55.56,49.41,7.67,0
Madeira,27.46,52.68,43.92,8.83,0
Madeira,26.90,51.79,43.92,8.10,0
Madeira,25.22,54.76,49.41,7.93,0
Madeira,26.13,53.45,45.49,6.99,0
Madeira,26.90,51.79,43.92,6.53,0
Madeira,25.97,54.03,48.63,6.35,0
Madeira,26.87,55.37,47.45,6.22,0
Madeira,26.90,51.79,43.92,5.44,0
Madeira,26.67,52.94,46.67,5.47,0
Madeira,27.04,56.35,49.41,4.85,0
Madeira,27.46,52.68,43.92,6.01,0
Madeira,27.86,50.00,43.92,5.28,0
Madeira,25.22,54.76,49.41,5.24,0
Madeira,26.44,52.21,44.31,5.77,0
Madeira,26.90,51.79,43.92,7.06,0
Madeira,24.71,53.97,49.41,7.08,0
Madeira,26.36,55.46,46.67,6.67,0
Madeira,26.90,51.79,43.92,8.09,0
Madeira,26.25,52.89,47.45,7.99,0
Madeira,26.57,56.45,48.63,9.08,0
Madeira,26.90,51.79,43.92,8.23,0
Madeira,26.00,51.72,45.49,7.84,0
Madeira,26.57,55.56,49.41,7.90,0
Madeira,26.90,51.79,43.92,7.09,0
Madeira,27.37,50.89,43.92,9.17,0
Madeira,25.59,53.97,49.41,9.49,0
Madeira,26.56,53.04,45.10,12.22,0
Madeira,26.90,51.79,43.92,15.25,0
Madeira,25.85,53.28,47.84,14.51,0
Madeira,26.47,55.74,47.84,13.13,0
Madeira,26.90,51.79,43.92,13.40,0
Madeira,26.13,52.10,46.67,11.52,0
Madeira,26.57,55.56,49.41,13.51,0
Madeira,26.90,51.79,43.92,11.22,0
Madeira,26.79,50.00,43.92,10.41,0
Madeira,25.59,53.97,49.41,9.80,0
Madeira,26.44,52.21,44.31,9.04,0
Madeira,26.90,51.79,43.92,8.25,0
Madeira,25.59,54.40,49.02,7.08,0
Madeira,26.36,55.00,47.06,6.30,0
Madeira,26.90,51.79,43.92,6.53,0
Madeira,26.25,52.89,47.45,5.70,0
Madeira,26.57,56.00,49.02,5.41,0
Madeira,27.46,52.68,43.92,8.14,0
Madeira,26.90,50.88,44.71,8.65,0
Madeira,25.71,55.56,49.41,7.87,0
Madeira,26.90,51.79,43.92,6.84,0
Madeira,26.90,51.79,43.92,7.11,0
Madeira,26.09,54.76,49.41,6.05,0
Madeira,26.67,53.85,45.88,8.77,0
Madeira,26.90,51.79,43.92,8.02,0
Madeira,26.25,52.46,47.84,8.34,0
Madeira,27.35,55.74,47.84,9.01,0
Madeira,27.46,52.68,43.92,8.99,0
Madeira,27.00,51.28,45.88,9.12,0
Madeira,25.71,55.56,49.41,10.67,0
Madeira,26.90,51.79,43.92,9.40,0
Madeira,26.32,50.89,43.92,9.17,0
Madeira,25.22,54.76,49.41,11.42,0
Madeira,27.00,52.63,44.71,11.53,0
Madeira,26.90,51.79,43.92,11.67,0
Madeira,25.59,54.40,49.02,10.26,0
Madeira,26.47,55.74,47.84,11.04,0
Madeira,26.90,51.79,43.92,9.62,0
Madeira,25.85,53.72,47.45,10.74,0
Madeira,25.71,55.56,49.41,9.77,0
Madeira,26.90,51.79,43.92,11.51,0
Madeira,27.37,50.44,44.31,10.75,0
Madeira,25.22,54.76,49.41,11.89,0
Madeira,26.44,52.21,44.31,13.01,0
Madeira,26.90,51.79,43.92,14.86,0
Madeira,25.07,53.60,49.02,12.31,0
Madeira,27.69,55.08,46.27,10.89,0
Madeira,27.46,52.68,43.92,13.78,0
Madeira,26.25,52.89,47.45,14.69,0
Madeira,26.57,56.45,48.63,16.84,0
Madeira,26.90,51.79,43.92,18.24,0
Madeira,27.00,51.72,45.49,16.60,0
Madeira,25.71,55.56,49.41,14.40,0
Madeira,26.90,51.79,43.92,12.91,0
Madeira,26.32,50.89,43.92,11.43,0
Madeira,24.71,53.97,49.41,10.54,0
Madeira,25.57,53.04,45.10,9.62,0
Madeira,26.90,51.79,43.92,9.57,0
Madeira,25.59,54.40,49.02,10.79,0
Madeira,26.87,55.83,47.06,13.93,0
Madeira,26.90,51.79,43.92,17.29,0
Madeira,26.25,52.89,47.45,15.20,0
Madeira,27.04,56.80,49.02,13.31,0
Madeira,26.44,52.68,43.92,12.82,0
Madeira,26.90,50.88,44.71,12.36,0
Madeira,25.22,54.76,49.41,12.14,0
Madeira,26.90,51.79,43.92,13.15,0
Madeira,26.90,51.79,43.92,13.11,0
Madeira,24.71,53.97,49.41,13.04,0
Madeira,27.54,53.51,44.71,10.89,0
Madeira,26.90,51.79,43.92,10.35,0
Madeira,25.45,53.23,48.63,8.77,0
Madeira,25.97,55.37,47.45,7.39,0
Madeira,27.46,52.68,43.92,6.96,0
Madeira,27.69,53.72,47.45,7.21,0
Madeira,25.71,56.00,49.02,7.32,0
Madeira,26.90,51.79,43.92,6.24,0
Madeira,26.90,50.88,44.71,5.92,0
Madeira,25.71,55.56,49.41,6.18,0
Madeira,26.90,51.79,43.92,5.38,0
Madeira,26.32,50.89,43.92,4.92,0
Madeira,25.59,53.97,49.41,4.13,0
Madeira,26.56,53.51,44.71,4.04,0
Madeira,26.90,51.79,43.92,3.71,0
Madeira,25.97,54.03,48.63,4.39,0
Madeira,27.69,54.62,46.67,6.11,0
Madeira,26.90,51.79,43.92,5.47,0
Madeira,26.25,52.89,47.45,7.24,0
Madeira,26.20,56.80,49.02,7.57,0
Madeira,27.46,52.68,43.92,8.95,0
Madeira,27.00,51.72,45.49,8.37,0
Madeira,25.71,55.56,49.41,7.16,0
Madeira,27.46,52.68,43.92,7.19,0
Madeira,26.32,50.89,43.92,6.53,0
Madeira,25.22,54.76,49.41,6.88,0
Madeira,27.00,53.10,44.31,6.90,0
Madeira,26.90,51.79,43.92,9.02,0
Madeira,25.07,53.60,49.02,11.45,0
Madeira,25.97,55.37,47.45,11.15,0
Madeira,26.90,51.79,43.92,12.40,0
Madeira,26.25,52.89,47.45,12.59,0
Madeira,26.57,56.45,48.63,10.90,0
Madeira,26.90,51.79,43.92,9.48,0
Madeira,27.46,51.30,45.10,8.25,0
Madeira,25.22,54.76,49.41,7.03,0
Madeira,26.90,51.79,43.92,6.28,0
Madeira,26.32,50.89,43.92,6.18,0
Madeira,25.22,54.76,49.41,6.75,0
Madeira,27.00,53.10,44.31,7.14,0
Madeira,26.90,51.79,43.92,7.72,0
Madeira,25.59,54.40,49.02,6.76,0
Madeira,26.36,55.00,47.06,7.43,0
Madeira,26.90,51.79,43.92,6.38,0
Madeira,26.25,52.89,47.45,7.91,0
Madeira,26.09,55.65,48.63,7.89,0
Madeira,27.46,52.68,43.92,6.92,0
Madeira,26.56,52.14,45.88,6.53,0
Madeira,25.71,55.56,49.41,7.89,0
Madeira,26.90,51.79,43.92,7.30,0
Madeira,25.71,50.00,43.92,8.90,0
Madeira,25.22,54.76,49.41,8.94,0
Madeira,27.46,52.68,43.92,9.59,0
Madeira,26.90,51.79,43.92,9.51,0
Madeira,25.59,53.97,49.41,8.60,0
Madeira,26.25,54.24,46.27,8.73,0
Madeira,26.90,51.79,43.92,7.15,0
Madeira,25.07,54.03,48.63,6.46,0
Madeira,26.47,55.74,47.84,7.96,0
Madeira,27.37,51.35,43.53,7.85,0
Madeira,26.13,52.10,46.67,8.72,0
Madeira,27.04,56.35,49.41,8.61,0
Madeira,26.90,51.79,43.92,8.30,0
Madeira,26.79,49.56,44.31,7.50,0
Madeira,26.57,55.56,49.41,7.24,0
Madeira,25.86,51.79,43.92,7.35,0
Madeira,26.32,50.89,43.92,6.32,0
Madeira,25.22,54.76,49.41,5.39,0
Madeira,25.57,53.04,45.10,5.60,0
Madeira,27.46,52.68,43.92,4.84,0
Madeira,26.36,53.66,48.24,5.35,0
Madeira,25.97,55.37,47.45,7.48,0
Madeira,26.90,51.79,43.92,6.68,0
Madeira,27.19,53.33,47.06,6.72,0
Madeira,26.20,56.35,49.41,8.30,0
Madeira,26.90,51.79,43.92,7.26,0
Madeira,27.37,50.44,44.31,6.48,0
Madeira,25.22,54.76,49.41,6.71,0
Madeira,26.90,51.79,43.92,5.80,0
Madeira,26.90,51.79,43.92,6.02,0
Madeira,25.59,53.97,49.41,6.06,0
Madeira,27.54,53.04,45.10,11.77,0
Madeira,26.90,51.79,43.92,10.88,0
Madeira,25.45,53.66,48.24,11.35,0
Madeira,26.47,55.74,47.84,12.54,0
Madeira,26.90,51.79,43.92,13.16,0
Madeira,26.25,53.33,47.06,13.06,0
Madeira,27.04,56.35,49.41,11.78,0
Madeira,26.90,51.79,43.92,11.76,0
Madeira,26.32,50.44,44.31,13.37,0
Madeira,25.22,54.76,49.41,12.34,0
Madeira,27.46,52.68,43.92,13.55,0
Madeira,26.32,50.89,43.92,12.84,0
Madeira,22.98,48.45,38.04,0.81,0
Madeira,21.60,50.00,39.22,2.15,0
Madeira,21.33,47.37,37.25,8.24,0
Madeira,20.82,50.52,38.04,9.21,0
Madeira,20.00,48.91,36.08,8.69,0
Madeira,21.43,47.73,34.51,9.20,0
Madeira,20.43,50.00,36.86,7.76,0
Madeira,20.00,47.37,37.25,7.89,0
Madeira,22.17,47.42,38.04,7.38,0
Madeira,21.60,49.02,40.00,8.98,0
Madeira,23.27,49.49,38.82,7.63,0
Madeira,22.98,48.45,38.04,8.57,0
Madeira,22.80,50.00,39.22,7.89,0
Madeira,21.60,50.00,39.22,8.71,0
Madeira,22.98,48.45,38.04,7.76,0
Madeira,22.50,48.48,38.82,6.98,0
Madeira,22.04,50.00,38.43,11.23,0
Madeira,21.82,47.31,36.47,10.24,0
Madeira,21.60,50.00,39.22,8.90,0
Madeira,22.50,48.98,38.43,8.69,0
Madeira,21.33,47.37,37.25,7.60,0
Madeira,23.48,47.92,37.65,8.44,0
Madeira,21.25,48.98,38.43,8.84,0
Madeira,22.98,48.45,38.04,8.42,0
Madeira,21.60,50.00,39.22,6.99,0
Madeira,22.04,49.49,38.82,7.11,0
Madeira,21.82,47.31,36.47,7.67,0
Madeira,22.50,48.98,38.43,7.81,0
Madeira,21.82,48.35,35.69,7.14,0
Madeira,20.93,47.78,35.29,6.17,0
Madeira,20.43,50.00,36.86,5.38,0
Madeira,22.33,47.78,35.29,4.86,0
Madeira,20.93,47.25,35.69,4.55,0
Madeira,18.75,48.98,38.43,4.15,0
Madeira,20.43,48.96,37.65,5.11,0
Madeira,21.82,47.31,36.47,9.56,0
Madeira,22.04,49.49,38.82,10.03,0
Madeira,21.70,50.00,36.86,11.58,0
Madeira,20.93,47.25,35.69,15.24,0
Madeira,21.60,50.00,39.22,15.33,0
Madeira,21.33,48.39,36.47,18.43,0
Madeira,20.45,47.83,36.08,19.83,0
Madeira,20.43,48.45,38.04,19.12,0
Madeira,21.82,47.31,36.47,17.22,0
Madeira,20.93,46.24,36.47,17.44,0
Madeira,21.60,50.00,39.22,18.96,0
Madeira,20.87,48.42,37.25,18.03,0
Madeira,20.93,46.24,36.47,17.97,0
Madeira,20.82,49.49,38.82,17.67,0
Madeira,21.33,48.39,36.47,14.65,0
Madeira,20.93,46.74,36.08,12.90,0
Madeira,20.00,49.48,38.04,11.39,0
Madeira,21.33,48.91,36.08,13.73,0
Madeira,22.33,47.78,35.29,14.41,0
Madeira,20.00,50.00,37.65,14.00,0
Madeira,20.00,49.45,35.69,15.33,0
Madeira,21.43,47.19,34.90,15.92,0
Madeira,20.43,50.00,36.86,15.13,0
Madeira,19.53,47.78,35.29,15.66,0
Madeira,21.33,48.91,36.08,16.94,0
Madeira,21.33,48.91,36.08,17.41,0
Madeira,19.53,47.78,35.29,16.98,0
Madeira,21.33,48.91,36.08,15.73,0
Madeira,20.43,50.00,36.86,15.45,0
Madeira,20.93,48.31,34.90,16.81,0
Madeira,20.45,48.35,35.69,19.24,0
Madeira,21.70,50.54,36.47,18.54,0
Madeira,23.41,47.67,33.73,17.80,0
Madeira,20.49,46.59,34.51,18.42,0
Madeira,20.43,51.09,36.08,18.42,0
Madeira,21.95,47.13,34.12,17.66,0
Madeira,21.70,50.00,36.86,17.71,0
Madeira,22.33,47.78,35.29,18.71,0
Madeira,21.43,46.67,35.29,17.77,0
Madeira,19.59,50.52,38.04,18.34,0
Madeira,22.33,47.78,35.29,18.74,0
Madeira,22.33,47.78,35.29,15.21,0
Madeira,19.59,50.52,38.04,18.37,0
Madeira,21.82,48.35,35.69,16.68,0
Madeira,21.43,47.19,34.90,15.75,0
Madeira,20.43,50.00,36.86,14.56,0
Madeira,20.45,48.89,35.29,13.11,0
Madeira,22.86,47.19,34.90,12.52,0
Madeira,21.25,51.06,36.86,11.20,0
Madeira,21.43,47.73,34.51,20.40,0
Madeira,20.43,50.00,36.86,19.26,0
Madeira,19.15,50.00,36.86,19.09,0
Madeira,20.00,47.19,34.90,18.43,0
Madeira,20.40,51.55,38.04,17.53,0
Madeira,22.33,47.78,35.29,16.89,0
Madeira,20.45,47.83,36.08,15.68,0
Madeira,19.59,51.04,37.65,14.97,0
Madeira,21.82,48.89,35.29,14.10,0
Madeira,21.33,48.91,36.08,13.10,0
Madeira,20.00,50.53,37.25,12.50,0
Madeira,20.00,47.19,34.90,12.22,0
Madeira,20.87,49.46,36.47,11.74,0
Madeira,20.00,48.91,36.08,11.26,0
Madeira,21.95,47.13,34.12,10.95,0
Madeira,20.00,48.91,36.08,10.56,0
Madeira,20.45,49.44,34.90,9.86,0
Madeira,21.00,46.51,33.73,9.56,0
Madeira,19.15,50.54,36.47,9.92,0
Madeira,21.95,47.67,33.73,9.48,0
Madeira,20.00,47.73,34.51,8.94,0
Madeira,19.15,50.54,36.47,9.00,0
Madeira,21.95,47.67,33.73,8.17,0
Madeira,21.33,48.91,36.08,7.44,0
Madeira,20.43,50.54,36.47,6.70,0
Madeira,22.86,48.28,34.12,6.51,0
Madeira,19.53,47.78,35.29,6.60,0
Madeira,20.00,49.45,35.69,6.68,0
Madeira,21.43,48.28,34.12,6.95,0
Madeira,19.15,50.54,36.47,6.46,0
Madeira,19.57,50.55,35.69,8.00,0
Madeira,21.00,46.51,33.73,7.09,0
Madeira,19.15,50.54,36.47,6.28,0
Madeira,21.43,48.28,34.12,6.01,0
Madeira,21.95,47.67,33.73,6.13,0
Madeira,20.87,50.00,36.08,5.66,0
Madeira,20.00,50.00,35.29,4.89,0
Madeira,21.00,46.51,33.73,4.35,0
Madeira,20.00,51.61,36.47,5.50,0
Madeira,21.95,47.67,33.73,7.85,0
Madeira,20.45,48.89,35.29,7.06,0
Madeira,20.00,51.61,36.47,6.64,0
Madeira,19.02,47.67,33.73,6.65,0
Madeira,21.00,46.51,33.73,7.32,0
Madeira,20.00,52.17,36.08,6.23,0
Madeira,20.49,47.67,33.73,5.41,0
Madeira,21.33,50.00,35.29,5.95,0
Madeira,19.57,50.55,35.69,5.41,0
Madeira,20.49,47.67,33.73,5.12,0
Madeira,19.57,50.00,36.08,4.61,0
Madeira,17.56,47.67,33.73,4.35,0
Madeira,23.41,47.67,33.73,4.12,0
Madeira,18.26,51.11,35.29,5.04,0
Madeira,20.00,48.84,33.73,5.40,0
Madeira,21.33,50.00,35.29,7.84,0
Madeira,20.00,48.84,33.73,10.13,0
Madeira,20.00,48.84,33.73,8.82,0
Madeira,20.00,50.00,35.29,7.26,0
Madeira,20.93,50.00,33.73,6.56,0
Madeira,20.49,47.67,33.73,5.60,0
Madeira,20.00,50.00,35.29,5.52,0
Madeira,20.93,50.00,33.73,4.75,0
Madeira,20.93,48.86,34.51,4.62,0
Madeira,20.00,51.14,34.51,5.00,0
Madeira,21.43,49.41,33.33,5.72,0
Madeira,18.67,50.56,34.90,5.38,0
Madeira,20.45,51.16,33.73,6.87,0
Madeira,22.50,48.19,32.55,7.30,0
Madeira,18.67,50.56,34.90,6.44,0
Madeira,20.49,49.40,32.55,5.38,0
Madeira,21.95,48.81,32.94,6.53,0
Madeira,20.00,51.72,34.12,6.37,0
Madeira,20.49,49.40,32.55,5.81,0
Madeira,20.93,50.00,33.73,8.72,0
Madeira,20.93,50.59,33.33,8.43,0
Madeira,20.49,49.40,32.55,8.10,0
Madeira,20.45,50.57,34.12,7.98,0
Madeira,21.00,48.19,32.55,7.24,0
Madeira,20.49,48.24,33.33,5.95,0
Madeira,19.57,51.69,34.90,5.51,0
Madeira,21.00,48.19,32.55,6.06,0
Madeira,20.00,48.84,33.73,6.39,0
Madeira,20.00,49.41,33.33,6.09,0
Madeira,21.00,48.19,32.55,7.72,0
Madeira,20.45,50.57,34.12,7.34,0
Madeira,21.95,49.40,32.55,6.83,0
Madeira,20.00,48.84,33.73,7.11,0
Madeira,18.57,48.84,33.73,7.33,0
Madeira,19.50,48.19,32.55,6.66,0
Madeira,19.53,49.43,34.12,5.75,0
Madeira,19.02,48.81,32.94,5.51,0
Madeira,21.00,48.19,32.55,4.71,0
Madeira,20.45,51.16,33.73,5.63,0
Madeira,20.49,49.40,32.55,6.21,0
Madeira,20.93,50.00,33.73,6.15,0
Madeira,19.53,50.59,33.33,9.92,0
Madeira,22.11,46.91,31.76,11.32,0
Madeira,21.82,51.16,33.73,10.67,0
Madeira,20.49,49.40,32.55,10.19,0
Madeira,21.95,48.81,32.94,8.58,0
Madeira,21.33,51.72,34.12,7.70,0
Madeira,19.50,48.19,32.55,7.22,0
Madeira,20.93,50.00,33.73,6.44,0
Madeira,20.49,49.40,32.55,6.65,0
Madeira,21.95,48.81,32.94,6.02,0
Madeira,21.33,52.33,33.73,7.08,0
Madeira,20.49,49.40,32.55,7.22,0
Madeira,20.93,50.00,33.73,6.52,0
Madeira,20.00,51.72,34.12,7.54,0
Madeira,21.00,48.19,32.55,6.91,0
Madeira,19.09,50.00,34.51,6.19,0
Madeira,20.00,49.41,33.33,5.95,0
Madeira,22.50,48.19,32.55,6.95,0
Madeira,20.00,51.14,34.51,6.18,0
Madeira,20.49,49.40,32.55,6.09,0
Madeira,20.93,50.00,33.73,5.40,0
Madeira,20.00,50.00,32.94,6.44,0
Madeira,21.00,48.19,32.55,7.19,0
Madeira,19.57,51.69,34.90,6.60,0
Madeira,21.95,49.40,32.55,6.74,0
Madeira,20.00,48.84,33.73,8.41,0
Madeira,19.15,52.22,35.29,9.10,0
Madeira,19.50,48.19,32.55,7.86,0
Madeira,20.00,51.14,34.51,7.49,0
Madeira,19.53,50.00,33.73,8.56,0
Madeira,21.00,48.19,32.55,7.33,0
Madeira,20.45,50.57,34.12,6.53,0
Madeira,20.49,49.40,32.55,6.30,0
Madeira,20.93,50.00,33.73,5.81,0
Madeira,19.53,50.59,33.33,5.32,0
Madeira,20.00,47.56,32.16,4.67,0
Madeira,20.93,50.00,33.73,3.92,0
Madeira,20.49,49.40,32.55,4.09,0
Madeira,22.50,48.19,32.55,3.54,0
Madeira,19.09,51.16,33.73,3.19,0
Madeira,20.00,48.15,31.76,3.75,0
Madeira,21.82,51.16,33.73,3.46,0
Madeira,17.56,49.40,32.55,3.17,0
Madeira,22.11,47.50,31.37,3.61,0
Madeira,20.00,52.33,33.73,3.29,0
Madeira,18.95,47.50,31.37,2.97,0
Madeira,19.09,51.16,33.73,2.79,0
Madeira,18.00,48.78,32.16,2.63,0
Madeira,22.11,47.50,31.37,2.39,0
Madeira,21.33,52.33,33.73,2.32,0
Madeira,20.00,48.15,31.76,2.28,0
Madeira,20.49,48.81,32.94,2.28,0
Madeira,19.09,51.16,33.73,2.10,0
Madeira,20.53,47.50,31.37,2.06,0
Madeira,20.45,51.16,33.73,1.96,0
Madeira,18.14,50.59,33.33,1.96,0
Madeira,18.95,47.50,31.37,2.18,0
Madeira,20.45,51.16,33.73,1.80,0
Madeira,19.50,49.38,31.76,2.00,0
Madeira,20.53,46.91,31.76,3.57,0
Madeira,17.73,51.16,33.73,4.05,0
Madeira,18.95,47.50,31.37,3.67,0
Madeira,20.45,51.16,33.73,3.89,0
Madeira,18.95,47.50,31.37,4.59,0
Madeira,20.00,48.15,31.76,4.62,0
Madeira,19.09,51.16,33.73,4.42,0
Madeira,18.95,47.50,31.37,3.70,0
Madeira,21.54,48.15,31.76,3.38,0
Madeira,15.00,51.16,33.73,3.02,0
Madeira,18.95,47.50,31.37,3.16,0
Madeira,19.09,51.16,33.73,3.52,0
Madeira,18.95,47.50,31.37,4.34,0
Madeira,21.54,48.15,31.76,4.56,0
Madeira,19.53,50.59,33.33,5.00,0
Madeira,18.95,47.50,31.37,4.57,0
Madeira,20.93,50.59,33.33,4.71,0
Madeira,18.00,48.78,32.16,5.47,0
Madeira,20.53,46.91,31.76,5.24,0
Madeira,20.45,51.16,33.73,4.85,0
Madeira,18.95,47.50,31.37,7.74,0
Madeira,20.49,49.40,32.55,6.95,0
Madeira,18.14,50.59,33.33,6.80,0
Madeira,20.53,47.50,31.37,8.25,0
Madeira,20.45,51.16,33.73,14.53,0
Madeira,18.46,48.15,31.76,14.15,0
Madeira,22.11,47.50,31.37,15.84,0
Madeira,19.09,51.16,33.73,12.83,0
Madeira,20.00,48.75,31.37,10.37,0
Madeira,20.00,52.33,33.73,8.78,0
Madeira,18.46,48.15,31.76,7.46,0
Madeira,21.54,48.15,31.76,6.30,0
Madeira,18.67,52.33,33.73,6.63,0
Madeira,18.95,47.50,31.37,5.77,0
Madeira,19.09,51.16,33.73,5.37,0
Madeira,18.46,48.75,31.37,5.30,0
Madeira,21.08,46.84,30.98,5.15,0
Madeira,17.73,51.16,33.73,4.99,0
Madeira,18.95,47.50,31.37,4.17,0
Madeira,20.00,50.00,32.94,3.93,0
Madeira,19.02,50.00,32.16,3.56,0
Madeira,19.46,46.84,30.98,3.47,0
Madeira,19.09,51.76,33.33,3.02,0
Madeira,19.46,47.44,30.59,3.02,0
Madeira,18.57,50.00,32.94,2.77,0
Madeira,18.46,49.37,30.98,2.63,0
Madeira,20.00,46.15,30.59,2.26,0
Madeira,17.73,51.76,33.33,2.05,0
Madeira,18.95,48.72,30.59,2.16,0
Madeira,17.56,49.40,32.55,1.98,0
Madeira,18.46,48.75,31.37,1.74,0
Madeira,20.00,46.15,30.59,1.55,0
Madeira,18.14,51.19,32.94,1.63,0
Madeira,19.46,47.44,30.59,1.42,0
Madeira,19.53,50.59,33.33,2.73,0
Madeira,18.46,48.75,31.37,4.51,0
Madeira,18.95,47.50,31.37,3.85,0
Madeira,17.33,52.33,33.73,3.39,0
Madeira,18.95,48.10,30.98,4.18,0
Madeira,19.53,50.59,33.33,3.88,0
Madeira,20.00,49.37,30.98,3.98,0
Madeira,19.46,46.84,30.98,5.20,0
Madeira,17.73,51.76,33.33,5.09,0
Madeira,17.84,46.84,30.98,4.89,0
Madeira,19.09,51.76,33.33,6.23,0
Madeira,18.95,48.72,30.59,9.47,0
Madeira,19.46,46.84,30.98,13.81,0
Madeira,17.73,52.38,32.94,13.91,0
Madeira,19.46,48.05,30.20,12.62,0
Madeira,18.14,51.19,32.94,16.22,0
Madeira,18.95,48.72,30.59,16.02,0
Madeira,20.00,48.75,31.37,19.08,0
Madeira,17.14,50.60,32.55,16.33,0
Madeira,18.86,45.45,30.20,13.83,0
Madeira,16.74,50.59,33.33,12.65,0
Madeira,17.84,47.44,30.59,13.19,0
Madeira,18.46,48.15,31.76,11.41,0
Madeira,16.74,51.81,32.55,10.04,0
Madeira,20.00,46.75,30.20,9.10,0
Madeira,18.14,51.19,32.94,9.78,0
Madeira,19.46,48.05,30.20,8.44,0
Madeira,18.46,48.15,31.76,9.40,0
Madeira,17.14,51.22,32.16,8.60,0
Madeira,19.46,48.05,30.20,7.37,0
Madeira,18.57,50.60,32.55,7.29,0
Madeira,18.95,48.72,30.59,6.16,0
Madeira,21.08,47.44,30.59,7.06,0
Madeira,17.73,52.38,32.94,7.69,0
Madeira,18.33,46.75,30.20,6.86,0
Madeira,17.14,50.00,32.94,7.46,0
Madeira,18.95,48.72,30.59,7.40,0
Madeira,19.46,46.84,30.98,6.43,0
Madeira,18.14,51.81,32.55,5.26,0
Madeira,19.46,47.44,30.59,4.97,0
Madeira,19.53,50.59,33.33,5.16,0
Madeira,16.50,49.38,31.76,4.84,0
Madeira,18.33,46.15,30.59,5.03,0
Madeira,17.33,52.33,33.73,4.76,0
Madeira,20.00,48.75,31.37,4.50,0
Madeira,19.02,49.40,32.55,4.03,0
Madeira,18.00,49.38,31.76,4.49,0
Madeira,18.95,47.50,31.37,4.29,0
Madeira,17.73,51.76,33.33,3.69,0
Madeira,18.46,48.75,31.37,3.42,0
Madeira,20.00,50.00,32.94,3.47,0
Madeira,18.14,50.59,33.33,3.68,0
Madeira,18.95,47.50,31.37,3.54,0
Madeira,19.09,51.16,33.73,3.94,0
Madeira,18.46,48.15,31.76,3.80,0
Madeira,22.11,47.50,31.37,3.48,0
Madeira,19.09,51.16,33.73,4.29,0
Madeira,18.46,48.15,31.76,5.40,0
Madeira,21.43,50.00,32.94,5.02,0
Madeira,17.14,50.00,32.94,4.82,0
Madeira,18.95,47.50,31.37,4.40,0
Madeira,19.09,51.16,33.73,4.31,0
Madeira,18.95,47.50,31.37,6.02,0
Madeira,20.00,50.00,32.94,6.08,0
Madeira,18.57,50.60,32.55,5.32,0
Madeira,18.95,47.50,31.37,4.94,0
Madeira,17.73,51.76,33.33,4.55,0
Madeira,17.37,48.10,30.98,3.97,0
Madeira,19.02,49.40,32.55,3.69,0
Madeira,18.14,51.81,32.55,3.59,0
Madeira,17.84,47.44,30.59,3.72,0
Madeira,19.02,49.40,32.55,3.30,0
Madeira,17.84,47.44,30.59,4.40,0
Madeira,20.00,48.15,31.76,7.20,0
Madeira,18.14,51.19,32.94,6.77,0
Madeira,18.95,47.50,31.37,8.83,0
Madeira,19.09,51.16,33.73,8.41,0
Madeira,20.00,48.75,31.37,9.14,0
Madeira,20.49,49.40,32.55,9.14,0
Madeira,17.56,49.40,32.55,8.07,0
Madeira,20.00,46.15,30.59,8.57,0
Madeira,18.67,52.33,33.73,7.39,0
Madeira,20.00,48.75,31.37,13.25,0
Madeira,20.49,49.40,32.55,12.60,0
Madeira,18.00,49.38,31.76,12.17,0
Madeira,17.84,46.84,30.98,10.31,0
Madeira,19.09,51.76,33.33,8.63,0
Madeira,20.00,49.37,30.98,7.49,0
Madeira,20.49,49.40,32.55,8.49,0
Madeira,20.00,48.75,31.37,8.07,0
Madeira,18.95,47.50,31.37,7.89,0
Madeira,17.73,51.76,33.33,6.97,0
Madeira,17.84,47.44,30.59,7.64,0
Madeira,18.57,50.00,32.94,7.25,0
Madeira,18.46,48.75,31.37,7.81,0
Madeira,19.46,46.84,30.98,6.98,0
Madeira,19.09,52.38,32.94,6.04,0
Madeira,18.95,48.10,30.98,5.69,0
Madeira,19.53,50.59,33.33,4.92,0
Madeira,19.50,50.00,31.37,4.19,0
Madeira,18.95,47.50,31.37,4.18,0
Madeira,17.73,51.76,33.33,7.16,0
Madeira,17.84,46.84,30.98,8.04,0
Madeira,18.14,50.59,33.33,6.96,0
Madeira,18.46,48.75,31.37,6.96,0
Madeira,19.46,46.84,30.98,7.10,0
Madeira,17.73,51.16,33.73,8.01,0
Madeira,18.95,48.10,30.98,7.43,0
Madeira,19.50,48.78,32.16,15.93,0
Madeira,18.14,51.19,32.94,13.45,0
Madeira,20.53,48.10,30.98,11.42,0
Madeira,19.53,50.59,33.33,11.63,0
Madeira,17.14,50.60,32.55,11.17,0
Madeira,19.46,47.44,30.59,9.81,0
Madeira,19.09,51.76,33.33,8.12,0
Madeira,19.46,47.44,30.59,7.67,0
Madeira,20.49,50.00,32.16,7.20,0
Madeira,18.57,50.60,32.55,6.23,0
Madeira,20.53,47.50,31.37,5.77,0
Madeira,20.93,50.00,33.73,5.35,0
Madeira,21.00,48.78,32.16,4.50,0
Madeira,22.50,48.19,32.55,4.14,0
Madeira,20.45,50.57,34.12,4.61,0
Madeira,20.49,49.40,32.55,4.15,0
Madeira,20.93,50.00,33.73,3.90,0
Madeira,20.93,50.00,33.73,3.88,0
Madeira,21.00,48.19,32.55,4.64,0
Madeira,18.67,50.00,35.29,4.45,0
Madeira,20.93,50.00,33.73,3.95,0
Madeira,20.00,48.84,33.73,4.13,0
Madeira,19.09,48.89,35.29,4.28,0
Madeira,20.93,50.00,33.73,5.63,0
Madeira,20.49,47.67,33.73,6.02,0
Madeira,19.15,52.22,35.29,8.51,0
Madeira,21.00,48.19,32.55,8.15,0
Madeira,19.53,49.43,34.12,10.01,0
Madeira,20.00,51.14,34.51,12.49,0
Madeira,19.50,48.19,32.55,12.07,0
Madeira,20.93,50.00,33.73,11.71,0
Madeira,20.45,51.16,33.73,11.14,0
Madeira,19.50,48.19,32.55,9.65,0
Madeira,19.09,50.00,34.51,8.77,0
Madeira,20.45,51.16,33.73,8.89,0
Madeira,19.50,48.19,32.55,9.67,0
Madeira,20.45,50.57,34.12,8.65,0
Madeira,20.49,49.40,32.55,7.45,0
Madeira,20.93,50.00,33.73,11.11,0
Madeira,21.82,51.16,33.73,9.33,0
Madeira,20.49,49.40,32.55,8.75,0
Madeira,20.45,50.57,34.12,8.13,0
Madeira,21.95,49.40,32.55,7.74,0
Madeira,21.00,48.19,32.55,9.45,0
Madeira,20.45,50.57,34.12,7.78,0
Madeira,20.00,50.00,32.94,7.19,0
Madeira,22.50,48.19,32.55,10.61,0
Madeira,19.15,52.22,35.29,12.79,0
Madeira,20.49,48.81,32.94,12.27,0
Madeira,20.00,48.84,33.73,13.95,0
Madeira,20.93,50.00,33.73,11.79,0
Madeira,21.54,46.99,32.55,11.47,0
Madeira,19.57,51.69,34.90,10.49,0
Madeira,20.49,49.40,32.55,11.16,0
Madeira,18.57,48.28,34.12,10.30,0
Madeira,20.00,50.56,34.90,8.98,0
Madeira,20.93,50.00,33.73,7.68,0
Madeira,18.14,48.31,34.90,6.64,0
Madeira,19.57,51.69,34.90,5.89,0
Madeira,20.49,48.24,33.33,5.63,0
Madeira,19.57,51.11,35.29,4.65,0
Madeira,22.33,50.00,33.73,4.34,0
Madeira,19.02,47.67,33.73,4.23,0
Madeira,19.57,51.69,34.90,3.71,0
Madeira,20.00,48.84,33.73,3.78,0
Madeira,18.67,50.00,35.29,3.20,0
Madeira,20.93,50.00,33.73,2.86,0
Madeira,21.00,47.62,32.94,2.83,0
Madeira,19.57,51.11,35.29,2.99,0
Madeira,21.95,48.81,32.94,2.85,0
Madeira,20.49,47.67,33.73,2.81,0
Madeira,20.93,50.00,33.73,3.43,0
Madeira,21.00,47.62,32.94,4.55,0
Madeira,19.15,52.22,35.29,4.44,0
Madeira,20.00,49.41,33.33,4.98,0
Madeira,19.53,49.43,34.12,5.21,0
Madeira,20.93,50.00,33.73,5.88,0
Madeira,20.00,46.99,32.55,9.67,0
Madeira,17.33,50.00,35.29,10.29,0
Madeira,20.93,50.00,33.73,9.19,0
Madeira,21.00,48.19,32.55,10.62,0
Madeira,18.67,50.56,34.90,10.43,0
Madeira,21.43,49.41,33.33,13.00,0
Madeira,20.00,48.84,33.73,14.85,0
Madeira,19.15,52.22,35.29,15.49,0
Madeira,21.43,49.41,33.33,14.34,0
Madeira,17.73,49.44,34.90,12.94,0
Madeira,20.00,49.41,33.33,13.51,0
Madeira,22.50,48.19,32.55,12.98,0
Madeira,19.57,51.69,34.90,12.54,0
Madeira,21.00,48.19,32.55,11.08,0
Madeira,20.00,48.84,33.73,12.29,0
Madeira,20.87,52.27,34.51,10.18,0
Madeira,20.49,49.40,32.55,9.12,0
Madeira,20.45,50.57,34.12,11.44,0
Madeira,21.00,48.78,32.16,10.90,0
Madeira,21.00,48.19,32.55,10.86,0
Madeira,19.09,51.16,33.73,10.67,0
Madeira,20.00,48.15,31.76,9.02,0
Madeira,19.53,50.00,33.73,7.39,0
Madeira,17.29,62.77,36.86,0.71,0
Madeira,16.27,60.82,38.04,0.87,0
Madeira,17.00,63.16,37.25,1.12,0
Madeira,17.65,59.30,33.73,2.41,0
Madeira,14.72,58.24,35.69,2.60,0
Madeira,16.19,63.00,39.22,2.79,0
Madeira,18.46,60.47,33.73,2.67,0
Madeira,18.11,58.24,35.69,2.60,0
Madeira,16.27,62.77,36.86,2.90,0
Madeira,16.47,59.30,33.73,2.69,0
Madeira,16.27,60.82,38.04,2.58,0
Madeira,17.00,63.83,36.86,2.37,0
Madeira,16.47,59.30,33.73,2.88,0
Madeira,16.72,62.24,38.43,3.75,0
Madeira,17.00,63.16,37.25,4.42,0
Madeira,16.47,59.30,33.73,4.42,0
Madeira,15.25,60.82,38.04,7.02,0
Madeira,16.27,62.77,36.86,9.81,0
Madeira,17.65,59.30,33.73,9.15,0
Madeira,15.25,60.82,38.04,8.19,0
Madeira,17.00,63.16,37.25,6.71,0
Madeira,17.65,59.30,33.73,6.99,0
Madeira,16.00,61.22,38.43,6.26,0
Madeira,16.67,61.36,34.51,5.98,0
Madeira,16.80,58.14,33.73,5.10,0
Madeira,16.45,62.63,38.82,4.99,0
Madeira,17.31,60.47,33.73,4.41,0
Madeira,15.00,57.78,35.29,6.38,0
Madeira,16.72,62.24,38.43,7.72,0
Madeira,18.46,60.47,33.73,7.75,0
Madeira,17.31,57.78,35.29,6.71,0
Madeira,17.00,63.16,37.25,8.12,0
Madeira,17.31,60.47,33.73,7.97,0
Madeira,16.00,61.86,38.04,7.20,0
Madeira,17.00,63.16,37.25,6.64,0
Madeira,17.65,59.30,33.73,5.53,0
Madeira,16.00,61.86,38.04,4.81,0
Madeira,17.29,62.77,36.86,4.09,0
Madeira,18.46,60.47,33.73,3.46,0
Madeira,16.98,58.24,35.69,2.97,0
Madeira,15.00,63.16,37.25,2.85,0
Madeira,15.60,58.14,33.73,2.59,0
Madeira,15.74,61.62,38.82,2.37,0
Madeira,17.78,61.36,34.51,2.71,0
Madeira,16.80,58.14,33.73,3.21,0
Madeira,17.14,63.64,38.82,3.42,0
Madeira,17.31,60.47,33.73,3.15,0
Madeira,15.85,58.89,35.29,3.57,0
Madeira,16.19,63.00,39.22,3.82,0
Madeira,17.31,60.47,33.73,5.58,0
Madeira,17.31,57.78,35.29,5.11,0
Madeira,17.00,63.16,37.25,4.90,0
Madeira,17.31,60.47,33.73,5.61,0
Madeira,15.29,57.30,34.90,5.72,0
Madeira,16.45,62.63,38.82,7.13,0
Madeira,17.31,60.47,33.73,6.44,0
Madeira,15.29,57.30,34.90,6.11,0
Madeira,15.94,64.65,38.82,5.59,0
Madeira,17.31,60.47,33.73,5.02,0
Madeira,15.52,60.42,37.65,4.74,0
Madeira,16.72,63.54,37.65,5.86,0
Madeira,18.46,60.47,33.73,5.47,0
Madeira,16.55,60.42,37.65,5.71,0
Madeira,14.75,63.54,37.65,4.80,0
Madeira,15.60,58.14,33.73,4.48,0
Madeira,15.74,61.62,38.82,4.86,0
Madeira,16.36,61.80,34.90,4.14,0
Madeira,17.65,59.30,33.73,4.11,0
Madeira,16.00,61.22,38.43,3.80,0
Madeira,17.45,61.80,34.90,3.62,0
Madeira,17.65,59.30,33.73,3.33,0
Madeira,15.74,61.62,38.82,3.21,0
Madeira,16.36,61.80,34.90,2.84,0
Madeira,15.60,58.14,33.73,2.45,0
Madeira,16.19,63.00,39.22,2.49,0
Madeira,17.31,60.47,33.73,4.35,0
Madeira,16.80,56.82,34.51,4.43,0
Madeira,17.42,63.92,38.04,4.07,0
Madeira,17.31,60.47,33.73,3.51,0
Madeira,15.29,57.95,34.51,3.08,0
Madeira,16.19,63.00,39.22,3.04,0
Madeira,18.46,60.47,33.73,4.22,0
Madeira,17.65,59.30,33.73,4.92,0
Madeira,16.19,63.00,39.22,4.92,0
Madeira,18.46,60.47,33.73,4.63,0
Madeira,17.14,56.32,34.12,4.10,0
Madeira,17.14,64.29,38.43,3.85,0
Madeira,17.31,60.47,33.73,4.48,0
Madeira,15.60,57.47,34.12,4.19,0
Madeira,15.74,61.62,38.82,3.63,0
Madeira,18.46,60.47,33.73,3.49,0
Madeira,17.14,56.32,34.12,3.28,0
Madeira,15.00,64.65,38.82,3.35,0
Madeira,18.46,60.47,33.73,3.49,0
Madeira,14.44,58.70,36.08,3.16,0
Madeira,16.19,63.64,38.82,3.04,0
Madeira,18.46,60.47,33.73,3.32,0
Madeira,16.36,59.14,36.47,3.03,0
Madeira,15.00,61.54,35.69,2.88,0
Madeira,16.47,59.30,33.73,2.87,0
Madeira,16.00,61.22,38.43,2.78,0
Madeira,16.55,62.37,36.47,3.24,0
Madeira,17.31,60.47,33.73,3.32,0
Madeira,15.56,58.70,36.08,3.35,0
Madeira,16.45,62.63,38.82,4.23,0
Madeira,17.31,60.47,33.73,3.80,0
Madeira,16.80,58.14,33.73,3.58,0
Madeira,17.14,63.64,38.82,4.11,0
Madeira,17.31,60.47,33.73,7.05,0
Madeira,15.85,58.24,35.69,5.92,0
Madeira,17.14,63.64,38.82,9.24,0
Madeira,18.46,60.47,33.73,7.92,0
Madeira,14.44,58.70,36.08,8.12,0
Madeira,15.00,64.65,38.82,9.18,0
Madeira,17.31,60.47,33.73,10.93,0
Madeira,14.44,58.70,36.08,11.33,0
Madeira,15.00,64.65,38.82,9.20,0
Madeira,17.31,60.47,33.73,9.05,0
Madeira,15.56,58.70,36.08,11.29,0
Madeira,16.45,63.27,38.43,10.85,0
Madeira,17.31,60.47,33.73,10.12,0
Madeira,16.80,58.14,33.73,8.77,0
Madeira,15.48,62.00,39.22,7.69,0
Madeira,16.98,60.92,34.12,6.32,0
Madeira,15.92,56.98,33.73,5.29,0
Madeira,17.14,63.64,38.82,5.17,0
Madeira,18.46,60.47,33.73,5.26,0
Madeira,16.98,58.24,35.69,4.96,0
Madeira,17.00,63.83,36.86,4.49,0
Madeira,17.65,59.30,33.73,5.73,0
Madeira,16.98,58.24,35.69,7.82,0
Madeira,16.19,63.64,38.82,6.87,0
Madeira,17.31,60.47,33.73,6.54,0
Madeira,15.92,56.98,33.73,5.52,0
Madeira,15.74,61.62,38.82,5.42,0
Madeira,16.98,60.92,34.12,4.78,0
Madeira,16.80,58.14,33.73,4.26,0
Madeira,16.19,63.00,39.22,3.87,0
Madeira,18.11,60.92,34.12,3.51,0
Madeira,17.14,56.98,33.73,3.02,0
Madeira,17.14,63.64,38.82,2.86,0
Madeira,17.31,60.47,33.73,2.92,0
Madeira,17.14,56.98,33.73,3.44,0
Madeira,16.19,63.64,38.82,3.07,0
Madeira,18.46,60.47,33.73,2.95,0
Madeira,19.59,56.98,33.73,2.74,0
Madeira,14.77,65.00,39.22,3.94,0
Madeira,17.31,60.47,33.73,3.74,0
Madeira,15.56,58.70,36.08,6.98,0
Madeira,16.19,63.64,38.82,8.36,0
Madeira,17.31,60.47,33.73,6.88,0
Madeira,17.78,58.70,36.08,9.47,0
Madeira,16.55,63.04,36.08,10.90,0
Madeira,15.92,56.98,33.73,9.58,0
Madeira,15.74,61.62,38.82,8.14,0
Madeira,18.46,60.47,33.73,8.72,0
Madeira,15.92,56.32,34.12,7.96,0
Madeira,15.45,66.00,39.22,9.18,0
Madeira,18.46,60.47,33.73,7.83,0
Madeira,15.27,59.14,36.47,6.74,0
Madeira,15.94,65.31,38.43,6.36,0
Madeira,16.47,59.30,33.73,6.09,0
Madeira,16.27,60.82,38.04,5.23,0
Madeira,16.55,63.04,36.08,4.60,0
Madeira,15.92,56.98,33.73,4.44,0
Madeira,16.72,62.24,38.43,3.95,0
Madeira,17.31,60.47,33.73,4.08,0
Madeira,17.14,56.32,34.12,3.57,0
Madeira,17.14,64.29,38.43,4.05,0
Madeira,17.31,60.47,33.73,3.62,0
Madeira,17.45,59.14,36.47,3.12,0
Madeira,16.55,63.04,36.08,2.85,0
Madeira,15.92,56.98,33.73,2.84,0
Madeira,15.48,62.00,39.22,3.10,0
Madeira,18.46,60.47,33.73,2.76,0
Madeira,17.14,56.32,34.12,2.84,0
Madeira,16.19,63.64,38.82,3.01,0
Madeira,18.46,60.47,33.73,2.98,0
Madeira,16.36,59.14,36.47,2.80,0
Madeira,16.55,63.04,36.08,3.87,0
Madeira,15.92,56.98,33.73,4.07,0
Madeira,16.19,63.00,39.22,3.94,0
Madeira,17.31,60.47,33.73,3.58,0
Madeira,17.14,56.32,34.12,4.73,0
Madeira,16.45,63.27,38.43,4.82,0
Madeira,17.31,60.47,33.73,4.96,0
Madeira,17.14,59.57,36.86,4.30,0
Madeira,15.52,63.04,36.08,4.04,0
Madeira,16.47,59.30,33.73,4.85,0
Madeira,15.48,62.00,39.22,5.00,0
Madeira,18.46,60.47,33.73,4.72,0
Madeira,15.60,57.47,34.12,4.85,0
Madeira,16.19,63.00,39.22,4.95,0
Madeira,17.31,60.47,33.73,4.58,0
Madeira,17.14,56.32,34.12,4.38,0
Madeira,16.19,63.64,38.82,3.93,0
Madeira,17.31,60.47,33.73,4.09,0
Madeira,16.47,58.62,34.12,4.35,0
Madeira,15.94,64.00,39.22,4.48,0
Madeira,17.31,60.47,33.73,4.05,0
Madeira,16.36,59.14,36.47,3.81,0
Madeira,16.84,62.64,35.69,4.50,0
Madeira,16.47,59.30,33.73,4.00,0
Madeira,15.00,61.22,38.43,3.78,0
Madeira,15.52,63.04,36.08,3.42,0
Madeira,16.47,59.30,33.73,3.29,0
Madeira,16.00,61.22,38.43,3.03,0
Madeira,15.52,63.04,36.08,2.70,0
Madeira,15.92,56.98,33.73,2.81,0
Madeira,15.74,61.62,38.82,3.58,0
Madeira,17.31,60.47,33.73,3.28,0
Madeira,17.50,55.81,33.73,3.39,0
Madeira,15.69,65.00,39.22,2.79,0
Madeira,17.31,60.47,33.73,2.66,0
Madeira,14.44,58.70,36.08,2.61,0
Madeira,15.45,66.00,39.22,2.72,0
Madeira,17.31,60.47,33.73,2.52,0
Madeira,14.44,58.70,36.08,3.68,0
Madeira,15.94,64.00,39.22,3.54,0
Madeira,16.15,60.47,33.73,4.49,0
Madeira,17.78,58.70,36.08,3.80,0
Madeira,16.27,63.44,36.47,3.77,0
Madeira,15.92,56.98,33.73,3.75,0
Madeira,16.45,62.63,38.82,3.23,0
Madeira,17.31,60.47,33.73,2.84,0
Madeira,17.50,55.81,33.73,2.97,0
Madeira,17.14,63.64,38.82,2.78,0
Madeira,18.46,60.47,33.73,3.29,0
Madeira,17.50,55.81,33.73,3.68,0
Madeira,16.45,63.27,38.43,3.69,0
Madeira,17.31,60.47,33.73,3.34,0
Madeira,17.78,58.70,36.08,3.19,0
Madeira,17.29,63.44,36.47,2.78,0
Madeira,17.31,60.47,33.73,2.55,0
Madeira,15.85,58.24,35.69,4.50,0
Madeira,15.94,64.00,39.22,4.92,0
Madeira,17.31,60.47,33.73,5.12,0
Madeira,17.78,58.70,36.08,6.51,0
Madeira,16.27,63.44,36.47,5.55,0
Madeira,16.80,58.14,33.73,6.82,0
Madeira,15.74,61.62,38.82,7.05,0
Madeira,18.46,60.47,33.73,6.07,0
Madeira,16.25,55.81,33.73,5.82,0
Madeira,17.14,63.64,38.82,5.09,0
Madeira,17.31,60.47,33.73,5.09,0
Madeira,17.50,55.81,33.73,4.33,0
Madeira,15.00,64.65,38.82,5.48,0
Madeira,17.31,60.47,33.73,4.85,0
Madeira,15.56,58.70,36.08,4.25,0
Madeira,16.45,62.63,38.82,3.59,0
Madeira,17.31,60.47,33.73,3.43,0
Madeira,16.98,58.24,35.69,3.11,0
Madeira,16.27,62.77,36.86,3.01,0
Madeira,18.46,60.47,33.73,3.08,0
Madeira,18.11,58.24,35.69,2.77,0
Madeira,15.25,62.77,36.86,2.64,0
Madeira,15.92,56.98,33.73,2.52,0
Madeira,15.48,62.00,39.22,2.87,0
Madeira,17.78,61.36,34.51,3.20,0
Madeira,16.80,58.14,33.73,3.15,0
Madeira,15.74,61.62,38.82,3.69,0
Madeira,16.98,60.92,34.12,3.33,0
Madeira,16.25,55.81,33.73,4.38,0
Madeira,16.45,62.63,38.82,4.31,0
Madeira,17.31,60.47,33.73,4.07,0
Madeira,17.14,56.98,33.73,3.76,0
Madeira,16.19,63.00,39.22,3.64,0
Madeira,17.31,60.47,33.73,3.06,0
Madeira,16.15,58.43,34.90,3.16,0
Madeira,15.69,65.00,39.22,2.73,0
Madeira,17.31,60.47,33.73,2.59,0
Madeira,15.25,60.82,38.04,2.31,0
Madeira,16.00,63.16,37.25,2.06,0
Madeira,18.46,60.47,33.73,2.11,0
Madeira,17.31,57.78,35.29,2.24,0
Madeira,17.00,63.16,37.25,2.39,0
Madeira,16.47,59.30,33.73,2.21,0
Madeira,17.31,57.78,35.29,2.24,0
Madeira,17.00,63.16,37.25,2.33,0
Madeira,18.46,60.47,33.73,2.39,0
Madeira,17.65,57.30,34.90,2.37,0
Madeira,17.00,63.16,37.25,2.40,0
Madeira,18.46,60.47,33.73,2.58,0
Madeira,18.82,57.30,34.90,2.14,0
Madeira,16.72,63.54,37.65,2.19,0
Madeira,18.46,60.47,33.73,2.50,0
Madeira,18.82,57.30,34.90,2.44,0
Madeira,16.45,63.92,38.04,2.28,0
Madeira,16.47,59.30,33.73,2.37,0
Madeira,17.65,57.30,34.90,2.82,0
Madeira,16.45,63.92,38.04,2.67,0
Madeira,16.47,59.30,33.73,2.65,0
Madeira,18.82,57.30,34.90,5.26,0
Madeira,16.45,63.92,38.04,5.09,0
Madeira,17.31,60.47,33.73,4.51,0
Madeira,16.47,57.30,34.90,5.67,0
Madeira,16.72,63.54,37.65,6.97,0
Madeira,18.46,60.47,33.73,6.15,0
Madeira,17.65,57.30,34.90,6.74,0
Madeira,16.72,63.54,37.65,5.79,0
Madeira,16.47,59.30,33.73,5.63,0
Madeira,17.65,57.30,34.90,7.39,0
Madeira,16.72,63.54,37.65,7.09,0
Madeira,17.65,59.30,33.73,6.06,0
Madeira,18.82,57.30,34.90,5.21,0
Madeira,15.48,63.92,38.04,4.62,0
Madeira,18.46,60.47,33.73,4.09,0
Madeira,18.82,57.30,34.90,3.55,0
Madeira,16.72,63.54,37.65,4.91,0
Madeira,17.31,60.47,33.73,5.20,0
Madeira,18.00,56.82,34.51,6.35,0
Madeira,17.42,63.92,38.04,5.68,0
Madeira,17.31,60.47,33.73,5.27,0
Madeira,19.20,56.82,34.51,4.75,0
Madeira,17.42,63.92,38.04,4.28,0
Madeira,18.46,60.47,33.73,4.12,0
Madeira,18.00,56.82,34.51,3.51,0
Madeira,17.42,63.92,38.04,3.53,0
Madeira,18.46,60.47,33.73,3.83,0
Madeira,17.65,57.95,34.51,3.74,0
Madeira,17.14,64.29,38.43,4.12,0
Madeira,17.31,60.47,33.73,4.03,0
Madeira,17.14,56.32,34.12,4.04,0
Madeira,17.81,65.31,38.43,5.52,0
Madeira,17.31,60.47,33.73,5.23,0
Madeira,16.80,56.82,34.51,4.65,0
Madeira,17.14,64.29,38.43,5.06,0
Madeira,16.47,59.30,33.73,5.38,0
Madeira,18.37,56.32,34.12,5.04,0
Madeira,17.14,64.29,38.43,5.99,0
Madeira,18.46,60.47,33.73,5.41,0
Madeira,16.80,56.82,34.51,5.27,0
Madeira,16.45,63.27,38.43,4.47,0
Madeira,16.47,59.30,33.73,4.41,0
Madeira,17.14,56.32,34.12,3.86,0
Madeira,17.14,64.29,38.43,3.87,0
Madeira,17.31,60.47,33.73,3.39,0
Madeira,17.14,56.32,34.12,3.04,0
Madeira,16.45,63.27,38.43,2.71,0
Madeira,18.46,60.47,33.73,2.50,0
Madeira,17.14,56.32,34.12,2.70,0
Madeira,17.14,64.29,38.43,2.61,0
Madeira,18.46,60.47,33.73,3.41,0
Madeira,17.14,56.32,34.12,4.03,0
Madeira,16.45,63.27,38.43,3.45,0
Madeira,17.31,60.47,33.73,3.63,0
Madeira,17.14,56.32,34.12,3.48,0
Madeira,16.45,63.27,38.43,3.31,0
Madeira,17.31,60.47,33.73,3.43,0
Madeira,15.92,56.32,34.12,3.01,0
Madeira,16.19,63.64,38.82,3.36,0
Madeira,16.47,59.30,33.73,2.97,0
Madeira,17.45,59.14,36.47,2.81,0
Madeira,17.59,63.04,36.08,2.84,0
Madeira,17.65,59.30,33.73,2.64,0
Madeira,16.00,61.22,38.43,2.82,0
Madeira,17.59,63.04,36.08,2.67,0
Madeira,17.65,59.30,33.73,2.93,0
Madeira,16.00,61.22,38.43,3.38,0
Madeira,16.55,62.37,36.47,5.21,0
Madeira,17.65,59.30,33.73,5.31,0
Madeira,15.00,61.22,38.43,5.04,0
Madeira,16.55,62.37,36.47,4.85,0
Madeira,16.47,59.30,33.73,4.44,0
Madeira,16.00,61.22,38.43,4.05,0
Madeira,16.84,61.96,36.08,6.62,0
Madeira,17.65,59.30,33.73,6.18,0
Madeira,15.00,61.22,38.43,5.66,0
Madeira,17.29,63.44,36.47,4.87,0
Madeira,16.47,59.30,33.73,4.09,0
Madeira,16.00,61.22,38.43,3.54,0
Madeira,16.55,62.37,36.47,3.01,0
Madeira,16.47,59.30,33.73,2.70,0
Madeira,16.27,60.82,38.04,3.02,0
Madeira,16.55,62.37,36.47,3.59,0
Madeira,16.47,59.30,33.73,4.04,0
Madeira,16.27,60.82,38.04,6.53,0
Madeira,18.00,63.83,36.86,6.21,0
Madeira,17.65,59.30,33.73,5.79,0
Madeira,15.00,61.22,38.43,5.11,0
Madeira,16.27,62.77,36.86,5.47,0
Madeira,18.46,60.47,33.73,4.56,0
Madeira,15.00,61.22,38.43,4.55,0
Madeira,16.27,62.77,36.86,5.31,0
Madeira,18.46,60.47,33.73,4.98,0
Madeira,15.25,60.82,38.04,4.68,0
Madeira,16.27,62.77,36.86,6.16,0
Madeira,17.31,60.47,33.73,5.34,0
Madeira,16.27,60.82,38.04,5.11,0
Madeira,16.67,61.36,34.51,4.53,0
Madeira,16.80,58.14,33.73,4.04,0
Madeira,15.48,62.00,39.22,3.46,0
Madeira,15.56,61.36,34.51,3.16,0
Madeira,16.25,55.81,33.73,2.90,0
Madeira,16.87,64.00,39.22,2.90,0
Madeira,18.46,60.47,33.73,2.89,0
Madeira,17.14,56.98,33.73,3.39,0
Madeira,17.14,63.64,38.82,3.87,0
Madeira,17.31,60.47,33.73,6.80,0
Madeira,16.98,58.24,35.69,7.42,0
Madeira,16.27,62.77,36.86,7.40,0
Madeira,16.47,59.30,33.73,7.96,0
Madeira,15.25,60.82,38.04,8.02,0
Madeira,16.27,62.77,36.86,8.93,0
Madeira,16.47,59.30,33.73,9.02,0
Madeira,16.27,60.82,38.04,7.80,0
Madeira,17.00,63.83,36.86,6.52,0
Madeira,17.31,60.47,33.73,5.85,0
Madeira,16.27,60.82,38.04,7.96,0
Madeira,18.11,60.92,34.12,8.81,0
Madeira,15.92,56.98,33.73,8.31,0
Madeira,15.74,61.62,38.82,8.02,0
Madeira,16.98,60.92,34.12,6.88,0
Madeira,16.25,55.81,33.73,6.28,0
Madeira,18.10,63.64,38.82,5.23,0
Madeira,17.31,60.47,33.73,4.72,0
Madeira,16.98,58.24,35.69,4.71,0
Madeira,16.27,62.77,36.86,5.50,0
Madeira,16.47,59.30,33.73,5.18,0
Madeira,16.27,60.82,38.04,5.96,0
Madeira,17.31,59.77,34.12,5.11,0
Madeira,16.80,58.14,33.73,6.68,0
Madeira,15.48,62.00,39.22,6.86,0
Madeira,16.98,60.92,34.12,9.70,0
Madeira,16.25,55.81,33.73,10.12,0
Madeira,16.45,62.63,38.82,9.39,0
Madeira,17.31,60.47,33.73,7.79,0
Madeira,16.98,58.24,35.69,6.56,0
Madeira,16.00,63.16,37.25,5.57,0
Madeira,17.31,60.47,33.73,5.29,0
Madeira,16.27,60.82,38.04,4.34,0
Madeira,16.67,61.36,34.51,6.19,0
Madeira,16.80,58.14,33.73,5.57,0
Madeira,16.87,64.00,39.22,4.90,0
Madeira,17.31,60.47,33.73,5.16,0
Madeira,17.31,57.78,35.29,4.81,0
Madeira,17.00,63.16,37.25,5.65,0
Madeira,17.65,59.30,33.73,4.77,0
Madeira,16.55,60.42,37.65,5.36,0
Madeira,17.78,61.36,34.51,7.26,0
Madeira,15.60,58.14,33.73,6.19,0
Madeira,15.74,61.62,38.82,5.66,0
Madeira,16.98,60.92,34.12,5.13,0
Madeira,17.14,56.98,33.73,4.56,0
Madeira,17.14,63.64,38.82,3.97,0
Madeira,17.31,60.47,33.73,3.37,0
Madeira,17.31,57.78,35.29,3.22,0
Madeira,16.27,62.77,36.86,2.84,0
Madeira,18.46,60.47,33.73,2.77,0
Madeira,17.29,61.46,37.65,2.71,0
Madeira,17.78,61.36,34.51,2.46,0
Madeira,16.80,58.14,33.73,3.37,0
Madeira,16.00,61.22,38.43,3.50,0
Madeira,16.15,59.77,34.12,3.68,0
Madeira,17.14,56.98,33.73,3.36,0
Madeira,16.45,62.63,38.82,4.32,0
Madeira,18.46,60.47,33.73,6.08,0
Madeira,15.85,58.89,35.29,6.41,0
Madeira,17.14,63.64,38.82,7.48,0
Madeira,17.31,60.47,33.73,6.68,0
Madeira,17.31,57.78,35.29,6.42,0
Madeira,16.72,63.54,37.65,6.81,0
Madeira,16.47,59.30,33.73,7.03,0
Madeira,15.52,60.42,37.65,8.52,0
Madeira,16.72,63.54,37.65,7.95,0
Madeira,16.47,59.30,33.73,7.50,0
Madeira,16.55,60.42,37.65,7.47,0
Madeira,17.78,61.36,34.51,7.00,0
Madeira,15.60,58.14,33.73,8.93,0
Madeira,15.74,61.62,38.82,8.20,0
Madeira,17.78,61.36,34.51,7.08,0
Madeira,15.60,58.14,33.73,6.73,0
Madeira,16.72,62.24,38.43,5.85,0
Madeira,17.31,60.47,33.73,4.97,0
Madeira,16.15,58.43,34.90,4.61,0
Madeira,15.94,64.65,38.82,4.08,0
Madeira,17.31,60.47,33.73,3.59,0
Madeira,15.79,60.00,37.25,3.48,0
Madeira,17.00,63.16,37.25,4.57,0
Madeira,17.31,60.47,33.73,6.10,0
Madeira,16.15,58.43,34.90,5.83,0
Madeira,16.45,62.63,38.82,5.46,0
Madeira,18.46,60.47,33.73,5.56,0
Madeira,16.15,58.43,34.90,6.28,0
Madeira,16.72,62.24,38.43,5.77,0
Madeira,17.31,60.47,33.73,6.25,0
Madeira,16.15,58.43,34.90,5.43,0
Madeira,17.42,62.63,38.82,5.91,0
Madeira,17.31,60.47,33.73,6.21,0
Madeira,15.85,58.89,35.29,6.33,0
Madeira,16.45,62.63,38.82,5.80,0
Madeira,17.31,60.47,33.73,5.47,0
Madeira,17.31,57.78,35.29,9.46,0
Madeira,17.00,63.16,37.25,7.97,0
Madeira,17.31,60.47,33.73,7.26,0
Madeira,15.52,60.42,37.65,6.34,0
Madeira,17.00,63.16,37.25,5.30,0
Madeira,17.65,59.30,33.73,5.60,0
Madeira,16.55,60.42,37.65,9.81,0
Madeira,17.45,61.80,34.90,10.82,0
Madeira,69.06,22.08,94.12,1.40,0
Madeira,76.47,21.79,91.76,3.18,0
Madeira,75.00,20.69,90.98,3.41,0
Madeira,74.04,20.35,90.59,3.83,0
Madeira,71.02,21.21,90.59,3.97,0
Madeira,70.19,22.46,92.55,4.24,0
Madeira,63.33,22.41,94.51,4.48,0
Madeira,63.33,22.41,94.51,7.01,0
Madeira,63.33,22.41,94.51,6.27,0
Madeira,65.56,22.41,94.51,6.13,0
Madeira,71.02,20.94,91.76,5.62,0
Madeira,73.20,21.65,90.59,5.37,0
Madeira,73.47,21.21,90.59,5.10,0
Madeira,74.40,21.65,90.59,4.48,0
Madeira,77.65,22.08,90.59,4.56,0
Madeira,73.20,21.19,92.55,3.95,0
Madeira,63.33,22.41,94.51,3.44,0
Madeira,63.33,22.41,94.51,2.93,0
Madeira,63.33,22.41,94.51,2.66,0
Madeira,67.78,22.41,94.51,2.66,0
Madeira,71.76,21.79,91.76,2.53,0
Madeira,74.12,22.08,90.59,2.67,0
Madeira,79.15,20.35,90.59,2.40,0
Madeira,78.00,21.65,90.59,2.34,0
Madeira,74.12,22.08,90.59,2.25,0
Madeira,72.00,21.10,92.94,2.16,0
Madeira,65.56,22.41,94.51,2.55,0
Madeira,63.33,22.41,94.51,2.44,0
Madeira,63.33,22.41,94.51,2.58,0
Madeira,67.78,22.41,94.51,2.24,0
Madeira,73.85,22.13,92.16,2.88,0
Madeira,77.65,22.08,90.59,3.02,0
Madeira,75.00,20.78,90.59,2.78,0
Madeira,76.80,21.55,90.98,2.65,0
Madeira,77.65,22.08,90.59,2.48,0
Madeira,70.80,21.19,92.55,3.08,0
Madeira,63.33,22.41,94.51,3.07,0
Madeira,63.33,22.41,94.51,3.04,0
Madeira,63.33,22.41,94.51,3.85,0
Madeira,70.38,21.94,92.94,3.32,0
Madeira,75.60,21.65,90.59,3.35,0
Madeira,75.29,22.08,90.59,3.26,0
Madeira,78.75,20.78,90.59,3.01,0
Madeira,77.65,22.08,90.59,2.91,0
Madeira,75.00,22.51,90.59,3.27,0
Madeira,71.54,21.85,93.33,3.06,0
Madeira,63.33,22.41,94.51,3.08,0
Madeira,63.33,22.41,94.51,2.87,0
Madeira,62.26,22.08,94.12,2.72,0
Madeira,68.57,20.94,91.76,2.87,0
Madeira,74.69,21.21,90.59,2.55,0
Madeira,71.02,21.21,90.59,2.35,0
Madeira,78.75,20.78,90.59,2.00,0
Madeira,74.40,21.65,90.59,1.95,0
Madeira,75.60,21.55,90.98,1.90,0
Madeira,71.11,22.41,94.51,1.87,0
Madeira,63.33,22.41,94.51,1.73,0
Madeira,63.33,22.41,94.51,2.76,0
Madeira,63.33,22.41,94.51,2.50,0
Madeira,68.75,20.51,91.76,2.69,0
Madeira,75.92,21.21,90.59,3.10,0
Madeira,78.00,21.65,90.59,3.02,0
Madeira,78.37,21.21,90.59,2.72,0
Madeira,78.37,21.21,90.59,2.86,0
Madeira,73.75,20.78,90.59,2.77,0
Madeira,68.75,20.43,92.16,2.79,0
Madeira,63.33,22.41,94.51,2.59,0
Madeira,63.33,22.41,94.51,2.43,0
Madeira,63.33,22.41,94.51,2.49,0
Madeira,69.41,21.70,92.16,2.55,0
Madeira,75.60,21.65,90.59,2.73,0
Madeira,78.75,20.78,90.59,2.74,0
Madeira,77.65,22.08,90.59,2.79,0
Madeira,78.00,21.65,90.59,2.55,0
Madeira,73.47,21.21,90.59,2.43,0
Madeira,70.00,22.50,94.12,3.67,0
Madeira,63.33,22.41,94.51,3.28,0
Madeira,63.33,22.41,94.51,2.97,0
Madeira,63.33,22.41,94.51,3.68,0
Madeira,64.90,21.21,90.59,3.60,0
Madeira,77.31,22.51,90.59,3.65,0
Madeira,77.65,22.08,90.59,3.58,0
Madeira,77.31,22.51,90.59,3.16,0
Madeira,77.31,22.51,90.59,2.94,0
Madeira,69.23,22.41,90.98,3.05,0
Madeira,66.79,22.08,94.12,2.76,0
Madeira,62.26,22.08,94.12,2.79,0
Madeira,63.33,22.41,94.51,2.78,0
Madeira,62.35,21.43,93.33,2.54,0
Madeira,64.90,21.21,90.59,2.77,0
Madeira,77.65,22.08,90.59,2.57,0
Madeira,77.31,22.51,90.59,2.28,0
Madeira,77.31,22.51,90.59,1.91,0
Madeira,77.31,22.51,90.59,1.98,0
Madeira,70.80,21.65,90.59,1.93,0
Madeira,69.06,22.27,93.33,3.75,0
Madeira,60.00,21.85,93.33,3.59,0
Madeira,58.85,21.85,93.33,5.09,0
Madeira,60.00,21.28,92.16,5.08,0
Madeira,68.75,20.78,90.59,4.45,0
Madeira,77.31,22.51,90.59,4.87,0
Madeira,77.31,22.51,90.59,4.35,0
Madeira,77.31,22.51,90.59,3.76,0
Madeira,77.31,22.51,90.59,3.51,0
Madeira,70.38,22.51,90.59,3.67,0
Madeira,68.24,21.52,92.94,3.61,0
Madeira,62.22,22.50,94.12,5.78,0
Madeira,63.33,22.41,94.51,5.09,0
Madeira,61.22,20.76,92.55,5.10,0
Madeira,68.24,22.08,90.59,5.66,0
Madeira,77.31,22.51,90.59,6.01,0
Madeira,75.29,21.98,90.98,5.64,0
Madeira,75.92,21.12,90.98,6.54,0
Madeira,70.91,19.05,90.59,6.16,0
Madeira,72.50,20.43,92.16,5.87,0
Madeira,63.33,22.41,94.51,5.26,0
Madeira,63.33,22.41,94.51,5.71,0
Madeira,63.33,22.41,94.51,5.04,0
Madeira,65.56,22.41,94.51,4.32,0
Madeira,71.02,20.76,92.55,3.76,0
Madeira,73.75,20.51,91.76,3.58,0
Madeira,76.00,19.40,90.98,3.00,0
Madeira,78.82,21.61,92.55,2.63,0
Madeira,76.15,21.94,92.94,2.88,0
Madeira,72.94,21.43,93.33,2.54,0
Madeira,63.33,22.41,94.51,2.33,0
Madeira,65.36,23.05,95.29,2.86,0
Madeira,64.36,22.73,94.90,3.01,0
Madeira,63.33,22.41,94.51,3.04,0
Madeira,74.72,22.08,94.12,3.73,0
Madeira,74.69,20.76,92.55,5.29,0
Madeira,73.20,21.19,92.55,5.17,0
Madeira,75.00,20.51,91.76,4.43,0
Madeira,80.00,21.52,92.94,4.80,0
Madeira,74.72,22.08,94.12,4.65,0
Madeira,63.33,22.41,94.51,4.60,0
Madeira,63.40,21.99,94.51,3.90,0
Madeira,63.33,22.41,94.51,4.64,0
Madeira,63.33,22.41,94.51,4.60,0
Madeira,72.00,21.10,92.94,3.92,0
Madeira,74.40,21.19,92.55,3.51,0
Madeira,76.00,19.40,90.98,3.32,0
Madeira,76.96,19.83,90.98,4.01,0
Madeira,74.40,21.28,92.16,3.65,0
Madeira,72.94,21.43,93.33,3.34,0
Madeira,63.33,22.41,94.51,2.76,0
Madeira,63.33,22.41,94.51,2.61,0
Madeira,63.33,22.41,94.51,2.33,0
Madeira,63.33,22.41,94.51,2.64,0
Madeira,72.69,21.85,93.33,3.07,0
Madeira,72.94,21.70,92.16,3.96,0
Madeira,77.87,20.09,91.76,6.37,0
Madeira,77.50,20.51,91.76,5.92,0
Madeira,75.00,20.51,91.76,6.95,0
Madeira,72.94,21.43,93.33,6.83,0
Madeira,63.33,22.41,94.51,6.85,0
Madeira,63.33,22.41,94.51,7.12,0
Madeira,63.33,22.41,94.51,6.75,0
Madeira,63.33,22.41,94.51,7.51,0
Madeira,72.94,21.43,93.33,7.15,0
Madeira,71.25,20.69,90.98,6.59,0
Madeira,77.65,21.79,91.76,5.64,0
Madeira,76.96,19.91,90.59,5.44,0
Madeira,72.77,20.26,90.98,5.91,0
Madeira,72.94,21.43,93.33,5.67,0
Madeira,63.33,22.41,94.51,5.05,0
Madeira,63.33,22.41,94.51,4.59,0
Madeira,63.33,22.41,94.51,3.95,0
Madeira,66.67,22.41,94.51,3.77,0
Madeira,72.94,21.70,92.16,3.51,0
Madeira,76.47,21.98,90.98,3.30,0
Madeira,73.20,21.65,90.59,3.68,0
Madeira,73.58,22.65,91.76,4.37,0
Madeira,75.60,21.55,90.98,3.75,0
Madeira,70.59,21.61,92.55,3.52,0
Madeira,65.56,22.41,94.51,3.38,0
Madeira,63.33,22.41,94.51,3.00,0
Madeira,63.33,22.41,94.51,2.97,0
Madeira,66.67,22.41,94.51,2.87,0
Madeira,71.76,21.70,92.16,3.15,0
Madeira,76.25,20.69,90.98,2.93,0
Madeira,75.00,20.69,90.98,2.54,0
Madeira,79.59,21.12,90.98,2.98,0
Madeira,75.32,20.35,90.59,3.09,0
Madeira,72.00,21.10,92.94,2.74,0
Madeira,65.56,22.41,94.51,2.44,0
Madeira,63.33,22.41,94.51,2.57,0
Madeira,63.33,22.41,94.51,2.56,0
Madeira,65.56,22.41,94.51,2.44,0
Madeira,71.02,20.76,92.55,2.75,0
Madeira,75.60,21.65,90.59,2.28,0
Madeira,78.00,21.65,90.59,2.53,0
Madeira,78.75,20.78,90.59,3.40,0
Madeira,79.59,21.12,90.98,3.87,0
Madeira,75.29,21.52,92.94,4.81,0
Madeira,67.78,22.41,94.51,4.61,0
Madeira,63.33,22.41,94.51,5.16,0
Madeira,63.33,22.41,94.51,5.60,0
Madeira,63.33,22.41,94.51,6.21,0
Madeira,68.40,21.37,91.76,5.60,0
Madeira,74.69,21.21,90.59,6.17,0
Madeira,74.04,20.35,90.59,5.99,0
Madeira,75.29,22.08,90.59,5.49,0
Madeira,75.60,21.65,90.59,4.59,0
Madeira,68.75,20.51,91.76,5.53,0
Madeira,67.78,22.41,94.51,5.76,0
Madeira,63.33,22.41,94.51,5.78,0
Madeira,63.33,22.41,94.51,5.27,0
Madeira,66.67,22.41,94.51,4.49,0
Madeira,66.25,20.69,90.98,3.88,0
Madeira,74.40,21.55,90.98,3.25,0
Madeira,78.00,21.37,91.76,2.91,0
Madeira,76.60,20.35,90.59,2.45,0
Madeira,75.65,19.91,90.59,2.19,0
Madeira,71.32,22.36,92.94,2.25,0
Madeira,63.33,22.41,94.51,3.69,0
Madeira,63.33,22.41,94.51,4.96,0
Madeira,63.33,22.41,94.51,5.12,0
Madeira,66.67,22.41,94.51,4.84,0
Madeira,71.02,20.94,91.76,5.08,0
Madeira,78.00,21.65,90.59,4.36,0
Madeira,74.69,21.21,90.59,3.86,0
Madeira,75.92,21.21,90.59,3.56,0
Madeira,74.40,21.65,90.59,4.15,0
Madeira,72.00,21.28,92.16,4.18,0
Madeira,66.67,22.41,94.51,3.66,0
Madeira,63.33,22.41,94.51,3.28,0
Madeira,63.33,22.41,94.51,2.92,0
Madeira,71.11,22.41,94.51,3.70,0
Madeira,66.38,20.26,90.98,3.66,0
Madeira,76.25,20.78,90.59,3.33,0
Madeira,77.78,23.08,91.76,3.20,0
Madeira,75.29,21.98,90.98,3.81,0
Madeira,77.14,21.12,90.98,3.43,0
Madeira,73.09,22.92,94.12,3.09,0
Madeira,65.56,22.41,94.51,2.94,0
Madeira,63.33,22.41,94.51,2.57,0
Madeira,63.33,22.41,94.51,2.32,0
Madeira,63.27,22.82,94.51,2.19,0
Madeira,75.60,21.19,92.55,2.15,0
Madeira,74.12,21.98,90.98,2.46,0
Madeira,76.96,19.91,90.59,2.78,0
Madeira,75.92,21.21,90.59,4.09,0
Madeira,75.92,21.12,90.98,3.87,0
Madeira,75.27,22.82,94.51,3.34,0
Madeira,65.56,22.41,94.51,3.42,0
Madeira,63.33,22.41,94.51,3.19,0
Madeira,63.33,22.41,94.51,3.07,0
Madeira,71.11,22.41,94.51,2.85,0
Madeira,75.00,22.13,92.16,2.93,0
Madeira,75.60,21.65,90.59,3.09,0
Madeira,78.75,20.78,90.59,3.24,0
Madeira,75.29,22.08,90.59,3.36,0
Madeira,75.29,21.98,90.98,3.12,0
Madeira,70.59,21.61,92.55,5.99,0
Madeira,63.33,22.41,94.51,5.39,0
Madeira,63.33,22.41,94.51,5.23,0
Madeira,63.33,22.41,94.51,5.56,0
Madeira,71.76,21.43,93.33,4.89,0
Madeira,75.32,20.26,90.98,4.16,0
Madeira,73.75,20.78,90.59,3.79,0
Madeira,74.12,22.08,90.59,3.67,0
Madeira,75.60,21.65,90.59,3.30,0
Madeira,76.25,20.69,90.98,3.40,0
Madeira,69.80,20.76,92.55,2.92,0
Madeira,63.33,22.41,94.51,2.63,0
Madeira,63.33,22.41,94.51,2.55,0
Madeira,63.33,22.41,94.51,2.38,0
Madeira,70.80,21.10,92.94,2.42,0
Madeira,74.40,21.65,90.59,2.05,0
Madeira,76.60,20.35,90.59,2.14,0
Madeira,78.75,20.78,90.59,1.81,0
Madeira,78.75,20.78,90.59,2.04,0
Madeira,75.00,22.51,90.59,2.06,0
Madeira,74.18,22.82,94.51,2.06,0
Madeira,63.33,22.41,94.51,2.35,0
Madeira,63.33,22.41,94.51,2.32,0
Madeira,63.33,22.41,94.51,2.82,0
Madeira,68.75,20.51,91.76,2.67,0
Madeira,74.69,21.21,90.59,3.04,0
Madeira,75.00,22.51,90.59,4.65,0
Madeira,74.69,21.21,90.59,4.84,0
Madeira,78.75,20.78,90.59,4.62,0
Madeira,75.92,21.21,90.59,3.98,0
Madeira,73.58,22.08,94.12,3.26,0
Madeira,63.33,22.41,94.51,3.03,0
Madeira,63.33,22.41,94.51,2.87,0
Madeira,63.33,22.41,94.51,2.72,0
Madeira,70.80,21.19,92.55,2.52,0
Madeira,73.75,20.78,90.59,2.17,0
Madeira,77.65,22.08,90.59,2.50,0
Madeira,78.37,21.21,90.59,2.24,0
Madeira,77.65,22.08,90.59,2.05,0
Madeira,68.40,21.55,90.98,2.26,0
Madeira,70.00,22.50,94.12,4.21,0
Madeira,63.33,22.41,94.51,5.81,0
Madeira,63.33,22.41,94.51,5.13,0
Madeira,67.06,21.43,93.33,4.78,0
Madeira,69.06,22.55,92.16,4.25,0
Madeira,77.65,22.08,90.59,3.97,0
Madeira,75.29,22.08,90.59,4.21,0
Madeira,75.92,21.21,90.59,5.41,0
Madeira,77.65,22.08,90.59,4.59,0
Madeira,68.08,22.22,91.76,4.79,0
Madeira,67.78,22.41,94.51,5.55,0
Madeira,63.33,22.41,94.51,5.27,0
Madeira,63.33,22.41,94.51,5.93,0
Madeira,67.78,22.41,94.51,5.63,0
Madeira,69.60,21.55,90.98,4.64,0
Madeira,76.60,20.26,90.98,4.14,0
Madeira,73.47,21.21,90.59,3.59,0
Madeira,78.75,20.78,90.59,4.39,0
Madeira,78.75,20.78,90.59,4.37,0
Madeira,71.02,20.76,92.55,3.73,0
Madeira,63.33,22.41,94.51,3.67,0
Madeira,63.33,22.41,94.51,3.11,0
Madeira,63.33,22.41,94.51,3.00,0
Madeira,71.11,22.41,94.51,2.79,0
Madeira,74.12,21.98,90.98,2.71,0
Madeira,77.14,21.12,90.98,2.43,0
Madeira,74.69,21.21,90.59,2.62,0
Madeira,75.29,22.08,90.59,3.44,0
Madeira,77.14,21.12,90.98,4.34,0
Madeira,71.76,21.52,92.94,4.04,0
Madeira,63.33,22.41,94.51,4.40,0
Madeira,63.33,22.41,94.51,3.84,0
Madeira,63.33,22.41,94.51,3.53,0
Madeira,72.00,21.10,92.94,3.92,0
Madeira,75.92,21.12,90.98,3.95,0
Madeira,76.80,21.37,91.76,3.40,0
Madeira,74.40,21.55,90.98,5.98,0
Madeira,71.49,20.35,90.59,4.93,0
Madeira,75.92,20.85,92.16,4.66,0
Madeira,69.06,22.08,94.12,5.22,0
Madeira,63.33,22.41,94.51,4.67,0
Madeira,63.33,22.41,94.51,4.49,0
Madeira,63.33,22.41,94.51,4.63,0
Madeira,75.56,22.41,94.51,5.64,0
Madeira,71.76,21.98,90.98,4.86,0
Madeira,75.92,21.21,90.59,4.70,0
Madeira,75.92,21.21,90.59,5.00,0
Madeira,76.60,20.35,90.59,8.59,0
Madeira,72.94,21.70,92.16,9.19,0
Madeira,67.78,22.41,94.51,8.12,0
Madeira,63.33,22.41,94.51,7.20,0
Madeira,63.33,22.41,94.51,6.42,0
Madeira,63.33,22.41,94.51,5.73,0
Madeira,71.76,21.52,92.94,4.76,0
Madeira,74.12,21.98,90.98,4.21,0
Madeira,75.29,22.08,90.59,3.48,0
Madeira,77.31,22.22,91.76,3.64,0
Madeira,76.60,20.26,90.98,3.90,0
Madeira,70.00,20.69,90.98,4.18,0
Madeira,65.66,22.08,94.12,3.85,0
Madeira,63.33,22.41,94.51,4.28,0
Madeira,63.33,22.41,94.51,3.86,0
Madeira,63.33,22.41,94.51,3.40,0
Madeira,70.00,20.43,92.16,4.16,0
Madeira,77.14,20.94,91.76,3.71,0
Madeira,76.96,19.83,90.98,5.76,0
Madeira,77.87,20.09,91.76,5.13,0
Madeira,79.59,20.94,91.76,5.12,0
Madeira,75.29,21.43,93.33,4.64,0
Madeira,63.33,22.41,94.51,5.17,0
Madeira,63.33,22.41,94.51,4.75,0
Madeira,63.33,22.41,94.51,5.18,0
Madeira,65.56,22.41,94.51,4.63,0
Madeira,72.94,21.43,93.33,4.02,0
Madeira,76.25,20.43,92.16,4.07,0
Madeira,75.00,20.51,91.76,3.89,0
Madeira,76.25,20.69,90.98,3.20,0
Madeira,78.37,20.94,91.76,3.53,0
Madeira,75.56,22.41,94.51,4.03,0
Madeira,63.33,22.41,94.51,3.63,0
Madeira,63.33,22.41,94.51,3.38,0
Madeira,63.33,22.41,94.51,2.99,0
Madeira,67.78,22.41,94.51,2.87,0
Madeira,70.00,20.43,92.16,2.67,0
Madeira,73.33,19.40,90.98,2.91,0
Madeira,80.82,20.85,92.16,2.61,0
Madeira,75.92,20.76,92.55,3.31,0
Madeira,72.24,20.94,91.76,3.70,0
Madeira,73.58,22.08,94.12,3.57,0
Madeira,64.36,22.73,94.90,5.28,0
Madeira,63.40,21.99,94.51,5.70,0
Madeira,63.33,22.41,94.51,5.09,0
Madeira,72.22,22.41,94.51,5.69,0
Madeira,75.60,21.28,92.16,5.26,0
Madeira,70.59,21.61,92.55,6.35,0
Madeira,79.20,21.28,92.16,7.41,0
Madeira,70.59,21.61,92.55,8.53,0
Madeira,74.40,21.19,92.55,7.51,0
Madeira,71.11,22.41,94.51,6.19,0
Madeira,63.33,22.41,94.51,5.36,0
Madeira,63.33,22.41,94.51,4.69,0
Madeira,63.33,22.41,94.51,4.00,0
Madeira,71.32,22.08,94.12,3.57,0
Madeira,75.00,20.69,90.98,2.94,0
Madeira,73.47,20.94,91.76,2.85,0
Madeira,75.92,20.85,92.16,2.83,0
Madeira,75.29,21.70,92.16,3.13,0
Madeira,74.69,20.85,92.16,2.94,0
Madeira,70.00,22.41,94.51,4.42,0
Madeira,63.33,22.41,94.51,4.71,0
Madeira,63.33,22.41,94.51,4.39,0
Madeira,63.33,22.41,94.51,3.88,0
Madeira,74.44,22.41,94.51,3.77,0
Madeira,75.32,20.09,91.76,3.48,0
Madeira,75.92,20.76,92.55,3.78,0
Madeira,71.74,19.83,90.98,3.61,0
Madeira,76.25,20.43,92.16,3.13,0
Madeira,74.72,22.08,94.12,3.85,0
Madeira,65.56,22.41,94.51,3.33,0
Madeira,64.36,22.73,94.90,3.12,0
Madeira,63.33,22.41,94.51,2.70,0
Madeira,63.33,22.41,94.51,2.55,0
Madeira,71.02,20.76,92.55,2.40,0
Madeira,70.38,22.03,92.55,2.51,0
Madeira,75.29,21.70,92.16,2.87,0
Madeira,78.37,20.85,92.16,2.80,0
Madeira,74.40,21.28,92.16,3.91,0
Madeira,75.27,22.82,94.51,3.63,0
Madeira,63.33,22.41,94.51,4.53,0
Madeira,63.33,22.41,94.51,4.60,0
Madeira,63.33,22.41,94.51,5.74,0
Madeira,66.67,22.41,94.51,5.79,0
Madeira,68.75,20.51,91.76,4.92,0
Madeira,76.25,20.43,92.16,5.85,0
Madeira,81.60,21.37,91.76,5.18,0
Madeira,74.04,20.09,91.76,5.01,0
Madeira,73.85,21.94,92.94,4.82,0
Madeira,75.56,22.41,94.51,5.63,0
Madeira,63.33,22.41,94.51,5.60,0
Madeira,64.36,22.73,94.90,5.56,0
Madeira,63.33,22.41,94.51,4.64,0
Madeira,65.56,22.41,94.51,4.55,0
Madeira,74.72,22.08,94.12,4.80,0
Madeira,74.12,21.61,92.55,4.18,0
Madeira,77.14,20.76,92.55,3.89,0
Madeira,78.37,20.85,92.16,3.66,0
Madeira,78.00,21.28,92.16,3.14,0
Madeira,72.00,21.10,92.94,2.82,0
Madeira,63.33,22.41,94.51,3.37,0
Madeira,63.33,22.41,94.51,3.44,0
Madeira,63.33,22.41,94.51,3.13,0
Madeira,65.56,22.41,94.51,3.55,0
Madeira,69.80,20.85,92.16,3.15,0
Madeira,77.87,20.09,91.76,3.32,0
Madeira,83.27,20.85,92.16,4.82,0
Madeira,75.60,21.19,92.55,4.56,0
Madeira,75.60,21.28,92.16,4.71,0
Madeira,72.94,21.43,93.33,5.15,0
Madeira,63.33,22.41,94.51,4.89,0
Madeira,63.33,22.41,94.51,5.29,0
Madeira,63.33,22.41,94.51,4.69,0
Madeira,66.67,22.41,94.51,5.43,0
Madeira,75.56,22.41,94.51,5.74,0
Madeira,75.29,21.43,93.33,5.07,0
Madeira,78.75,20.51,91.76,5.02,0
Madeira,74.04,20.09,91.76,4.41,0
Madeira,74.40,21.19,92.55,3.91,0
Madeira,74.72,22.08,94.12,4.37,0
Madeira,63.33,22.41,94.51,3.95,0
Madeira,63.33,22.41,94.51,3.70,0
Madeira,62.22,22.41,94.51,3.41,0
Madeira,65.56,22.41,94.51,2.96,0
Madeira,72.00,21.10,92.94,2.87,0
Madeira,80.38,22.08,94.12,3.77,0
Madeira,72.77,20.26,90.98,3.71,0
Madeira,75.32,20.09,91.76,4.35,0
Madeira,73.75,20.43,92.16,5.82,0
Madeira,72.94,21.43,93.33,5.69,0
Madeira,65.56,22.41,94.51,6.27,0
Madeira,63.33,22.41,94.51,5.72,0
Madeira,63.33,22.41,94.51,4.70,0
Madeira,63.33,22.41,94.51,4.25,0
Madeira,74.72,22.08,94.12,3.72,0
Madeira,78.11,22.46,92.55,3.49,0
Madeira,78.00,21.28,92.16,3.31,0
Madeira,72.50,20.51,91.76,3.14,0
Madeira,74.40,21.19,92.55,2.78,0
Madeira,72.94,21.43,93.33,2.89,0
Madeira,65.56,22.41,94.51,3.45,0
Madeira,63.33,22.41,94.51,5.29,0
Madeira,64.36,22.73,94.90,5.57,0
Madeira,63.33,22.41,94.51,4.81,0
Madeira,75.56,22.41,94.51,4.24,0
Madeira,74.69,20.85,92.16,4.52,0
Madeira,77.65,21.52,92.94,4.37,0
Madeira,75.32,20.09,91.76,7.38,0
Madeira,75.29,21.61,92.55,8.05,0
Madeira,78.46,21.85,93.33,6.89,0
Madeira,70.00,22.41,94.51,6.66,0
Madeira,63.33,22.41,94.51,11.01,0
Madeira,63.33,22.41,94.51,10.91,0
Madeira,63.33,22.41,94.51,10.85,0
Madeira,71.32,22.08,94.12,9.83,0
Madeira,78.37,20.85,92.16,9.29,0
Madeira,75.00,20.51,91.76,8.03,0
Madeira,78.00,21.37,91.76,6.77,0
Madeira,27.57,52.11,55.69,0.87,0
Madeira,29.06,49.23,50.98,0.85,0
Madeira,26.30,51.41,55.69,2.05,0
Madeira,28.70,51.49,52.55,2.16,0
Madeira,28.57,49.22,50.20,2.38,0
Madeira,26.20,50.71,54.90,2.18,0
Madeira,27.20,53.19,55.29,2.53,0
Madeira,29.54,50.39,50.59,2.32,0
Madeira,28.57,48.09,51.37,2.57,0
Madeira,28.00,52.82,55.69,2.15,0
Madeira,28.57,49.22,50.20,2.78,0
Madeira,29.03,48.44,50.20,2.72,0
Madeira,27.57,52.11,55.69,4.13,0
Madeira,29.12,51.52,51.76,3.82,0
Madeira,30.00,48.82,49.80,3.55,0
Madeira,27.50,51.43,54.90,3.58,0
Madeira,28.00,53.57,54.90,3.22,0
Madeira,30.00,48.82,49.80,3.65,0
Madeira,29.54,49.24,51.76,5.30,0
Madeira,28.00,52.82,55.69,4.62,0
Madeira,29.06,50.00,50.20,3.81,0
Madeira,28.52,47.66,50.20,3.39,0
Madeira,27.12,51.41,55.69,2.98,0
Madeira,29.12,51.52,51.76,2.64,0
Madeira,30.97,48.82,49.80,2.56,0
Madeira,27.57,52.11,55.69,2.46,0
Madeira,28.33,52.55,53.73,2.37,0
Madeira,29.52,49.22,50.20,2.99,0
Madeira,27.76,49.63,52.94,3.01,0
Madeira,28.42,53.52,55.69,2.59,0
Madeira,29.52,49.22,50.20,2.80,0
Madeira,28.06,48.44,50.20,2.83,0
Madeira,27.57,52.11,55.69,2.50,0
Madeira,29.09,50.77,50.98,2.85,0
Madeira,29.52,49.22,50.20,2.99,0
Madeira,26.30,51.41,55.69,3.78,0
Madeira,28.73,52.21,53.33,3.63,0
Madeira,28.12,49.61,50.59,3.38,0
Madeira,28.24,50.00,53.33,3.15,0
Madeira,28.42,53.52,55.69,3.38,0
Madeira,28.57,49.22,50.20,3.06,0
Madeira,30.00,48.44,50.20,4.18,0
Madeira,27.57,52.11,55.69,4.00,0
Madeira,28.18,50.77,50.98,3.55,0
Madeira,29.52,49.22,50.20,3.62,0
Madeira,27.57,52.11,55.69,3.16,0
Madeira,28.73,52.59,52.94,2.96,0
Madeira,30.46,50.39,50.59,3.40,0
Madeira,27.43,50.72,54.12,3.33,0
Madeira,28.00,53.19,55.29,2.96,0
Madeira,28.57,49.22,50.20,2.59,0
Madeira,28.62,49.24,51.76,2.71,0
Madeira,28.00,52.82,55.69,2.61,0
Madeira,28.57,49.22,50.20,2.83,0
Madeira,27.62,48.84,50.59,3.00,0
Madeira,27.12,51.41,55.69,3.35,0
Madeira,28.66,50.76,51.76,3.30,0
Madeira,29.03,48.82,49.80,2.88,0
Madeira,27.89,50.71,54.90,2.78,0
Madeira,26.76,53.24,54.51,2.34,0
Madeira,29.52,49.22,50.20,2.09,0
Madeira,27.76,49.63,52.94,2.34,0
Madeira,28.00,52.82,55.69,2.10,0
Madeira,28.62,50.00,50.98,2.29,0
Madeira,28.12,49.23,50.98,2.23,0
Madeira,27.12,51.41,55.69,2.13,0
Madeira,28.18,50.77,50.98,2.66,0
Madeira,28.62,50.00,50.98,4.95,0
Madeira,27.12,51.41,55.69,5.86,0
Madeira,28.29,51.85,52.94,5.79,0
Madeira,28.57,49.22,50.20,5.41,0
Madeira,27.83,50.36,53.73,4.78,0
Madeira,27.63,53.52,55.69,4.63,0
Madeira,29.52,49.61,49.80,4.18,0
Madeira,29.52,48.46,50.98,3.68,0
Madeira,28.00,52.82,55.69,3.66,0
Madeira,28.12,49.61,50.59,3.85,0
Madeira,28.52,48.03,49.80,3.60,0
Madeira,27.12,51.41,55.69,3.62,0
Madeira,29.14,51.85,52.94,3.50,0
Madeira,30.00,50.00,50.20,3.47,0
Madeira,28.24,50.00,53.33,3.49,0
Madeira,28.38,52.86,54.90,3.14,0
Madeira,29.03,48.82,49.80,3.10,0
Madeira,29.52,48.46,50.98,2.91,0
Madeira,28.00,52.82,55.69,2.74,0
Madeira,29.03,48.82,49.80,2.49,0
Madeira,28.52,48.03,49.80,3.32,0
Madeira,26.76,52.11,55.69,3.51,0
Madeira,27.35,51.13,52.16,3.16,0
Madeira,29.54,50.00,50.98,3.58,0
Madeira,27.43,50.72,54.12,3.16,0
Madeira,27.57,52.86,54.90,2.84,0
Madeira,28.62,50.39,50.59,2.81,0
Madeira,29.54,49.24,51.76,2.91,0
Madeira,28.00,52.82,55.69,3.15,0
Madeira,29.52,49.22,50.20,4.51,0
Madeira,29.51,48.03,49.80,4.10,0
Madeira,27.57,52.11,55.69,3.54,0
Madeira,28.62,50.00,50.98,3.62,0
Madeira,29.52,49.61,49.80,3.53,0
Madeira,27.50,51.43,54.90,3.41,0
Madeira,28.33,52.55,53.73,2.99,0
Madeira,28.57,49.22,50.20,2.73,0
Madeira,27.76,49.63,52.94,2.82,0
Madeira,27.63,53.52,55.69,3.01,0
Madeira,29.06,49.61,50.59,2.80,0
Madeira,28.57,48.46,50.98,2.91,0
Madeira,26.76,52.11,55.69,3.36,0
Madeira,28.12,49.23,50.98,3.02,0
Madeira,28.52,48.03,49.80,2.86,0
Madeira,27.12,51.41,55.69,3.03,0
Madeira,28.73,52.59,52.94,2.83,0
Madeira,30.00,50.00,50.20,3.28,0
Madeira,27.35,50.00,53.33,2.97,0
Madeira,28.80,53.19,55.29,2.72,0
Madeira,29.06,50.00,50.20,3.09,0
Madeira,29.51,47.66,50.20,3.53,0
Madeira,28.00,52.82,55.69,3.81,0
Madeira,29.06,50.00,50.20,3.42,0
Madeira,28.57,49.22,50.20,3.36,0
Madeira,27.12,51.41,55.69,3.99,0
Madeira,29.14,52.24,52.55,3.74,0
Madeira,29.06,50.00,50.20,3.43,0
Madeira,27.43,50.72,54.12,3.13,0
Madeira,27.63,53.90,55.29,2.88,0
Madeira,29.06,50.00,50.20,2.53,0
Madeira,29.52,48.46,50.98,2.29,0
Madeira,28.00,52.82,55.69,2.18,0
Madeira,29.09,50.77,50.98,1.99,0
Madeira,27.19,49.23,50.98,2.14,0
Madeira,27.57,52.11,55.69,2.36,0
Madeira,29.12,51.52,51.76,2.45,0
Madeira,28.18,50.77,50.98,2.49,0
Madeira,27.89,51.08,54.51,2.30,0
Madeira,27.20,53.57,54.90,2.48,0
Madeira,28.06,48.44,50.20,2.25,0
Madeira,28.18,49.25,52.55,2.30,0
Madeira,28.42,53.52,55.69,2.15,0
Madeira,29.03,48.82,49.80,3.30,0
Madeira,29.52,48.84,50.59,4.80,0
Madeira,27.57,52.11,55.69,4.60,0
Madeira,29.09,50.38,51.37,4.59,0
Madeira,28.57,49.22,50.20,4.64,0
Madeira,26.67,51.06,55.29,4.37,0
Madeira,27.89,51.82,53.73,3.96,0
Madeira,28.57,49.22,50.20,3.77,0
Madeira,28.18,49.25,52.55,3.44,0
Madeira,28.42,53.52,55.69,2.91,0
Madeira,29.52,49.61,49.80,2.66,0
Madeira,30.48,48.84,50.59,2.63,0
Madeira,27.57,52.11,55.69,3.18,0
Madeira,29.09,50.77,50.98,4.13,0
Madeira,29.03,48.82,49.80,3.76,0
Madeira,27.12,51.41,55.69,3.51,0
Madeira,29.06,50.00,50.20,3.35,0
Madeira,27.35,50.00,53.33,3.17,0
Madeira,27.63,53.52,55.69,3.39,0
Madeira,29.06,50.00,50.20,3.23,0
Madeira,28.57,48.46,50.98,3.50,0
Madeira,28.00,52.82,55.69,3.09,0
Madeira,29.52,49.22,50.20,3.18,0
Madeira,29.03,48.82,49.80,3.46,0
Madeira,27.50,51.06,55.29,3.61,0
Madeira,28.29,51.85,52.94,3.78,0
Madeira,27.69,50.00,50.98,4.23,0
Madeira,26.09,50.36,53.73,3.71,0
Madeira,27.57,52.86,54.90,3.79,0
Madeira,29.52,49.22,50.20,3.65,0
Madeira,29.52,48.46,50.98,3.54,0
Madeira,28.00,52.82,55.69,3.37,0
Madeira,28.57,49.22,50.20,3.01,0
Madeira,27.62,48.84,50.59,3.54,0
Madeira,27.57,52.11,55.69,3.58,0
Madeira,28.24,51.13,52.16,3.26,0
Madeira,29.06,49.61,50.59,3.11,0
Madeira,27.43,50.72,54.12,2.75,0
Madeira,27.57,52.86,54.90,2.78,0
Madeira,30.48,49.61,49.80,2.62,0
Madeira,26.77,49.24,51.76,2.83,0
Madeira,28.00,52.82,55.69,2.53,0
Madeira,30.00,50.00,50.20,2.47,0
Madeira,29.03,48.44,50.20,2.63,0
Madeira,27.57,52.11,55.69,3.13,0
Madeira,28.66,50.76,51.76,2.95,0
Madeira,28.12,49.61,50.59,3.09,0
Madeira,27.04,50.71,54.90,2.99,0
Madeira,27.12,52.52,54.51,3.09,0
Madeira,28.57,49.22,50.20,3.13,0
Madeira,28.62,48.87,52.16,3.52,0
Madeira,28.42,53.52,55.69,3.03,0
Madeira,29.52,49.22,50.20,3.09,0
Madeira,29.03,48.44,50.20,3.11,0
Madeira,28.00,52.82,55.69,3.64,0
Madeira,30.91,50.77,50.98,3.68,0
Madeira,29.54,50.00,50.98,3.59,0
Madeira,26.76,52.11,55.69,3.42,0
Madeira,28.33,52.55,53.73,3.41,0
Madeira,29.06,50.00,50.20,3.39,0
Madeira,28.24,50.00,53.33,3.86,0
Madeira,28.42,53.52,55.69,4.43,0
Madeira,29.54,50.39,50.59,3.96,0
Madeira,30.00,48.44,50.20,4.25,0
Madeira,27.20,52.82,55.69,4.12,0
Madeira,28.62,50.00,50.98,4.00,0
Madeira,28.12,49.61,50.59,3.57,0
Madeira,27.57,52.11,55.69,3.47,0
Madeira,28.73,52.59,52.94,3.83,0
Madeira,29.03,48.82,49.80,3.29,0
Madeira,29.12,50.00,53.33,3.00,0
Madeira,27.57,52.86,54.90,2.70,0
Madeira,30.00,50.00,50.20,3.28,0
Madeira,29.06,48.85,51.37,3.62,0
Madeira,28.00,52.82,55.69,5.79,0
Madeira,29.03,48.82,49.80,5.15,0
Madeira,29.51,48.03,49.80,4.78,0
Madeira,27.57,52.11,55.69,4.90,0
Madeira,29.09,50.38,51.37,4.98,0
Madeira,29.54,50.78,50.20,4.26,0
Madeira,27.95,51.77,55.29,4.26,0
Madeira,27.95,52.90,54.12,4.33,0
Madeira,30.48,49.61,49.80,4.66,0
Madeira,28.62,48.87,52.16,7.04,0
Madeira,28.42,53.52,55.69,6.55,0
Madeira,28.18,50.77,50.98,5.88,0
Madeira,28.12,49.23,50.98,5.45,0
Madeira,28.00,52.82,55.69,6.65,0
Madeira,28.66,51.54,50.98,5.74,0
Madeira,28.12,49.61,50.59,5.56,0
Madeira,26.76,52.11,55.69,5.68,0
Madeira,27.89,52.21,53.33,6.99,0
Madeira,30.48,49.61,49.80,6.92,0
Madeira,28.24,50.00,53.33,5.98,0
Madeira,28.42,53.52,55.69,5.97,0
Madeira,28.57,49.22,50.20,6.23,0
Madeira,29.52,48.84,50.59,5.96,0
Madeira,27.57,52.11,55.69,6.44,0
Madeira,29.06,49.61,50.59,5.37,0
Madeira,29.03,48.82,49.80,5.02,0
Madeira,27.12,51.41,55.69,5.01,0
Madeira,28.66,50.76,51.76,4.46,0
Madeira,30.00,48.82,49.80,3.90,0
Madeira,26.47,49.64,53.73,3.86,0
Madeira,26.76,52.86,54.90,4.59,0
Madeira,29.06,50.00,50.20,4.02,0
Madeira,29.09,49.62,52.16,4.36,0
Madeira,28.42,53.52,55.69,4.19,0
Madeira,29.06,50.00,50.20,4.09,0
Madeira,29.03,48.44,50.20,3.88,0
Madeira,26.76,52.11,55.69,3.40,0
Madeira,28.62,50.00,50.98,3.46,0
Madeira,28.12,49.61,50.59,3.54,0
Madeira,27.95,51.77,55.29,3.35,0
Madeira,27.89,52.21,53.33,3.16,0
Madeira,28.18,50.77,50.98,2.69,0
Madeira,27.76,49.63,52.94,2.27,0
Madeira,27.63,53.52,55.69,3.83,0
Madeira,28.57,49.22,50.20,3.84,0
Madeira,28.52,47.66,50.20,4.27,0
Madeira,28.00,52.82,55.69,3.70,0
Madeira,28.12,49.61,50.59,4.18,0
Madeira,27.19,49.23,50.98,4.25,0
Madeira,25.95,52.11,55.69,3.79,0
Madeira,28.70,51.49,52.55,3.77,0
Madeira,29.52,49.61,49.80,3.62,0
Madeira,27.35,49.64,53.73,3.43,0
Madeira,28.00,53.57,54.90,3.38,0
Madeira,28.18,50.77,50.98,3.90,0
Madeira,28.62,49.24,51.76,4.15,0
Madeira,28.00,52.82,55.69,6.18,0
Madeira,28.18,50.77,50.98,5.29,0
Madeira,28.06,48.44,50.20,4.78,0
Madeira,27.57,52.11,55.69,4.27,0
Madeira,29.55,51.15,51.37,4.29,0
Madeira,30.00,48.82,49.80,4.36,0
Madeira,27.50,51.43,54.90,4.18,0
Madeira,29.59,53.68,53.33,3.99,0
Madeira,29.52,49.22,50.20,3.90,0
Madeira,27.27,48.89,52.94,4.18,0
Madeira,27.63,53.52,55.69,4.50,0
Madeira,28.57,49.22,50.20,5.42,0
Madeira,30.49,48.03,49.80,5.33,0
Madeira,28.00,52.82,55.69,5.17,0
Madeira,28.18,50.77,50.98,4.55,0
Madeira,28.57,49.22,50.20,4.33,0
Madeira,26.76,52.11,55.69,3.94,0
Madeira,28.29,51.85,52.94,4.02,0
Madeira,30.94,50.00,50.20,3.48,0
Madeira,27.83,50.36,53.73,3.26,0
Madeira,26.84,53.52,55.69,4.55,0
Madeira,29.52,49.61,49.80,4.06,0
Madeira,28.62,49.24,51.76,3.67,0
Madeira,27.20,52.82,55.69,5.77,0
Madeira,29.06,50.00,50.20,5.60,0
Madeira,27.62,48.84,50.59,4.85,0
Madeira,26.30,51.41,55.69,4.53,0
Madeira,28.66,50.76,51.76,4.10,0
Madeira,28.57,49.22,50.20,3.96,0
Madeira,26.67,51.06,55.29,4.11,0
Madeira,26.40,53.57,54.90,4.88,0
Madeira,29.06,50.00,50.20,4.33,0
Madeira,27.76,50.00,52.55,4.64,0
Madeira,27.63,53.52,55.69,4.63,0
Madeira,28.62,50.39,50.59,5.03,0
Madeira,28.00,47.24,49.80,5.15,0
Madeira,27.57,52.11,55.69,4.92,0
Madeira,28.62,50.00,50.98,4.65,0
Madeira,29.52,49.22,50.20,4.21,0
Madeira,25.95,52.11,55.69,3.92,0
Madeira,28.29,51.85,52.94,3.49,0
Madeira,28.57,49.22,50.20,3.42,0
Madeira,27.83,50.36,53.73,3.84,0
Madeira,27.63,53.52,55.69,5.79,0
Madeira,30.00,48.82,49.80,6.68,0
Madeira,28.57,48.46,50.98,5.95,0
Madeira,27.57,52.11,55.69,5.75,0
Madeira,28.18,50.77,50.98,7.47,0
Madeira,28.06,48.44,50.20,6.52,0
Madeira,27.57,52.11,55.69,5.54,0
Madeira,30.00,51.52,51.76,5.66,0
Madeira,29.52,49.61,49.80,5.08,0
Madeira,28.73,51.08,54.51,4.33,0
Madeira,26.76,52.86,54.90,5.73,0
Madeira,29.06,50.00,50.20,6.14,0
Madeira,28.66,50.00,52.55,5.15,0
Madeira,27.63,53.52,55.69,4.88,0
Madeira,29.06,50.00,50.20,4.72,0
Madeira,29.03,48.44,50.20,4.64,0
Madeira,27.57,52.11,55.69,4.45,0
Madeira,28.62,50.00,50.98,4.84,0
Madeira,28.57,49.22,50.20,4.31,0
Madeira,27.95,51.77,55.29,4.24,0
Madeira,28.33,52.55,53.73,4.02,0
Madeira,29.52,49.22,50.20,3.75,0
Madeira,28.24,50.00,53.33,3.87,0
Madeira,28.00,53.19,55.29,4.90,0
Madeira,29.52,49.22,50.20,4.56,0
Madeira,29.06,49.23,50.98,4.16,0
Madeira,27.57,52.11,55.69,3.88,0
Madeira,28.57,49.22,50.20,4.28,0
Madeira,28.57,49.22,50.20,5.33,0
Madeira,27.57,52.11,55.69,4.78,0
Madeira,29.12,51.13,52.16,5.96,0
Madeira,29.54,50.78,50.20,7.38,0
Madeira,27.43,50.72,54.12,6.33,0
Madeira,28.00,53.57,54.90,6.75,0
Madeira,28.62,50.39,50.59,7.10,0
Madeira,29.06,48.48,51.76,7.18,0
Madeira,28.00,52.82,55.69,6.09,0
Madeira,29.03,48.82,49.80,5.53,0
Madeira,28.57,48.84,50.59,5.44,0
Madeira,27.57,52.11,55.69,5.29,0
Madeira,27.69,50.00,50.98,5.13,0
Madeira,28.57,49.22,50.20,5.40,0
Madeira,26.76,52.11,55.69,5.58,0
Madeira,28.33,52.94,53.33,4.93,0
Madeira,29.52,49.22,50.20,4.11,0
Madeira,27.35,50.00,53.33,4.03,0
Madeira,26.84,53.52,55.69,4.63,0
Madeira,28.62,50.39,50.59,4.36,0
Madeira,29.52,48.46,50.98,3.92,0
Madeira,28.42,53.52,55.69,4.25,0
Madeira,28.57,49.22,50.20,5.22,0
Madeira,29.03,48.44,50.20,5.67,0
Madeira,27.57,52.11,55.69,5.75,0
Madeira,29.12,51.52,51.76,4.74,0
Madeira,28.62,50.00,50.98,4.32,0
Madeira,26.67,51.43,54.90,4.09,0
Madeira,28.77,53.28,53.73,4.20,0
Madeira,30.00,50.00,50.20,4.52,0
Madeira,28.66,50.00,52.55,4.33,0
Madeira,27.63,53.52,55.69,4.36,0
Madeira,29.52,49.61,49.80,3.89,0
Madeira,28.57,48.84,50.59,3.35,0
Madeira,28.00,52.82,55.69,3.10,0
Madeira,29.06,49.61,50.59,2.96,0
Madeira,28.57,49.22,50.20,2.50,0
Madeira,27.57,52.11,55.69,2.39,0
Madeira,28.29,51.85,52.94,2.35,0
Madeira,28.12,49.61,50.59,2.71,0
Madeira,28.29,51.09,53.73,2.37,0
Madeira,28.00,53.57,54.90,2.11,0
Madeira,29.03,48.82,49.80,2.09,0
Madeira,28.18,49.62,52.16,2.09,0
Madeira,27.20,52.82,55.69,3.30,0
Madeira,29.06,50.00,50.20,3.71,0
Madeira,28.52,48.03,49.80,4.53,0
Madeira,28.00,52.82,55.69,3.99,0
Madeira,28.62,50.00,50.98,3.55,0
Madeira,28.57,49.22,50.20,3.58,0
Madeira,27.57,52.11,55.69,4.42,0
Madeira,27.89,52.21,53.33,4.05,0
Madeira,29.06,50.00,50.20,4.69,0
Madeira,27.35,50.00,53.33,4.44,0
Madeira,27.63,53.52,55.69,3.98,0
Madeira,30.48,49.61,49.80,4.15,0
Madeira,28.57,48.46,50.98,3.74,0
Madeira,27.57,52.11,55.69,3.52,0
Madeira,28.62,50.00,50.98,3.16,0
Madeira,29.06,50.00,50.20,3.09,0
Madeira,28.00,52.82,55.69,2.97,0
Madeira,29.12,51.13,52.16,2.71,0
Madeira,28.57,49.22,50.20,2.84,0
Madeira,27.50,51.43,54.90,2.55,0
Madeira,27.12,52.52,54.51,2.76,0
Madeira,28.57,49.22,50.20,2.58,0
Madeira,28.66,50.00,52.55,2.45,0
Madeira,27.63,53.52,55.69,2.72,0
Madeira,29.06,50.00,50.20,3.24,0
Madeira,29.03,48.44,50.20,3.29,0
Madeira,25.95,52.11,55.69,4.98,0
Madeira,27.27,50.38,51.37,4.97,0
Madeira,30.00,49.61,50.59,4.31,0
Madeira,27.57,52.11,55.69,3.76,0
Madeira,28.29,51.85,52.94,3.54,0
Madeira,27.27,50.38,51.37,3.37,0
Madeira,28.24,50.00,53.33,3.16,0
Madeira,27.63,53.52,55.69,3.11,0
Madeira,29.06,50.00,50.20,3.13,0
Madeira,29.54,50.00,50.98,3.05,0
Madeira,28.00,52.82,55.69,2.55,0
Madeira,29.52,49.22,50.20,2.24,0
Madeira,29.51,48.03,49.80,2.35,0
Madeira,26.76,52.11,55.69,2.64,0
Madeira,29.12,51.13,52.16,3.37,0
Madeira,29.52,49.61,49.80,3.21,0
Madeira,26.57,50.36,54.51,3.44,0
Madeira,27.20,53.57,54.90,3.66,0
Madeira,30.94,50.00,50.20,3.23,0
Madeira,28.18,49.25,52.55,3.26,0
Madeira,28.00,52.82,55.69,3.26,0
Madeira,29.52,49.61,49.80,2.94,0
Madeira,28.06,48.44,50.20,2.48,0
Madeira,28.00,52.82,55.69,3.21,0
Madeira,30.00,50.00,50.20,2.89,0
Madeira,29.03,48.82,49.80,3.01,0
Madeira,27.50,51.06,55.29,3.50,0
Madeira,28.73,52.59,52.94,3.38,0
Madeira,28.12,49.61,50.59,3.94,0
Madeira,28.29,51.09,53.73,3.59,0
Madeira,26.84,53.52,55.69,3.33,0
Madeira,28.57,49.22,50.20,3.11,0
Madeira,29.06,49.23,50.98,3.27,0
Madeira,28.00,52.82,55.69,4.10,0
Madeira,29.06,50.00,50.20,3.95,0
Madeira,29.03,48.44,50.20,7.22,0
Madeira,26.76,52.11,55.69,6.38,0
Madeira,28.24,51.52,51.76,6.11,0
Madeira,28.57,49.22,50.20,5.51,0
Madeira,27.12,51.77,55.29,4.88,0
Madeira,27.95,52.90,54.12,4.15,0
Madeira,29.06,50.00,50.20,3.91,0
Madeira,27.76,49.63,52.94,4.85,0
Madeira,28.42,53.52,55.69,4.52,0
Madeira,28.62,50.39,50.59,4.48,0
Madeira,28.52,47.66,50.20,4.90,0
Madeira,28.00,52.82,55.69,4.88,0
Madeira,29.55,51.54,50.98,4.12,0
Madeira,28.57,49.22,50.20,4.13,0
Madeira,27.57,52.11,55.69,4.46,0
Madeira,29.57,51.88,52.16,4.35,0
Madeira,28.57,49.22,50.20,4.48,0
Madeira,27.83,50.36,53.73,4.21,0
Madeira,27.20,53.19,55.29,5.33,0
Madeira,30.00,50.00,50.20,5.25,0
Madeira,29.06,48.85,51.37,4.69,0
Madeira,28.00,52.82,55.69,3.98,0
Madeira,30.48,49.61,49.80,3.82,0
Madeira,28.52,48.03,49.80,3.68,0
Madeira,27.57,52.11,55.69,4.58,0
Madeira,29.55,51.15,51.37,3.85,0
Madeira,29.06,49.61,50.59,6.88,0
Madeira,27.50,51.43,54.90,7.46,0
Madeira,29.17,52.55,53.73,7.91,0
Madeira,29.06,50.00,50.20,7.39,0
Madeira,27.35,50.37,52.94,7.01,0
Madeira,28.42,53.52,55.69,6.64,0
Madeira,28.57,49.22,50.20,7.30,0
Madeira,28.57,48.84,50.59,6.78,0
Madeira,28.00,52.82,55.69,8.17,0
Madeira,28.12,49.61,50.59,8.86,0
Madeira,28.57,49.22,50.20,7.82,0
Madeira,26.76,52.11,55.69,7.08,0
Madeira,29.12,51.13,52.16,9.28,0
Madeira,27.69,50.00,50.98,7.96,0
Madeira,27.83,50.36,53.73,7.28,0
Madeira,27.20,53.19,55.29,8.16,0
Madeira,29.06,50.00,50.20,7.08,0
Madeira,28.62,49.24,51.76,6.59,0
Madeira,28.00,52.82,55.69,5.40,0
Madeira,30.00,50.00,50.20,4.54,0
Madeira,27.62,48.84,50.59,4.54,0
Madeira,27.57,52.11,55.69,4.32,0
Madeira,28.24,51.52,51.76,3.90,0
Madeira,28.12,49.61,50.59,4.00,0
Madeira,27.50,51.43,54.90,4.10,0
Madeira,28.33,52.55,53.73,3.87,0
Madeira,28.57,49.22,50.20,3.54,0
Madeira,28.18,49.25,52.55,3.64,0
Madeira,27.63,53.52,55.69,3.55,0
Madeira,44.62,24.68,61.96,1.02,0
Madeira,42.00,25.64,61.18,1.48,0
Madeira,45.00,23.53,60.00,2.31,0
Madeira,44.57,22.88,60.00,2.55,0
Madeira,45.41,24.18,60.00,2.58,0
Madeira,42.44,25.63,62.75,2.43,0
Madeira,37.50,28.74,65.49,2.39,0
Madeira,37.50,28.74,65.49,2.68,0
Madeira,37.50,28.74,65.49,2.47,0
Madeira,41.43,26.09,63.14,2.37,0
Madeira,45.41,24.18,60.00,2.31,0
Madeira,45.41,24.18,60.00,2.34,0
Madeira,45.41,24.18,60.00,2.60,0
Madeira,42.63,24.52,60.78,2.63,0
Madeira,41.43,26.09,63.14,2.77,0
Madeira,37.50,28.74,65.49,2.80,0
Madeira,37.50,28.74,65.49,2.53,0
Madeira,39.51,25.63,62.75,2.43,0
Madeira,45.41,24.18,60.00,2.44,0
Madeira,45.00,23.53,60.00,2.54,0
Madeira,45.41,24.18,60.00,2.69,0
Madeira,40.54,23.72,61.18,2.55,0
Madeira,37.50,28.74,65.49,2.30,0
Madeira,37.50,28.74,65.49,2.12,0
Madeira,39.13,27.88,64.71,2.19,0
Madeira,40.98,25.79,62.35,2.50,0
Madeira,44.57,22.88,60.00,2.51,0
Madeira,44.57,22.88,60.00,2.21,0
Madeira,45.00,23.53,60.00,1.94,0
Madeira,44.57,22.88,60.00,2.00,0
Madeira,45.79,24.20,61.57,1.87,0
Madeira,37.50,28.74,65.49,1.63,0
Madeira,37.50,28.74,65.49,2.05,0
Madeira,37.50,28.74,65.49,2.16,0
Madeira,39.55,26.99,63.92,2.01,0
Madeira,41.54,25.00,61.18,2.02,0
Madeira,45.41,24.18,60.00,2.06,0
Madeira,45.00,23.53,60.00,2.07,0
Madeira,45.00,23.53,60.00,1.85,0
Madeira,42.44,25.63,62.75,1.60,0
Madeira,38.30,28.31,65.10,1.64,0
Madeira,37.50,28.74,65.49,1.41,0
Madeira,37.50,28.74,65.49,1.77,0
Madeira,44.00,28.13,62.75,1.52,0
Madeira,45.41,24.18,60.00,1.70,0
Madeira,45.41,24.18,60.00,1.80,0
Madeira,44.57,22.88,60.00,3.17,0
Madeira,42.86,26.09,63.14,2.88,0
Madeira,37.50,28.74,65.49,2.46,0
Madeira,37.50,28.74,65.49,2.47,0
Madeira,38.05,25.63,62.75,2.25,0
Madeira,45.00,23.53,60.00,2.45,0
Madeira,45.41,24.18,60.00,2.35,0
Madeira,44.57,22.88,60.00,2.13,0
Madeira,42.86,26.09,63.14,2.44,0
Madeira,37.50,28.74,65.49,2.65,0
Madeira,37.50,28.74,65.49,3.01,0
Madeira,37.50,28.74,65.49,3.15,0
Madeira,39.51,25.79,62.35,2.95,0
Madeira,45.79,24.84,60.00,2.90,0
Madeira,45.41,24.18,60.00,2.95,0
Madeira,43.78,23.72,61.18,2.79,0
Madeira,37.50,28.74,65.49,2.32,0
Madeira,37.50,28.74,65.49,2.11,0
Madeira,40.00,27.44,64.31,2.21,0
Madeira,40.00,24.84,61.57,2.17,0
Madeira,45.41,24.18,60.00,1.99,0
Madeira,45.41,24.18,60.00,2.22,0
Madeira,45.41,24.18,60.00,2.36,0
Madeira,40.50,25.16,62.35,2.06,0
Madeira,37.50,28.74,65.49,2.15,0
Madeira,37.50,28.74,65.49,2.78,0
Madeira,40.00,27.44,64.31,2.71,0
Madeira,42.00,25.64,61.18,2.50,0
Madeira,45.41,24.18,60.00,2.88,0
Madeira,45.41,24.18,60.00,2.89,0
Madeira,41.54,24.68,61.96,2.64,0
Madeira,37.50,28.74,65.49,2.97,0
Madeira,37.50,28.74,65.49,2.84,0
Madeira,38.67,27.44,64.31,2.66,0
Madeira,41.05,24.36,61.18,2.35,0
Madeira,45.79,24.84,60.00,2.55,0
Madeira,45.41,24.18,60.00,2.20,0
Madeira,45.41,24.18,60.00,2.09,0
Madeira,40.98,25.79,62.35,2.01,0
Madeira,39.13,27.88,64.71,1.82,0
Madeira,37.50,28.74,65.49,2.10,0
Madeira,37.50,28.74,65.49,2.07,0
Madeira,37.83,27.88,64.71,1.89,0
Madeira,40.98,26.11,61.57,1.92,0
Madeira,45.41,24.18,60.00,2.02,0
Madeira,45.41,24.18,60.00,2.65,0
Madeira,45.41,24.18,60.00,2.61,0
Madeira,40.00,24.68,61.96,2.40,0
Madeira,37.50,28.74,65.49,2.12,0
Madeira,37.50,28.74,65.49,2.22,0
Madeira,40.00,27.44,64.31,2.08,0
Madeira,42.44,26.11,61.57,2.15,0
Madeira,45.41,24.18,60.00,2.68,0
Madeira,45.79,24.84,60.00,2.87,0
Madeira,44.57,22.88,60.00,2.72,0
Madeira,45.79,24.84,60.00,2.54,0
Madeira,42.44,25.95,61.96,2.36,0
Madeira,37.02,28.31,65.10,2.68,0
Madeira,37.50,28.74,65.49,2.93,0
Madeira,39.13,27.88,64.71,2.44,0
Madeira,40.00,24.84,61.57,3.16,0
Madeira,45.41,24.18,60.00,3.21,0
Madeira,45.79,24.84,60.00,2.88,0
Madeira,45.41,24.18,60.00,3.40,0
Madeira,45.41,24.18,60.00,2.95,0
Madeira,41.05,24.36,61.18,3.21,0
Madeira,40.00,27.44,64.31,2.95,0
Madeira,37.50,28.74,65.49,2.63,0
Madeira,38.67,27.44,64.31,2.23,0
Madeira,40.50,25.32,61.96,2.27,0
Madeira,45.41,24.18,60.00,2.04,0
Madeira,45.41,24.18,60.00,2.35,0
Madeira,45.00,23.53,60.00,2.29,0
Madeira,43.50,25.48,61.57,2.64,0
Madeira,40.00,27.44,64.31,2.85,0
Madeira,37.02,28.14,65.49,2.67,0
Madeira,37.50,28.74,65.49,2.24,0
Madeira,40.00,26.58,61.96,2.49,0
Madeira,45.41,24.18,60.00,2.73,0
Madeira,45.41,24.18,60.00,2.59,0
Madeira,44.57,22.88,60.00,2.65,0
Madeira,45.41,23.87,60.78,2.31,0
Madeira,40.91,26.99,63.92,2.00,0
Madeira,37.50,28.74,65.49,2.04,0
Madeira,38.30,28.31,65.10,1.94,0
Madeira,39.00,25.32,61.96,2.51,0
Madeira,45.79,24.84,60.00,2.62,0
Madeira,45.41,24.18,60.00,2.71,0
Madeira,45.41,24.18,60.00,2.75,0
Madeira,43.33,23.23,60.78,2.98,0
Madeira,37.50,28.74,65.49,2.82,0
Madeira,37.50,28.74,65.49,3.07,0
Madeira,38.30,28.31,65.10,3.44,0
Madeira,42.44,26.11,61.57,3.40,0
Madeira,46.15,25.49,60.00,3.19,0
Madeira,45.00,23.53,60.00,2.78,0
Madeira,45.00,23.53,60.00,2.25,0
Madeira,45.00,23.38,60.39,2.50,0
Madeira,42.86,26.09,63.14,2.31,0
Madeira,37.50,28.74,65.49,2.03,0
Madeira,37.50,28.74,65.49,1.85,0
Madeira,37.50,28.74,65.49,1.75,0
Madeira,39.51,25.63,62.75,1.93,0
Madeira,45.41,24.18,60.00,1.65,0
Madeira,45.79,24.84,60.00,1.97,0
Madeira,45.79,24.84,60.00,2.16,0
Madeira,45.41,24.18,60.00,2.35,0
Madeira,43.33,23.38,60.39,2.10,0
Madeira,41.43,26.09,63.14,2.06,0
Madeira,37.50,28.74,65.49,2.46,0
Madeira,37.50,28.74,65.49,2.70,0
Madeira,38.30,28.31,65.10,2.85,0
Madeira,42.27,27.67,62.35,2.83,0
Madeira,45.41,24.18,60.00,2.53,0
Madeira,45.41,24.18,60.00,2.18,0
Madeira,45.41,24.18,60.00,2.11,0
Madeira,43.78,24.03,60.39,2.12,0
Madeira,42.86,26.09,63.14,2.05,0
Madeira,37.50,28.74,65.49,1.77,0
Madeira,38.75,28.92,65.10,1.54,0
Madeira,45.41,24.18,60.00,1.36,0
Madeira,45.79,24.84,60.00,1.39,0
Madeira,44.57,22.88,60.00,1.25,0
Madeira,45.00,23.53,60.00,1.32,0
Madeira,45.00,23.53,60.00,1.57,0
Madeira,41.86,26.54,63.53,2.10,0
Madeira,37.50,28.74,65.49,2.08,0
Madeira,37.50,28.74,65.49,2.22,0
Madeira,40.91,27.50,62.75,2.41,0
Madeira,45.41,24.18,60.00,3.37,0
Madeira,45.41,24.18,60.00,3.31,0
Madeira,44.21,24.68,60.39,3.80,0
Madeira,41.43,26.09,63.14,3.54,0
Madeira,37.50,28.74,65.49,3.36,0
Madeira,37.50,28.74,65.49,3.07,0
Madeira,37.50,28.74,65.49,2.92,0
Madeira,40.91,27.50,62.75,2.51,0
Madeira,45.79,24.84,60.00,2.37,0
Madeira,45.79,24.84,60.00,2.20,0
Madeira,45.41,24.18,60.00,3.06,0
Madeira,41.86,26.71,63.14,2.81,0
Madeira,38.30,28.31,65.10,2.75,0
Madeira,37.50,28.74,65.49,3.11,0
Madeira,40.00,26.09,63.14,3.08,0
Madeira,45.41,24.18,60.00,3.09,0
Madeira,45.00,23.53,60.00,2.83,0
Madeira,45.41,24.18,60.00,2.90,0
Madeira,45.41,24.18,60.00,3.11,0
Madeira,43.50,25.16,62.35,3.93,0
Madeira,37.50,28.74,65.49,3.52,0
Madeira,37.50,28.74,65.49,3.45,0
Madeira,37.50,28.74,65.49,3.16,0
Madeira,41.86,26.71,63.14,3.31,0
Madeira,45.00,23.53,60.00,2.99,0
Madeira,45.41,24.18,60.00,2.81,0
Madeira,45.41,24.18,60.00,2.73,0
Madeira,45.79,24.84,60.00,2.65,0
Madeira,42.44,25.63,62.75,2.52,0
Madeira,37.50,28.74,65.49,2.15,0
Madeira,37.50,28.74,65.49,2.34,0
Madeira,40.98,25.63,62.75,2.13,0
Madeira,44.21,24.68,60.39,2.03,0
Madeira,46.15,25.49,60.00,2.23,0
Madeira,45.79,24.84,60.00,2.06,0
Madeira,45.41,24.18,60.00,1.98,0
Madeira,43.90,25.79,62.35,3.20,0
Madeira,37.50,28.74,65.49,2.94,0
Madeira,37.50,28.74,65.49,3.66,0
Madeira,40.47,26.54,63.53,3.50,0
Madeira,43.33,23.38,60.39,3.57,0
Madeira,45.79,24.84,60.00,3.73,0
Madeira,45.41,24.18,60.00,6.19,0
Madeira,45.41,24.18,60.00,7.54,0
Madeira,43.08,24.84,61.57,6.29,0
Madeira,38.30,28.31,65.10,5.86,0
Madeira,37.50,28.74,65.49,6.05,0
Madeira,38.67,27.44,64.31,6.56,0
Madeira,40.50,25.48,61.57,5.75,0
Madeira,45.41,24.18,60.00,6.18,0
Madeira,45.41,24.18,60.00,5.67,0
Madeira,44.21,24.36,61.18,5.66,0
Madeira,40.91,26.99,63.92,5.07,0
Madeira,37.50,28.74,65.49,4.28,0
Madeira,37.50,28.74,65.49,3.85,0
Madeira,38.30,28.31,65.10,5.26,0
Madeira,43.50,25.48,61.57,4.58,0
Madeira,45.79,24.84,60.00,4.91,0
Madeira,44.57,22.88,60.00,4.98,0
Madeira,42.86,26.09,63.14,4.62,0
Madeira,37.50,28.74,65.49,4.07,0
Madeira,37.50,28.74,65.49,3.55,0
Madeira,39.13,27.88,64.71,3.39,0
Madeira,42.00,25.32,61.96,3.34,0
Madeira,45.41,24.18,60.00,3.38,0
Madeira,45.41,24.18,60.00,3.31,0
Madeira,45.79,24.84,60.00,6.40,0
Madeira,45.00,23.53,60.00,5.43,0
Madeira,41.43,26.09,63.14,5.27,0
Madeira,37.50,28.74,65.49,4.53,0
Madeira,37.50,28.74,65.49,4.26,0
Madeira,37.50,28.74,65.49,4.05,0
Madeira,39.51,25.63,62.75,4.14,0
Madeira,45.41,24.18,60.00,4.07,0
Madeira,45.41,24.18,60.00,3.61,0
Madeira,45.41,24.18,60.00,3.04,0
Madeira,45.41,24.18,60.00,3.53,0
Madeira,44.57,22.88,60.00,3.52,0
Madeira,41.43,26.09,63.14,3.93,0
Madeira,37.50,28.74,65.49,3.56,0
Madeira,37.50,28.74,65.49,3.28,0
Madeira,43.90,25.79,62.35,3.02,0
Madeira,45.79,24.84,60.00,2.70,0
Madeira,45.79,24.84,60.00,2.42,0
Madeira,45.00,23.53,60.00,2.30,0
Madeira,45.00,23.53,60.00,2.26,0
Madeira,40.47,26.54,63.53,2.36,0
Madeira,37.50,28.74,65.49,2.27,0
Madeira,37.50,28.74,65.49,2.33,0
Madeira,40.00,26.09,63.14,2.57,0
Madeira,45.00,23.53,60.00,2.91,0
Madeira,46.15,25.49,60.00,2.96,0
Madeira,44.57,22.88,60.00,3.33,0
Madeira,38.57,26.09,63.14,3.09,0
Madeira,37.50,28.74,65.49,3.20,0
Madeira,37.50,28.74,65.49,3.20,0
Madeira,37.50,28.74,65.49,2.98,0
Madeira,41.43,26.09,63.14,3.16,0
Madeira,45.41,24.18,60.00,3.19,0
Madeira,45.41,24.18,60.00,3.12,0
Madeira,44.57,22.88,60.00,2.60,0
Madeira,45.41,24.18,60.00,2.62,0
Madeira,42.44,25.63,62.75,3.03,0
Madeira,37.50,28.74,65.49,2.91,0
Madeira,37.50,28.74,65.49,2.64,0
Madeira,41.43,26.09,63.14,3.03,0
Madeira,44.21,24.68,60.39,2.98,0
Madeira,45.79,24.84,60.00,2.75,0
Madeira,45.41,24.18,60.00,2.98,0
Madeira,45.79,24.84,60.00,2.85,0
Madeira,44.12,22.22,60.00,3.19,0
Madeira,39.13,27.88,64.71,3.03,0
Madeira,37.50,28.74,65.49,3.11,0
Madeira,37.50,28.74,65.49,2.87,0
Madeira,38.67,27.44,64.31,2.74,0
Madeira,41.54,25.00,61.18,2.33,0
Madeira,45.79,24.84,60.00,2.51,0
Madeira,45.41,24.18,60.00,2.81,0
Madeira,46.15,25.49,60.00,2.63,0
Madeira,45.79,24.84,60.00,2.60,0
Madeira,40.00,26.25,62.75,2.38,0
Madeira,38.30,28.31,65.10,2.63,0
Madeira,37.50,28.74,65.49,2.54,0
Madeira,37.50,28.74,65.49,2.25,0
Madeira,38.30,28.48,64.71,2.31,0
Madeira,45.79,24.84,60.00,2.84,0
Madeira,45.79,24.84,60.00,2.75,0
Madeira,45.41,24.18,60.00,2.65,0
Madeira,41.54,24.84,61.57,2.51,0
Madeira,40.00,27.44,64.31,2.49,0
Madeira,37.50,28.74,65.49,2.17,0
Madeira,37.50,28.74,65.49,4.02,0
Madeira,40.41,29.88,64.31,3.47,0
Madeira,45.79,24.84,60.00,2.83,0
Madeira,45.00,23.53,60.00,2.93,0
Madeira,45.41,24.18,60.00,2.68,0
Madeira,44.57,22.88,60.00,2.17,0
Madeira,40.00,27.44,64.31,2.26,0
Madeira,37.50,28.74,65.49,1.98,0
Madeira,37.50,28.74,65.49,2.13,0
Madeira,38.30,28.31,65.10,2.62,0
Madeira,40.98,25.79,62.35,2.19,0
Madeira,45.41,24.18,60.00,2.27,0
Madeira,45.41,24.18,60.00,2.59,0
Madeira,45.79,24.84,60.00,2.45,0
Madeira,45.79,24.52,60.78,2.93,0
Madeira,40.91,26.99,63.92,2.69,0
Madeira,37.50,28.74,65.49,2.90,0
Madeira,37.50,28.74,65.49,2.63,0
Madeira,39.51,25.63,62.75,2.45,0
Madeira,45.41,24.18,60.00,2.20,0
Madeira,46.15,25.49,60.00,1.97,0
Madeira,45.41,24.18,60.00,1.78,0
Madeira,45.41,24.18,60.00,1.77,0
Madeira,42.86,26.09,63.14,1.70,0
Madeira,37.50,28.74,65.49,1.86,0
Madeira,37.50,28.74,65.49,2.04,0
Madeira,37.50,28.74,65.49,2.24,0
Madeira,41.43,26.25,62.75,3.02,0
Madeira,45.41,24.18,60.00,3.04,0
Madeira,45.00,23.53,60.00,3.29,0
Madeira,45.79,24.84,60.00,3.35,0
Madeira,45.79,24.84,60.00,5.05,0
Madeira,45.41,24.18,60.00,5.33,0
Madeira,43.90,25.63,62.75,5.89,0
Madeira,37.50,28.74,65.49,5.82,0
Madeira,37.50,28.74,65.49,6.77,0
Madeira,37.50,28.74,65.49,5.65,0
Madeira,40.00,26.25,62.75,5.48,0
Madeira,45.41,24.18,60.00,4.57,0
Madeira,45.79,24.84,60.00,4.45,0
Madeira,45.79,24.84,60.00,4.34,0
Madeira,45.79,24.84,60.00,3.68,0
Madeira,44.12,22.22,60.00,3.51,0
Madeira,37.50,28.74,65.49,3.01,0
Madeira,37.50,28.74,65.49,2.67,0
Madeira,37.50,28.74,65.49,2.61,0
Madeira,40.00,26.09,63.14,2.57,0
Madeira,44.21,24.68,60.39,2.76,0
Madeira,46.15,25.49,60.00,3.40,0
Madeira,45.79,24.84,60.00,3.17,0
Madeira,45.41,24.18,60.00,3.03,0
Madeira,42.44,25.63,62.75,3.01,0
Madeira,37.50,28.74,65.49,2.85,0
Madeira,37.50,28.74,65.49,2.44,0
Madeira,41.86,26.71,63.14,2.66,0
Madeira,43.33,23.38,60.39,2.57,0
Madeira,45.79,24.84,60.00,2.24,0
Madeira,45.41,24.18,60.00,2.08,0
Madeira,42.44,25.95,61.96,2.05,0
Madeira,38.30,28.31,65.10,1.76,0
Madeira,37.50,28.74,65.49,1.88,0
Madeira,41.86,26.54,63.53,2.62,0
Madeira,43.08,25.16,60.78,2.36,0
Madeira,45.41,24.18,60.00,2.15,0
Madeira,44.57,22.88,60.00,2.06,0
Madeira,45.79,24.84,60.00,1.80,0
Madeira,44.57,22.88,60.00,1.63,0
Madeira,42.86,26.09,63.14,2.26,0
Madeira,37.50,28.74,65.49,2.65,0
Madeira,37.50,28.74,65.49,2.46,0
Madeira,41.43,26.25,62.75,2.22,0
Madeira,45.79,24.84,60.00,2.21,0
Madeira,45.41,24.18,60.00,1.96,0
Madeira,44.57,22.88,60.00,1.81,0
Madeira,45.41,24.18,60.00,1.66,0
Madeira,43.90,25.63,62.75,1.60,0
Madeira,37.50,28.74,65.49,1.46,0
Madeira,37.50,28.74,65.49,1.97,0
Madeira,38.57,26.09,63.14,2.19,0
Madeira,45.41,24.18,60.00,2.99,0
Madeira,45.79,24.84,60.00,2.96,0
Madeira,45.79,24.84,60.00,2.88,0
Madeira,42.00,25.16,62.35,2.93,0
Madeira,37.50,28.74,65.49,2.99,0
Madeira,37.50,28.74,65.49,2.67,0
Madeira,41.43,26.09,63.14,2.68,0
Madeira,44.62,25.32,60.39,2.47,0
Madeira,45.79,24.84,60.00,2.62,0
Madeira,44.57,22.88,60.00,2.69,0
Madeira,38.05,25.79,62.35,2.51,0
Madeira,39.13,27.88,64.71,2.26,0
Madeira,37.50,28.74,65.49,2.51,0
Madeira,39.13,27.88,64.71,2.96,0
Madeira,43.78,23.72,61.18,2.47,0
Madeira,45.00,23.53,60.00,2.59,0
Madeira,45.79,24.84,60.00,2.63,0
Madeira,45.41,24.18,60.00,2.62,0
Madeira,44.57,22.73,60.39,2.30,0
Madeira,37.50,28.74,65.49,2.40,0
Madeira,37.50,28.74,65.49,2.17,0
Madeira,37.96,29.34,65.49,2.24,0
Madeira,45.79,24.84,60.00,2.03,0
Madeira,45.79,24.84,60.00,2.00,0
Madeira,45.79,24.84,60.00,2.17,0
Madeira,44.12,22.22,60.00,2.10,0
Madeira,37.50,28.74,65.49,1.91,0
Madeira,37.50,28.74,65.49,1.75,0
Madeira,37.50,28.74,65.49,1.73,0
Madeira,42.67,27.95,63.14,1.57,0
Madeira,45.41,24.18,60.00,1.68,0
Madeira,45.79,24.84,60.00,2.09,0
Madeira,44.57,22.88,60.00,2.11,0
Madeira,39.13,27.88,64.71,2.04,0
Madeira,37.50,28.74,65.49,2.62,0
Madeira,37.50,28.74,65.49,2.65,0
Madeira,38.67,27.44,64.31,2.54,0
Madeira,40.98,26.11,61.57,2.97,0
Madeira,45.41,24.18,60.00,2.85,0
Madeira,45.41,24.18,60.00,2.85,0
Madeira,45.00,23.53,60.00,2.62,0
Madeira,43.33,23.23,60.78,2.79,0
Madeira,37.50,28.74,65.49,3.86,0
Madeira,37.50,28.74,65.49,3.96,0
Madeira,37.50,28.74,65.49,4.56,0
Madeira,37.14,26.09,63.14,4.27,0
Madeira,45.41,24.18,60.00,3.84,0
Madeira,45.41,24.18,60.00,4.77,0
Madeira,45.41,24.18,60.00,4.30,0
Madeira,45.41,24.18,60.00,4.01,0
Madeira,41.43,26.25,62.75,3.89,0
Madeira,38.30,28.31,65.10,4.32,0
Madeira,37.50,28.74,65.49,4.06,0
Madeira,42.63,24.52,60.78,6.02,0
Madeira,45.41,24.18,60.00,5.19,0
Madeira,45.41,24.18,60.00,4.85,0
Madeira,45.41,24.18,60.00,4.21,0
Madeira,44.57,22.88,60.00,3.88,0
Madeira,40.00,27.44,64.31,3.61,0
Madeira,37.50,28.74,65.49,3.47,0
Madeira,38.30,28.31,65.10,4.44,0
Madeira,39.00,25.16,62.35,5.02,0
Madeira,45.41,24.18,60.00,4.39,0
Madeira,45.41,24.18,60.00,4.20,0
Madeira,45.00,23.53,60.00,3.41,0
Madeira,45.41,24.18,60.00,3.17,0
Madeira,45.41,24.18,60.00,3.09,0
Madeira,41.43,26.09,63.14,3.78,0
Madeira,37.50,28.74,65.49,4.14,0
Madeira,37.50,28.74,65.49,4.37,0
Madeira,41.86,26.71,63.14,4.04,0
Madeira,45.00,23.53,60.00,3.95,0
Madeira,45.41,24.18,60.00,3.26,0
Madeira,45.41,24.18,60.00,3.14,0
Madeira,44.57,22.88,60.00,3.45,0
Madeira,37.50,28.74,65.49,3.78,0
Madeira,37.50,28.74,65.49,3.78,0
Madeira,39.13,27.88,64.71,3.94,0
Madeira,41.05,24.36,61.18,3.60,0
Madeira,45.41,24.18,60.00,2.99,0
Madeira,44.57,22.88,60.00,3.06,0
Madeira,45.41,24.18,60.00,3.17,0
Madeira,45.79,24.84,60.00,3.96,0
Madeira,41.67,23.23,60.78,4.04,0
Madeira,37.50,28.74,65.49,4.19,0
Madeira,37.50,28.74,65.49,3.91,0
Madeira,41.54,24.84,61.57,3.42,0
Madeira,45.41,24.18,60.00,3.11,0
Madeira,45.00,23.53,60.00,3.32,0
Madeira,45.00,23.53,60.00,2.94,0
Madeira,44.57,22.88,60.00,2.79,0
Madeira,43.26,26.71,63.14,2.41,0
Madeira,37.50,28.74,65.49,2.76,0
Madeira,37.50,28.74,65.49,2.69,0
Madeira,37.50,28.74,65.49,2.37,0
Madeira,42.67,27.95,63.14,2.44,0
Madeira,45.41,24.18,60.00,2.44,0
Madeira,45.79,24.84,60.00,2.59,0
Madeira,45.79,24.84,60.00,2.73,0
Madeira,44.57,22.88,60.00,2.51,0
Madeira,37.50,28.74,65.49,2.51,0
Madeira,37.50,28.74,65.49,2.52,0
Madeira,37.50,28.74,65.49,2.86,0
Madeira,40.00,27.44,64.31,2.67,0
Madeira,42.44,26.11,61.57,2.26,0
Madeira,45.41,24.18,60.00,2.47,0
Madeira,45.79,24.84,60.00,2.66,0
Madeira,45.41,24.18,60.00,2.60,0
Madeira,44.62,25.16,60.78,2.65,0
Madeira,40.00,27.44,64.31,2.53,0
Madeira,37.50,28.74,65.49,2.42,0
Madeira,37.50,28.74,65.49,2.95,0
Madeira,37.50,28.74,65.49,3.05,0
Madeira,45.41,24.18,60.00,2.99,0
Madeira,45.79,24.84,60.00,2.83,0
Madeira,27.00,49.59,47.45,1.38,0
Madeira,28.06,51.24,47.45,1.87,0
Madeira,28.00,49.59,47.45,2.11,0
Madeira,26.76,54.81,52.94,2.25,0
Madeira,28.57,51.64,47.84,2.64,0
Madeira,28.57,52.07,47.45,3.18,0
Madeira,27.35,52.31,50.98,3.04,0
Madeira,27.50,54.55,51.76,3.99,0
Madeira,29.03,51.24,47.45,3.89,0
Madeira,29.51,50.00,47.84,4.10,0
Madeira,26.67,54.14,52.16,4.06,0
Madeira,29.52,52.07,47.45,4.16,0
Madeira,27.54,50.41,47.45,3.97,0
Madeira,27.89,53.79,51.76,3.97,0
Madeira,26.47,53.54,49.80,3.80,0
Madeira,28.06,51.24,47.45,6.93,0
Madeira,28.13,51.20,49.02,8.04,0
Madeira,28.38,55.22,52.55,12.23,0
Madeira,28.57,52.07,47.45,10.40,0
Madeira,28.00,49.59,47.45,13.49,0
Madeira,27.20,55.15,53.33,12.51,0
Madeira,29.09,53.23,48.63,13.68,0
Madeira,28.57,52.07,47.45,11.68,0
Madeira,26.96,53.08,50.98,11.62,0
Madeira,27.04,53.79,51.76,11.19,0
Madeira,28.57,52.07,47.45,10.57,0
Madeira,29.00,49.59,47.45,8.84,0
Madeira,28.33,54.14,52.16,7.69,0
Madeira,29.03,51.24,47.45,7.34,0
Madeira,28.06,51.24,47.45,9.08,0
Madeira,27.43,53.44,51.37,7.60,0
Madeira,26.09,53.49,50.59,6.49,0
Madeira,28.06,51.24,47.45,6.13,0
Madeira,28.06,50.41,48.24,5.55,0
Madeira,28.73,53.79,51.76,4.90,0
Madeira,28.06,51.24,47.45,4.92,0
Madeira,28.00,49.59,47.45,4.52,0
Madeira,27.89,53.79,51.76,4.89,0
Madeira,29.09,53.23,48.63,4.47,0
Madeira,29.52,52.07,47.45,4.33,0
Madeira,27.76,52.34,50.20,4.96,0
Madeira,26.67,54.14,52.16,6.89,0
Madeira,29.03,51.24,47.45,6.85,0
Madeira,27.00,49.59,47.45,6.40,0
Madeira,27.12,54.48,52.55,5.55,0
Madeira,28.57,52.07,47.45,5.00,0
Madeira,26.13,51.24,47.45,4.78,0
Madeira,27.04,53.79,51.76,4.23,0
Madeira,28.70,53.91,50.20,3.72,0
Madeira,28.06,51.24,47.45,4.66,0
Madeira,28.57,50.81,48.63,4.49,0
Madeira,27.50,54.14,52.16,5.08,0
Madeira,28.57,52.07,47.45,6.90,0
Madeira,28.00,49.59,47.45,6.71,0
Madeira,26.67,54.14,52.16,6.63,0
Madeira,29.06,52.03,48.24,7.29,0
Madeira,28.06,51.24,47.45,7.41,0
Madeira,27.83,53.08,50.98,7.61,0
Madeira,27.04,54.20,51.37,7.16,0
Madeira,29.52,52.07,47.45,10.16,0
Madeira,26.56,50.00,47.84,8.92,0
Madeira,26.67,54.14,52.16,8.04,0
Madeira,28.06,51.24,47.45,7.88,0
Madeira,28.06,51.24,47.45,7.54,0
Madeira,27.04,53.79,51.76,6.68,0
Madeira,28.24,53.54,49.80,6.78,0
Madeira,28.57,52.07,47.45,6.75,0
Madeira,29.06,51.20,49.02,6.06,0
Madeira,27.50,54.14,52.16,7.10,0
Madeira,28.06,51.24,47.45,6.40,0
Madeira,27.00,49.59,47.45,5.68,0
Madeira,26.76,54.81,52.94,5.33,0
Madeira,29.52,52.07,47.45,4.44,0
Madeira,27.10,51.24,47.45,8.57,0
Madeira,27.83,53.08,50.98,10.12,0
Madeira,28.29,53.85,50.98,11.82,0
Madeira,28.06,51.24,47.45,13.91,0
Madeira,28.06,50.41,48.24,15.59,0
Madeira,26.76,54.81,52.94,13.12,0
Madeira,28.06,51.24,47.45,12.50,0
Madeira,28.06,51.24,47.45,10.80,0
Madeira,28.73,53.79,51.76,9.40,0
Madeira,28.24,53.97,49.41,8.28,0
Madeira,29.03,51.24,47.45,7.34,0
Madeira,28.18,51.97,49.80,6.35,0
Madeira,26.40,55.56,52.94,5.84,0
Madeira,29.52,52.07,47.45,5.56,0
Madeira,28.00,49.59,47.45,4.86,0
Madeira,27.95,54.48,52.55,3.96,0
Madeira,29.52,52.07,47.45,4.61,0
Madeira,29.03,51.24,47.45,4.83,0
Madeira,27.43,53.44,51.37,4.27,0
Madeira,27.04,54.62,50.98,4.45,0
Madeira,28.06,51.24,47.45,3.98,0
Madeira,28.57,50.81,48.63,3.78,0
Madeira,26.76,54.81,52.94,3.39,0
Madeira,27.10,51.24,47.45,3.96,0
Madeira,27.00,49.59,47.45,4.50,0
Madeira,27.50,54.14,52.16,4.80,0
Madeira,28.62,52.42,48.63,5.02,0
Madeira,28.06,51.24,47.45,7.18,0
Madeira,28.18,51.56,50.20,6.97,0
Madeira,27.04,53.79,51.76,6.40,0
Madeira,28.57,52.07,47.45,6.98,0
Madeira,28.00,49.59,47.45,9.22,0
Madeira,26.76,54.81,52.94,9.60,0
Madeira,28.57,52.07,47.45,8.27,0
Madeira,29.03,51.24,47.45,6.92,0
Madeira,27.89,53.79,51.76,5.87,0
Madeira,29.12,53.97,49.41,5.34,0
Madeira,28.57,52.07,47.45,5.42,0
Madeira,28.18,51.97,49.80,5.97,0
Madeira,26.67,54.14,52.16,6.66,0
Madeira,28.57,52.07,47.45,6.02,0
Madeira,27.00,49.59,47.45,5.88,0
Madeira,27.57,54.81,52.94,5.75,0
Madeira,28.06,51.24,47.45,5.45,0
Madeira,28.57,52.07,47.45,4.84,0
Madeira,27.04,53.79,51.76,5.13,0
Madeira,26.47,53.13,50.20,4.46,0
Madeira,28.57,52.07,47.45,4.12,0
Madeira,27.62,50.81,48.63,4.81,0
Madeira,27.50,54.14,52.16,4.35,0
Madeira,28.57,52.07,47.45,4.52,0
Madeira,27.54,50.41,47.45,4.99,0
Madeira,28.73,53.79,51.76,5.38,0
Madeira,29.06,52.03,48.24,5.78,0
Madeira,29.03,51.24,47.45,5.75,0
Madeira,26.47,52.31,50.98,5.73,0
Madeira,27.89,54.20,51.37,6.49,0
Madeira,29.03,51.24,47.45,5.59,0
Madeira,27.54,50.00,47.84,5.36,0
Madeira,26.30,54.48,52.55,6.55,0
Madeira,28.06,51.24,47.45,8.86,0
Madeira,28.06,51.24,47.45,7.33,0
Madeira,27.50,54.14,52.16,6.13,0
Madeira,27.83,54.33,49.80,6.22,0
Madeira,28.57,52.07,47.45,6.05,0
Madeira,28.18,51.97,49.80,5.60,0
Madeira,27.12,54.89,52.16,5.18,0
Madeira,28.57,52.07,47.45,5.06,0
Madeira,27.00,49.59,47.45,4.91,0
Madeira,27.50,54.14,52.16,4.72,0
Madeira,29.06,52.46,47.84,6.90,0
Madeira,28.06,51.24,47.45,8.28,0
Madeira,26.57,53.44,51.37,8.12,0
Madeira,27.83,53.49,50.59,7.36,0
Madeira,28.57,52.07,47.45,6.82,0
Madeira,28.13,51.20,49.02,6.04,0
Madeira,26.40,55.56,52.94,7.92,0
Madeira,29.52,52.07,47.45,7.54,0
Madeira,27.54,50.41,47.45,7.56,0
Madeira,26.67,54.14,52.16,6.94,0
Madeira,29.06,52.46,47.84,6.36,0
Madeira,29.52,52.07,47.45,5.80,0
Madeira,28.29,53.44,51.37,4.83,0
Madeira,27.89,54.62,50.98,5.05,0
Madeira,29.52,52.07,47.45,4.99,0
Madeira,28.06,50.41,48.24,4.93,0
Madeira,27.12,54.48,52.55,4.54,0
Madeira,29.52,52.07,47.45,5.30,0
Madeira,27.54,50.41,47.45,4.76,0
Madeira,27.12,54.48,52.55,5.51,0
Madeira,29.09,53.23,48.63,4.99,0
Madeira,28.57,52.07,47.45,4.94,0
Madeira,28.66,52.34,50.20,4.66,0
Madeira,25.83,54.55,51.76,5.22,0
Madeira,28.57,52.07,47.45,6.39,0
Madeira,28.00,49.59,47.45,5.97,0
Madeira,26.67,54.14,52.16,5.22,0
Madeira,28.57,52.07,47.45,5.54,0
Madeira,29.03,51.24,47.45,6.60,0
Madeira,27.04,53.79,51.76,6.09,0
Madeira,28.24,53.54,49.80,5.50,0
Madeira,28.57,52.07,47.45,4.87,0
Madeira,28.18,51.97,49.80,4.22,0
Madeira,26.30,54.48,52.55,4.13,0
Madeira,28.57,52.07,47.45,4.21,0
Madeira,28.00,49.59,47.45,3.65,0
Madeira,27.57,54.81,52.94,3.71,0
Madeira,29.06,52.46,47.84,3.55,0
Madeira,28.06,51.24,47.45,3.85,0
Madeira,26.20,53.79,51.76,4.40,0
Madeira,27.89,54.62,50.98,6.13,0
Madeira,29.52,52.07,47.45,5.96,0
Madeira,27.62,50.81,48.63,5.46,0
Madeira,27.12,54.48,52.55,5.40,0
Madeira,28.06,51.24,47.45,4.88,0
Madeira,27.54,50.41,47.45,5.16,0
Madeira,27.50,54.14,52.16,5.04,0
Madeira,28.24,54.40,49.02,4.58,0
Madeira,28.57,52.07,47.45,4.08,0
Madeira,27.76,52.34,50.20,3.75,0
Madeira,26.67,54.14,52.16,4.22,0
Madeira,28.57,52.07,47.45,3.95,0
Madeira,28.00,49.59,47.45,3.82,0
Madeira,27.50,54.14,52.16,3.83,0
Madeira,29.52,52.07,47.45,3.91,0
Madeira,28.57,52.07,47.45,3.85,0
Madeira,28.29,53.44,51.37,3.62,0
Madeira,27.35,53.13,50.20,3.30,0
Madeira,28.57,52.07,47.45,2.95,0
Madeira,28.57,50.81,48.63,2.77,0
Madeira,25.95,54.81,52.94,2.85,0
Madeira,28.06,51.24,47.45,2.90,0
Madeira,27.00,49.59,47.45,2.59,0
Madeira,26.67,54.14,52.16,2.61,0
Madeira,29.09,53.23,48.63,2.33,0
Madeira,28.57,52.07,47.45,2.51,0
Madeira,28.24,52.71,50.59,2.87,0
Madeira,26.67,54.55,51.76,2.93,0
Madeira,29.52,52.07,47.45,2.74,0
Madeira,29.00,49.59,47.45,3.23,0
Madeira,27.12,54.48,52.55,3.28,0
Madeira,28.57,52.07,47.45,3.12,0
Madeira,28.06,51.24,47.45,3.17,0
Madeira,27.43,53.44,51.37,3.44,0
Madeira,28.70,54.33,49.80,3.06,0
Madeira,28.57,52.07,47.45,3.38,0
Madeira,26.25,50.79,49.41,3.37,0
Madeira,28.38,54.81,52.94,4.60,0
Madeira,29.52,52.07,47.45,5.00,0
Madeira,28.00,49.59,47.45,4.23,0
Madeira,26.30,54.07,52.94,4.38,0
Madeira,30.00,52.46,47.84,5.26,0
Madeira,28.57,52.07,47.45,6.03,0
Madeira,27.43,53.44,51.37,5.03,0
Madeira,27.50,54.96,51.37,4.78,0
Madeira,29.03,51.24,47.45,5.67,0
Madeira,27.54,50.00,47.84,5.58,0
Madeira,27.50,54.14,52.16,5.45,0
Madeira,28.57,52.07,47.45,5.35,0
Madeira,28.06,51.24,47.45,5.94,0
Madeira,26.76,54.81,52.94,6.16,0
Madeira,29.55,53.60,49.02,6.28,0
Madeira,28.57,52.07,47.45,10.37,0
Madeira,28.18,51.97,49.80,10.38,0
Madeira,27.57,55.22,52.55,8.95,0
Madeira,28.06,51.24,47.45,7.94,0
Madeira,27.00,49.59,47.45,7.31,0
Madeira,27.57,54.81,52.94,6.51,0
Madeira,29.06,52.46,47.84,5.84,0
Madeira,28.06,51.24,47.45,4.98,0
Madeira,27.35,52.31,50.98,5.72,0
Madeira,27.43,53.85,50.98,6.68,0
Madeira,27.62,52.07,47.45,5.79,0
Madeira,28.52,50.00,47.84,5.19,0
Madeira,26.76,54.81,52.94,4.40,0
Madeira,28.06,51.24,47.45,3.90,0
Madeira,28.52,50.41,47.45,3.97,0
Madeira,27.89,53.79,51.76,3.57,0
Madeira,27.76,53.60,49.02,3.47,0
Madeira,28.06,51.24,47.45,3.56,0
Madeira,26.87,52.34,50.20,3.14,0
Madeira,27.50,54.14,52.16,4.11,0
Madeira,28.06,51.24,47.45,4.65,0
Madeira,27.00,49.59,47.45,4.49,0
Madeira,27.12,54.48,52.55,4.47,0
Madeira,29.03,51.24,47.45,4.71,0
Madeira,28.57,52.07,47.45,6.95,0
Madeira,27.04,53.79,51.76,6.32,0
Madeira,27.50,54.96,51.37,5.54,0
Madeira,29.52,52.07,47.45,5.12,0
Madeira,29.03,50.41,48.24,5.16,0
Madeira,26.30,54.48,52.55,5.33,0
Madeira,29.52,52.07,47.45,4.35,0
Madeira,27.54,50.41,47.45,4.03,0
Madeira,27.04,53.79,51.76,3.76,0
Madeira,28.18,52.80,49.02,4.30,0
Madeira,28.57,52.07,47.45,3.69,0
Madeira,28.18,51.97,49.80,3.58,0
Madeira,27.12,54.48,52.55,3.71,0
Madeira,28.06,51.24,47.45,3.95,0
Madeira,27.00,49.59,47.45,4.07,0
Madeira,26.67,54.14,52.16,4.08,0
Madeira,29.03,51.24,47.45,3.93,0
Madeira,29.03,51.24,47.45,3.68,0
Madeira,27.83,53.08,50.98,3.91,0
Madeira,26.67,54.55,51.76,4.27,0
Madeira,28.06,51.24,47.45,3.98,0
Madeira,28.52,50.00,47.84,3.53,0
Madeira,27.57,54.81,52.94,3.33,0
Madeira,28.06,51.24,47.45,3.19,0
Madeira,27.10,51.24,47.45,3.32,0
Madeira,27.04,53.79,51.76,3.98,0
Madeira,27.83,54.33,49.80,4.74,0
Madeira,28.57,52.07,47.45,5.74,0
Madeira,28.62,51.59,49.41,5.89,0
Madeira,26.67,54.14,52.16,5.69,0
Madeira,28.57,52.07,47.45,6.35,0
Madeira,27.00,49.59,47.45,6.08,0
Madeira,26.67,54.14,52.16,6.71,0
Madeira,28.13,52.03,48.24,6.51,0
Madeira,28.57,52.07,47.45,6.63,0
Madeira,27.83,53.08,50.98,6.54,0
Madeira,27.43,53.85,50.98,7.59,0
Madeira,28.57,52.07,47.45,9.01,0
Madeira,28.52,50.00,47.84,10.93,0
Madeira,27.50,54.14,52.16,10.33,0
Madeira,28.57,52.07,47.45,9.30,0
Madeira,27.10,51.24,47.45,8.66,0
Madeira,27.43,53.44,51.37,7.45,0
Madeira,27.35,53.54,49.80,6.67,0
Madeira,29.03,51.24,47.45,6.96,0
Madeira,28.18,51.97,49.80,6.82,0
Madeira,27.12,54.48,52.55,7.50,0
Madeira,29.52,52.07,47.45,6.44,0
Madeira,27.00,49.59,47.45,7.22,0
Madeira,27.12,54.07,52.94,6.79,0
Madeira,28.57,51.64,47.84,6.56,0
Madeira,28.57,52.07,47.45,5.98,0
Madeira,26.96,53.08,50.98,5.69,0
Madeira,27.89,54.20,51.37,4.88,0
Madeira,28.06,51.24,47.45,4.08,0
Madeira,27.54,50.00,47.84,3.78,0
Madeira,27.95,54.48,52.55,3.34,0
Madeira,28.57,52.07,47.45,5.79,0
Madeira,27.10,51.24,47.45,6.14,0
Madeira,27.04,53.79,51.76,6.00,0
Madeira,26.96,53.91,50.20,5.95,0
Madeira,28.06,51.24,47.45,5.00,0
Madeira,28.18,51.97,49.80,4.94,0
Madeira,26.76,54.81,52.94,4.54,0
Madeira,28.57,52.07,47.45,4.04,0
Madeira,27.00,49.59,47.45,5.09,0
Madeira,27.12,54.48,52.55,7.91,0
Madeira,29.06,52.46,47.84,8.62,0
Madeira,28.57,52.07,47.45,7.83,0
Madeira,27.43,53.44,51.37,8.93,0
Madeira,27.43,53.85,50.98,8.62,0
Madeira,28.57,52.07,47.45,10.22,0
Madeira,28.52,50.00,47.84,11.57,0
Madeira,26.76,54.81,52.94,10.06,0
Madeira,28.57,52.07,47.45,8.47,0
Madeira,28.06,51.24,47.45,8.26,0
Madeira,27.50,54.14,52.16,7.74,0
Madeira,28.66,53.60,49.02,7.07,0
Madeira,28.57,52.07,47.45,6.03,0
Madeira,27.76,52.34,50.20,5.18,0
Madeira,26.67,54.14,52.16,5.76,0
Madeira,28.06,51.24,47.45,5.34,0
Madeira,28.00,49.59,47.45,5.31,0
Madeira,27.50,54.14,52.16,5.24,0
Madeira,28.06,51.24,47.45,4.82,0
Madeira,28.06,51.24,47.45,4.65,0
Madeira,27.43,53.44,51.37,4.34,0
Madeira,28.70,53.91,50.20,3.59,0
Madeira,28.57,52.07,47.45,4.61,0
Madeira,27.62,50.81,48.63,5.06,0
Madeira,26.76,54.81,52.94,8.30,0
Madeira,29.03,51.24,47.45,9.53,0
Madeira,27.54,50.41,47.45,10.76,0
Madeira,27.50,54.14,52.16,11.53,0
Madeira,27.69,52.42,48.63,10.42,0
Madeira,28.06,51.24,47.45,10.69,0
Madeira,27.76,52.34,50.20,9.09,0
Madeira,27.12,54.89,52.16,13.82,0
Madeira,28.57,52.07,47.45,11.95,0
Madeira,26.00,49.59,47.45,10.70,0
Madeira,27.12,54.07,52.94,9.01,0
Madeira,28.57,52.07,47.45,8.88,0
Madeira,28.06,51.24,47.45,11.73,0
Madeira,27.04,53.79,51.76,13.22,0
Madeira,27.35,53.54,49.80,11.71,0
Madeira,27.10,51.24,47.45,11.45,0
Madeira,28.18,51.97,49.80,12.30,0
Madeira,25.95,54.81,52.94,11.63,0
Madeira,28.06,51.24,47.45,9.64,0
Madeira,28.52,50.41,47.45,8.49,0
Madeira,28.33,54.14,52.16,7.71,0
Madeira,28.13,52.46,47.84,8.22,0
Madeira,28.06,51.24,47.45,7.78,0
Madeira,27.43,53.44,51.37,7.24,0
Madeira,28.70,53.91,50.20,6.85,0
Madeira,28.57,52.07,47.45,6.79,0
Madeira,27.62,50.81,48.63,6.25,0
Madeira,27.50,54.14,52.16,5.69,0
Madeira,28.57,52.07,47.45,6.26,0
Madeira,28.00,49.59,47.45,6.30,0
Madeira,26.67,54.14,52.16,6.83,0
Madeira,29.06,52.46,47.84,5.72,0
Madeira,28.57,52.07,47.45,5.32,0
Madeira,27.35,52.71,50.59,12.98,0
Madeira,27.50,54.55,51.76,11.64,0
Madeira,28.06,51.24,47.45,9.77,0
Madeira,27.54,50.00,47.84,8.17,0
Madeira,25.95,54.81,52.94,8.83,0
Madeira,28.57,52.07,47.45,8.47,0
Madeira,27.54,50.41,47.45,7.57,0
Madeira,26.67,54.14,52.16,6.66,0
Madeira,28.18,52.80,49.02,5.96,0
Madeira,28.06,51.24,47.45,5.04,0
Madeira,28.18,51.97,49.80,6.22,0
Madeira,26.30,54.48,52.55,6.02,0
Madeira,28.57,52.07,47.45,6.03,0
Madeira,28.00,49.59,47.45,6.29,0
Madeira,26.30,54.48,52.55,6.10,0
Madeira,29.52,52.07,47.45,5.72,0
Madeira,28.57,52.07,47.45,5.41,0
Madeira,27.43,53.44,51.37,5.31,0
Madeira,27.89,54.62,50.98,5.27,0
Madeira,28.57,52.07,47.45,6.27,0
Madeira,29.06,51.61,48.63,5.58,0
Madeira,26.76,54.81,52.94,5.90,0
Madeira,28.57,52.07,47.45,6.72,0
Madeira,27.00,49.59,47.45,7.13,0
Madeira,26.67,54.14,52.16,8.23,0
Madeira,29.06,52.03,48.24,7.07,0
Madeira,29.52,52.07,47.45,7.40,0
Madeira,26.96,53.08,50.98,8.36,0
Madeira,27.89,54.20,51.37,7.82,0
Madeira,28.06,51.24,47.45,9.48,0
Madeira,29.00,49.59,47.45,10.22,0
Madeira,26.30,54.48,52.55,9.73,0
Madeira,28.57,52.07,47.45,8.22,0
Madeira,27.10,51.24,47.45,7.57,0
Madeira,26.67,54.14,52.16,8.18,0
Madeira,27.83,54.33,49.80,7.19,0
Madeira,28.06,51.24,47.45,8.10,0
Madeira,28.18,51.97,49.80,8.10,0
Madeira,25.95,54.81,52.94,8.16,0
Madeira,27.62,52.07,47.45,8.17,0
Madeira,27.00,49.59,47.45,7.88,0
Madeira,26.30,54.48,52.55,7.12,0
Madeira,28.13,52.46,47.84,6.09,0
Madeira,28.57,52.07,47.45,6.20,0
Madeira,26.20,53.79,51.76,6.14,0
Madeira,28.73,54.62,50.98,6.06,0
Madeira,28.57,52.07,47.45,5.45,0
Madeira,29.06,51.61,48.63,5.58,0
Madeira,27.57,54.81,52.94,6.04,0
Madeira,28.06,51.24,47.45,6.03,0
Madeira,27.54,50.41,47.45,6.76,0
Madeira,27.04,53.79,51.76,6.80,0
Madeira,28.66,53.60,49.02,5.80,0
Madeira,28.57,52.07,47.45,6.14,0
Madeira,27.35,52.71,50.59,5.29,0
Madeira,27.12,54.89,52.16,5.96,0
Madeira,29.52,52.07,47.45,5.75,0
Madeira,28.00,49.59,47.45,5.87,0
Madeira,26.76,54.81,52.94,6.31,0
Madeira,28.57,52.07,47.45,6.00,0
Madeira,28.06,51.24,47.45,6.49,0
Madeira,26.57,53.44,51.37,6.36,0
Madeira,28.66,52.76,49.80,13.45,0
Madeira,27.10,51.24,47.45,14.55,0
Madeira,28.13,51.20,49.02,12.00,0
Madeira,26.76,54.81,52.94,12.79,0
Madeira,28.06,51.24,47.45,10.75,0
Madeira,27.54,50.41,47.45,9.83,0
Madeira,27.50,54.14,52.16,8.25,0
Madeira,30.00,52.46,47.84,8.98,0
Madeira,27.10,51.24,47.45,8.35,0
Madeira,28.24,52.71,50.59,8.35,0
Madeira,26.20,53.79,51.76,11.16,0
Madeira,28.57,52.07,47.45,10.86,0
Madeira,29.03,50.82,47.84,10.73,0
Madeira,25.95,54.81,52.94,9.74,0
Madeira,28.06,51.24,47.45,11.05,0
Madeira,28.06,51.24,47.45,14.25,0
Madeira,27.04,53.79,51.76,12.01,0
Madeira,29.12,53.97,49.41,9.82,0
Madeira,29.03,51.24,47.45,8.70,0
Madeira,27.76,52.34,50.20,7.86,0
Madeira,26.67,54.14,52.16,8.57,0
Madeira,28.57,52.07,47.45,8.86,0
Madeira,27.00,49.59,47.45,7.63,0
Madeira,27.20,55.15,53.33,6.71,0
Madeira,28.06,51.24,47.45,5.96,0
Madeira,28.06,51.24,47.45,5.78,0
Madeira,27.04,53.79,51.76,4.92,0
Madeira,27.83,53.91,50.20,4.89,0
Madeira,28.57,52.07,47.45,7.27,0
Madeira,28.13,51.20,49.02,13.00,0
Madeira,27.12,54.48,52.55,14.09,0
Madeira,27.62,52.07,47.45,12.25,0
Madeira,28.00,49.59,47.45,10.33,0
Madeira,26.67,54.14,52.16,8.94,0
Madeira,28.62,52.85,48.24,7.57,0
Madeira,28.06,51.24,47.45,6.25,0
Madeira,26.96,53.08,50.98,5.44,0
Madeira,28.29,53.85,50.98,5.06,0
Madeira,28.57,52.07,47.45,4.40,0
Madeira,27.54,50.00,47.84,6.19,0
Madeira,27.12,54.48,52.55,6.13,0
Madeira,28.57,52.07,47.45,6.69,0
Madeira,28.06,51.24,47.45,5.97,0
Madeira,27.43,53.44,51.37,5.71,0
Madeira,28.24,53.97,49.41,5.55,0
Madeira,28.06,51.24,47.45,5.76,0
Madeira,28.18,51.97,49.80,9.99,0
Madeira,26.67,54.14,52.16,12.05,0
Madeira,29.52,52.07,47.45,12.45,0
Madeira,27.00,49.59,47.45,13.81,0
Madeira,26.30,54.48,52.55,14.75,0
Madeira,28.06,51.24,47.45,15.81,0
Madeira,28.06,51.24,47.45,15.70,0
Madeira,27.89,53.79,51.76,13.58,0
Madeira,27.43,54.26,50.59,13.33,0
Madeira,28.57,52.07,47.45,16.03,0
