CLASSE,Hue,Saturation,Value,Vibration,Metal
Metal,172.80,14.88,65.88,3.29,1253
Metal,185.45,20.12,64.31,5.91,0
Metal,183.87,19.14,63.53,6.17,0
Metal,185.62,19.63,63.92,9.36,0
Metal,185.62,19.63,63.92,9.66,1593
Metal,181.94,18.90,64.31,8.58,22
Metal,170.77,15.48,65.88,8.34,0
Metal,170.00,14.04,67.06,8.36,0
Metal,172.50,14.04,67.06,7.75,0
Metal,177.39,13.53,66.67,9.95,0
Metal,182.50,14.46,65.10,10.17,64
Metal,185.81,18.90,64.31,8.79,2425
Metal,185.62,19.63,63.92,7.57,175
Metal,183.75,19.63,63.92,7.35,0
Metal,185.62,19.63,63.92,6.68,0
Metal,185.62,19.63,63.92,8.81,0
Metal,177.50,14.55,64.71,8.73,0
Metal,163.85,15.20,67.06,7.89,612
Metal,170.00,14.04,67.06,7.00,3263
Metal,174.29,12.28,67.06,6.72,0
Metal,175.20,14.88,65.88,6.18,0
Metal,169.57,13.45,67.06,7.10,0
Metal,185.62,19.63,63.92,7.96,0
Metal,185.62,19.63,63.92,8.43,0
Metal,187.27,20.12,64.31,8.30,578
Metal,182.14,17.07,64.31,8.48,3328
Metal,170.77,15.38,66.27,7.26,0
Metal,175.00,14.04,67.06,6.78,0
Metal,170.00,14.04,67.06,6.69,0
Metal,172.80,14.71,66.67,5.81,0
Metal,180.00,15.85,64.31,4.93,0
Metal,181.87,19.63,63.92,4.52,627
Metal,183.75,19.63,63.92,5.68,3414
Metal,185.62,19.63,63.92,6.32,0
Metal,185.62,19.63,63.92,5.25,0
Metal,183.87,19.02,63.92,6.15,0
Metal,172.80,14.97,65.49,6.60,0
Metal,170.00,14.04,67.06,6.02,0
Metal,172.50,14.04,67.06,5.23,1281
Metal,167.50,14.04,67.06,4.53,894
Metal,175.38,15.66,65.10,6.70,0
Metal,183.87,19.02,63.92,6.50,0
Metal,185.62,19.63,63.92,6.20,0
Metal,185.62,19.63,63.92,6.02,0
Metal,185.62,19.63,63.92,6.65,0
Metal,183.75,19.63,63.92,6.38,1536
Metal,177.60,15.15,64.71,6.34,770
Metal,167.50,14.04,67.06,5.28,0
Metal,167.50,14.04,67.06,6.29,0
Metal,170.00,14.04,67.06,5.63,0
Metal,177.60,14.97,65.49,5.61,0
Metal,182.00,18.29,64.31,5.31,0
Metal,183.87,19.14,63.53,5.65,799
Metal,185.62,19.63,63.92,6.72,2347
Metal,183.64,20.12,64.31,6.26,0
Metal,185.62,19.63,63.92,5.61,0
Metal,177.78,16.36,64.71,6.39,0
Metal,172.50,14.29,65.88,5.57,0
Metal,165.00,14.04,67.06,5.27,0
Metal,177.50,14.04,67.06,5.22,1593
Metal,170.00,14.29,65.88,6.74,548
Metal,177.86,16.97,64.71,6.61,0
Metal,185.62,19.63,63.92,5.73,0
Metal,187.27,20.12,64.31,7.75,0
Metal,185.45,20.12,64.31,10.20,0
Metal,185.62,19.63,63.92,9.32,0
Metal,182.07,17.68,64.31,9.23,1542
Metal,175.38,15.48,65.88,9.43,426
Metal,165.00,14.04,67.06,8.88,0
Metal,167.50,14.04,67.06,7.51,0
Metal,170.00,14.20,66.27,7.06,0
Metal,177.78,16.36,64.71,6.45,0
Metal,185.62,19.63,63.92,6.46,1184
Metal,181.87,19.63,63.92,6.51,2082
Metal,187.27,20.12,64.31,7.44,0
Metal,185.62,19.63,63.92,10.19,0
Metal,180.00,17.18,63.92,9.21,0
Metal,175.20,14.97,65.49,7.92,0
Metal,170.00,14.04,67.06,9.01,0
Metal,172.50,14.04,67.06,8.70,1215
Metal,172.80,14.79,66.27,7.74,2442
Metal,177.60,15.15,64.71,7.02,13
Metal,185.62,19.63,63.92,5.80,0
Metal,183.75,19.63,63.92,7.94,0
Metal,185.62,19.63,63.92,8.31,0
Metal,185.62,19.63,63.92,7.72,0
Metal,181.94,19.02,63.92,6.49,1256
Metal,172.80,14.97,65.49,6.25,2560
Metal,167.50,14.04,67.06,5.90,0
Metal,172.50,14.04,67.06,5.72,0
Metal,175.00,14.04,67.06,7.64,0
Metal,175.38,15.66,65.10,7.70,0
Metal,185.62,19.63,63.92,6.71,0
Metal,185.62,19.63,63.92,5.77,1218
Metal,185.62,19.63,63.92,5.01,2313
Metal,187.27,20.12,64.31,5.07,0
Metal,185.81,19.02,63.92,4.35,0
Metal,175.20,15.06,65.10,5.25,0
Metal,167.50,14.04,67.06,5.52,0
Metal,172.50,14.04,67.06,4.70,0
Metal,171.82,12.87,67.06,4.32,1256
Metal,175.20,14.97,65.49,4.12,2690
Metal,181.94,18.90,64.31,4.57,0
Metal,183.64,20.12,64.31,4.97,0
Metal,185.62,19.63,63.92,4.99,0
Metal,185.62,19.63,63.92,6.40,0
Metal,187.27,20.12,64.31,10.79,0
Metal,177.78,16.36,64.71,9.67,974
Metal,165.00,14.04,67.06,8.79,2019
Metal,170.00,14.04,67.06,7.99,0
Metal,171.43,12.28,67.06,7.25,0
Metal,170.77,15.29,66.67,7.20,0
Metal,184.29,17.07,64.31,6.48,0
Metal,185.62,19.63,63.92,6.15,0
Metal,185.62,19.63,63.92,5.65,0
Metal,185.45,20.12,64.31,5.08,0
Metal,185.62,19.63,63.92,4.68,0
Metal,177.93,17.58,64.71,4.92,0
Metal,170.00,14.29,65.88,4.24,0
Metal,172.50,14.04,67.06,4.01,0
Metal,174.78,13.45,67.06,4.41,0
Metal,169.57,13.53,66.67,4.24,0
Metal,177.86,16.97,64.71,3.71,0
Metal,185.45,20.12,64.31,3.58,0
Metal,185.62,19.63,63.92,3.88,0
Metal,187.27,20.12,64.31,3.62,0
Metal,185.62,19.63,63.92,4.05,3085
Metal,178.06,18.90,64.31,4.38,1361
Metal,170.77,15.48,65.88,4.09,3425
Metal,165.00,14.04,67.06,4.29,367
Metal,177.27,12.87,67.06,4.48,0
Metal,177.39,13.45,67.06,5.55,0
Metal,177.50,14.55,64.71,4.59,0
Metal,183.75,19.63,63.92,7.05,0
Metal,183.87,19.14,63.53,6.25,1296
Metal,185.62,19.63,63.92,5.32,3210
Metal,187.27,20.12,64.31,4.66,111
Metal,185.62,19.51,64.31,5.08,0
Metal,177.39,13.94,64.71,5.69,0
Metal,174.78,13.53,66.67,6.09,0
Metal,175.00,14.04,67.06,5.41,0
Metal,172.50,14.04,67.06,5.42,1140
Metal,175.00,14.46,65.10,5.59,2705
Metal,183.87,18.90,64.31,5.14,0
Metal,187.27,20.12,64.31,4.65,0
Metal,185.62,19.63,63.92,4.04,0
Metal,185.62,19.63,63.92,4.15,0
Metal,185.62,19.63,63.92,4.32,0
Metal,177.60,15.15,64.71,3.89,914
Metal,165.60,14.62,67.06,3.49,2893
Metal,172.50,14.04,67.06,3.62,0
Metal,170.00,14.04,67.06,3.29,0
Metal,172.80,14.97,65.49,4.78,0
Metal,184.14,17.68,64.31,4.47,0
Metal,187.27,20.12,64.31,6.72,0
Metal,185.62,19.63,63.92,5.96,364
Metal,185.62,19.63,63.92,5.39,2788
Metal,181.87,19.63,63.92,4.48,25
Metal,177.69,15.76,64.71,5.04,0
Metal,172.50,14.12,66.67,6.03,0
Metal,166.96,13.45,67.06,6.05,0
Metal,172.17,13.45,67.06,6.02,0
Metal,177.27,13.25,65.10,5.34,221
Metal,182.07,17.68,64.31,4.46,2576
Metal,185.62,19.63,63.92,4.12,5
Metal,183.75,19.63,63.92,4.17,0
Metal,187.27,20.12,64.31,3.67,0
Metal,185.62,19.63,63.92,3.25,0
Metal,175.56,16.27,65.10,2.69,0
Metal,169.57,13.53,66.67,2.94,219
Metal,174.78,13.45,67.06,2.97,2426
Metal,177.39,13.45,67.06,4.28,0
Metal,172.50,14.37,65.49,4.05,0
Metal,185.81,18.90,64.31,3.55,0
Metal,185.62,19.63,63.92,4.45,0
Metal,185.62,19.63,63.92,6.38,0
Metal,185.62,19.63,63.92,6.80,272
Metal,183.75,19.63,63.92,6.48,2206
Metal,177.60,15.15,64.71,5.38,0
Metal,172.50,14.12,66.67,5.37,0
Metal,169.57,13.45,67.06,6.55,0
Metal,177.39,13.45,67.06,6.01,0
Metal,170.77,15.48,65.88,5.23,0
Metal,180.00,18.40,63.92,4.68,687
Metal,187.27,20.12,64.31,4.07,2604
Metal,185.62,19.63,63.92,3.80,0
Metal,185.62,19.63,63.92,3.45,0
Metal,183.75,19.63,63.92,3.44,0
Metal,175.71,16.87,65.10,2.87,0
Metal,170.40,14.71,66.67,3.00,0
Metal,168.00,11.70,67.06,2.64,645
Metal,174.55,12.87,67.06,2.66,2735
Metal,172.50,14.37,65.49,2.74,0
Metal,182.00,18.29,64.31,3.33,0
Metal,185.62,19.63,63.92,3.06,0
Metal,187.27,20.12,64.31,2.81,0
Metal,187.27,20.12,64.31,3.22,0
Metal,183.75,19.63,63.92,3.68,651
Metal,177.60,15.15,64.71,4.53,2729
Metal,167.50,14.04,67.06,5.01,0
Metal,172.50,14.04,67.06,4.53,0
Metal,167.50,14.04,67.06,4.74,0
Metal,174.78,13.86,65.10,4.18,0
Metal,180.00,18.29,64.31,3.60,0
Metal,185.62,19.63,63.92,3.42,1218
Metal,185.62,19.63,63.92,3.17,681
Metal,185.62,19.63,63.92,3.58,0
Metal,185.62,19.63,63.92,3.12,0
Metal,177.60,15.15,64.71,3.33,0
Metal,172.17,13.53,66.67,4.06,0
Metal,175.00,14.04,67.06,3.77,0
Metal,175.00,14.04,67.06,3.32,1202
Metal,177.14,12.73,64.71,2.83,572
Metal,178.12,19.39,64.71,2.96,0
Metal,187.27,20.12,64.31,3.11,0
Metal,185.62,19.63,63.92,3.25,0
Metal,185.62,19.63,63.92,3.13,0
Metal,185.62,19.63,63.92,3.00,0
Metal,177.60,15.15,64.71,2.72,1214
Metal,162.50,14.04,67.06,2.60,593
Metal,169.09,12.87,67.06,3.08,0
Metal,171.82,12.87,67.06,5.08,0
Metal,177.39,13.94,64.71,4.42,0
Metal,183.87,19.02,63.92,4.52,0
Metal,183.75,19.63,63.92,4.00,325
Metal,185.62,19.63,63.92,4.82,1730
Metal,185.62,19.63,63.92,4.45,0
Metal,180.00,19.02,63.92,4.62,0
Metal,175.00,14.46,65.10,6.11,0
Metal,162.50,14.04,67.06,6.01,0
Metal,169.09,12.87,67.06,5.13,0
Metal,166.96,13.45,67.06,4.67,522
Metal,177.50,14.55,64.71,4.20,2223
Metal,181.94,19.02,63.92,3.75,0
Metal,185.62,19.63,63.92,3.22,0
Metal,183.87,19.14,63.53,3.34,0
Metal,185.62,19.63,63.92,3.13,0
Metal,181.94,19.02,63.92,2.75,0
Metal,173.08,15.48,65.88,2.56,381
Metal,167.50,14.04,67.06,2.41,2233
Metal,172.50,14.04,67.06,2.48,0
Metal,174.78,13.53,66.67,2.51,0
Metal,177.60,15.15,64.71,2.08,0
Metal,183.75,19.63,63.92,2.85,0
Metal,185.62,19.63,63.92,3.52,0
Metal,185.62,19.63,63.92,7.00,84
Metal,187.27,20.12,64.31,6.03,2017
Metal,180.00,17.79,63.92,5.66,0
Metal,177.50,14.46,65.10,6.19,0
Metal,165.00,14.04,67.06,5.68,0
Metal,175.00,14.04,67.06,5.15,0
Metal,174.00,11.98,65.49,5.10,0
Metal,177.78,16.36,64.71,4.87,335
Metal,187.27,20.12,64.31,5.25,2404
Metal,187.27,20.12,64.31,5.46,0
Metal,187.27,20.12,64.31,5.64,0
Metal,187.27,20.12,64.31,4.58,0
Metal,180.00,17.18,63.92,4.24,0
Metal,170.40,14.79,66.27,4.00,0
Metal,170.00,14.04,67.06,3.59,34
Metal,169.57,13.45,67.06,4.67,1624
Metal,174.55,13.17,65.49,4.16,0
Metal,180.00,17.68,64.31,4.82,0
Metal,187.06,20.73,64.31,4.04,0
Metal,187.27,20.12,64.31,3.83,0
Metal,185.62,19.63,63.92,3.82,0
Metal,185.62,19.63,63.92,4.94,100
Metal,180.00,17.07,64.31,4.61,1605
Metal,168.46,15.29,66.67,4.03,0
Metal,175.00,14.04,67.06,3.85,0
Metal,172.50,14.04,67.06,3.78,0
Metal,168.46,15.38,66.27,4.08,0
Metal,182.07,17.68,64.31,3.97,0
Metal,187.27,20.12,64.31,4.61,292
Metal,187.27,20.12,64.31,4.77,2034
Metal,185.62,19.63,63.92,4.23,0
Metal,187.27,20.12,64.31,4.13,0
Metal,180.00,16.46,64.31,4.51,0
Metal,172.50,14.29,65.88,3.91,0
Metal,170.00,14.04,67.06,3.80,0
Metal,172.50,14.04,67.06,4.45,271
Metal,177.50,14.29,65.88,4.11,1905
Metal,180.00,17.68,64.31,4.05,0
Metal,185.62,19.63,63.92,4.13,0
Metal,187.27,20.12,64.31,3.89,0
Metal,187.27,20.12,64.31,4.00,0
Metal,187.27,20.12,64.31,3.98,0
Metal,182.22,16.46,64.31,3.90,633
Metal,170.00,14.20,66.27,4.42,409
Metal,167.50,14.04,67.06,4.50,0
Metal,172.50,14.04,67.06,5.48,0
Metal,175.00,14.29,65.88,4.94,0
Metal,182.07,17.68,64.31,4.62,0
Metal,187.27,20.12,64.31,3.90,0
Metal,185.62,19.63,63.92,3.65,412
Metal,185.62,19.63,63.92,3.77,2242
Metal,187.27,20.12,64.31,3.78,0
Metal,177.78,16.36,64.71,3.64,0
Metal,171.11,15.79,67.06,4.60,0
Metal,170.00,14.04,67.06,4.39,0
Metal,168.57,12.28,67.06,5.08,0
Metal,172.50,14.29,65.88,5.95,557
Metal,180.00,17.68,64.31,5.38,269
Metal,185.62,19.63,63.92,5.42,0
Metal,187.27,20.12,64.31,4.74,0
Metal,185.62,19.63,63.92,4.25,0
Metal,183.87,19.14,63.53,3.81,0
Metal,182.07,17.68,64.31,3.35,0
Metal,168.46,15.29,66.67,3.12,212
Metal,170.00,14.04,67.06,2.76,0
Metal,170.00,14.04,67.06,2.80,0
Metal,174.78,13.69,65.88,2.76,0
Metal,177.78,16.36,64.71,2.45,0
Metal,185.62,19.63,63.92,2.28,0
Metal,187.27,20.12,64.31,2.41,0
Metal,187.27,20.12,64.31,2.46,237
Metal,187.27,20.12,64.31,2.71,1663
Metal,180.00,18.40,63.92,2.66,0
Metal,170.77,15.48,65.88,3.27,0
Metal,172.50,14.04,67.06,3.64,0
Metal,175.00,14.04,67.06,3.43,0
Metal,171.82,13.02,66.27,3.11,0
Metal,180.00,15.76,64.71,5.05,213
Metal,187.27,20.12,64.31,4.67,1730
Metal,185.45,20.25,63.92,4.17,0
Metal,185.62,19.63,63.92,4.16,0
Metal,185.62,19.63,63.92,3.88,0
Metal,181.94,18.90,64.31,3.46,0
Metal,177.39,13.94,64.71,3.50,0
Metal,167.50,14.04,67.06,3.51,0
Metal,172.50,14.04,67.06,3.11,0
Metal,166.96,13.53,66.67,3.30,0
Metal,175.38,15.66,65.10,3.17,0
Metal,185.62,19.63,63.92,3.49,0
Metal,187.27,20.12,64.31,4.13,0
Metal,185.62,19.63,63.92,3.92,0
Metal,183.64,20.25,63.92,4.62,0
Metal,183.87,19.02,63.92,4.64,1093
Metal,177.39,13.94,64.71,4.46,0
Metal,175.00,14.04,67.06,3.73,0
Metal,172.50,14.04,67.06,3.44,0
Metal,172.50,14.04,67.06,3.86,0
Metal,177.39,13.94,64.71,4.19,0
Metal,185.81,19.02,63.92,4.06,0
Metal,187.27,20.12,64.31,4.21,0
Metal,185.62,19.63,63.92,3.97,0
Metal,187.27,20.12,64.31,3.57,0
Metal,185.62,19.63,63.92,3.67,0
Metal,177.60,15.15,64.71,3.83,0
Metal,166.96,13.53,66.67,3.65,0
Metal,167.50,14.04,67.06,3.47,271
Metal,170.00,14.04,67.06,4.57,2052
Metal,172.50,14.37,65.49,4.48,0
Metal,186.21,17.68,64.31,4.70,0
Metal,185.62,19.63,63.92,4.54,0
Metal,183.75,19.63,63.92,3.95,0
Metal,185.62,19.63,63.92,3.44,0
Metal,183.87,19.14,63.53,3.40,192
Metal,177.93,17.58,64.71,3.12,2054
Metal,168.00,14.79,66.27,2.86,0
Metal,170.00,14.04,67.06,2.78,0
Metal,172.50,14.04,67.06,2.68,0
Metal,174.78,13.69,65.88,2.45,0
Metal,177.86,16.97,64.71,2.15,0
Metal,185.62,19.63,63.92,2.01,104
Metal,185.62,19.63,63.92,2.15,2121
Metal,183.87,19.14,63.53,2.09,0
Metal,187.27,20.12,64.31,2.32,0
Metal,180.00,17.07,64.31,3.64,0
Metal,170.40,14.88,65.88,5.07,0
Metal,165.00,14.04,67.06,5.37,0
Metal,170.00,14.04,67.06,4.66,415
Metal,169.57,13.61,66.27,4.28,1536
Metal,177.69,15.76,64.71,4.10,0
Metal,183.75,19.63,63.92,4.45,0
Metal,185.62,19.63,63.92,4.45,0
Metal,187.27,20.12,64.31,4.69,0
Metal,185.62,19.63,63.92,4.33,0
Metal,180.00,19.02,63.92,4.47,81
Metal,177.39,13.94,64.71,4.09,925
Metal,180.00,13.53,66.67,6.50,0
Metal,167.50,14.04,67.06,5.50,0
Metal,170.00,14.04,67.06,4.58,0
Metal,175.38,15.66,65.10,4.87,0
Metal,182.07,18.01,63.14,4.26,0
Metal,187.27,20.12,64.31,3.60,281
Metal,187.27,20.12,64.31,3.32,1004
Metal,185.62,19.63,63.92,3.37,0
Metal,185.62,19.63,63.92,3.39,0
Metal,175.38,15.66,65.10,3.55,0
Metal,167.50,14.04,67.06,3.13,0
Metal,165.00,14.04,67.06,4.80,0
Metal,172.50,14.04,67.06,4.87,0
Metal,177.50,14.46,65.10,4.73,0
Metal,187.74,18.90,64.31,4.85,0
Metal,187.27,20.12,64.31,4.49,0
Metal,185.62,19.63,63.92,4.51,0
Metal,187.27,20.12,64.31,5.04,0
Metal,187.27,20.12,64.31,4.83,0
Metal,177.78,16.36,64.71,5.06,687
Metal,170.40,14.79,66.27,4.51,421
Metal,175.00,14.04,67.06,3.82,0
Metal,170.00,14.04,67.06,4.70,0
Metal,172.80,14.79,66.27,4.18,0
Metal,182.22,16.46,64.31,4.60,0
Metal,187.27,20.12,64.31,4.28,0
Metal,187.27,20.12,64.31,3.81,752
Metal,185.62,19.63,63.92,3.70,0
Metal,187.27,20.12,64.31,3.31,0
Metal,184.00,18.29,64.31,3.30,0
Metal,170.77,15.48,65.88,2.87,3055
Metal,162.50,14.04,67.06,2.72,3023
Metal,172.50,14.04,67.06,2.79,0
Metal,166.96,13.53,66.67,3.21,0
Metal,177.78,16.36,64.71,3.99,0
Metal,183.75,19.63,63.92,3.62,3043
Metal,185.62,19.63,63.92,3.46,3037
Metal,185.62,19.63,63.92,3.07,3026
Metal,187.06,20.73,64.31,2.90,3056
Metal,185.62,19.51,64.31,2.74,3038
Metal,177.39,13.94,64.71,2.36,3045
Metal,165.00,14.04,67.06,2.36,3042
Metal,177.50,14.04,67.06,2.33,3037
Metal,165.00,14.04,67.06,2.24,3049
Metal,177.50,14.55,64.71,2.05,3048
Metal,187.27,20.12,64.31,1.77,3044
Metal,187.27,20.12,64.31,3.15,3092
Metal,187.27,20.12,64.31,6.02,3064
Metal,183.87,19.14,63.53,6.90,3055
Metal,185.62,19.63,63.92,7.80,3042
Metal,177.60,15.15,64.71,6.87,3054
Metal,169.57,13.53,66.67,6.35,3038
Metal,170.00,14.04,67.06,6.51,3009
Metal,175.00,14.04,67.06,6.75,3048
Metal,172.50,14.37,65.49,6.25,3044
Metal,180.00,18.29,64.31,6.19,3029
Metal,183.75,19.63,63.92,5.39,3049
Metal,185.62,19.63,63.92,4.75,3086
Metal,185.62,19.63,63.92,4.18,3044
Metal,185.29,20.73,64.31,3.74,3055
Metal,177.78,16.36,64.71,3.79,3037
Metal,166.15,15.29,66.67,3.48,3045
Metal,169.57,13.53,66.67,3.17,3046
Metal,170.00,14.04,67.06,3.28,3053
Metal,172.17,13.77,65.49,3.03,3050
Metal,177.86,17.07,64.31,3.01,3051
Metal,187.27,20.12,64.31,3.23,3046
Metal,185.62,19.63,63.92,2.92,3041
Metal,185.62,19.63,63.92,2.74,3052
Metal,185.62,19.63,63.92,2.66,3061
Metal,178.06,18.90,64.31,5.28,3072
Metal,177.39,13.94,64.71,5.18,3055
Metal,169.57,13.53,66.67,5.05,3041
Metal,172.50,14.04,67.06,4.38,3083
Metal,169.57,13.61,66.27,3.85,3042
Metal,180.00,15.85,64.31,3.48,3055
Metal,183.87,19.14,63.53,3.21,3050
Metal,185.45,20.12,64.31,2.93,3051
Metal,183.87,19.14,63.53,2.97,3053
Metal,187.27,20.12,64.31,2.97,3049
Metal,180.00,18.40,63.92,3.51,3057
Metal,177.50,14.46,65.10,3.24,3076
Metal,170.00,14.04,67.06,2.82,3042
Metal,170.00,14.04,67.06,3.11,3054
Metal,165.00,14.04,67.06,3.25,3056
Metal,177.69,15.76,64.71,4.29,3051
Metal,181.87,19.63,63.92,3.83,3023
Metal,187.27,20.12,64.31,4.51,3052
Metal,185.62,19.63,63.92,4.67,3055
Metal,185.45,20.12,64.31,4.57,3054
Metal,181.94,19.02,63.92,3.74,3046
Metal,172.80,14.97,65.49,3.41,3023
Metal,170.00,14.04,67.06,3.47,3026
Metal,170.00,14.04,67.06,4.05,3040
Metal,172.50,14.04,67.06,3.40,3060
Metal,180.00,13.94,64.71,3.20,3037
Metal,185.81,19.02,63.92,2.94,3038
Metal,183.75,19.63,63.92,3.19,3045
Metal,183.87,19.14,63.53,4.00,3058
Metal,183.75,19.63,63.92,3.72,3034
Metal,185.62,19.63,63.92,3.71,3056
Metal,177.50,14.55,64.71,4.18,3023
Metal,162.50,14.04,67.06,3.98,3055
Metal,170.00,14.04,67.06,3.78,3045
Metal,169.57,13.45,67.06,3.52,3055
Metal,175.00,14.46,65.10,3.04,3045
Metal,185.62,19.51,64.31,2.58,3038
Metal,187.27,20.12,64.31,2.42,3036
Metal,185.62,19.63,63.92,2.28,3041
Metal,183.87,19.14,63.53,2.05,3051
Metal,187.27,20.12,64.31,1.93,3076
Metal,177.60,15.15,64.71,1.86,3037
Metal,168.57,12.50,65.88,1.83,3051
Metal,172.50,14.04,67.06,1.99,3044
Metal,169.57,13.45,67.06,2.05,3031
Metal,180.00,13.94,64.71,1.87,84
Metal,182.00,18.29,64.31,1.85,0
Metal,185.62,19.63,63.92,2.07,0
Metal,187.27,20.12,64.31,2.27,0
Metal,187.27,20.12,64.31,4.19,957
Metal,165.88,12.69,52.55,0.57,56
Metal,178.00,23.08,50.98,0.70,0
Metal,177.78,20.77,50.98,1.51,0
Metal,173.33,13.33,52.94,1.94,0
Metal,168.75,11.85,52.94,2.48,559
Metal,169.57,17.29,52.16,2.31,3372
Metal,178.00,23.08,50.98,2.59,268
Metal,176.00,23.08,50.98,2.50,0
Metal,177.86,21.54,50.98,2.58,0
Metal,169.41,12.69,52.55,2.43,0
Metal,162.35,12.59,52.94,2.63,0
Metal,169.09,16.54,52.16,2.44,0
Metal,175.56,20.77,50.98,2.65,0
Metal,176.00,23.08,50.98,2.35,0
Metal,171.72,22.31,50.98,2.32,0
Metal,172.17,17.42,51.76,3.24,0
Metal,176.47,12.69,52.55,3.10,0
Metal,166.67,13.24,53.33,2.99,0
Metal,168.00,15.04,52.16,3.23,0
Metal,176.00,23.08,50.98,2.74,1781
Metal,178.00,23.08,50.98,2.42,0
Metal,177.93,22.31,50.98,2.12,1620
Metal,164.21,14.18,52.55,2.34,410
Metal,172.50,11.94,52.55,2.51,0
Metal,169.41,12.59,52.94,3.02,0
Metal,164.21,14.18,52.55,3.08,133
Metal,172.17,17.69,50.98,2.69,2758
Metal,174.00,23.08,50.98,2.44,346
Metal,176.00,23.08,50.98,2.32,0
Metal,168.00,15.04,52.16,2.04,0
Metal,169.41,12.59,52.94,2.11,0
Metal,168.75,11.85,52.94,2.28,0
Metal,163.33,13.33,52.94,2.28,425
Metal,171.43,16.03,51.37,1.99,0
Metal,174.00,23.08,50.98,1.96,0
Metal,174.00,23.08,50.98,2.04,0
Metal,177.93,22.31,50.98,1.85,0
Metal,161.25,11.94,52.55,1.91,0
Metal,172.50,11.94,52.55,1.86,0
Metal,172.94,12.59,52.94,1.82,0
Metal,165.71,15.79,52.16,1.76,0
Metal,174.00,23.08,50.98,1.56,0
Metal,173.79,22.31,50.98,1.65,0
Metal,177.27,16.79,51.37,2.00,0
Metal,162.35,12.59,52.94,2.53,0
Metal,157.50,11.85,52.94,2.34,0
Metal,175.20,19.23,50.98,2.40,414
Metal,173.79,22.31,50.98,2.19,2729
Metal,176.00,23.08,50.98,2.43,36
Metal,177.60,19.23,50.98,2.49,0
Metal,163.33,13.33,52.94,2.31,0
Metal,162.35,12.59,52.94,2.02,0
Metal,175.00,18.32,51.37,1.72,0
Metal,174.00,23.08,50.98,1.78,0
Metal,176.00,23.08,50.98,2.05,0
Metal,173.79,22.31,50.98,1.94,0
Metal,177.69,20.00,50.98,2.22,0
Metal,169.41,12.59,52.94,2.61,0
Metal,162.35,12.69,52.55,2.31,0
Metal,177.86,21.54,50.98,2.29,0
Metal,174.00,23.08,50.98,2.59,1837
Metal,175.71,21.71,50.59,3.41,0
Metal,171.82,16.67,51.76,3.32,0
Metal,176.67,13.43,52.55,3.11,0
Metal,158.82,12.59,52.94,2.86,0
Metal,177.78,20.77,50.98,2.80,0
Metal,174.00,23.08,50.98,3.15,202
Metal,178.00,23.08,50.98,2.94,2486
Metal,176.00,23.08,50.98,2.70,0
Metal,177.39,17.69,50.98,2.56,0
Metal,170.53,14.18,52.55,2.17,0
Metal,156.67,13.24,53.33,2.02,0
Metal,172.50,18.46,50.98,2.00,0
Metal,172.00,23.08,50.98,1.92,0
Metal,174.00,23.08,50.98,1.91,0
Metal,174.00,14.93,52.55,2.01,0
Metal,162.35,12.59,52.94,1.99,0
Metal,162.35,12.69,52.55,1.92,0
Metal,173.57,21.54,50.98,1.90,0
Metal,173.79,22.31,50.98,2.79,0
Metal,176.00,23.08,50.98,3.08,0
Metal,177.78,20.77,50.98,3.40,661
Metal,172.94,12.69,52.55,3.63,2623
Metal,158.82,12.59,52.94,4.41,0
Metal,177.78,20.77,50.98,3.87,0
Metal,175.86,22.48,50.59,3.99,0
Metal,174.00,23.08,50.98,3.63,0
Metal,174.55,16.79,51.37,3.20,0
Metal,170.00,13.43,52.55,2.76,0
Metal,169.41,12.59,52.94,2.36,0
Metal,165.00,14.93,52.55,2.23,0
Metal,174.00,23.08,50.98,2.09,0
Metal,174.00,23.08,50.98,2.14,0
Metal,177.60,19.08,51.37,2.17,0
Metal,165.88,12.59,52.94,2.06,0
Metal,163.33,13.43,52.55,1.75,0
Metal,173.79,22.31,50.98,1.81,0
Metal,174.00,23.08,50.98,1.89,0
Metal,177.69,20.00,50.98,1.87,0
Metal,165.88,12.59,52.94,1.74,0
Metal,165.88,12.59,52.94,1.66,0
Metal,172.17,17.56,51.37,1.77,0
Metal,176.00,23.08,50.98,1.59,751
Metal,174.00,23.08,50.98,3.08,498
Metal,174.29,15.79,52.16,3.49,547
Metal,172.50,11.94,52.55,3.08,0
Metal,174.00,15.27,51.37,2.72,0
Metal,177.86,21.54,50.98,2.59,0
Metal,172.00,23.08,50.98,2.27,0
Metal,174.00,23.08,50.98,3.64,0
Metal,172.50,18.18,51.76,4.87,0
Metal,170.00,13.43,52.55,4.53,0
Metal,158.82,12.59,52.94,4.94,2286
Metal,173.08,20.00,50.98,4.53,600
Metal,174.00,23.08,50.98,4.74,29
Metal,178.00,23.08,50.98,4.38,0
Metal,168.00,14.93,52.55,3.99,0
Metal,172.94,12.59,52.94,3.64,0
Metal,164.21,14.18,52.55,3.20,0
Metal,177.39,17.69,50.98,2.81,0
Metal,171.72,22.31,50.98,3.09,941
Metal,174.00,23.08,50.98,4.27,0
Metal,173.08,19.85,51.37,4.38,0
Metal,165.00,14.93,52.55,4.01,0
Metal,168.75,11.94,52.55,3.60,0
Metal,164.21,14.07,52.94,3.65,0
Metal,174.78,17.56,51.37,3.82,0
Metal,173.79,22.31,50.98,3.84,1818
Metal,176.00,23.08,50.98,3.79,3556
Metal,180.00,20.00,50.98,3.32,2495
Metal,162.35,12.59,52.94,2.95,0
Metal,166.67,13.33,52.94,2.66,0
Metal,161.25,11.94,52.55,2.34,352
Metal,173.57,21.54,50.98,2.16,0
Metal,173.79,22.31,50.98,1.98,0
Metal,177.86,21.54,50.98,2.08,0
Metal,170.00,13.33,52.94,2.19,0
Metal,165.88,12.59,52.94,2.08,0
Metal,174.00,15.27,51.37,2.01,0
Metal,174.00,23.08,50.98,1.79,0
Metal,174.00,23.08,50.98,1.72,0
Metal,172.17,17.42,51.76,1.76,0
Metal,162.35,12.69,52.55,1.68,0
Metal,166.67,13.33,52.94,1.52,0
Metal,165.00,14.93,52.55,1.37,0
Metal,175.20,19.23,50.98,1.50,0
Metal,174.00,23.08,50.98,2.17,0
Metal,180.00,22.48,50.59,2.53,0
Metal,177.50,18.46,50.98,2.37,0
Metal,169.41,12.69,52.55,2.12,0
Metal,165.88,12.59,52.94,2.08,0
Metal,162.35,12.69,52.55,1.84,0
Metal,175.86,22.31,50.98,2.00,0
Metal,175.86,22.31,50.98,2.14,0
Metal,177.86,21.54,50.98,2.04,0
Metal,163.33,13.33,52.94,1.81,0
Metal,169.41,12.69,52.55,1.74,3588
Metal,171.43,16.03,51.37,1.85,0
Metal,176.00,23.08,50.98,1.81,0
Metal,174.00,23.08,50.98,1.60,0
Metal,174.55,16.79,51.37,1.61,0
Metal,169.41,12.59,52.94,1.56,97
Metal,161.25,11.85,52.94,1.50,2385
Metal,175.38,20.00,50.98,1.51,1150
Metal,173.79,22.31,50.98,1.83,0
Metal,178.00,23.08,50.98,1.75,0
Metal,173.68,14.18,52.55,2.42,0
Metal,172.50,11.94,52.55,2.37,0
Metal,165.00,14.93,52.55,2.28,0
Metal,177.39,17.69,50.98,2.42,0
Metal,174.00,23.08,50.98,2.13,0
Metal,174.00,23.08,50.98,2.40,0
Metal,177.60,19.23,50.98,2.05,0
Metal,165.88,12.69,52.55,2.11,421
Metal,162.35,12.59,52.94,2.40,0
Metal,174.78,17.69,50.98,2.75,104
Metal,174.00,23.08,50.98,3.77,2337
Metal,178.00,23.08,50.98,4.31,628
Metal,169.09,16.42,52.55,4.17,0
Metal,165.88,12.59,52.94,3.85,0
Metal,169.09,16.79,51.37,3.30,0
Metal,174.00,23.08,50.98,3.81,358
Metal,174.00,23.08,50.98,3.66,401
Metal,174.00,15.27,51.37,3.55,111
Metal,169.41,12.59,52.94,3.63,0
Metal,169.41,12.59,52.94,4.83,0
Metal,166.36,16.42,52.55,4.77,0
Metal,173.33,20.77,50.98,4.26,0
Metal,174.00,23.08,50.98,5.40,0
Metal,175.86,22.31,50.98,4.68,0
Metal,167.37,14.07,52.94,4.37,1475
Metal,172.94,12.59,52.94,4.01,2020
Metal,165.00,14.93,52.55,4.13,0
Metal,177.50,18.46,50.98,3.92,0
Metal,174.00,23.08,50.98,3.94,0
Metal,178.00,23.08,50.98,3.92,882
Metal,165.00,14.93,52.55,4.04,0
Metal,162.35,12.59,52.94,3.64,0
Metal,169.41,12.59,52.94,3.27,0
Metal,165.88,12.69,52.55,3.19,0
Metal,174.29,16.03,51.37,3.17,0
Metal,171.72,22.31,50.98,3.20,0
Metal,171.72,22.31,50.98,3.01,0
Metal,176.00,23.08,50.98,3.29,0
Metal,174.29,15.91,51.76,3.90,0
Metal,162.35,12.69,52.55,3.65,0
Metal,171.43,16.03,51.37,3.58,0
Metal,174.00,23.08,50.98,3.14,0
Metal,174.00,23.08,50.98,2.84,0
Metal,174.78,17.42,51.76,2.51,0
Metal,163.33,13.33,52.94,2.09,144
Metal,157.50,11.85,52.94,2.58,0
Metal,171.11,20.77,50.98,2.17,0
Metal,174.00,23.08,50.98,6.33,74
Metal,172.00,23.08,50.98,5.58,0
Metal,178.00,23.08,50.98,4.82,800
Metal,173.68,14.18,52.55,4.36,0
Metal,158.82,12.59,52.94,4.24,0
Metal,175.20,19.23,50.98,3.62,0
Metal,176.00,23.08,50.98,2.96,3524
Metal,174.00,23.08,50.98,2.97,3023
Metal,165.71,15.67,52.55,2.65,0
Metal,165.88,12.69,52.55,2.60,0
Metal,172.50,11.94,52.55,2.59,0
Metal,163.33,13.43,52.55,2.32,0
Metal,175.86,22.31,50.98,2.25,0
Metal,172.00,23.08,50.98,2.82,0
Metal,177.78,20.77,50.98,2.41,995
Metal,172.94,12.69,52.55,2.83,0
Metal,172.50,11.94,52.55,2.63,0
Metal,168.57,16.03,51.37,2.39,0
Metal,176.00,23.08,50.98,2.58,0
Metal,174.00,23.08,50.98,2.97,0
Metal,174.55,16.79,51.37,2.98,0
Metal,162.35,12.59,52.94,2.80,0
Metal,165.00,11.94,52.55,2.42,245
Metal,165.71,15.67,52.55,2.54,0
Metal,175.00,18.46,50.98,2.53,181
Metal,176.00,23.08,50.98,2.74,0
Metal,174.00,23.08,50.98,2.41,0
Metal,177.69,19.85,51.37,2.26,0
Metal,165.88,12.59,52.94,1.99,0
Metal,158.82,12.59,52.94,2.57,0
Metal,172.17,17.69,50.98,2.64,0
Metal,174.00,23.08,50.98,2.57,0
Metal,174.00,23.08,50.98,3.22,0
Metal,177.69,20.00,50.98,2.70,0
Metal,165.00,11.94,52.55,2.82,0
Metal,166.67,13.43,52.55,2.59,0
Metal,169.09,16.79,51.37,2.59,0
Metal,174.00,23.08,50.98,2.66,0
Metal,171.72,22.31,50.98,2.99,0
Metal,177.86,21.54,50.98,2.99,0
Metal,168.75,11.94,52.55,3.40,0
Metal,172.50,11.94,52.55,3.11,0
Metal,168.57,15.91,51.76,3.00,0
Metal,173.79,22.31,50.98,2.79,0
Metal,174.00,23.08,50.98,2.55,1558
Metal,174.00,15.27,51.37,2.72,1458
Metal,172.50,11.94,52.55,2.58,0
Metal,160.00,11.19,52.55,2.34,0
Metal,175.38,20.00,50.98,2.27,0
Metal,174.00,23.08,50.98,2.54,0
Metal,178.00,23.08,50.98,4.84,0
Metal,163.33,13.43,52.55,4.50,0
Metal,172.50,11.94,52.55,4.06,0
Metal,172.50,11.85,52.94,3.51,0
Metal,164.21,14.18,52.55,3.44,0
Metal,174.78,17.69,50.98,3.16,1871
Metal,172.00,23.08,50.98,2.90,1508
Metal,174.00,23.08,50.98,3.50,0
Metal,177.78,20.77,50.98,2.93,0
Metal,165.00,11.94,52.55,3.05,0
Metal,170.00,13.33,52.94,3.94,0
Metal,161.25,11.94,52.55,4.01,0
Metal,173.79,22.31,50.98,3.27,0
Metal,174.00,23.08,50.98,3.06,0
Metal,177.86,21.54,50.98,2.83,0
Metal,169.41,12.69,52.55,2.61,0
Metal,169.41,12.69,52.55,4.27,0
Metal,171.00,15.15,51.76,4.04,0
Metal,178.00,23.08,50.98,4.12,0
Metal,174.00,23.08,50.98,4.31,0
Metal,174.78,17.56,51.37,3.81,0
Metal,163.33,13.43,52.55,5.04,0
Metal,158.82,12.59,52.94,4.93,0
Metal,167.37,14.29,52.16,4.16,0
Metal,174.00,23.08,50.98,4.20,0
Metal,176.00,23.08,50.98,3.42,0
Metal,177.39,17.56,51.37,3.17,0
Metal,165.88,12.59,52.94,2.96,305
Metal,170.00,13.64,51.76,3.62,0
Metal,175.38,20.00,50.98,4.63,0
Metal,174.00,23.08,50.98,4.93,0
Metal,178.00,23.08,50.98,4.81,0
Metal,164.21,14.18,52.55,4.24,0
Metal,165.00,11.85,52.94,3.77,740
Metal,162.00,14.93,52.55,3.45,3222
Metal,172.00,23.08,50.98,3.88,17
Metal,174.00,23.08,50.98,3.39,0
Metal,171.11,20.61,51.37,2.89,0
Metal,168.00,14.93,52.55,2.64,0
Metal,165.88,12.59,52.94,3.16,0
Metal,160.00,13.33,52.94,4.98,884
Metal,175.71,21.54,50.98,4.62,3179
Metal,174.00,23.08,50.98,4.69,0
Metal,173.57,21.54,50.98,5.04,0
Metal,174.00,15.27,51.37,4.75,0
Metal,166.67,13.43,52.55,4.65,0
Metal,168.75,11.94,52.55,5.81,45
Metal,168.75,11.85,52.94,5.35,2489
Metal,165.00,15.15,51.76,5.08,74
Metal,174.00,23.08,50.98,4.54,3045
Metal,174.00,23.08,50.98,5.56,0
Metal,174.78,17.42,51.76,5.26,0
Metal,169.41,12.69,52.55,4.38,0
Metal,162.86,15.67,52.55,4.68,38
Metal,170.00,23.08,50.98,4.62,3222
Metal,176.00,23.08,50.98,4.11,2257
Metal,177.50,18.46,50.98,5.69,3478
Metal,167.37,14.18,52.55,6.37,0
Metal,169.41,12.69,52.55,6.41,561
Metal,164.21,14.29,52.16,6.10,0
Metal,174.00,23.08,50.98,6.45,0
Metal,175.86,22.48,50.59,6.84,0
Metal,175.20,19.23,50.98,5.66,438
Metal,168.00,14.93,52.55,4.83,3502
Metal,162.35,12.59,52.94,4.33,0
Metal,164.21,14.18,52.55,4.34,0
Metal,174.00,23.08,50.98,4.36,3056
Metal,176.00,23.08,50.98,3.81,0
Metal,176.00,23.08,50.98,4.13,0
Metal,168.00,15.04,52.16,3.46,0
Metal,158.82,12.59,52.94,3.09,0
Metal,165.88,12.59,52.94,3.13,3562
Metal,163.33,13.43,52.55,2.92,196
Metal,174.78,17.56,51.37,3.46,0
Metal,176.00,23.08,50.98,3.47,336
Metal,174.00,23.08,50.98,3.57,3054
Metal,177.78,20.77,50.98,3.88,707
Metal,161.25,11.94,52.55,4.48,3537
Metal,157.50,11.85,52.94,4.28,0
Metal,172.17,17.56,51.37,5.47,0
Metal,172.00,23.08,50.98,4.97,0
Metal,178.00,23.08,50.98,4.56,3044
Metal,168.57,15.79,52.16,4.15,2956
Metal,168.75,11.94,52.55,3.97,3505
Metal,161.25,11.94,52.55,3.60,0
Metal,175.86,22.31,50.98,3.44,0
Metal,173.79,22.31,50.98,3.44,0
Metal,176.00,23.08,50.98,4.61,0
Metal,177.86,21.54,50.98,4.11,1369
Metal,165.88,12.69,52.55,4.48,0
Metal,172.50,11.94,52.55,4.04,2250
Metal,158.82,12.59,52.94,4.46,0
Metal,173.79,22.31,50.98,4.35,0
Metal,174.00,23.08,50.98,4.13,0
Metal,175.86,22.31,50.98,5.39,0
Metal,171.43,15.91,51.76,7.93,0
Metal,165.88,12.59,52.94,6.90,1391
Metal,169.09,16.67,51.76,6.31,0
Metal,174.00,23.08,50.98,5.76,0
Metal,174.00,23.08,50.98,5.20,0
Metal,171.43,15.91,51.76,6.44,0
Metal,166.67,13.33,52.94,6.03,0
Metal,165.88,12.59,52.94,5.43,0
Metal,174.29,16.03,51.37,4.64,0
Metal,174.00,23.08,50.98,3.93,0
Metal,174.00,23.08,50.98,3.87,776
Metal,174.55,16.67,51.76,4.38,2513
Metal,168.75,11.94,52.55,3.86,0
Metal,161.25,11.94,52.55,3.18,0
Metal,175.56,20.93,50.59,2.75,3400
Metal,172.00,23.08,50.98,3.87,3560
Metal,177.93,22.31,50.98,5.93,3039
Metal,163.33,13.33,52.94,5.80,0
Metal,166.67,13.33,52.94,5.30,2736
Metal,165.00,15.04,52.16,4.79,2489
Metal,174.00,23.08,50.98,4.65,0
Metal,174.00,23.08,50.98,4.20,0
Metal,177.27,16.79,51.37,3.96,0
Metal,168.75,11.94,52.55,3.58,0
Metal,165.71,15.67,52.55,3.40,0
Metal,173.08,20.00,50.98,3.11,0
Metal,174.00,23.08,50.98,3.06,0
Metal,178.00,23.08,50.98,2.81,0
Metal,164.21,14.18,52.55,3.36,0
Metal,172.94,12.69,52.55,3.98,0
Metal,159.00,14.93,52.55,3.44,0
Metal,172.00,23.08,50.98,3.08,0
Metal,174.00,23.08,50.98,6.10,0
Metal,177.39,17.69,50.98,9.72,0
Metal,162.35,12.59,52.94,10.76,0
Metal,167.37,14.29,52.16,8.84,0
Metal,174.00,23.08,50.98,7.29,0
Metal,174.00,23.08,50.98,7.44,3584
Metal,174.00,23.08,50.98,6.83,0
Metal,175.20,19.08,51.37,5.76,322
Metal,167.37,14.18,52.55,5.73,0
Metal,169.41,12.59,52.94,5.45,0
Metal,165.00,14.93,52.55,4.90,221
Metal,174.00,23.08,50.98,4.67,1710
Metal,174.00,23.08,50.98,5.06,2180
Metal,174.00,23.08,50.98,4.75,0
Metal,175.00,18.32,51.37,4.85,0
Metal,168.00,11.19,52.55,4.90,0
Metal,168.75,11.85,52.94,4.27,0
Metal,163.33,13.43,52.55,3.78,56
Metal,170.40,19.23,50.98,3.38,2062
Metal,175.86,22.48,50.59,3.40,548
Metal,178.00,23.08,50.98,3.36,0
Metal,173.68,14.18,52.55,3.80,0
Metal,165.00,11.85,52.94,3.75,2856
Metal,162.00,14.93,52.55,3.16,2001
Metal,172.00,23.08,50.98,4.62,3072
Metal,174.00,23.08,50.98,4.91,3057
Metal,174.55,16.79,51.37,4.30,1089
Metal,165.88,12.59,52.94,4.08,0
Metal,168.00,15.04,52.16,7.06,0
Metal,173.08,20.00,50.98,5.99,3041
Metal,174.00,23.08,50.98,5.65,3072
Metal,178.00,23.08,50.98,5.48,3151
Metal,166.67,13.43,52.55,5.74,3041
Metal,169.41,12.59,52.94,5.00,3048
Metal,168.00,15.15,51.76,4.52,3044
Metal,174.00,23.08,50.98,4.89,3072
Metal,174.00,23.08,50.98,4.44,3055
Metal,174.78,17.56,51.37,4.21,3074
Metal,165.88,12.69,52.55,4.02,3048
Metal,157.50,11.85,52.94,3.59,3053
Metal,175.56,20.77,50.98,3.45,3062
Metal,172.00,23.08,50.98,3.45,3050
Metal,174.00,23.08,50.98,3.78,3088
Metal,176.00,23.08,50.98,3.59,3033
Metal,174.55,16.79,51.37,3.05,3010
Metal,165.88,12.69,52.55,3.58,3056
Metal,162.35,12.69,52.55,2.97,3050
Metal,173.33,20.77,50.98,2.48,2959
Metal,176.00,23.08,50.98,2.41,2056
Metal,177.93,22.31,50.98,3.01,0
Metal,165.88,12.69,52.55,3.38,0
Metal,162.35,12.59,52.94,2.95,0
Metal,160.91,16.67,51.76,2.74,0
Metal,172.00,23.08,50.98,2.55,0
Metal,174.00,23.08,50.98,2.39,0
Metal,169.09,16.54,52.16,2.14,0
Metal,168.75,11.94,52.55,1.94,0
Metal,162.35,12.59,52.94,2.64,2602
Metal,166.36,16.67,51.76,2.29,0
Metal,172.00,23.08,50.98,2.70,3072
Metal,174.00,23.08,50.98,2.66,3055
Metal,166.36,16.42,52.55,3.07,3114
Metal,170.00,13.33,52.94,2.80,0
Metal,160.00,13.33,52.94,2.63,0
Metal,171.82,16.79,51.37,2.51,0
Metal,174.00,23.08,50.98,2.39,0
Metal,177.93,22.48,50.59,2.39,0
Metal,175.38,20.00,50.98,2.64,0
Metal,165.71,15.67,52.55,2.80,0
Metal,163.33,13.33,52.94,3.06,0
Metal,162.35,12.69,52.55,4.21,331
Metal,174.00,23.08,50.98,4.91,0
Metal,174.00,23.08,50.98,4.73,0
Metal,176.00,23.08,50.98,4.97,436
Metal,175.56,20.61,51.37,5.09,0
Metal,165.71,15.67,52.55,4.93,209
Metal,165.88,12.69,52.55,4.72,976
Metal,165.00,14.93,52.55,5.00,859
Metal,174.00,23.08,50.98,4.84,357
Metal,170.00,23.08,50.98,4.62,0
Metal,178.00,23.08,50.98,4.32,0
Metal,165.00,14.93,52.55,3.77,0
Metal,160.00,13.24,53.33,3.63,0
Metal,161.05,14.29,52.16,3.92,0
Metal,174.00,23.08,50.98,4.70,0
Metal,170.00,23.08,50.98,4.42,0
Metal,172.17,17.42,51.76,4.21,0
Metal,165.00,11.94,52.55,4.89,0
Metal,158.82,12.59,52.94,5.33,0
Metal,173.33,20.77,50.98,4.62,0
Metal,175.86,22.48,50.59,4.09,0
Metal,178.00,23.08,50.98,4.31,0
Metal,166.67,13.43,52.55,4.04,0
Metal,162.35,12.59,52.94,3.93,0
Metal,171.00,15.15,51.76,4.08,0
Metal,173.57,21.54,50.98,4.54,0
Metal,174.00,23.08,50.98,4.74,0
Metal,175.86,22.48,50.59,4.39,0
Metal,171.82,16.67,51.76,3.80,0
Metal,169.41,12.69,52.55,3.89,166
Metal,165.00,11.94,52.55,4.48,3058
Metal,168.00,15.15,51.76,3.88,2174
Metal,174.00,23.08,50.98,3.97,2874
Metal,174.00,23.08,50.98,3.25,2702
Metal,171.82,16.67,51.76,2.90,2560
Metal,162.35,12.69,52.55,3.30,431
Metal,165.00,11.94,52.55,3.11,458
Metal,165.71,15.91,51.76,3.31,3055
Metal,174.00,23.08,50.98,3.24,3516
Metal,174.00,23.08,50.98,3.30,1141
Metal,231.43,25.93,10.59,0.33,3046
Metal,233.33,36.00,9.80,0.86,3046
Metal,300.00,19.23,10.20,0.84,3053
Metal,240.00,33.33,9.41,1.53,3049
Metal,231.43,25.93,10.59,1.59,3045
Metal,290.00,25.00,9.41,1.89,3052
Metal,233.33,36.00,9.80,1.85,3049
Metal,300.00,19.23,10.20,1.77,3055
Metal,232.50,33.33,9.41,4.48,3050
Metal,225.00,29.63,10.59,3.97,3051
Metal,300.00,25.00,9.41,3.47,3054
Metal,240.00,36.00,9.80,3.17,3050
Metal,300.00,19.23,10.20,2.93,3052
Metal,240.00,33.33,9.41,2.56,3051
Metal,226.67,33.33,10.59,2.57,3050
Metal,308.57,28.00,9.80,2.39,3052
Metal,233.33,36.00,9.80,2.39,3048
Metal,300.00,19.23,10.20,2.22,3050
Metal,240.00,29.17,9.41,2.12,3045
Metal,226.67,33.33,10.59,1.95,3047
Metal,315.00,30.77,10.20,2.45,3054
Metal,240.00,33.33,9.41,2.13,3050
Metal,288.00,18.52,10.59,2.04,3051
Metal,231.43,30.43,9.02,1.81,3052
Metal,222.00,37.04,10.59,1.63,3048
Metal,317.14,26.92,10.20,1.59,3050
Metal,240.00,33.33,9.41,1.51,3052
Metal,280.00,22.22,10.59,1.37,3052
Metal,240.00,29.17,9.41,1.35,3050
Metal,223.64,40.74,10.59,1.30,3053
Metal,308.57,26.92,10.20,1.57,3048
Metal,240.00,33.33,9.41,1.34,3046
Metal,270.00,22.22,10.59,1.33,3046
Metal,248.57,29.17,9.41,1.67,3049
Metal,228.00,38.46,10.20,1.53,3051
Metal,310.00,23.08,10.20,1.35,3053
Metal,240.00,33.33,9.41,1.41,3055
Metal,270.00,22.22,10.59,1.44,3050
Metal,262.50,33.33,9.41,1.35,3045
Metal,228.00,38.46,10.20,1.27,3051
Metal,308.57,26.92,10.20,1.38,3054
Metal,232.50,33.33,9.41,2.39,3052
Metal,270.00,22.22,10.59,2.93,3054
Metal,270.00,33.33,9.41,2.79,3054
Metal,228.00,38.46,10.20,2.65,3053
Metal,317.14,25.93,10.59,2.44,3052
Metal,240.00,33.33,9.41,2.10,3052
Metal,260.00,22.22,10.59,1.79,3053
Metal,265.71,29.17,9.41,1.68,3050
Metal,228.00,38.46,10.20,1.56,3037
Metal,320.00,22.22,10.59,1.45,3053
Metal,240.00,33.33,9.41,1.77,3052
Metal,257.14,25.93,10.59,1.85,3049
Metal,274.29,29.17,9.41,1.76,3053
Metal,228.00,38.46,10.20,1.90,3055
Metal,308.57,25.93,10.59,2.06,3053
Metal,240.00,33.33,9.41,1.90,3049
Metal,250.00,22.22,10.59,1.89,3061
Metal,274.29,29.17,9.41,1.64,3054
Metal,234.00,38.46,10.20,1.86,3054
Metal,300.00,19.23,10.20,2.07,3051
Metal,240.00,33.33,9.41,2.00,3049
Metal,240.00,19.23,10.20,2.07,3049
Metal,291.43,29.17,9.41,1.89,3055
Metal,233.33,36.00,9.80,1.85,3052
Metal,300.00,19.23,10.20,2.01,3052
Metal,240.00,33.33,9.41,2.06,3049
Metal,248.57,25.93,10.59,1.80,3044
Metal,290.00,25.00,9.41,1.93,3051
Metal,240.00,36.00,9.80,1.92,3044
Metal,300.00,19.23,10.20,1.77,3049
Metal,240.00,33.33,9.41,1.77,3048
Metal,232.50,29.63,10.59,1.66,3053
Metal,308.57,28.00,9.80,1.67,3055
Metal,240.00,36.00,9.80,1.39,3054
Metal,300.00,19.23,10.20,1.37,3054
Metal,240.00,33.33,9.41,1.37,3049
Metal,225.00,30.77,10.20,3.46,3051
Metal,308.57,28.00,9.80,5.97,3054
Metal,240.00,33.33,9.41,4.91,3052
Metal,288.00,19.23,10.20,4.29,3056
Metal,240.00,33.33,9.41,3.94,3052
Metal,228.00,37.04,10.59,3.49,3050
Metal,300.00,25.00,9.41,3.31,3053
Metal,240.00,33.33,9.41,5.10,3051
Metal,280.00,22.22,10.59,4.70,3050
Metal,247.50,33.33,9.41,4.27,3054
Metal,228.00,37.04,10.59,3.87,3054
Metal,310.00,24.00,9.80,3.32,3054
Metal,240.00,33.33,9.41,3.03,3053
Metal,270.00,22.22,10.59,3.06,3048
Metal,247.50,33.33,9.41,2.93,3052
Metal,228.00,38.46,10.20,2.60,3050
Metal,310.00,24.00,9.80,2.39,3041
Metal,240.00,33.33,9.41,2.30,3052
Metal,265.71,25.93,10.59,2.17,3055
Metal,247.50,33.33,9.41,1.99,3055
Metal,223.64,42.31,10.20,2.07,3053
Metal,310.00,23.08,10.20,2.02,3051
Metal,240.00,33.33,9.41,1.75,3054
Metal,264.00,19.23,10.20,1.72,3049
Metal,270.00,33.33,9.41,1.72,3060
Metal,228.00,38.46,10.20,1.52,3052
Metal,317.14,25.93,10.59,1.57,3052
Metal,232.50,33.33,9.41,1.71,3052
Metal,260.00,22.22,10.59,1.51,3046
Metal,270.00,33.33,9.41,1.37,3053
Metal,233.33,36.00,9.80,1.28,3051
Metal,300.00,23.08,10.20,1.23,3054
Metal,240.00,33.33,9.41,1.47,3052
Metal,252.00,19.23,10.20,1.32,3050
Metal,274.29,29.17,9.41,1.23,3050
Metal,226.67,36.00,9.80,1.12,3054
Metal,320.00,22.22,10.59,1.31,3050
Metal,240.00,33.33,9.41,1.35,3050
Metal,240.00,19.23,10.20,1.38,3049
Metal,282.86,29.17,9.41,1.27,3053
Metal,233.33,36.00,9.80,4.98,3050
Metal,310.00,22.22,10.59,5.01,3053
Metal,240.00,33.33,9.41,8.26,3046
Metal,240.00,19.23,10.20,10.61,3051
Metal,282.86,29.17,9.41,9.84,3050
Metal,233.33,36.00,9.80,8.41,3049
Metal,300.00,19.23,10.20,7.61,3052
Metal,240.00,30.43,9.02,6.68,3044
Metal,240.00,25.93,10.59,5.66,3052
Metal,300.00,26.09,9.02,4.71,3053
Metal,233.33,36.00,9.80,4.39,3052
Metal,300.00,19.23,10.20,4.16,3054
Metal,240.00,33.33,9.41,3.43,3052
Metal,232.50,29.63,10.59,3.08,3050
Metal,290.00,25.00,9.41,2.57,0
Metal,234.00,40.00,9.80,7.61,0
Metal,300.00,19.23,10.20,7.54,0
Metal,232.50,33.33,9.41,6.48,0
Metal,226.67,33.33,10.59,5.63,0
Metal,308.57,28.00,9.80,4.63,3052
Metal,240.00,33.33,9.41,4.12,3053
Metal,290.00,22.22,10.59,3.42,3054
Metal,247.50,33.33,9.41,3.30,3054
Metal,228.00,37.04,10.59,2.74,3057
Metal,317.14,26.92,10.20,2.64,3043
Metal,240.00,33.33,9.41,2.38,3052
Metal,280.00,22.22,10.59,2.43,3051
Metal,240.00,29.17,9.41,2.18,3055
Metal,222.00,38.46,10.20,2.10,3048
Metal,308.57,26.92,10.20,2.78,3050
Metal,232.50,33.33,9.41,2.32,3055
Metal,280.00,22.22,10.59,1.97,3042
Metal,248.57,29.17,9.41,1.67,3053
Metal,222.00,38.46,10.20,1.45,3052
Metal,317.14,26.92,10.20,1.46,3057
Metal,240.00,33.33,9.41,1.48,3048
Metal,270.00,22.22,10.59,1.70,3045
Metal,255.00,33.33,9.41,1.47,3050
Metal,228.00,38.46,10.20,1.94,3054
Metal,310.00,23.08,10.20,1.89,3056
Metal,240.00,33.33,9.41,1.69,3048
Metal,260.00,22.22,10.59,1.60,3054
Metal,270.00,33.33,9.41,1.52,3050
Metal,228.00,38.46,10.20,5.28,3052
Metal,310.00,23.08,10.20,4.39,3052
Metal,240.00,33.33,9.41,3.94,3051
Metal,250.00,22.22,10.59,3.41,3052
Metal,274.29,29.17,9.41,3.15,3054
Metal,233.33,36.00,9.80,2.89,3053
Metal,310.00,22.22,10.59,2.64,3053
Metal,240.00,33.33,9.41,2.43,3062
Metal,240.00,22.22,10.59,2.14,3050
Metal,285.00,33.33,9.41,2.07,3052
Metal,233.33,36.00,9.80,2.18,3055
Metal,310.00,22.22,10.59,2.00,3055
Metal,240.00,33.33,9.41,2.12,3055
Metal,240.00,23.08,10.20,2.14,3057
Metal,291.43,29.17,9.41,1.82,3050
Metal,240.00,36.00,9.80,1.80,3057
Metal,290.00,22.22,10.59,1.69,3044
Metal,240.00,33.33,9.41,1.59,3049
Metal,232.50,29.63,10.59,1.49,3055
Metal,308.57,28.00,9.80,1.62,3048
Metal,240.00,33.33,9.41,1.45,3050
Metal,288.00,19.23,10.20,1.55,3050
Metal,240.00,33.33,9.41,1.59,3052
Metal,220.00,34.62,10.20,1.41,3056
Metal,308.57,28.00,9.80,1.99,3059
Metal,240.00,33.33,9.41,1.91,3051
Metal,300.00,19.23,10.20,1.80,3054
Metal,247.50,33.33,9.41,1.85,3047
Metal,228.00,37.04,10.59,1.73,3048
Metal,317.14,26.92,10.20,1.60,3053
Metal,240.00,33.33,9.41,1.39,3049
Metal,280.00,22.22,10.59,1.32,3051
Metal,247.50,33.33,9.41,1.24,3055
Metal,223.64,40.74,10.59,1.20,3055
Metal,317.14,26.92,10.20,1.15,3054
Metal,232.50,33.33,9.41,1.21,3050
Metal,270.00,22.22,10.59,1.12,3052
Metal,255.00,33.33,9.41,1.52,3046
Metal,228.00,38.46,10.20,1.80,3055
Metal,317.14,25.93,10.59,1.75,3051
Metal,240.00,33.33,9.41,1.72,3077
Metal,260.00,22.22,10.59,1.91,3042
Metal,265.71,29.17,9.41,1.88,3042
Metal,228.00,38.46,10.20,1.61,3049
Metal,317.14,25.93,10.59,1.52,3053
Metal,240.00,33.33,9.41,1.39,3045
Metal,250.00,22.22,10.59,1.38,3045
Metal,274.29,29.17,9.41,1.30,3053
Metal,233.33,36.00,9.80,1.51,3039
Metal,310.00,22.22,10.59,1.58,3050
Metal,240.00,33.33,9.41,1.86,3050
Metal,240.00,22.22,10.59,1.97,3056
Metal,282.86,29.17,9.41,1.84,3052
Metal,233.33,36.00,9.80,1.89,3054
Metal,300.00,19.23,10.20,1.82,3051
Metal,240.00,33.33,9.41,1.56,3052
Metal,240.00,25.93,10.59,1.49,3054
Metal,291.43,29.17,9.41,1.56,3049
Metal,233.33,36.00,9.80,1.97,3051
Metal,300.00,19.23,10.20,1.71,3055
Metal,240.00,33.33,9.41,1.72,3054
Metal,232.50,29.63,10.59,1.86,3049
Metal,290.00,25.00,9.41,1.77,3053
Metal,240.00,33.33,9.41,1.65,3049
Metal,300.00,19.23,10.20,1.61,3072
Metal,240.00,33.33,9.41,1.61,3050
Metal,226.67,33.33,10.59,1.65,3055
Metal,308.57,28.00,9.80,1.68,3050
Metal,232.50,33.33,9.41,1.71,3052
Metal,300.00,19.23,10.20,1.84,3052
Metal,240.00,33.33,9.41,1.73,3053
Metal,220.00,34.62,10.20,1.69,3053
Metal,308.57,28.00,9.80,1.79,3055
Metal,240.00,33.33,9.41,1.52,3051
Metal,300.00,19.23,10.20,1.39,3053
Metal,247.50,33.33,9.41,1.42,3055
Metal,228.00,37.04,10.59,1.73,3053
Metal,317.14,26.92,10.20,1.67,3049
Metal,240.00,33.33,9.41,1.69,3055
Metal,276.00,18.52,10.59,2.07,3052
Metal,247.50,33.33,9.41,1.99,3054
Metal,223.64,40.74,10.59,1.79,3056
Metal,308.57,26.92,10.20,1.72,3042
Metal,240.00,33.33,9.41,1.45,3054
Metal,270.00,22.22,10.59,1.38,3052
Metal,255.00,33.33,9.41,1.54,3054
Metal,228.00,38.46,10.20,1.78,3054
Metal,308.57,26.92,10.20,1.98,3055
Metal,240.00,33.33,9.41,1.86,3054
Metal,270.00,22.22,10.59,1.71,3054
Metal,262.50,33.33,9.41,1.99,3047
Metal,228.00,38.46,10.20,1.74,3055
Metal,317.14,25.93,10.59,1.61,3044
Metal,240.00,33.33,9.41,6.55,3043
Metal,260.00,22.22,10.59,6.16,3052
Metal,262.50,33.33,9.41,5.24,3054
Metal,228.00,38.46,10.20,4.52,3055
Metal,310.00,23.08,10.20,3.81,3055
Metal,240.00,33.33,9.41,4.20,3049
Metal,264.00,19.23,10.20,3.73,3053
Metal,265.71,29.17,9.41,3.84,3046
Metal,228.00,38.46,10.20,4.03,3046
Metal,310.00,23.08,10.20,3.57,3050
Metal,240.00,33.33,9.41,3.14,3053
Metal,250.00,22.22,10.59,2.87,3057
Metal,274.29,29.17,9.41,2.57,3049
Metal,234.00,38.46,10.20,4.99,3064
Metal,312.00,19.23,10.20,5.47,3049
Metal,240.00,33.33,9.41,5.83,3053
Metal,250.00,22.22,10.59,7.22,3052
Metal,282.86,29.17,9.41,6.21,3050
Metal,233.33,36.00,9.80,5.26,3055
Metal,310.00,22.22,10.59,6.26,3055
Metal,232.50,33.33,9.41,5.97,3053
Metal,231.43,25.93,10.59,5.26,3045
Metal,291.43,29.17,9.41,4.81,3049
Metal,233.33,36.00,9.80,4.12,3055
Metal,300.00,19.23,10.20,4.19,3046
Metal,233.33,37.50,9.41,3.65,3053
Metal,232.50,29.63,10.59,3.58,3052
Metal,300.00,25.00,9.41,3.63,3043
Metal,232.50,33.33,9.41,3.29,3048
Metal,300.00,19.23,10.20,2.93,3049
Metal,240.00,33.33,9.41,2.67,3053
Metal,225.00,30.77,10.20,2.41,3045
Metal,308.57,28.00,9.80,2.26,3050
Metal,233.33,37.50,9.41,2.05,3052
Metal,280.00,22.22,10.59,2.09,3048
Metal,240.00,33.33,9.41,1.88,3055
Metal,222.00,37.04,10.59,1.84,3048
Metal,317.14,26.92,10.20,1.92,3048
Metal,240.00,33.33,9.41,1.93,3046
Metal,280.00,22.22,10.59,2.02,3053
Metal,247.50,33.33,9.41,1.89,3054
Metal,223.64,40.74,10.59,1.97,3051
Metal,317.14,26.92,10.20,1.92,3041
Metal,240.00,33.33,9.41,1.99,3055
Metal,280.00,22.22,10.59,1.80,3054
Metal,255.00,33.33,9.41,1.80,3049
Metal,223.64,40.74,10.59,1.71,3045
Metal,320.00,23.08,10.20,2.23,3037
Metal,240.00,33.33,9.41,1.98,3052
Metal,264.00,18.52,10.59,1.85,3055
Metal,262.50,33.33,9.41,1.80,3050
Metal,234.00,38.46,10.20,1.76,3048
Metal,317.14,25.93,10.59,1.65,3054
Metal,240.00,33.33,9.41,1.90,3045
Metal,260.00,22.22,10.59,1.97,3041
Metal,270.00,33.33,9.41,2.07,3048
Metal,234.00,38.46,10.20,2.09,3046
Metal,300.00,23.08,10.20,1.96,3057
Metal,240.00,33.33,9.41,1.97,3044
Metal,248.57,25.93,10.59,1.88,3054
Metal,282.86,29.17,9.41,1.71,3055
Metal,233.33,36.00,9.80,1.62,3052
Metal,310.00,22.22,10.59,1.51,3052
Metal,240.00,33.33,9.41,1.66,3052
Metal,232.50,29.63,10.59,1.71,3055
Metal,300.00,25.00,9.41,1.67,3048
Metal,233.33,36.00,9.80,1.58,3051
Metal,300.00,19.23,10.20,1.66,3053
Metal,240.00,33.33,9.41,1.56,3048
Metal,226.67,33.33,10.59,1.53,3055
Metal,308.57,28.00,9.80,1.32,3048
Metal,232.50,33.33,9.41,1.58,3055
Metal,280.00,22.22,10.59,1.51,3054
Metal,247.50,33.33,9.41,1.40,3050
Metal,223.64,40.74,10.59,1.46,3052
Metal,317.14,26.92,10.20,1.49,3053
Metal,240.00,33.33,9.41,1.40,3049
Metal,280.00,22.22,10.59,1.56,3054
Metal,255.00,33.33,9.41,1.63,3052
Metal,229.09,40.74,10.59,1.53,3072
Metal,317.14,25.93,10.59,1.48,3040
Metal,233.33,37.50,9.41,1.63,3054
Metal,260.00,22.22,10.59,1.80,3048
Metal,262.50,33.33,9.41,1.75,3047
Metal,234.00,38.46,10.20,1.81,3055
Metal,320.00,22.22,10.59,2.04,3050
Metal,233.33,37.50,9.41,2.24,3054
Metal,250.00,22.22,10.59,2.29,3053
Metal,274.29,29.17,9.41,2.10,3052
Metal,234.00,38.46,10.20,1.87,3057
Metal,310.00,22.22,10.59,2.01,3053
Metal,240.00,33.33,9.41,1.92,3055
Metal,240.00,22.22,10.59,1.70,3052
Metal,282.86,29.17,9.41,1.45,3056
Metal,233.33,36.00,9.80,1.63,3055
Metal,300.00,19.23,10.20,2.70,3049
Metal,240.00,33.33,9.41,2.85,3053
Metal,232.50,29.63,10.59,3.61,3052
Metal,310.00,25.00,9.41,3.10,3057
Metal,240.00,33.33,9.41,2.75,3049
Metal,300.00,19.23,10.20,2.42,3051
Metal,240.00,33.33,9.41,2.33,3064
Metal,226.67,34.62,10.20,2.20,3055
Metal,310.00,24.00,9.80,2.20,3048
Metal,233.33,37.50,9.41,2.69,3055
Metal,280.00,22.22,10.59,2.75,3052
Metal,240.00,29.17,9.41,2.77,3046
Metal,228.00,38.46,10.20,2.47,3049
Metal,320.00,23.08,10.20,2.34,3054
Metal,240.00,33.33,9.41,2.11,3053
Metal,280.00,22.22,10.59,1.91,3055
Metal,255.00,33.33,9.41,1.80,3055
Metal,229.09,40.74,10.59,2.13,3047
Metal,310.00,23.08,10.20,2.23,3060
Metal,240.00,33.33,9.41,2.18,1536
Metal,260.00,22.22,10.59,2.01,2894
Metal,262.50,33.33,9.41,2.03,3498
Metal,228.00,38.46,10.20,2.20,0
Metal,310.00,23.08,10.20,2.06,0
Metal,233.33,37.50,9.41,1.75,0
Metal,250.00,22.22,10.59,1.95,3050
Metal,265.71,29.17,9.41,2.08,3050
Metal,233.33,36.00,9.80,2.00,3055
Metal,310.00,22.22,10.59,1.87,3045
Metal,240.00,33.33,9.41,1.78,3055
Metal,231.43,25.93,10.59,1.76,3053
Metal,282.86,29.17,9.41,1.75,3044
Metal,233.33,36.00,9.80,1.52,2640
Metal,300.00,19.23,10.20,1.62,602
Metal,240.00,33.33,9.41,1.52,0
Metal,232.50,29.63,10.59,1.76,0
Metal,300.00,29.17,9.41,2.09,0
Metal,240.00,36.00,9.80,1.98,0
Metal,290.00,22.22,10.59,1.80,3055
Metal,232.50,33.33,9.41,1.68,3057
Metal,226.67,33.33,10.59,1.85,3053
Metal,308.57,28.00,9.80,1.74,3049
Metal,240.00,33.33,9.41,1.74,3047
Metal,280.00,22.22,10.59,1.58,3055
Metal,247.50,33.33,9.41,1.50,3052
Metal,222.00,38.46,10.20,1.81,3046
Metal,317.14,26.92,10.20,1.59,3050
Metal,240.00,33.33,9.41,1.40,3049
Metal,280.00,22.22,10.59,1.39,3050
Metal,247.50,33.33,9.41,1.49,3048
Metal,228.00,38.46,10.20,1.36,3049
Metal,308.57,26.92,10.20,1.49,3042
Metal,240.00,33.33,9.41,1.45,3052
Metal,270.00,22.22,10.59,1.77,3052
Metal,262.50,33.33,9.41,1.78,3051
Metal,228.00,38.46,10.20,1.80,3053
Metal,317.14,25.93,10.59,1.55,3051
Metal,240.00,33.33,9.41,1.59,3055
Metal,260.00,22.22,10.59,1.78,3049
Metal,270.00,33.33,9.41,1.77,3055
Metal,233.33,36.00,9.80,1.74,3057
Metal,317.14,25.93,10.59,1.50,3055
Metal,240.00,33.33,9.41,1.55,3052
Metal,240.00,22.22,10.59,1.48,3054
Metal,282.86,29.17,9.41,1.48,3050
Metal,233.33,36.00,9.80,1.64,3056
Metal,310.00,22.22,10.59,1.47,3058
Metal,240.00,33.33,9.41,1.55,3049
Metal,240.00,25.93,10.59,1.39,3055
Metal,300.00,29.17,9.41,1.19,3055
Metal,233.33,36.00,9.80,1.25,3041
Metal,300.00,19.23,10.20,1.39,3054
Metal,240.00,33.33,9.41,1.38,3053
Metal,233.33,33.33,10.59,1.42,3052
Metal,308.57,28.00,9.80,1.22,3053
Metal,233.33,37.50,9.41,1.33,3052
Metal,300.00,19.23,10.20,1.42,3055
Metal,240.00,33.33,9.41,1.56,3053
Metal,226.67,34.62,10.20,1.68,3048
Metal,317.14,26.92,10.20,1.58,3044
Metal,240.00,33.33,9.41,1.46,3053
Metal,280.00,22.22,10.59,1.53,3050
Metal,255.00,33.33,9.41,1.37,3055
Metal,228.00,38.46,10.20,1.34,3055
Metal,310.00,23.08,10.20,1.47,3046
Metal,240.00,33.33,9.41,1.39,3050
Metal,270.00,22.22,10.59,1.57,3055
Metal,255.00,33.33,9.41,1.57,3049
Metal,223.64,42.31,10.20,1.42,3052
Metal,317.14,25.93,10.59,3.63,3045
Metal,240.00,33.33,9.41,3.06,3048
Metal,264.00,19.23,10.20,2.78,3048
Metal,270.00,33.33,9.41,2.44,3052
Metal,234.00,38.46,10.20,2.19,3054
Metal,320.00,22.22,10.59,1.96,3049
Metal,240.00,33.33,9.41,1.96,3049
Metal,248.57,25.93,10.59,1.99,3055
Metal,290.00,26.09,9.02,1.82,3050
Metal,233.33,36.00,9.80,1.70,3055
Metal,310.00,22.22,10.59,1.75,3052
Metal,240.00,33.33,9.41,1.84,3055
Metal,240.00,23.08,10.20,1.78,3055
Metal,291.43,29.17,9.41,1.87,3044
Metal,233.33,36.00,9.80,1.78,3050
Metal,300.00,19.23,10.20,1.96,3053
Metal,232.50,33.33,9.41,1.76,3050
Metal,232.50,29.63,10.59,1.61,3048
Metal,300.00,25.00,9.41,1.49,3049
Metal,240.00,33.33,9.41,1.38,3052
Metal,300.00,19.23,10.20,1.36,3044
Metal,232.50,33.33,9.41,1.65,3048
Metal,222.00,37.04,10.59,1.57,3055
Metal,308.57,28.00,9.80,1.45,3051
Metal,240.00,33.33,9.41,2.61,3042
Metal,300.00,19.23,10.20,2.36,3052
Metal,247.50,33.33,9.41,2.05,708
Metal,222.00,38.46,10.20,1.99,0
Metal,317.14,26.92,10.20,1.94,2932
Metal,240.00,33.33,9.41,2.10,3056
Metal,270.00,22.22,10.59,2.06,3051
Metal,255.00,33.33,9.41,2.33,3048
Metal,228.00,38.46,10.20,2.40,3055
Metal,310.00,23.08,10.20,2.45,3051
Metal,240.00,33.33,9.41,2.29,3053
Metal,270.00,22.22,10.59,2.12,3046
Metal,260.00,36.00,9.80,2.06,3042
Metal,234.00,38.46,10.20,1.96,3055
Metal,320.00,22.22,10.59,1.87,3048
Metal,240.00,33.33,9.41,1.80,3055
Metal,260.00,22.22,10.59,1.97,3052
Metal,265.71,29.17,9.41,1.97,3048
Metal,233.33,36.00,9.80,1.89,3040
Metal,317.14,25.93,10.59,1.81,3052
Metal,240.00,33.33,9.41,1.75,3053
Metal,240.00,22.22,10.59,1.55,3048
Metal,282.86,29.17,9.41,1.40,3051
Metal,234.00,38.46,10.20,1.24,3048
Metal,310.00,22.22,10.59,1.47,3054
Metal,233.33,37.50,9.41,1.38,3054
Metal,232.50,29.63,10.59,1.65,3048
Metal,300.00,29.17,9.41,1.58,3050
Metal,240.00,36.00,9.80,1.58,3468
Metal,300.00,19.23,10.20,1.52,0
Metal,240.00,33.33,9.41,1.55,3049
Metal,226.67,33.33,10.59,1.75,3060
Metal,308.57,28.00,9.80,2.10,3055
Metal,232.50,33.33,9.41,1.88,3055
Metal,300.00,19.23,10.20,2.09,3054
Metal,240.00,33.33,9.41,2.00,3045
Metal,228.00,37.04,10.59,2.29,3055
Metal,307.50,30.77,10.20,2.03,3050
Metal,240.00,33.33,9.41,1.92,3055
Metal,180.00,14.12,100.00,1.44,3044
Metal,180.00,11.76,100.00,1.72,3050
Metal,180.00,15.29,100.00,2.73,3046
Metal,180.00,13.73,100.00,2.90,3049
Metal,180.00,15.29,100.00,2.62,3050
Metal,180.00,15.29,100.00,2.64,3049
Metal,180.00,15.29,100.00,2.30,3050
Metal,180.00,10.98,100.00,2.34,3052
Metal,180.00,7.45,100.00,2.35,3050
Metal,180.00,6.67,100.00,2.38,3051
Metal,180.00,6.67,100.00,2.86,3051
Metal,180.00,9.02,100.00,2.80,3053
Metal,180.00,12.94,100.00,2.89,3052
Metal,180.00,15.29,100.00,2.65,3051
Metal,180.00,15.29,100.00,2.40,3054
Metal,180.00,15.29,100.00,2.67,3052
Metal,180.00,14.51,100.00,3.04,3052
Metal,180.00,11.76,100.00,2.61,3050
Metal,180.00,8.24,100.00,2.94,3049
Metal,180.00,7.45,100.00,2.69,3054
Metal,180.00,6.67,100.00,2.80,3053
Metal,180.00,9.02,100.00,2.49,3049
Metal,180.00,10.98,100.00,2.58,3053
Metal,180.00,15.29,100.00,2.50,3052
Metal,180.00,14.51,100.00,2.22,3050
Metal,180.00,15.29,100.00,2.14,3053
Metal,180.00,15.29,100.00,2.31,3049
Metal,180.00,14.51,100.00,3.69,3052
Metal,180.00,10.98,100.00,3.75,3054
Metal,180.00,7.45,100.00,4.38,3051
Metal,180.00,6.67,100.00,5.31,3049
Metal,180.00,6.67,100.00,4.67,3049
Metal,180.00,10.98,100.00,3.96,3048
Metal,180.00,14.12,100.00,3.65,3051
Metal,180.00,15.29,100.00,3.19,3048
Metal,180.00,15.29,100.00,3.02,3051
Metal,180.00,15.29,100.00,2.94,3049
Metal,180.00,15.29,100.00,2.56,3046
Metal,180.00,10.98,100.00,2.39,3055
Metal,180.00,7.84,100.00,2.28,3050
Metal,180.00,6.67,100.00,2.46,3051
Metal,180.00,6.67,100.00,2.42,3052
Metal,180.00,8.24,100.00,2.55,3050
Metal,180.00,11.76,100.00,2.46,3053
Metal,180.00,15.29,100.00,2.28,3051
Metal,180.00,15.29,100.00,2.12,3051
Metal,180.00,15.29,100.00,2.11,3052
Metal,180.00,14.51,100.00,2.14,3052
Metal,180.00,12.55,100.00,2.09,3052
Metal,180.00,9.41,100.00,2.02,3051
Metal,180.00,7.45,100.00,1.96,3048
Metal,180.00,6.67,100.00,2.18,3049
Metal,180.00,6.67,100.00,2.10,3052
Metal,180.00,10.98,100.00,2.02,3052
Metal,180.00,14.51,100.00,2.20,3052
Metal,180.00,15.29,100.00,2.16,3052
Metal,180.00,15.29,100.00,2.68,3053
Metal,180.00,15.29,100.00,2.95,3053
Metal,180.00,14.51,100.00,3.65,3052
Metal,180.00,10.98,100.00,3.70,3052
Metal,180.00,7.45,100.00,4.15,3051
Metal,180.00,6.67,100.00,3.66,3050
Metal,180.00,6.67,100.00,3.12,3050
Metal,180.00,10.98,100.00,3.58,3050
Metal,180.00,13.73,100.00,5.68,3051
Metal,180.00,15.29,100.00,5.45,3052
Metal,180.00,15.29,100.00,4.69,3052
Metal,180.00,15.29,100.00,4.23,3048
Metal,180.00,15.29,100.00,3.69,3051
Metal,180.00,10.98,100.00,3.25,3049
Metal,180.00,9.02,100.00,2.76,3052
Metal,180.00,6.67,100.00,2.69,3054
Metal,180.00,7.45,100.00,2.76,3050
Metal,180.00,9.41,100.00,2.41,3049
Metal,180.00,12.16,100.00,2.63,3051
Metal,180.00,14.51,100.00,2.56,3051
Metal,180.00,15.29,100.00,2.51,3052
Metal,180.00,15.29,100.00,2.58,3049
Metal,180.00,15.29,100.00,2.55,3052
Metal,180.00,12.16,100.00,2.56,3052
Metal,180.00,9.80,100.00,2.29,3048
Metal,180.00,7.45,100.00,2.76,3050
Metal,180.00,6.67,100.00,2.74,3048
Metal,180.00,6.67,100.00,2.29,3054
Metal,180.00,10.98,100.00,2.07,3052
Metal,180.00,15.29,100.00,1.84,3053
Metal,180.00,15.29,100.00,2.18,3052
Metal,180.00,15.29,100.00,2.23,3050
Metal,180.00,15.29,100.00,2.51,3052
Metal,180.00,14.51,100.00,2.56,3053
Metal,180.00,10.98,100.00,2.41,3052
Metal,180.00,6.67,100.00,2.14,3049
Metal,180.00,6.67,100.00,2.18,3052
Metal,180.00,6.67,100.00,2.65,3050
Metal,180.00,10.98,100.00,2.85,3051
Metal,180.00,14.51,100.00,2.60,3049
Metal,180.00,14.51,100.00,2.39,3049
Metal,180.00,15.29,100.00,2.76,3054
Metal,180.00,15.29,100.00,2.80,3052
Metal,180.00,14.51,100.00,2.51,3052
Metal,180.00,11.76,100.00,2.46,3050
Metal,180.00,9.02,100.00,2.42,3050
Metal,180.00,6.67,100.00,3.03,3049
Metal,180.00,6.67,100.00,2.66,3050
Metal,180.00,9.80,100.00,2.46,3054
Metal,180.00,12.16,100.00,2.10,3053
Metal,180.00,15.29,100.00,2.10,3049
Metal,180.00,14.51,100.00,1.94,3052
Metal,180.00,15.29,100.00,2.01,3052
Metal,180.00,15.29,100.00,1.89,3055
Metal,180.00,11.76,100.00,3.21,3055
Metal,180.00,9.02,100.00,3.32,3053
Metal,180.00,6.67,100.00,3.13,3054
Metal,180.00,6.67,100.00,3.61,3050
Metal,180.00,7.84,100.00,3.41,3052
Metal,180.00,10.98,100.00,3.18,3053
Metal,180.00,15.29,100.00,3.08,3052
Metal,180.00,15.29,100.00,2.82,3050
Metal,180.00,15.29,100.00,2.43,3052
Metal,180.00,15.29,100.00,2.11,3052
Metal,180.00,14.12,100.00,2.24,3054
Metal,180.00,10.98,100.00,2.08,3052
Metal,180.00,7.45,100.00,2.02,3051
Metal,180.00,6.67,100.00,1.95,3053
Metal,180.00,6.67,100.00,3.41,3052
Metal,180.00,10.98,100.00,3.15,3053
Metal,180.00,12.94,100.00,3.86,3052
Metal,180.00,15.29,100.00,3.38,3052
Metal,180.00,15.29,100.00,3.23,3049
Metal,180.00,15.29,100.00,2.95,3050
Metal,180.00,15.29,100.00,2.53,3051
Metal,180.00,10.98,100.00,3.76,3050
Metal,180.00,9.41,100.00,4.15,3051
Metal,180.00,6.67,100.00,3.49,3051
Metal,180.00,6.67,100.00,3.10,3052
Metal,180.00,7.45,100.00,2.82,3055
Metal,180.00,12.16,100.00,2.68,3052
Metal,180.00,15.29,100.00,2.83,3053
Metal,180.00,15.29,100.00,2.55,3052
Metal,180.00,15.29,100.00,2.32,3048
Metal,180.00,15.29,100.00,2.07,3052
Metal,180.00,13.73,100.00,1.83,3052
Metal,180.00,9.41,100.00,1.91,3050
Metal,180.00,6.67,100.00,2.38,3051
Metal,180.00,6.67,100.00,2.42,3052
Metal,180.00,6.67,100.00,2.67,3051
Metal,180.00,10.98,100.00,2.93,3052
Metal,180.00,15.29,100.00,2.73,3051
Metal,180.00,15.29,100.00,4.27,3054
Metal,180.00,14.51,100.00,4.56,3053
Metal,180.00,15.29,100.00,4.13,3050
Metal,180.00,15.29,100.00,3.60,3052
Metal,180.00,10.98,100.00,3.09,3050
Metal,180.00,7.84,100.00,2.93,3052
Metal,180.00,6.67,100.00,2.54,3053
Metal,180.00,6.67,100.00,2.50,3050
Metal,180.00,9.80,100.00,2.52,3050
Metal,180.00,12.55,100.00,2.46,3050
Metal,180.00,14.51,100.00,2.91,3052
Metal,180.00,15.29,100.00,2.63,3048
Metal,180.00,14.51,100.00,2.63,3050
Metal,180.00,15.29,100.00,2.33,3050
Metal,180.00,11.76,100.00,2.33,3054
Metal,180.00,9.41,100.00,2.13,3053
Metal,180.00,6.67,100.00,2.16,3052
Metal,180.00,6.67,100.00,2.22,3054
Metal,180.00,9.41,100.00,2.21,3048
Metal,180.00,10.98,100.00,2.22,3055
Metal,180.00,15.29,100.00,2.06,3050
Metal,180.00,15.29,100.00,2.10,3052
Metal,180.00,15.29,100.00,2.40,3050
Metal,180.00,15.29,100.00,2.70,3053
Metal,180.00,11.76,100.00,2.68,3054
Metal,180.00,9.41,100.00,2.28,3054
Metal,180.00,6.67,100.00,2.20,3053
Metal,180.00,6.67,100.00,2.22,3051
Metal,180.00,9.41,100.00,1.89,3048
Metal,180.00,10.98,100.00,1.85,3053
Metal,180.00,15.29,100.00,1.63,3053
Metal,180.00,15.29,100.00,1.45,3049
Metal,180.00,15.29,100.00,1.44,3053
Metal,180.00,15.29,100.00,1.47,3052
Metal,180.00,12.16,100.00,1.67,3050
Metal,180.00,9.02,100.00,1.94,3052
Metal,180.00,6.67,100.00,3.30,3053
Metal,180.00,6.67,100.00,2.93,3050
Metal,180.00,8.24,100.00,3.71,3052
Metal,180.00,10.98,100.00,3.55,3052
Metal,180.00,14.51,100.00,3.21,3050
Metal,180.00,15.29,100.00,2.82,3050
Metal,180.00,15.29,100.00,2.60,3050
Metal,180.00,15.29,100.00,2.26,3046
Metal,180.00,14.51,100.00,2.79,3053
Metal,180.00,9.41,100.00,2.69,3053
Metal,180.00,6.67,100.00,3.60,3055
Metal,180.00,6.67,100.00,3.39,3050
Metal,180.00,6.67,100.00,3.42,3052
Metal,180.00,10.98,100.00,3.38,3044
Metal,180.00,15.29,100.00,2.87,3054
Metal,180.00,15.29,100.00,3.04,3053
Metal,180.00,14.51,100.00,2.85,3049
Metal,180.00,15.29,100.00,2.61,3053
Metal,180.00,14.51,100.00,2.89,3041
Metal,180.00,10.98,100.00,2.74,3049
Metal,180.00,6.67,100.00,2.46,3049
Metal,180.00,6.67,100.00,2.84,3055
Metal,180.00,7.45,100.00,2.48,3050
Metal,180.00,10.98,100.00,2.21,3048
Metal,180.00,14.51,100.00,1.94,3055
Metal,180.00,15.29,100.00,1.86,3052
Metal,180.00,15.29,100.00,1.74,3046
Metal,180.00,15.29,100.00,1.67,3051
Metal,180.00,15.29,100.00,2.00,3053
Metal,180.00,10.98,100.00,1.82,3052
Metal,180.00,7.45,100.00,1.91,3050
Metal,180.00,6.67,100.00,2.99,3049
Metal,180.00,6.67,100.00,4.40,3050
Metal,180.00,10.98,100.00,4.09,3050
Metal,180.00,14.51,100.00,4.50,3050
Metal,180.00,14.51,100.00,4.29,3051
Metal,180.00,15.29,100.00,3.70,3050
Metal,180.00,15.29,100.00,3.58,3052
Metal,180.00,14.51,100.00,3.45,3053
Metal,180.00,10.98,100.00,3.08,3053
Metal,180.00,6.67,100.00,2.50,3053
Metal,180.00,6.67,100.00,2.28,3052
Metal,180.00,6.67,100.00,2.44,3052
Metal,180.00,10.98,100.00,2.39,3049
Metal,180.00,14.51,100.00,2.64,3051
Metal,180.00,15.29,100.00,2.59,3050
Metal,180.00,15.29,100.00,2.49,3049
Metal,180.00,14.51,100.00,2.69,3049
Metal,180.00,13.73,100.00,2.92,3054
Metal,180.00,10.98,100.00,3.19,3050
Metal,180.00,7.45,100.00,3.33,3050
Metal,180.00,6.67,100.00,2.80,3052
Metal,180.00,6.67,100.00,2.74,3053
Metal,180.00,10.98,100.00,2.61,3052
Metal,180.00,14.51,100.00,2.66,3052
Metal,180.00,15.29,100.00,2.49,3052
Metal,180.00,15.29,100.00,2.76,3046
Metal,180.00,15.29,100.00,3.56,3050
Metal,180.00,15.29,100.00,4.10,3049
Metal,180.00,10.98,100.00,4.73,3049
Metal,180.00,7.45,100.00,4.82,3053
Metal,180.00,6.67,100.00,5.10,3049
Metal,180.00,6.67,100.00,4.74,3054
Metal,180.00,9.80,100.00,4.42,3052
Metal,180.00,13.73,100.00,3.90,3048
Metal,180.00,15.29,100.00,3.52,3049
Metal,180.00,15.29,100.00,3.06,3049
Metal,180.00,15.29,100.00,3.22,3050
Metal,180.00,14.51,100.00,3.20,3051
Metal,180.00,10.98,100.00,2.90,3051
Metal,180.00,9.02,100.00,2.47,3054
Metal,180.00,6.67,100.00,2.46,3052
Metal,180.00,6.67,100.00,2.60,3048
Metal,180.00,9.02,100.00,3.22,3051
Metal,180.00,12.94,100.00,3.70,3049
Metal,180.00,15.29,100.00,3.25,3050
Metal,180.00,15.29,100.00,3.34,3050
Metal,180.00,15.29,100.00,5.32,3049
Metal,180.00,15.29,100.00,4.46,3048
Metal,180.00,12.94,100.00,3.78,3048
Metal,180.00,9.41,100.00,4.02,3052
Metal,180.00,6.67,100.00,3.59,3052
Metal,180.00,6.67,100.00,3.39,3052
Metal,180.00,9.02,100.00,3.11,3051
Metal,180.00,10.98,100.00,2.74,3053
Metal,180.00,15.29,100.00,2.42,3048
Metal,180.00,15.29,100.00,2.39,3052
Metal,180.00,15.29,100.00,3.64,3055
Metal,180.00,15.29,100.00,4.69,3049
Metal,180.00,12.16,100.00,3.99,3050
Metal,180.00,9.80,100.00,3.57,3049
Metal,180.00,6.67,100.00,3.26,3051
Metal,180.00,6.67,100.00,3.04,3054
Metal,180.00,7.84,100.00,2.90,3050
Metal,180.00,10.98,100.00,2.96,3050
Metal,180.00,15.29,100.00,3.15,3051
Metal,180.00,15.29,100.00,3.89,3049
Metal,180.00,15.29,100.00,4.24,3052
Metal,180.00,15.29,100.00,4.30,3049
Metal,180.00,12.55,100.00,4.20,3054
Metal,180.00,10.59,100.00,4.26,3051
Metal,180.00,6.67,100.00,3.83,3053
Metal,180.00,6.67,100.00,3.84,3048
Metal,180.00,7.84,100.00,3.63,3048
Metal,180.00,10.98,100.00,3.26,3053
Metal,180.00,14.51,100.00,2.81,3048
Metal,180.00,15.29,100.00,2.65,3050
Metal,180.00,15.29,100.00,2.27,3048
Metal,180.00,15.29,100.00,2.25,3049
Metal,180.00,14.51,100.00,2.28,3053
Metal,180.00,10.98,100.00,2.31,3052
Metal,180.00,7.45,100.00,2.15,3051
Metal,180.00,7.45,100.00,1.91,3050
Metal,180.00,6.67,100.00,2.05,3052
Metal,180.00,10.59,100.00,2.38,3052
Metal,180.00,12.16,100.00,2.78,3049
Metal,180.00,15.29,100.00,2.82,3054
Metal,180.00,15.29,100.00,2.81,3050
Metal,180.00,15.29,100.00,2.57,3054
Metal,180.00,15.29,100.00,2.63,3053
Metal,180.00,11.76,100.00,2.77,3051
Metal,180.00,8.24,100.00,2.58,3052
Metal,180.00,6.67,100.00,2.41,3052
Metal,180.00,6.67,100.00,2.03,3049
Metal,180.00,8.24,100.00,2.90,3051
Metal,180.00,10.98,100.00,3.16,3048
Metal,180.00,15.29,100.00,4.19,3053
Metal,180.00,15.29,100.00,4.41,3052
Metal,180.00,14.51,100.00,3.80,3054
Metal,180.00,15.29,100.00,3.16,3052
Metal,180.00,15.29,100.00,2.77,3052
Metal,180.00,10.98,100.00,2.72,3052
Metal,180.00,8.24,100.00,2.77,3052
Metal,180.00,6.67,100.00,2.81,3050
Metal,180.00,6.67,100.00,3.03,3050
Metal,180.00,10.98,100.00,2.69,3055
Metal,180.00,14.51,100.00,2.61,3052
Metal,180.00,14.51,100.00,2.33,3050
Metal,180.00,15.29,100.00,2.46,3052
Metal,180.00,15.29,100.00,2.45,3052
Metal,180.00,15.29,100.00,3.01,3052
Metal,180.00,10.98,100.00,3.60,3053
Metal,180.00,9.80,100.00,4.74,3046
Metal,180.00,6.67,100.00,4.70,3052
Metal,180.00,6.67,100.00,4.20,3049
Metal,180.00,9.80,100.00,4.06,3051
Metal,180.00,12.16,100.00,3.72,3051
Metal,180.00,15.29,100.00,3.27,3052
Metal,180.00,15.29,100.00,3.39,3051
Metal,180.00,15.29,100.00,3.99,3054
Metal,180.00,15.29,100.00,3.62,3052
Metal,180.00,14.51,100.00,3.04,3051
Metal,180.00,10.98,100.00,5.93,3052
Metal,180.00,6.67,100.00,5.22,3052
Metal,180.00,6.67,100.00,4.63,3052
Metal,180.00,6.67,100.00,4.09,3051
Metal,180.00,10.59,100.00,3.80,3050
Metal,180.00,12.94,100.00,3.94,3052
Metal,180.00,15.29,100.00,3.53,3050
Metal,180.00,15.29,100.00,4.19,3050
Metal,180.00,15.29,100.00,3.84,3049
Metal,180.00,15.29,100.00,5.64,3050
Metal,180.00,12.16,100.00,6.28,3052
Metal,180.00,9.80,100.00,5.58,3050
Metal,180.00,6.67,100.00,5.76,3053
Metal,180.00,6.67,100.00,5.04,3053
Metal,180.00,8.24,100.00,5.21,3044
Metal,180.00,10.98,100.00,4.60,3049
Metal,180.00,15.29,100.00,5.65,3053
Metal,180.00,15.29,100.00,4.68,3053
Metal,180.00,15.29,100.00,4.01,3054
Metal,180.00,15.29,100.00,3.98,3050
Metal,180.00,14.51,100.00,3.73,3051
Metal,180.00,10.98,100.00,3.66,3054
Metal,180.00,9.02,100.00,3.86,3050
Metal,180.00,6.67,100.00,3.33,3049
Metal,180.00,6.67,100.00,2.99,3046
Metal,180.00,9.41,100.00,2.58,3050
Metal,180.00,12.94,100.00,2.57,3052
Metal,180.00,15.29,100.00,3.73,3050
Metal,180.00,15.29,100.00,3.44,3050
Metal,180.00,15.29,100.00,3.77,3051
Metal,180.00,15.29,100.00,3.19,3048
Metal,180.00,12.94,100.00,3.85,3053
Metal,180.00,10.98,100.00,3.98,3055
Metal,180.00,6.67,100.00,3.87,3050
Metal,180.00,6.67,100.00,6.02,3049
Metal,180.00,7.45,100.00,5.38,3049
Metal,180.00,10.98,100.00,5.02,3053
Metal,180.00,14.51,100.00,4.71,3050
Metal,180.00,15.29,100.00,5.11,3051
Metal,180.00,15.29,100.00,4.28,3051
Metal,180.00,14.51,100.00,3.74,3055
Metal,180.00,15.29,100.00,3.39,3049
Metal,180.00,10.98,100.00,3.58,3052
Metal,180.00,8.24,100.00,4.47,3050
Metal,180.00,6.67,100.00,4.67,3048
Metal,180.00,6.67,100.00,5.81,3052
Metal,180.00,9.41,100.00,5.01,3052
Metal,180.00,12.16,100.00,5.25,3055
Metal,180.00,14.51,100.00,4.80,3053
Metal,180.00,14.51,100.00,4.22,3051
Metal,180.00,15.29,100.00,4.20,3050
Metal,180.00,15.29,100.00,3.97,3049
Metal,180.00,12.94,100.00,3.36,3050
Metal,180.00,9.80,100.00,3.31,3050
Metal,180.00,6.67,100.00,3.51,3050
Metal,180.00,6.67,100.00,3.64,3054
Metal,180.00,7.45,100.00,3.33,3052
Metal,180.00,10.98,100.00,3.83,3051
Metal,180.00,15.29,100.00,4.14,3053
Metal,180.00,15.29,100.00,6.19,3050
Metal,180.00,15.29,100.00,5.54,3053
Metal,180.00,15.29,100.00,5.70,3048
Metal,180.00,15.29,100.00,5.09,3052
Metal,180.00,10.98,100.00,4.38,3048
Metal,180.00,8.24,100.00,4.26,3048
Metal,180.00,6.67,100.00,3.71,3050
Metal,180.00,6.67,100.00,3.36,3052
Metal,180.00,9.80,100.00,3.03,3053
Metal,180.00,12.55,100.00,2.76,3055
Metal,180.00,15.29,100.00,3.65,3050
Metal,180.00,15.29,100.00,3.56,3051
Metal,180.00,15.29,100.00,3.84,3046
Metal,180.00,15.29,100.00,3.88,3048
Metal,180.00,12.55,100.00,3.40,3051
Metal,180.00,10.59,100.00,3.32,3050
Metal,180.00,6.67,100.00,3.07,3051
Metal,180.00,6.67,100.00,2.89,3052
Metal,180.00,7.45,100.00,3.35,3053
Metal,180.00,10.98,100.00,3.65,3045
Metal,180.00,14.51,100.00,3.31,3050
Metal,180.00,15.29,100.00,2.97,3053
Metal,180.00,14.51,100.00,2.84,3053
Metal,180.00,15.29,100.00,2.65,3050
Metal,180.00,15.29,100.00,2.36,3048
Metal,180.00,10.59,100.00,2.98,3051
Metal,180.00,6.67,100.00,2.55,3050
Metal,180.00,6.67,100.00,3.15,3052
Metal,180.00,7.45,100.00,4.55,3053
Metal,180.00,10.98,100.00,4.46,3052
Metal,180.00,12.94,100.00,4.48,3054
Metal,180.00,15.29,100.00,4.03,3051
Metal,180.00,15.29,100.00,3.56,3051
Metal,180.00,15.29,100.00,3.62,3049
Metal,180.00,15.29,100.00,3.42,3052
Metal,180.00,10.98,100.00,3.66,3049
Metal,180.00,9.02,100.00,4.42,3050
Metal,180.00,7.45,100.00,3.70,3050
Metal,180.00,6.67,100.00,3.11,3050
Metal,180.00,8.24,100.00,2.82,3051
Metal,180.00,12.94,100.00,2.39,3051
Metal,180.00,14.12,100.00,2.42,3051
Metal,180.00,15.29,100.00,2.18,3052
Metal,180.00,15.29,100.00,2.35,3051
Metal,180.00,15.29,100.00,2.67,3051
Metal,180.00,12.16,100.00,2.46,3052
Metal,180.00,10.59,100.00,2.31,3050
Metal,180.00,6.67,100.00,2.31,3052
Metal,180.00,6.67,100.00,3.58,3052
Metal,180.00,7.45,100.00,4.09,3049
Metal,180.00,10.98,100.00,3.53,3047
Metal,180.00,15.29,100.00,2.90,3053
Metal,180.00,15.29,100.00,2.94,3052
Metal,180.00,15.29,100.00,2.79,3051
Metal,180.00,15.29,100.00,3.66,3053
Metal,180.00,15.29,100.00,3.60,3052
Metal,180.00,10.98,100.00,3.12,3050
Metal,180.00,8.24,100.00,3.16,3050
Metal,180.00,6.67,100.00,3.38,3052
Metal,180.00,6.67,100.00,3.26,3054
Metal,180.00,9.80,100.00,3.18,3055
Metal,180.00,14.12,100.00,2.65,3052
Metal,180.00,15.29,100.00,2.37,3050
Metal,180.00,15.29,100.00,2.01,3049
Metal,180.00,15.29,100.00,2.37,3049
Metal,180.00,15.29,100.00,2.20,3051
Metal,180.00,10.98,100.00,2.37,3049
Metal,180.00,9.41,100.00,2.31,3052
Metal,180.00,7.45,100.00,2.09,3051
Metal,180.00,6.67,100.00,2.97,3050
Metal,180.00,7.84,100.00,3.12,3049
Metal,180.00,10.98,100.00,3.66,3053
Metal,180.00,15.29,100.00,3.94,3050
Metal,180.00,15.29,100.00,3.34,3050
Metal,180.00,15.29,100.00,3.04,3049
Metal,180.00,15.29,100.00,3.86,3050
Metal,180.00,13.73,100.00,3.42,3052
Metal,180.00,9.80,100.00,2.93,3051
Metal,180.00,7.45,100.00,2.99,3051
Metal,180.00,7.45,100.00,2.69,3049
Metal,180.00,7.84,100.00,2.76,3050
Metal,180.00,10.98,100.00,2.37,3050
Metal,180.00,14.51,100.00,2.37,3052
Metal,180.00,15.29,100.00,2.16,3050
Metal,180.00,15.29,100.00,2.43,3052
Metal,180.00,15.29,100.00,2.39,3049
Metal,180.00,15.29,100.00,2.36,3054
Metal,180.00,10.98,100.00,4.10,3050
Metal,180.00,7.84,100.00,3.64,3054
Metal,180.00,6.67,100.00,4.22,3054
Metal,180.00,6.67,100.00,3.79,3050
Metal,180.00,9.80,100.00,3.65,3049
Metal,180.00,13.73,100.00,3.49,3050
Metal,180.00,15.29,100.00,4.64,3052
Metal,180.00,15.29,100.00,3.89,3051
Metal,180.00,15.29,100.00,3.30,3051
Metal,180.00,15.29,100.00,3.09,3046
Metal,180.00,10.98,100.00,3.49,3051
Metal,180.00,8.24,100.00,3.81,3051
Metal,180.00,6.67,100.00,3.24,3052
Metal,180.00,7.45,100.00,4.12,3049
Metal,180.00,9.80,100.00,3.83,3050
Metal,180.00,10.98,100.00,4.00,3052
Metal,180.00,15.29,100.00,3.76,3050
Metal,180.00,15.29,100.00,3.37,3050
Metal,228.00,21.28,18.43,1.36,3056
Metal,226.67,19.57,18.04,2.12,3056
Metal,232.50,16.00,19.61,2.70,3115
Metal,326.67,18.00,19.61,2.76,3076
Metal,226.67,19.57,18.04,3.10,3055
Metal,325.71,13.46,20.39,5.17,3092
Metal,226.67,19.57,18.04,4.82,3055
Metal,222.00,20.00,19.61,7.07,3060
Metal,336.00,19.23,20.39,7.49,3061
Metal,226.67,19.57,18.04,6.73,3060
Metal,317.14,13.46,20.39,6.12,3080
Metal,231.43,15.56,17.65,6.37,3084
Metal,223.64,22.00,19.61,14.71,3085
Metal,338.18,20.75,20.78,13.18,3057
Metal,226.67,19.57,18.04,11.13,3049
Metal,310.00,11.76,20.00,9.69,3055
Metal,247.50,17.02,18.43,8.83,3048
Metal,220.00,24.00,19.61,8.52,3072
Metal,333.33,17.31,20.39,7.33,3087
Metal,226.67,19.57,18.04,6.61,3082
Metal,300.00,10.00,19.61,5.87,3074
Metal,270.00,13.33,17.65,5.31,3055
Metal,220.00,24.49,19.22,4.41,3057
Metal,340.00,16.98,20.78,3.83,3072
Metal,220.00,20.00,17.65,3.38,3062
Metal,276.00,10.00,19.61,3.10,3055
Metal,282.86,15.22,18.04,6.02,3055
Metal,225.00,24.49,19.22,6.16,3056
Metal,337.50,15.38,20.39,6.36,3075
Metal,225.00,17.78,17.65,5.68,3090
Metal,260.00,12.00,19.61,4.84,3075
Metal,300.00,15.22,18.04,5.16,3055
Metal,229.09,22.92,18.82,7.46,3049
Metal,337.50,15.09,20.78,7.17,3059
Metal,226.67,19.57,18.04,6.49,3099
Metal,250.00,12.00,19.61,5.80,3038
Metal,315.00,16.67,18.82,5.91,3028
Metal,222.00,21.28,18.43,5.64,3060
Metal,330.00,15.09,20.78,6.67,3055
Metal,225.00,17.78,17.65,6.02,3039
Metal,231.43,14.00,19.61,5.05,3072
Metal,322.50,16.67,18.82,4.26,3087
Metal,228.00,21.28,18.43,3.77,3023
Metal,325.71,13.46,20.39,3.37,3103
Metal,226.67,19.57,18.04,3.34,3080
Metal,225.00,16.00,19.61,3.61,3060
Metal,320.00,18.37,19.22,3.49,3077
Metal,228.00,21.28,18.43,2.99,3051
Metal,325.71,13.46,20.39,2.78,3064
Metal,225.00,17.78,17.65,2.49,3072
Metal,216.00,20.00,19.61,2.38,3055
Metal,330.00,19.61,20.00,2.24,3056
Metal,226.67,19.57,18.04,3.13,3054
Metal,325.71,13.46,20.39,5.39,3050
Metal,231.43,15.56,17.65,6.47,3053
Metal,218.18,22.00,19.61,5.41,3058
Metal,332.73,21.15,20.39,7.05,3055
Metal,226.67,19.57,18.04,7.70,3061
Metal,310.00,11.76,20.00,6.51,3057
Metal,240.00,17.39,18.04,6.87,3055
Metal,220.00,24.00,19.61,6.19,3072
Metal,336.00,19.23,20.39,5.55,3072
Metal,232.50,17.39,18.04,5.36,3058
Metal,310.00,11.76,20.00,5.30,3072
Metal,240.00,15.22,18.04,7.00,3055
Metal,220.00,24.00,19.61,6.09,3053
Metal,342.00,18.87,20.78,5.86,3060
Metal,232.50,17.78,17.65,5.06,3056
Metal,300.00,10.00,19.61,4.79,3055
Metal,265.71,15.56,17.65,4.54,3060
Metal,220.00,24.49,19.22,4.03,3107
Metal,336.00,18.87,20.78,5.74,3046
Metal,225.00,17.78,17.65,5.03,3061
Metal,288.00,10.00,19.61,4.73,3072
Metal,270.00,13.33,17.65,5.03,3060
Metal,220.00,24.49,19.22,5.48,3052
Metal,340.00,16.98,20.78,4.99,3062
Metal,232.50,17.78,17.65,4.95,3062
Metal,276.00,10.00,19.61,5.46,3056
Metal,282.86,15.22,18.04,5.31,3055
Metal,225.00,24.49,19.22,4.98,3039
Metal,337.50,15.38,20.39,5.59,3072
Metal,225.00,17.78,17.65,5.15,3075
Metal,264.00,10.00,19.61,4.67,3055
Metal,290.00,13.33,17.65,4.56,3072
Metal,225.00,24.49,19.22,4.05,3079
Metal,333.33,16.98,20.78,4.39,3072
Metal,225.00,17.78,17.65,4.46,3088
Metal,270.00,12.00,19.61,5.10,3057
Metal,300.00,13.33,17.65,4.88,3056
Metal,229.09,22.92,18.82,4.63,3058
Metal,337.50,15.09,20.78,7.19,3042
Metal,233.33,19.57,18.04,7.73,3077
Metal,260.00,12.00,19.61,6.86,3056
Metal,317.14,14.89,18.43,6.00,3061
Metal,229.09,22.92,18.82,5.79,3072
Metal,325.71,13.46,20.39,5.40,3072
Metal,225.00,17.78,17.65,4.70,3044
Metal,250.00,12.00,19.61,5.93,3061
Metal,322.50,16.67,18.82,5.24,3086
Metal,229.09,22.92,18.82,5.21,3050
Metal,325.71,13.46,20.39,5.47,3059
Metal,232.50,17.78,17.65,5.59,3059
Metal,225.00,16.00,19.61,5.27,3064
Metal,326.67,18.37,19.22,5.26,3055
Metal,228.00,21.28,18.43,5.00,3073
Metal,325.71,13.46,20.39,4.47,3065
Metal,225.00,17.78,17.65,5.03,3055
Metal,222.86,14.29,19.22,4.44,3079
Metal,324.00,20.00,19.61,4.16,3052
Metal,228.00,21.28,18.43,3.73,3080
Metal,325.71,13.46,20.39,3.34,3056
Metal,232.50,17.78,17.65,3.24,3056
Metal,220.00,18.00,19.61,6.30,3088
Metal,330.00,20.00,19.61,5.64,3076
Metal,228.00,21.28,18.43,4.69,3050
Metal,325.71,13.46,20.39,4.31,3041
Metal,226.67,19.57,18.04,4.12,3074
Metal,226.67,18.00,19.61,3.84,3086
Metal,327.27,21.57,20.00,5.50,3084
Metal,226.67,19.57,18.04,7.76,3072
Metal,330.00,15.09,20.78,7.14,3056
Metal,225.00,17.78,17.65,6.61,3042
Metal,218.18,22.00,19.61,5.99,3072
Metal,327.27,21.57,20.00,5.10,3079
Metal,233.33,19.57,18.04,4.83,3087
Metal,310.00,11.76,20.00,4.98,3072
Metal,240.00,15.56,17.65,4.53,3055
Metal,218.18,22.00,19.61,6.80,3072
Metal,336.00,19.23,20.39,6.19,3055
Metal,226.67,19.57,18.04,5.93,3026
Metal,317.14,13.46,20.39,5.12,3077
Metal,240.00,15.56,17.65,5.14,3058
Metal,218.18,22.00,19.61,5.38,3109
Metal,332.73,21.15,20.39,5.31,3087
Metal,233.33,19.57,18.04,4.85,3085
Metal,310.00,11.76,20.00,5.55,3072
Metal,248.57,15.56,17.65,4.90,3078
Metal,223.64,22.00,19.61,6.51,3072
Metal,338.18,20.75,20.78,5.76,3060
Metal,226.67,19.57,18.04,4.93,3044
Metal,310.00,11.76,20.00,4.93,3088
Metal,240.00,13.33,17.65,6.80,3055
Metal,225.00,24.00,19.61,7.15,3057
Metal,333.33,17.31,20.39,7.73,3050
Metal,233.33,19.57,18.04,8.17,2175
Metal,300.00,10.00,19.61,6.81,0
Metal,240.00,13.33,17.65,5.94,0
Metal,221.54,26.00,19.61,5.37,0
Metal,338.18,20.75,20.78,4.80,3057
Metal,225.00,17.78,17.65,4.96,3044
Metal,300.00,10.00,19.61,5.28,3055
Metal,250.00,13.33,17.65,9.55,3060
Metal,220.00,24.49,19.22,8.52,3052
Metal,336.00,18.87,20.78,7.97,3073
Metal,225.00,17.78,17.65,6.93,3055
Metal,288.00,10.00,19.61,6.36,3062
Metal,274.29,15.56,17.65,5.57,3073
Metal,220.00,24.49,19.22,5.17,3049
Metal,336.00,18.87,20.78,4.71,3080
Metal,225.00,17.78,17.65,4.26,1127
Metal,288.00,10.00,19.61,3.87,0
Metal,270.00,13.33,17.65,3.95,3055
Metal,225.00,24.49,19.22,4.42,3060
Metal,336.00,18.87,20.78,3.87,3073
Metal,232.50,17.78,17.65,3.36,3072
Metal,276.00,10.00,19.61,3.17,349
Metal,280.00,13.33,17.65,3.07,735
Metal,225.00,24.49,19.22,2.87,3544
Metal,336.00,18.87,20.78,3.57,3041
Metal,226.67,19.57,18.04,3.05,1101
Metal,270.00,12.00,19.61,2.85,3054
Metal,290.00,13.33,17.65,3.43,3092
Metal,225.00,24.49,19.22,3.51,3061
Metal,322.50,15.38,20.39,3.22,3121
Metal,226.67,19.57,18.04,4.70,3108
Metal,264.00,10.00,19.61,4.39,3072
Metal,282.86,15.22,18.04,4.66,3074
Metal,223.64,22.92,18.82,4.70,3077
Metal,337.50,15.38,20.39,5.93,3055
Metal,225.00,17.78,17.65,6.04,3056
Metal,270.00,12.00,19.61,5.96,3051
Metal,300.00,13.33,17.65,6.39,3062
Metal,229.09,22.92,18.82,5.40,0
Metal,333.33,16.98,20.78,4.52,0
Metal,231.43,15.56,17.65,4.48,0
Metal,250.00,12.00,19.61,7.58,3354
Metal,300.00,15.22,18.04,6.41,3072
Metal,229.09,22.92,18.82,5.58,3055
Metal,326.67,16.98,20.78,5.11,3058
Metal,233.33,19.57,18.04,5.40,3057
Metal,240.00,10.00,19.61,4.53,3074
Metal,308.57,14.89,18.43,4.11,3062
Metal,228.00,21.28,18.43,3.64,3055
Metal,330.00,15.09,20.78,4.31,3060
Metal,232.50,17.78,17.65,4.11,3062
Metal,230.00,12.00,19.61,3.92,3072
Metal,322.50,16.67,18.82,3.29,3072
Metal,228.00,21.28,18.43,2.92,3096
Metal,325.71,13.46,20.39,2.85,3058
Metal,226.67,19.57,18.04,2.78,3079
Metal,225.00,16.00,19.61,2.57,3059
Metal,330.00,20.00,19.61,2.73,3098
Metal,228.00,21.28,18.43,2.30,3096
Metal,322.50,15.09,20.78,6.04,3064
Metal,225.00,17.78,17.65,6.21,3056
Metal,226.67,18.00,19.61,5.80,3090
Metal,332.73,21.57,20.00,9.33,3057
Metal,228.00,21.28,18.43,7.81,3061
Metal,325.71,13.46,20.39,7.76,3088
Metal,225.00,17.78,17.65,7.69,3072
Metal,222.00,20.00,19.61,6.50,3074
Metal,336.00,19.23,20.39,5.93,3061
Metal,226.67,19.57,18.04,5.51,3049
Metal,317.14,13.46,20.39,4.87,3072
Metal,240.00,15.56,17.65,6.18,0
Metal,223.64,22.00,19.61,5.68,192
Metal,336.00,19.23,20.39,4.74,0
Metal,226.67,19.57,18.04,4.37,3086
Metal,308.57,13.73,20.00,4.00,3074
Metal,240.00,13.33,17.65,4.59,3072
Metal,226.15,25.49,20.00,6.02,3072
Metal,336.00,19.23,20.39,5.67,3072
Metal,233.33,19.57,18.04,5.56,2831
Metal,310.00,11.76,20.00,5.32,3033
Metal,248.57,15.56,17.65,5.58,3055
Metal,221.54,26.00,19.61,4.81,3072
Metal,332.73,20.75,20.78,4.29,3087
Metal,225.00,17.78,17.65,3.93,0
Metal,300.00,10.00,19.61,3.18,1071
Metal,257.14,15.56,17.65,2.80,11
Metal,220.00,24.49,19.22,2.67,3060
Metal,336.00,18.87,20.78,2.76,3081
Metal,233.33,19.57,18.04,3.73,3072
Metal,288.00,10.00,19.61,4.10,0
Metal,265.71,15.56,17.65,3.67,170
Metal,225.00,24.49,19.22,4.59,0
Metal,333.33,16.98,20.78,4.69,0
Metal,233.33,19.57,18.04,5.89,3058
Metal,276.00,10.00,19.61,5.27,3052
Metal,290.00,13.33,17.65,4.94,3062
Metal,223.64,22.92,18.82,4.59,3456
Metal,333.33,16.98,20.78,4.44,0
Metal,226.67,19.57,18.04,4.16,0
Metal,264.00,10.00,19.61,4.81,3081
Metal,308.57,15.22,18.04,4.94,3060
Metal,229.09,22.92,18.82,5.96,3113
Metal,330.00,15.38,20.39,6.88,3089
Metal,232.50,17.78,17.65,6.18,3079
Metal,240.00,12.00,19.61,5.40,3085
Metal,307.50,17.02,18.43,7.04,3077
Metal,228.00,21.28,18.43,6.29,3088
Metal,315.00,15.38,20.39,8.23,3078
Metal,226.67,19.57,18.04,6.78,3062
Metal,231.43,14.00,19.61,5.86,3061
Metal,320.00,18.37,19.22,5.87,3076
Metal,228.00,21.28,18.43,5.08,3057
Metal,325.71,13.46,20.39,4.32,3072
Metal,232.50,17.78,17.65,3.61,3187
Metal,225.00,16.00,19.61,5.96,3072
Metal,327.27,21.57,20.00,7.23,3072
Metal,228.00,21.28,18.43,6.14,3087
Metal,325.71,13.46,20.39,6.79,3072
Metal,226.67,19.57,18.04,8.11,3108
Metal,220.00,18.37,19.22,8.10,3054
Metal,330.00,19.61,20.00,8.39,3061
Metal,226.67,19.57,18.04,7.68,3059
Metal,317.14,13.46,20.39,9.39,3044
Metal,240.00,15.56,17.65,8.41,3056
Metal,223.64,22.00,19.61,8.46,3072
Metal,332.73,21.15,20.39,8.23,3076
Metal,226.67,19.57,18.04,7.20,3072
Metal,317.14,13.46,20.39,8.39,3090
Metal,240.00,13.33,17.65,8.53,3064
Metal,220.00,24.00,19.61,14.25,3040
Metal,338.18,20.75,20.78,11.96,3072
Metal,226.67,19.57,18.04,11.06,3054
Metal,300.00,10.00,19.61,10.33,3050
Metal,257.14,15.22,18.04,8.87,3076
Metal,221.54,26.00,19.61,7.80,3057
Metal,336.00,18.87,20.78,6.50,3037
Metal,233.33,19.57,18.04,5.52,3062
Metal,288.00,10.00,19.61,5.68,3079
Metal,270.00,13.33,17.65,4.95,3072
Metal,221.54,26.00,19.61,4.66,3072
Metal,333.33,17.31,20.39,4.27,3076
Metal,225.00,17.78,17.65,3.75,3048
Metal,270.00,8.16,19.22,6.08,3060
Metal,282.86,15.22,18.04,5.70,3072
Metal,223.64,22.92,18.82,5.31,3055
Metal,337.50,15.38,20.39,5.78,3032
Metal,232.50,17.78,17.65,5.65,3045
Metal,252.00,10.00,19.61,6.52,3072
Metal,308.57,15.22,18.04,6.60,3048
Metal,230.00,24.49,19.22,6.29,3055
Metal,337.50,15.09,20.78,6.01,3056
Metal,232.50,17.78,17.65,5.57,3056
Metal,231.43,14.00,19.61,5.35,3076
Metal,320.00,18.75,18.82,5.71,3077
Metal,228.00,21.28,18.43,6.21,3064
Metal,334.29,13.46,20.39,8.04,3061
Metal,232.50,17.78,17.65,9.73,3088
Metal,232.50,16.00,19.61,8.22,3073
Metal,330.00,20.00,19.61,9.44,3055
Metal,233.33,19.57,18.04,9.45,3058
Metal,317.14,13.46,20.39,10.27,3076
Metal,225.00,17.78,17.65,13.63,3076
Metal,222.00,20.00,19.61,13.33,3064
Metal,330.00,19.61,20.00,15.36,3072
Metal,226.67,19.57,18.04,17.38,3082
Metal,317.14,13.46,20.39,14.99,3049
Metal,231.43,15.56,17.65,14.72,3056
Metal,218.18,22.00,19.61,14.06,574
Metal,336.00,19.23,20.39,12.10,805
Metal,225.00,17.78,17.65,10.17,3052
Metal,310.00,11.76,20.00,8.83,2499
Metal,240.00,13.33,17.65,7.46,0
Metal,216.92,26.00,19.61,6.82,0
Metal,336.00,18.87,20.78,7.13,0
Metal,232.50,17.78,17.65,7.79,0
Metal,288.00,10.00,19.61,9.50,0
Metal,260.00,13.33,17.65,8.44,0
Metal,220.00,24.49,19.22,11.38,0
Metal,336.00,18.87,20.78,11.11,0
Metal,225.00,17.78,17.65,10.90,0
Metal,276.00,10.00,19.61,10.62,0
Metal,282.86,15.22,18.04,10.63,0
Metal,230.00,24.49,19.22,9.66,0
Metal,330.00,15.38,20.39,9.10,3061
Metal,225.00,17.78,17.65,8.57,3072
Metal,260.00,12.00,19.61,7.12,3055
Metal,315.00,17.02,18.43,6.27,3072
Metal,229.09,22.92,18.82,8.22,3059
Metal,334.29,13.46,20.39,7.38,3102
Metal,233.33,19.57,18.04,6.13,3087
Metal,225.00,16.00,19.61,8.02,3087
Metal,318.00,20.41,19.22,7.49,3072
Metal,228.00,21.28,18.43,7.35,3073
Metal,315.00,15.38,20.39,8.40,3055
Metal,225.00,17.78,17.65,8.26,3060
Metal,222.00,20.00,19.61,7.97,3073
Metal,336.00,19.61,20.00,7.84,3056
Metal,226.67,19.57,18.04,6.71,3055
Metal,317.14,13.46,20.39,6.78,3087
Metal,240.00,15.56,17.65,5.74,3078
Metal,225.00,24.00,19.61,6.25,3058
Metal,336.00,19.23,20.39,6.07,3060
Metal,225.00,17.78,17.65,7.17,3053
Metal,300.00,10.00,19.61,9.25,3073
Metal,257.14,15.22,18.04,11.07,3074
Metal,221.54,26.00,19.61,12.42,3072
Metal,336.00,18.87,20.78,13.44,3060
Metal,225.00,17.78,17.65,15.02,3062
Metal,288.00,10.00,19.61,13.61,3059
Metal,274.29,15.22,18.04,12.95,3049
Metal,223.64,22.92,18.82,13.28,3050
Metal,340.00,16.98,20.78,17.91,3053
Metal,232.50,17.78,17.65,14.94,3123
Metal,264.00,10.00,19.61,14.64,3055
Metal,300.00,13.33,17.65,12.89,3119
Metal,229.09,22.92,18.82,10.52,3072
Metal,333.33,16.98,20.78,8.93,3057
Metal,225.00,17.78,17.65,7.87,3053
Metal,240.00,8.16,19.22,6.67,3082
Metal,307.50,17.02,18.43,7.31,3076
Metal,234.55,22.92,18.82,7.92,3054
Metal,326.67,16.98,20.78,8.65,3087
Metal,226.67,19.57,18.04,7.87,3085
Metal,240.00,12.00,19.61,8.15,3052
Metal,326.67,18.37,19.22,11.71,3072
Metal,226.67,19.57,18.04,11.02,3072
Metal,330.00,15.09,20.78,10.09,3044
Metal,232.50,17.78,17.65,10.80,3061
Metal,231.43,14.29,19.22,9.17,3060
Metal,332.73,21.57,20.00,7.81,3072
Metal,233.33,19.57,18.04,6.70,3072
Metal,320.00,11.54,20.39,7.63,3056
Metal,225.00,17.78,17.65,8.05,3055
Metal,222.00,20.00,19.61,8.59,3025
Metal,330.00,19.61,20.00,9.95,3055
Metal,233.33,19.57,18.04,8.27,3053
Metal,317.14,13.46,20.39,7.24,3061
Metal,232.50,17.39,18.04,7.17,3081
Metal,218.18,22.00,19.61,6.69,3060
Metal,338.18,20.75,20.78,6.60,3080
Metal,226.67,19.57,18.04,7.37,3086
Metal,312.00,9.80,20.00,6.56,3058
Metal,240.00,13.33,17.65,5.78,3057
Metal,215.00,24.49,19.22,4.84,3054
Metal,342.00,18.87,20.78,5.94,3072
Metal,225.00,17.78,17.65,5.55,3056
Metal,288.00,10.00,19.61,4.88,3060
Metal,265.71,15.22,18.04,4.17,3056
Metal,225.00,24.49,19.22,3.59,3097
Metal,336.00,18.87,20.78,3.35,3059
Metal,233.33,19.57,18.04,3.77,3072
Metal,276.00,10.00,19.61,4.22,3082
Metal,274.29,15.22,18.04,6.36,3039
Metal,223.64,22.92,18.82,8.25,3060
Metal,333.33,16.98,20.78,9.09,3072
Metal,225.00,17.78,17.65,11.19,3061
Metal,276.00,10.00,19.61,9.83,3072
Metal,300.00,13.33,17.65,10.42,3060
Metal,223.64,22.92,18.82,10.10,3085
Metal,333.33,16.98,20.78,8.32,3072
Metal,225.00,17.78,17.65,6.90,3074
Metal,252.00,10.00,19.61,7.02,3076
Metal,300.00,13.33,17.65,5.87,3074
Metal,229.09,22.92,18.82,5.09,3082
Metal,333.33,16.98,20.78,4.38,3057
Metal,232.50,17.78,17.65,3.60,3084
Metal,264.00,10.20,19.22,3.23,3059
Metal,315.00,17.02,18.43,2.87,3056
Metal,229.09,22.92,18.82,3.54,3061
Metal,325.71,13.46,20.39,5.54,3064
Metal,232.50,17.78,17.65,5.46,3088
Metal,231.43,14.00,19.61,10.87,3064
Metal,322.50,16.67,18.82,11.00,272
Metal,228.00,21.28,18.43,9.70,0
Metal,330.00,15.09,20.78,8.32,0
Metal,226.67,19.57,18.04,8.73,3057
Metal,231.43,14.00,19.61,7.74,3092
Metal,326.67,18.37,19.22,7.07,3082
Metal,228.00,21.28,18.43,7.75,3055
Metal,325.71,13.46,20.39,6.98,3074
Metal,225.00,17.78,17.65,6.39,3072
Metal,220.00,18.00,19.61,5.26,3052
Metal,332.73,21.57,20.00,4.90,3062
Metal,226.67,19.57,18.04,4.42,825
Metal,325.71,13.46,20.39,4.62,0
Metal,231.43,15.56,17.65,4.00,0
Metal,216.00,20.41,19.22,3.82,0
Metal,332.73,21.15,20.39,4.43,0
Metal,226.67,19.57,18.04,4.70,0
Metal,310.00,11.76,20.00,5.09,0
Metal,232.50,17.39,18.04,5.34,3062
Metal,223.64,22.00,19.61,5.02,3061
Metal,336.00,19.23,20.39,4.78,3029
Metal,233.33,19.57,18.04,5.15,3084
Metal,320.00,11.76,20.00,6.49,3074
Metal,248.57,15.56,17.65,9.16,3039
Metal,216.92,26.00,19.61,8.25,3072
Metal,338.18,20.75,20.78,7.29,3058
Metal,232.50,17.78,17.65,7.41,3072
Metal,310.00,11.76,20.00,7.65,3075
Metal,257.14,15.56,17.65,7.10,3072
Metal,221.54,26.00,19.61,5.83,3297
Metal,342.00,18.87,20.78,5.93,0
Metal,232.50,17.78,17.65,4.95,0
Metal,300.00,10.00,19.61,4.70,0
Metal,260.00,13.33,17.65,5.19,0
Metal,220.00,24.49,19.22,4.67,0
Metal,336.00,18.87,20.78,8.46,0
Metal,225.00,17.78,17.65,9.57,0
Metal,288.00,10.00,19.61,9.80,0
Metal,270.00,13.33,17.65,10.06,0
Metal,220.00,24.49,19.22,9.72,0
Metal,336.00,18.87,20.78,9.10,0
Metal,232.50,17.78,17.65,8.54,0
Metal,288.00,10.00,19.61,7.51,3064
Metal,270.00,13.33,17.65,7.16,3087
Metal,218.18,22.92,18.82,8.43,3075
Metal,336.00,18.87,20.78,8.47,3072
Metal,225.00,17.78,17.65,7.68,3053
Metal,264.00,10.00,19.61,6.95,3062
Metal,290.00,13.33,17.65,5.95,3073
Metal,223.64,22.92,18.82,5.48,3081
Metal,330.00,15.38,20.39,5.47,3072
Metal,232.50,17.78,17.65,4.64,3086
Metal,260.00,6.25,18.82,4.11,3077
Metal,308.57,15.22,18.04,3.59,3072
Metal,229.09,22.92,18.82,4.88,3087
Metal,330.00,15.38,20.39,4.18,3051
Metal,225.00,17.78,17.65,4.39,3072
Metal,250.00,12.00,19.61,4.01,3091
Metal,307.50,17.02,18.43,3.82,3073
Metal,228.00,21.28,18.43,3.83,3062
Metal,322.50,15.38,20.39,3.73,3077
Metal,225.00,17.78,17.65,3.59,3087
Metal,240.00,12.00,19.61,3.90,3072
Metal,322.50,16.67,18.82,4.32,3058
Metal,228.00,21.28,18.43,3.79,3081
Metal,325.71,13.46,20.39,4.76,3072
Metal,225.00,17.78,17.65,4.27,3058
Metal,225.00,16.00,19.61,4.47,3072
Metal,330.00,20.00,19.61,4.86,3092
Metal,228.00,21.28,18.43,5.34,3072
Metal,317.14,13.46,20.39,5.02,3058
Metal,225.00,17.78,17.65,4.70,3057
Metal,222.00,20.00,19.61,4.22,3058
Metal,330.00,19.61,20.00,4.58,3072
Metal,226.67,19.57,18.04,5.35,3081
Metal,317.14,13.46,20.39,4.84,3061
Metal,232.50,17.78,17.65,4.70,3062
Metal,223.64,22.00,19.61,4.51,3062
Metal,332.73,21.15,20.39,4.69,3032
Metal,233.33,19.57,18.04,4.56,3074
Metal,310.00,11.76,20.00,3.95,3058
Metal,248.57,15.56,17.65,3.79,3080
Metal,215.00,24.49,19.22,4.17,3072
Metal,190.29,24.14,56.86,1.53,3044
Metal,165.00,7.84,60.00,2.31,3048
Metal,165.00,7.79,60.39,2.82,3050
Metal,162.00,6.49,60.39,3.07,3048
Metal,183.75,10.74,58.43,3.13,3052
Metal,186.00,20.69,56.86,7.12,3051
Metal,190.91,22.76,56.86,6.77,3048
Metal,190.59,23.45,56.86,5.78,3046
Metal,190.59,23.45,56.86,5.64,3049
Metal,186.86,24.14,56.86,5.84,3044
Metal,170.53,12.75,58.43,5.04,3048
Metal,165.00,7.79,60.39,5.26,3049
Metal,165.00,7.79,60.39,4.92,3054
Metal,168.00,6.54,60.00,4.88,3048
Metal,174.29,14.19,58.04,4.95,3049
Metal,187.27,22.76,56.86,6.36,3046
Metal,190.59,23.45,56.86,6.51,3049
Metal,190.59,23.45,56.86,6.88,3052
Metal,186.21,20.00,56.86,7.16,3052
Metal,168.00,10.07,58.43,7.05,3046
Metal,165.00,7.79,60.39,6.93,3048
Metal,165.00,7.79,60.39,5.94,3048
Metal,165.00,7.84,60.00,6.74,3048
Metal,174.55,14.97,57.65,6.36,3048
Metal,190.59,23.45,56.86,7.04,3050
Metal,190.29,24.14,56.86,6.24,3049
Metal,190.59,23.45,56.86,5.46,3048
Metal,175.71,9.40,58.43,4.62,3048
Metal,165.00,7.79,60.39,4.77,3049
Metal,163.64,7.14,60.39,4.33,3050
Metal,169.09,7.28,59.22,3.94,3050
Metal,182.61,15.86,56.86,4.06,3049
Metal,189.09,22.92,56.47,4.51,3052
Metal,190.59,23.45,56.86,4.72,3048
Metal,180.00,8.67,58.82,4.85,3044
Metal,165.00,7.79,60.39,5.41,3050
Metal,162.00,6.49,60.39,4.88,3048
Metal,180.00,8.05,58.43,5.36,3049
Metal,182.22,18.62,56.86,4.51,3048
Metal,190.59,23.45,56.86,4.38,3045
Metal,190.59,23.45,56.86,4.27,3052
Metal,190.59,23.45,56.86,4.85,3050
Metal,184.80,16.67,58.82,4.26,3050
Metal,163.64,7.14,60.39,4.08,3046
Metal,163.64,7.14,60.39,4.40,3046
Metal,165.00,10.74,58.43,4.19,3048
Metal,190.29,24.14,56.86,5.11,3046
Metal,190.29,24.14,56.86,4.85,3046
Metal,187.06,23.45,56.86,5.01,3050
Metal,169.09,14.77,58.43,4.56,3048
Metal,169.09,7.19,60.00,4.47,3049
Metal,163.64,7.14,60.39,3.98,3053
Metal,169.09,7.19,60.00,3.62,3049
Metal,176.67,12.33,57.25,3.53,3050
Metal,190.59,23.45,56.86,3.45,3053
Metal,189.09,22.92,56.47,3.09,3052
Metal,190.59,23.45,56.86,2.80,3051
Metal,183.75,22.07,56.86,2.56,3051
Metal,171.43,9.40,58.43,3.28,3053
Metal,165.00,7.79,60.39,4.92,3048
Metal,163.64,7.14,60.39,4.63,3048
Metal,174.00,6.67,58.82,4.30,3048
Metal,180.00,15.86,56.86,3.99,3052
Metal,190.29,24.14,56.86,3.70,3048
Metal,190.59,23.45,56.86,3.47,3048
Metal,180.00,16.55,56.86,3.17,3051
Metal,171.43,9.27,59.22,3.85,3052
Metal,165.00,7.79,60.39,4.21,3050
Metal,160.00,5.84,60.39,4.14,3044
Metal,175.38,8.72,58.43,4.64,3049
Metal,186.43,19.31,56.86,4.04,3052
Metal,190.59,23.45,56.86,4.03,3049
Metal,190.29,24.14,56.86,4.57,3049
Metal,190.59,23.45,56.86,4.27,3048
Metal,172.17,15.54,58.04,5.01,3045
Metal,170.00,7.89,59.61,5.16,3048
Metal,165.00,7.79,60.39,4.68,3048
Metal,162.00,6.49,60.39,4.22,3049
Metal,169.41,11.49,58.04,4.03,3052
Metal,187.74,21.38,56.86,6.00,3051
Metal,190.29,24.14,56.86,8.39,3050
Metal,190.59,23.45,56.86,9.22,3050
Metal,187.50,22.07,56.86,7.57,3050
Metal,165.00,7.79,60.39,8.73,3052
Metal,162.00,6.49,60.39,7.67,3052
Metal,180.00,5.96,59.22,7.59,3050
Metal,177.00,13.70,57.25,6.29,3050
Metal,190.59,23.45,56.86,5.63,3048
Metal,189.09,22.92,56.47,5.04,3050
Metal,190.29,24.14,56.86,4.93,3053
Metal,166.15,8.67,58.82,4.32,3046
Metal,165.00,7.79,60.39,5.18,3050
Metal,162.00,6.49,60.39,5.14,3050
Metal,180.00,8.00,58.82,4.79,3050
Metal,182.40,17.24,56.86,4.13,3048
Metal,190.29,24.14,56.86,3.65,3049
Metal,190.29,24.14,56.86,3.58,3050
Metal,170.77,8.50,60.00,4.50,3049
Metal,165.00,7.79,60.39,4.13,3048
Metal,163.64,7.14,60.39,4.44,3046
Metal,171.43,9.40,58.43,3.79,3050
Metal,186.43,19.44,56.47,4.26,3054
Metal,190.29,24.14,56.86,3.89,3042
Metal,190.59,23.45,56.86,3.66,3046
Metal,185.22,15.33,58.82,4.23,3049
Metal,165.00,7.79,60.39,3.69,3045
Metal,165.00,7.79,60.39,3.63,3050
Metal,172.50,10.81,58.04,3.08,3050
Metal,187.50,22.07,56.86,4.20,3048
Metal,190.59,23.45,56.86,3.67,3042
Metal,190.59,23.45,56.86,3.56,3051
Metal,192.00,23.81,57.65,4.20,3049
Metal,165.00,7.79,60.39,4.05,3048
Metal,165.00,7.79,60.39,3.92,3048
Metal,174.00,6.58,59.61,4.36,3052
Metal,177.14,14.38,57.25,4.62,3046
Metal,190.29,24.14,56.86,4.85,3049
Metal,190.59,23.45,56.86,4.34,3050
Metal,172.00,10.07,58.43,4.04,3053
Metal,169.09,7.19,60.00,3.77,3046
Metal,162.00,6.49,60.39,4.51,3046
Metal,169.09,7.28,59.22,4.73,3052
Metal,182.61,15.97,56.47,4.82,3046
Metal,188.82,23.61,56.47,4.97,3050
Metal,190.29,24.14,56.86,5.91,3048
Metal,175.38,8.67,58.82,5.57,3051
Metal,163.64,7.14,60.39,6.45,3050
Metal,163.64,7.14,60.39,6.29,3050
Metal,171.43,9.40,58.43,5.88,3050
Metal,186.21,20.00,56.86,5.46,3052
Metal,190.59,23.45,56.86,6.20,3051
Metal,190.59,23.45,56.86,5.42,3048
Metal,188.57,24.14,56.86,4.90,3052
Metal,180.00,5.96,59.22,4.32,3050
Metal,165.00,7.79,60.39,4.10,3045
Metal,162.00,6.49,60.39,3.99,3050
Metal,170.00,12.08,58.43,4.29,3049
Metal,189.09,22.76,56.86,4.54,3049
Metal,188.82,23.61,56.47,4.00,3052
Metal,189.09,22.92,56.47,4.00,3046
Metal,190.29,24.14,56.86,3.76,3049
Metal,192.35,23.13,57.65,3.66,3052
Metal,174.00,6.58,59.61,3.71,3047
Metal,165.00,7.79,60.39,3.73,3049
Metal,174.00,6.58,59.61,4.12,3050
Metal,183.00,13.61,57.65,3.85,3050
Metal,190.59,23.45,56.86,3.92,3045
Metal,189.09,22.92,56.47,3.77,3049
Metal,187.50,21.77,57.65,3.33,3050
Metal,165.00,7.79,60.39,3.39,3048
Metal,165.00,7.79,60.39,3.24,3051
Metal,174.55,7.28,59.22,2.98,3047
Metal,177.50,16.44,57.25,3.90,3050
Metal,189.09,22.92,56.47,4.74,3051
Metal,190.59,23.45,56.86,5.10,3050
Metal,190.59,23.45,56.86,5.31,3049
Metal,190.29,24.14,56.86,5.52,3050
Metal,180.00,9.33,58.82,4.98,3049
Metal,165.00,7.79,60.39,4.92,3049
Metal,163.64,7.14,60.39,4.15,3050
Metal,175.00,8.05,58.43,5.13,3049
Metal,184.44,18.62,56.86,5.06,3047
Metal,189.09,22.92,56.47,4.59,3052
Metal,190.29,24.14,56.86,4.16,3046
Metal,177.14,14.38,57.25,3.99,3051
Metal,174.55,7.28,59.22,4.37,3045
Metal,165.00,7.79,60.39,3.78,3051
Metal,165.00,7.79,60.39,3.51,3052
Metal,176.25,10.81,58.04,3.02,3050
Metal,187.50,22.07,56.86,3.60,3049
Metal,189.09,22.92,56.47,4.03,3048
Metal,190.59,23.45,56.86,4.99,3050
Metal,187.50,22.22,56.47,5.29,3046
Metal,167.37,12.75,58.43,5.94,3038
Metal,169.09,7.19,60.00,5.89,3049
Metal,169.09,7.19,60.00,5.59,3047
Metal,169.09,7.19,60.00,4.91,3052
Metal,174.29,14.19,58.04,4.59,3052
Metal,189.09,22.92,56.47,4.43,3045
Metal,190.29,24.14,56.86,3.77,3050
Metal,189.09,22.92,56.47,3.57,3048
Metal,186.00,20.69,56.86,3.53,3049
Metal,172.00,10.07,58.43,3.09,3049
Metal,165.00,7.79,60.39,3.20,3048
Metal,165.00,7.79,60.39,3.61,3048
Metal,169.09,7.24,59.61,3.70,3051
Metal,177.27,15.17,56.86,3.74,3049
Metal,190.91,22.76,56.86,3.75,3049
Metal,190.59,23.45,56.86,3.50,3052
Metal,190.00,24.83,56.86,4.40,3050
Metal,182.31,17.93,56.86,3.74,3044
Metal,163.64,7.33,58.82,3.90,3050
Metal,168.00,6.54,60.00,4.97,3046
Metal,160.00,5.84,60.39,4.41,3049
Metal,184.29,9.33,58.82,4.06,3050
Metal,184.44,18.62,56.86,4.33,3052
Metal,190.29,24.14,56.86,3.88,3044
Metal,190.29,24.14,56.86,3.75,3049
Metal,189.09,22.92,56.47,3.19,3052
Metal,174.78,15.65,57.65,3.34,3049
Metal,165.00,7.84,60.00,3.77,3053
Metal,165.00,7.79,60.39,3.84,3052
Metal,160.00,5.84,60.39,3.91,3041
Metal,172.94,11.41,58.43,5.52,3050
Metal,187.74,21.38,56.86,5.72,3053
Metal,188.57,24.31,56.47,5.60,3049
Metal,190.29,24.14,56.86,5.03,3050
Metal,189.09,22.76,56.86,5.24,3049
Metal,167.37,12.75,58.43,5.11,3055
Metal,165.00,7.79,60.39,4.97,3049
Metal,163.64,7.14,60.39,5.00,3052
Metal,168.00,6.54,60.00,4.84,3048
Metal,177.00,13.70,57.25,4.74,3049
Metal,190.59,23.45,56.86,4.38,3048
Metal,188.82,23.61,56.47,4.73,3049
Metal,190.59,23.45,56.86,5.47,3049
Metal,175.71,9.40,58.43,4.65,3052
Metal,165.00,7.79,60.39,4.41,3045
Metal,163.64,7.14,60.39,4.54,3052
Metal,175.00,7.95,59.22,4.15,3045
Metal,182.50,16.55,56.86,4.52,3050
Metal,190.59,23.45,56.86,5.60,3050
Metal,190.29,24.14,56.86,5.38,3050
Metal,190.29,24.14,56.86,4.85,3050
Metal,182.22,18.37,57.65,4.74,3051
Metal,165.00,7.79,60.39,4.18,3055
Metal,169.09,7.19,60.00,3.86,3048
Metal,170.00,8.05,58.43,4.01,3051
Metal,184.29,19.31,56.86,4.03,3050
Metal,188.57,24.31,56.47,3.46,3050
Metal,189.09,22.92,56.47,3.50,3050
Metal,190.29,24.14,56.86,3.34,3048
Metal,174.78,15.65,57.65,3.49,3049
Metal,180.00,7.28,59.22,3.28,3050
Metal,163.64,7.14,60.39,4.39,3053
Metal,163.64,7.14,60.39,6.50,3043
Metal,176.47,11.41,58.43,6.16,3052
Metal,188.00,20.69,56.86,8.28,3049
Metal,190.59,23.45,56.86,7.86,3048
Metal,188.82,23.61,56.47,7.30,3052
Metal,190.59,23.45,56.86,6.65,3049
Metal,183.16,12.67,58.82,6.11,3049
Metal,165.00,7.79,60.39,5.86,3048
Metal,165.00,7.79,60.39,5.30,3045
Metal,173.33,12.24,57.65,4.59,3045
Metal,189.37,22.07,56.86,4.34,3043
Metal,190.29,24.14,56.86,3.65,3052
Metal,190.91,22.76,56.86,3.22,3041
Metal,188.00,20.69,56.86,3.72,3049
Metal,172.00,10.07,58.43,3.35,3052
Metal,169.09,7.19,60.00,3.45,3042
Metal,165.00,7.79,60.39,3.41,3051
Metal,174.55,7.28,59.22,3.77,3052
Metal,177.50,16.44,57.25,3.32,3053
Metal,188.82,23.61,56.47,4.08,3052
Metal,190.29,24.14,56.86,3.70,3049
Metal,186.43,19.05,57.65,3.72,3048
Metal,169.09,7.19,60.00,3.39,3049
Metal,163.64,7.14,60.39,4.75,3049
Metal,175.38,8.67,58.82,4.16,3045
Metal,180.00,17.93,56.86,4.16,3045
Metal,190.29,24.14,56.86,4.46,3050
Metal,190.29,24.14,56.86,3.83,3050
Metal,188.82,23.61,56.47,4.65,3046
Metal,190.59,23.45,56.86,4.92,3050
Metal,177.39,15.75,57.25,5.08,3048
Metal,165.00,7.95,59.22,4.25,3050
Metal,169.09,7.19,60.00,3.69,3045
Metal,163.64,7.14,60.39,3.49,3053
Metal,167.14,9.40,58.43,3.52,3049
Metal,186.43,19.31,56.86,3.93,3051
Metal,190.59,23.45,56.86,3.87,3048
Metal,188.82,23.61,56.47,3.73,3049
Metal,190.59,23.45,56.86,3.22,3044
Metal,187.83,15.33,58.82,3.54,3045
Metal,165.00,7.79,60.39,3.26,3050
Metal,163.64,7.14,60.39,3.18,3042
Metal,176.67,12.16,58.04,3.39,3048
Metal,187.50,22.07,56.86,3.23,3048
Metal,189.09,22.92,56.47,3.28,3049
Metal,190.59,23.45,56.86,3.09,3049
Metal,190.59,23.29,57.25,3.18,3048
Metal,169.09,7.19,60.00,4.85,3048
Metal,165.00,7.79,60.39,5.71,3046
Metal,169.09,7.19,60.00,4.86,3046
Metal,177.00,13.61,57.65,5.04,3048
Metal,190.59,23.45,56.86,5.83,3049
Metal,190.00,24.83,56.86,5.68,3048
Metal,190.00,24.83,56.86,5.03,3050
Metal,186.21,20.00,56.86,4.48,3046
Metal,171.43,9.40,58.43,3.73,3048
Metal,165.00,7.79,60.39,3.51,3048
Metal,163.64,7.14,60.39,3.13,3046
Metal,174.55,7.28,59.22,3.14,3051
Metal,180.00,15.86,56.86,3.13,3049
Metal,190.29,24.14,56.86,3.06,3045
Metal,190.29,24.14,56.86,2.98,3048
Metal,190.29,24.14,56.86,2.51,3045
Metal,175.00,8.05,58.43,2.84,3048
Metal,165.00,7.79,60.39,2.99,3048
Metal,162.00,6.49,60.39,2.79,3050
Metal,175.38,8.72,58.43,3.08,3050
Metal,182.14,19.31,56.86,3.70,3046
Metal,190.29,24.14,56.86,3.36,3049
Metal,189.09,22.92,56.47,3.01,3048
Metal,188.82,23.61,56.47,2.63,3049
Metal,177.14,14.38,57.25,3.03,3046
Metal,169.09,7.24,59.61,2.63,3049
Metal,165.00,7.79,60.39,2.48,3048
Metal,165.00,7.79,60.39,2.52,3051
Metal,172.50,10.81,58.04,2.72,3044
Metal,187.50,22.07,56.86,2.97,3048
Metal,189.09,22.92,56.47,2.97,3047
Metal,188.57,24.31,56.47,3.46,3050
Metal,187.27,22.76,56.86,5.11,3050
Metal,169.09,7.19,60.00,5.04,3050
Metal,165.00,7.79,60.39,4.46,3052
Metal,168.00,6.58,59.61,5.56,3052
Metal,177.00,13.70,57.25,5.05,3050
Metal,190.59,23.45,56.86,4.89,3052
Metal,188.82,23.61,56.47,4.64,3050
Metal,188.82,23.61,56.47,4.30,3052
Metal,190.29,24.14,56.86,3.88,3052
Metal,184.14,20.00,56.86,3.36,3050
Metal,168.00,10.07,58.43,3.36,3048
Metal,165.00,7.79,60.39,3.43,3053
Metal,163.64,7.14,60.39,3.22,3048
Metal,169.09,7.28,59.22,3.26,3048
Metal,180.00,16.55,56.86,3.08,3050
Metal,190.59,23.45,56.86,4.99,3053
Metal,190.59,23.45,56.86,4.32,3049
Metal,190.59,23.45,56.86,3.90,3054
Metal,182.22,18.62,56.86,3.85,3050
Metal,170.77,8.67,58.82,3.50,3043
Metal,165.00,7.79,60.39,3.14,3051
Metal,162.00,6.49,60.39,3.42,3051
Metal,175.38,8.61,59.22,3.51,3047
Metal,185.00,16.55,56.86,3.71,3050
Metal,190.59,23.45,56.86,3.41,3044
Metal,190.29,24.14,56.86,3.51,3062
Metal,177.50,16.44,57.25,3.39,3053
Metal,184.62,8.67,58.82,3.34,3048
Metal,165.00,7.79,60.39,3.45,3049
Metal,163.64,7.14,60.39,3.29,3050
Metal,180.00,8.05,58.43,3.41,3046
Metal,184.44,18.62,56.86,3.42,3050
Metal,190.29,24.14,56.86,3.36,3050
Metal,190.59,23.45,56.86,3.57,3050
Metal,190.00,24.83,56.86,3.12,3044
Metal,186.00,6.67,58.82,3.27,3052
Metal,165.00,7.79,60.39,3.76,3049
Metal,162.00,6.49,60.39,3.51,3050
Metal,176.00,10.07,58.43,3.12,3048
Metal,184.29,19.31,56.86,3.15,3051
Metal,190.59,23.45,56.86,3.03,3048
Metal,190.29,24.14,56.86,2.58,3049
Metal,188.57,24.31,56.47,2.59,3052
Metal,190.29,24.14,56.86,2.38,3045
Metal,189.23,17.22,59.22,2.27,3052
Metal,165.00,7.79,60.39,2.36,3050
Metal,165.00,7.79,60.39,2.01,3049
Metal,172.94,11.41,58.43,1.76,3053
Metal,188.28,20.00,56.86,2.97,3050
Metal,190.29,24.14,56.86,2.88,3052
Metal,190.29,24.14,56.86,2.89,3044
Metal,188.57,24.31,56.47,3.39,3052
Metal,187.27,22.92,56.47,3.30,3050
Metal,174.29,14.29,57.65,2.95,3049
Metal,175.00,7.89,59.61,3.74,3050
Metal,165.00,7.79,60.39,3.32,3053
Metal,163.64,7.14,60.39,2.95,3052
Metal,172.94,11.41,58.43,3.15,3048
Metal,188.00,20.69,56.86,3.94,3050
Metal,190.00,24.83,56.86,4.32,3051
Metal,190.29,24.14,56.86,4.12,3052
Metal,190.29,24.14,56.86,4.74,3048
Metal,189.09,22.92,56.47,4.65,3050
Metal,171.43,14.19,58.04,4.21,3053
Metal,165.00,7.89,59.61,4.67,3045
Metal,165.00,7.79,60.39,4.75,3049
Metal,165.00,7.79,60.39,4.08,3051
Metal,172.00,10.07,58.43,3.98,3050
Metal,184.14,20.28,56.08,4.26,3050
Metal,190.59,23.45,56.86,3.77,3050
Metal,190.29,24.14,56.86,3.38,3050
Metal,189.09,22.76,56.86,3.30,3049
Metal,174.00,13.61,57.65,3.18,3050
Metal,174.55,7.28,59.22,2.80,3044
Metal,165.00,7.79,60.39,3.97,3053
Metal,165.00,7.79,60.39,3.69,3053
Metal,176.25,10.81,58.04,5.19,3048
Metal,188.00,20.69,56.86,5.96,3048
Metal,188.57,24.31,56.47,5.21,3048
Metal,188.82,23.61,56.47,4.61,3048
Metal,190.29,24.14,56.86,4.34,3050
Metal,188.57,24.31,56.47,3.72,3050
Metal,177.14,14.38,57.25,3.50,3049
Metal,174.55,7.28,59.22,3.73,3049
Metal,165.00,7.79,60.39,3.29,3050
Metal,163.64,7.14,60.39,3.51,3046
Metal,171.43,9.40,58.43,3.29,3053
Metal,184.44,18.62,56.86,3.45,3049
Metal,189.09,22.92,56.47,3.54,3048
Metal,188.82,23.61,56.47,3.60,3047
Metal,177.60,17.12,57.25,3.06,3045
Metal,180.00,6.67,58.82,2.66,3050
Metal,165.00,7.79,60.39,2.33,3050
Metal,165.00,7.79,60.39,2.24,3049
Metal,184.62,8.67,58.82,3.39,3050
Metal,182.22,18.62,56.86,3.89,3048
Metal,190.29,24.14,56.86,3.76,3045
Metal,188.82,23.61,56.47,4.73,3045
Metal,190.29,24.14,56.86,4.55,3049
Metal,186.43,18.79,58.43,4.54,3052
Metal,165.00,7.79,60.39,4.47,3045
Metal,165.00,7.79,60.39,4.02,3052
Metal,170.77,8.72,58.43,3.54,3049
Metal,184.29,19.31,56.86,4.22,3049
Metal,190.59,23.45,56.86,3.50,3049
Metal,189.09,22.92,56.47,3.86,3052
Metal,188.82,23.61,56.47,4.33,3050
Metal,175.38,17.69,57.65,4.85,3049
Metal,169.09,7.28,59.22,4.68,3050
Metal,165.00,7.79,60.39,4.07,3049
Metal,163.64,7.14,60.39,3.88,3049
Metal,162.86,9.40,58.43,3.54,3045
Metal,189.09,22.92,56.47,3.18,3044
Metal,190.29,24.14,56.86,2.69,3054
Metal,188.82,23.61,56.47,2.86,3050
Metal,190.29,24.14,56.86,3.04,3052
Metal,180.00,16.55,56.86,3.10,3044
Metal,175.00,8.05,58.43,3.36,3049
Metal,165.00,7.79,60.39,2.91,3050
Metal,165.00,7.79,60.39,2.89,3051
Metal,175.71,9.27,59.22,3.55,3050
Metal,185.00,16.55,56.86,3.80,3048
Metal,190.00,24.83,56.86,3.85,3046
Metal,188.82,23.61,56.47,4.87,3048
Metal,186.21,19.73,57.65,5.11,3051
Metal,165.00,7.79,60.39,4.45,3049
Metal,165.00,7.79,60.39,3.77,3049
Metal,174.55,7.28,59.22,3.68,3052
Metal,177.50,16.44,57.25,3.86,3048
Metal,188.82,23.61,56.47,3.78,3051
Metal,190.59,23.45,56.86,3.54,3049
Metal,190.29,24.14,56.86,3.48,3046
Metal,172.00,10.07,58.43,3.44,3048
Metal,169.09,7.19,60.00,2.91,3045
Metal,165.00,7.79,60.39,2.75,3050
Metal,174.00,6.62,59.22,3.45,3049
Metal,177.39,15.75,57.25,3.04,3045
Metal,189.09,22.92,56.47,3.04,3048
Metal,188.57,24.31,56.47,2.75,3051
Metal,190.29,24.14,56.86,2.85,3052
Metal,190.29,24.14,56.86,3.09,3052
Metal,182.14,19.44,56.47,2.83,3048
Metal,172.94,11.41,58.43,2.67,3050
Metal,169.09,7.19,60.00,3.55,3049
Metal,165.00,7.79,60.39,3.11,3049
Metal,180.00,6.62,59.22,2.90,3050
Metal,177.39,15.75,57.25,3.95,3050
Metal,189.09,22.92,56.47,4.15,3050
Metal,190.29,24.14,56.86,3.91,3050
Metal,190.29,24.14,56.86,3.67,3050
Metal,190.29,24.14,56.86,3.42,3049
Metal,172.94,11.41,58.43,2.91,3052
Metal,169.09,7.19,60.00,2.49,3049
Metal,165.00,7.79,60.39,2.92,3050
Metal,173.33,5.96,59.22,2.98,3049
Metal,177.14,14.38,57.25,3.44,3048
Metal,190.59,23.45,56.86,3.85,3052
Metal,190.29,24.14,56.86,3.36,3048
Metal,190.59,23.45,56.86,3.68,3050
Metal,187.74,21.38,56.86,3.82,3050
Metal,169.41,11.41,58.43,3.22,3053
Metal,160.00,7.79,60.39,2.74,3049
Metal,165.00,7.79,60.39,2.45,3052
Metal,169.09,7.19,60.00,2.48,3048
Metal,180.00,13.01,57.25,2.60,3050
Metal,190.91,22.76,56.86,2.94,3055
Metal,190.00,24.83,56.86,2.95,3049
Metal,190.59,23.45,56.86,3.22,3052
Metal,174.00,13.51,58.04,3.13,3050
Metal,173.33,5.96,59.22,3.00,3048
Metal,165.00,7.79,60.39,2.65,3051
Metal,169.09,7.19,60.00,2.80,3048
Metal,176.47,11.41,58.43,3.10,3048
Metal,187.74,21.38,56.86,3.51,3048
Metal,190.29,24.14,56.86,3.11,3052
Metal,190.29,24.14,56.86,4.43,3046
Metal,190.59,23.45,56.86,4.31,3050
Metal,190.59,23.45,56.86,3.92,3052
Metal,174.55,14.97,57.65,3.60,3049
Metal,180.00,7.28,59.22,5.70,3046
Metal,165.00,7.79,60.39,6.33,3048
Metal,163.64,7.14,60.39,5.90,3053
Metal,172.00,10.07,58.43,5.12,3045
Metal,188.28,20.00,56.86,4.78,3053
Metal,190.00,24.83,56.86,4.10,3050
Metal,190.29,24.14,56.86,3.65,3051
Metal,240.00,100.00,3.14,2.28,3052
Metal,240.00,100.00,2.75,2.57,3045
Metal,356.00,100.00,5.88,3.07,3055
Metal,240.00,100.00,3.14,3.25,3052
Metal,355.71,100.00,5.49,3.35,3052
Metal,240.00,100.00,2.75,3.98,3046
Metal,355.71,100.00,5.49,4.33,3052
Metal,240.00,100.00,2.75,3.98,3048
Metal,0.00,100.00,5.10,4.37,3038
Metal,240.00,100.00,2.75,4.18,3048
Metal,0.00,100.00,4.71,4.43,3054
Metal,240.00,100.00,2.75,4.84,0
Metal,0.00,0.00,0.00,4.28,0
Metal,274.29,100.00,2.75,5.08,3046
Metal,240.00,100.00,0.39,4.83,3053
Metal,342.86,93.33,5.88,5.04,3028
Metal,240.00,100.00,1.18,4.89,3050
Metal,353.68,100.00,7.45,4.17,3053
Metal,240.00,100.00,1.18,4.24,3038
Metal,353.68,100.00,7.45,3.73,3028
Metal,240.00,100.00,2.35,3.55,2560
Metal,0.00,100.00,7.45,3.08,0
Metal,240.00,100.00,2.75,2.82,3055
Metal,0.00,100.00,3.92,2.93,3058
Metal,240.00,100.00,2.75,2.61,3055
Metal,0.00,100.00,3.53,3.11,3054
Metal,240.00,100.00,2.75,3.25,3052
Metal,0.00,100.00,3.53,3.46,3044
Metal,240.00,100.00,2.75,3.17,3053
Metal,0.00,100.00,3.14,3.01,3062
Metal,240.00,100.00,2.75,3.49,0
Metal,0.00,100.00,3.14,3.63,0
Metal,240.00,100.00,2.75,4.39,3046
Metal,0.00,100.00,3.92,4.19,3055
Metal,240.00,100.00,2.75,3.90,3046
Metal,0.00,100.00,2.75,3.81,3033
Metal,240.00,100.00,2.75,3.55,3032
Metal,0.00,100.00,3.53,4.01,3052
Metal,240.00,100.00,2.75,3.53,3055
Metal,0.00,100.00,2.35,2.95,3052
Metal,240.00,100.00,2.35,2.57,3039
Metal,0.00,0.00,0.00,2.64,3049
Metal,308.57,100.00,2.75,2.19,3047
Metal,240.00,100.00,0.39,2.79,0
Metal,348.75,94.12,6.67,2.80,0
Metal,240.00,100.00,0.39,2.83,0
Metal,348.00,93.75,6.27,2.63,3044
Metal,240.00,100.00,1.57,2.69,3041
Metal,356.84,100.00,7.45,2.74,3053
Metal,240.00,100.00,2.35,2.99,3050
Metal,0.00,100.00,6.27,3.06,3076
Metal,240.00,100.00,2.35,3.24,3026
Metal,0.00,100.00,6.67,2.99,3046
Metal,240.00,100.00,2.75,2.88,3057
Metal,351.43,100.00,2.75,2.74,3048
Metal,240.00,100.00,2.75,2.31,3049
Metal,0.00,100.00,2.75,2.81,3048
Metal,240.00,100.00,2.75,2.93,3044
Metal,0.00,100.00,3.14,2.60,0
Metal,240.00,100.00,2.75,2.83,0
Metal,0.00,100.00,2.35,2.62,0
Metal,240.00,100.00,2.75,2.55,0
Metal,0.00,100.00,2.35,3.20,3052
Metal,240.00,100.00,2.75,4.35,3024
Metal,0.00,100.00,2.35,3.97,3049
Metal,240.00,100.00,2.75,4.45,3054
Metal,0.00,100.00,1.96,4.77,3050
Metal,230.00,100.00,2.35,4.63,3044
Metal,0.00,0.00,0.00,3.98,3052
Metal,326.67,90.00,3.92,3.52,3053
Metal,0.00,0.00,0.00,3.26,3041
Metal,326.67,90.00,3.92,2.97,3055
Metal,240.00,100.00,0.78,2.74,3054
Metal,341.25,94.12,6.67,2.37,3055
Metal,0.00,0.00,0.00,2.11,3055
Metal,330.00,90.91,4.31,1.99,3038
Metal,0.00,0.00,0.00,1.66,3054
Metal,321.82,100.00,4.31,1.58,0
Metal,0.00,100.00,1.18,1.84,0
Metal,248.57,100.00,2.75,1.90,0
Metal,0.00,100.00,0.78,1.70,0
Metal,240.00,100.00,2.75,2.97,0
Metal,0.00,100.00,1.18,2.55,0
Metal,248.57,100.00,2.75,2.75,3046
Metal,0.00,100.00,0.78,2.54,3046
Metal,240.00,100.00,2.75,2.57,3054
Metal,0.00,100.00,1.57,2.54,3055
Metal,248.57,100.00,2.75,2.31,3055
Metal,0.00,100.00,1.96,2.19,0
Metal,240.00,100.00,2.75,2.66,0
Metal,0.00,100.00,1.18,2.27,0
Metal,248.57,100.00,2.75,5.26,3058
Metal,0.00,100.00,1.18,4.46,3055
Metal,240.00,100.00,2.75,3.87,3026
Metal,0.00,100.00,1.57,3.48,3042
Metal,240.00,100.00,2.75,2.94,3060
Metal,0.00,100.00,0.78,2.60,3052
Metal,240.00,100.00,2.75,2.48,3033
Metal,0.00,100.00,1.57,2.20,3050
Metal,248.57,100.00,2.75,2.14,3052
Metal,0.00,100.00,0.78,2.28,3052
Metal,240.00,100.00,2.75,1.93,3045
Metal,0.00,100.00,0.78,1.64,3055
Metal,257.14,100.00,2.75,1.62,0
Metal,0.00,100.00,0.39,1.47,0
Metal,257.14,100.00,2.75,1.57,3054
Metal,0.00,100.00,0.39,1.63,3050
Metal,265.71,100.00,2.75,1.47,3053
Metal,0.00,0.00,0.00,1.55,3052
Metal,265.71,100.00,2.75,2.20,3055
Metal,0.00,0.00,0.00,2.33,3042
Metal,282.86,100.00,2.75,2.24,3037
Metal,0.00,0.00,0.00,2.14,3055
Metal,282.86,100.00,2.75,2.09,0
Metal,0.00,0.00,0.00,2.02,0
Metal,282.86,100.00,2.75,1.94,0
Metal,0.00,0.00,0.00,1.95,0
Metal,307.50,100.00,3.14,1.81,0
Metal,240.00,100.00,0.39,1.92,0
Metal,348.00,93.75,6.27,1.96,0
Metal,240.00,100.00,0.39,2.26,0
Metal,348.00,93.75,6.27,2.08,0
Metal,240.00,100.00,1.57,1.99,0
Metal,356.84,100.00,7.45,1.93,0
Metal,240.00,100.00,2.35,1.84,0
Metal,0.00,100.00,7.06,1.65,0
Metal,240.00,100.00,2.75,1.46,0
Metal,0.00,100.00,2.35,1.58,0
Metal,240.00,100.00,2.75,1.60,0
Metal,0.00,100.00,1.96,1.59,0
Metal,240.00,100.00,2.75,1.73,0
Metal,0.00,100.00,1.57,1.61,0
Metal,248.57,100.00,2.75,1.67,0
Metal,0.00,100.00,1.18,1.57,0
Metal,257.14,100.00,2.75,1.44,0
Metal,0.00,0.00,0.00,1.43,0
Metal,265.71,100.00,2.75,1.33,0
Metal,0.00,0.00,0.00,1.31,0
Metal,341.54,92.86,5.49,1.71,0
Metal,240.00,100.00,1.18,1.92,474
Metal,356.67,100.00,7.06,1.85,0
Metal,240.00,100.00,1.18,2.10,3072
Metal,346.67,100.00,7.06,2.27,3055
Metal,240.00,100.00,0.39,2.00,0
Metal,347.14,93.33,5.88,1.95,3046
Metal,240.00,100.00,0.39,1.76,3026
Metal,348.75,94.12,6.67,1.62,3044
Metal,240.00,100.00,1.57,1.62,3052
Metal,0.00,100.00,7.45,1.86,3038
Metal,240.00,100.00,2.75,1.76,3050
Metal,0.00,100.00,6.27,1.68,3055
Metal,240.00,100.00,2.75,1.69,3053
Metal,0.00,100.00,0.78,1.43,3040
Metal,248.57,100.00,2.75,1.37,3045
Metal,0.00,100.00,0.78,1.32,3056
Metal,265.71,100.00,2.75,1.56,3055
Metal,0.00,100.00,0.39,1.51,3055
Metal,257.14,100.00,2.75,1.62,3052
Metal,0.00,0.00,0.00,1.72,3086
Metal,274.29,100.00,2.75,1.61,3052
Metal,0.00,0.00,0.00,1.62,3042
Metal,291.43,100.00,2.75,2.61,3049
Metal,240.00,100.00,0.39,4.01,3048
Metal,348.00,93.75,6.27,3.83,3054
Metal,240.00,100.00,1.57,3.39,3048
Metal,356.84,100.00,7.45,3.03,3051
Metal,240.00,100.00,2.35,2.81,3052
Metal,0.00,100.00,7.06,2.51,3054
Metal,240.00,100.00,2.75,2.96,3052
Metal,0.00,100.00,2.35,2.66,3046
Metal,240.00,100.00,2.75,2.44,3050
Metal,0.00,100.00,2.35,2.33,3051
Metal,230.00,100.00,2.35,2.16,3060
Metal,0.00,0.00,0.00,2.11,3044
Metal,327.27,100.00,4.31,2.07,0
Metal,0.00,0.00,0.00,2.22,0
Metal,332.73,91.67,4.71,2.58,0
Metal,0.00,0.00,0.00,4.11,3039
Metal,335.00,92.31,5.10,5.61,3072
Metal,0.00,0.00,0.00,5.10,3055
Metal,0.00,0.00,0.00,4.43,3044
Metal,341.54,92.86,5.49,4.25,3055
Metal,240.00,100.00,0.39,3.62,3077
Metal,342.86,93.33,5.88,3.53,3050
Metal,240.00,100.00,0.39,3.22,3053
Metal,348.00,93.75,6.27,3.33,3048
Metal,240.00,100.00,0.39,2.74,3055
Metal,348.00,93.75,6.27,2.43,3055
Metal,240.00,100.00,1.57,2.24,3052
Metal,356.84,100.00,7.45,2.12,3053
Metal,240.00,100.00,2.35,2.11,3055
Metal,0.00,100.00,6.67,1.93,3053
Metal,240.00,100.00,2.75,1.80,3053
Metal,0.00,100.00,1.18,1.69,3046
Metal,240.00,100.00,2.75,1.55,15
Metal,0.00,100.00,0.78,1.56,0
Metal,248.57,100.00,2.75,1.79,0
Metal,0.00,0.00,0.00,1.77,0
Metal,265.71,100.00,2.75,1.66,0
Metal,0.00,100.00,0.39,1.66,0
Metal,274.29,100.00,2.75,1.54,0
Metal,0.00,0.00,0.00,1.43,0
Metal,282.86,100.00,2.75,1.61,0
Metal,0.00,0.00,0.00,2.03,3055
Metal,291.43,100.00,2.75,2.06,3058
Metal,240.00,100.00,0.39,1.97,3050
Metal,348.00,93.75,6.27,2.25,3055
Metal,240.00,100.00,0.39,1.88,3050
Metal,348.00,93.75,6.27,1.78,3055
Metal,240.00,100.00,1.57,1.78,3048
Metal,356.84,100.00,7.45,1.63,3051
Metal,240.00,100.00,2.35,1.61,3052
Metal,0.00,100.00,6.27,1.51,3055
Metal,240.00,100.00,2.75,1.54,3048
Metal,0.00,100.00,5.88,1.64,1024
Metal,240.00,100.00,2.75,1.66,0
Metal,0.00,0.00,0.00,1.74,0
Metal,265.71,100.00,2.75,1.62,0
Metal,0.00,100.00,0.39,1.56,3055
Metal,282.86,100.00,2.75,1.84,3053
Metal,0.00,0.00,0.00,1.66,3052
Metal,291.43,100.00,2.75,1.87,3052
Metal,0.00,0.00,0.00,1.92,3048
Metal,282.86,100.00,2.75,1.98,3055
Metal,0.00,0.00,0.00,1.90,3058
Metal,300.00,100.00,2.75,1.84,3049
Metal,240.00,100.00,0.39,1.81,3055
Metal,348.00,93.75,6.27,1.72,3055
Metal,240.00,100.00,0.39,1.75,3055
Metal,348.75,94.12,6.67,1.64,3045
Metal,240.00,100.00,1.57,1.45,3054
Metal,350.53,100.00,7.45,1.61,3052
Metal,240.00,100.00,0.39,1.52,3061
Metal,352.94,94.44,7.06,1.43,3051
Metal,240.00,100.00,1.96,1.43,3042
Metal,356.84,100.00,7.45,1.92,3054
Metal,240.00,100.00,2.75,1.88,3045
Metal,0.00,100.00,5.88,2.01,3055
Metal,240.00,100.00,2.75,2.01,3046
Metal,0.00,0.00,0.00,1.86,0
Metal,274.29,100.00,2.75,2.19,0
Metal,240.00,100.00,0.39,2.07,3057
Metal,342.86,93.33,5.88,2.17,3055
Metal,240.00,100.00,0.39,2.11,3058
Metal,342.86,93.33,5.88,2.03,3044
Metal,240.00,100.00,1.57,2.17,3054
Metal,356.84,100.00,7.45,1.85,3043
Metal,240.00,100.00,2.35,1.79,3050
Metal,0.00,100.00,6.67,2.01,3051
Metal,240.00,100.00,2.75,5.96,3050
Metal,0.00,100.00,1.57,5.30,3055
Metal,240.00,100.00,2.75,4.53,3036
Metal,0.00,100.00,1.18,4.10,3053
Metal,248.57,100.00,2.75,3.59,3053
Metal,0.00,100.00,0.78,3.40,3061
Metal,257.14,100.00,2.75,3.25,3055
Metal,0.00,100.00,0.39,3.21,3045
Metal,265.71,100.00,2.75,3.03,3050
Metal,0.00,0.00,0.00,2.47,3057
Metal,282.86,100.00,2.75,2.44,3076
Metal,0.00,0.00,0.00,2.27,3055
Metal,342.86,93.33,5.88,2.25,3050
Metal,240.00,100.00,1.18,2.11,3077
Metal,356.84,100.00,7.45,1.94,3034
Metal,240.00,100.00,2.35,2.00,3050
Metal,0.00,100.00,7.06,1.90,3051
Metal,240.00,100.00,2.75,1.80,3050
Metal,0.00,100.00,2.35,1.63,3064
Metal,240.00,100.00,2.75,1.73,3052
Metal,0.00,100.00,2.35,1.57,3052
Metal,240.00,100.00,2.75,1.77,3055
Metal,0.00,100.00,1.57,1.86,3049
Metal,248.57,100.00,2.75,2.00,0
Metal,0.00,100.00,1.18,2.14,0
Metal,257.14,100.00,2.75,1.80,0
Metal,0.00,100.00,0.78,1.74,3072
Metal,265.71,100.00,2.75,1.79,3040
Metal,0.00,100.00,0.39,1.66,3050
Metal,274.29,100.00,2.75,1.55,3044
Metal,0.00,0.00,0.00,1.53,3055
Metal,342.86,93.33,5.88,1.95,3049
Metal,240.00,100.00,1.57,2.04,3051
Metal,353.68,100.00,7.45,1.94,3054
Metal,240.00,100.00,1.18,1.84,3055
Metal,346.67,100.00,7.06,1.88,3048
Metal,240.00,100.00,1.57,1.94,3049
Metal,356.84,100.00,7.45,1.86,3059
Metal,240.00,100.00,2.35,1.70,3054
Metal,0.00,100.00,7.06,1.56,3072
Metal,240.00,100.00,2.75,1.56,3055
Metal,0.00,100.00,1.96,1.59,3054
Metal,240.00,100.00,2.75,1.85,3053
Metal,0.00,100.00,1.57,1.95,3048
Metal,248.57,100.00,2.75,1.89,3072
Metal,0.00,100.00,1.18,2.12,3036
Metal,265.71,100.00,2.75,1.96,3045
Metal,0.00,100.00,0.39,1.84,3058
Metal,257.14,100.00,2.75,1.72,3049
Metal,0.00,0.00,0.00,1.68,3058
Metal,282.86,100.00,2.75,1.61,3049
Metal,240.00,100.00,0.39,1.43,3049
Metal,342.86,93.33,5.88,1.44,3055
Metal,240.00,100.00,0.39,1.34,3046
Metal,348.00,93.75,6.27,1.54,3055
Metal,240.00,100.00,1.57,1.28,3057
Metal,346.67,100.00,7.06,1.26,3053
Metal,240.00,100.00,1.96,1.23,3054
Metal,356.67,100.00,7.06,1.22,3044
Metal,240.00,100.00,2.35,1.26,3052
Metal,0.00,100.00,5.88,1.43,3053
Metal,240.00,100.00,2.75,1.37,3055
Metal,0.00,100.00,5.49,1.54,3054
Metal,240.00,100.00,2.75,1.44,3055
Metal,0.00,100.00,0.39,1.53,3055
Metal,265.71,100.00,2.75,1.50,3054
Metal,0.00,0.00,0.00,1.63,3053
Metal,274.29,100.00,2.75,1.34,3057
Metal,0.00,100.00,4.71,1.24,3052
Metal,240.00,100.00,2.75,1.60,3055
Metal,0.00,100.00,3.92,1.63,3053
Metal,240.00,100.00,2.75,1.62,45
Metal,0.00,100.00,3.53,1.55,0
Metal,240.00,100.00,2.75,1.55,22
Metal,0.00,100.00,2.75,1.49,3055
Metal,240.00,100.00,2.75,1.42,3042
Metal,0.00,100.00,1.96,1.54,3051
Metal,248.57,100.00,2.75,1.85,3057
Metal,0.00,100.00,1.57,1.87,3055
Metal,257.14,100.00,2.75,2.03,3049
Metal,0.00,0.00,0.00,2.00,3040
Metal,265.71,100.00,2.75,2.03,3044
Metal,0.00,0.00,0.00,1.77,3063
Metal,274.29,100.00,2.75,1.55,3057
Metal,0.00,0.00,0.00,1.58,3072
Metal,282.86,100.00,2.75,1.60,3049
Metal,240.00,100.00,0.39,1.59,3050
Metal,348.00,93.75,6.27,1.54,3055
Metal,240.00,100.00,1.57,1.35,3084
Metal,356.84,100.00,7.45,1.20,3059
Metal,240.00,100.00,2.35,1.21,3032
Metal,0.00,100.00,6.27,1.22,3052
Metal,240.00,100.00,2.75,1.24,3062
Metal,0.00,100.00,1.18,1.32,3056
Metal,240.00,100.00,2.75,1.57,3050
Metal,0.00,100.00,0.78,1.45,3074
Metal,257.14,100.00,2.75,1.47,3055
Metal,0.00,0.00,0.00,1.51,3055
Metal,265.71,100.00,2.75,1.43,3057
Metal,0.00,0.00,0.00,1.60,3054
Metal,282.86,100.00,2.75,1.49,3055
Metal,240.00,100.00,0.39,1.53,3050
Metal,348.00,93.75,6.27,1.54,3045
Metal,240.00,100.00,1.57,1.58,3055
Metal,356.67,100.00,7.06,1.47,3056
Metal,240.00,100.00,1.57,1.56,3055
Metal,356.84,100.00,7.45,1.31,3047
Metal,240.00,100.00,2.75,1.18,3052
Metal,0.00,100.00,6.27,1.16,3048
Metal,240.00,100.00,2.75,1.33,3053
Metal,0.00,100.00,0.39,1.30,3055
Metal,274.29,100.00,2.75,1.74,3049
Metal,0.00,0.00,0.00,1.67,3042
Metal,342.86,93.33,5.88,1.52,3055
Metal,240.00,100.00,0.39,1.45,3049
Metal,344.00,93.75,6.27,1.41,3056
Metal,240.00,100.00,1.57,1.32,3056
Metal,347.37,100.00,7.45,1.48,3041
Metal,240.00,100.00,1.57,1.72,3052
Metal,356.84,100.00,7.45,1.61,3054
Metal,240.00,100.00,1.96,1.73,3040
Metal,0.00,100.00,7.45,1.70,3054
Metal,240.00,100.00,2.75,1.96,3054
Metal,0.00,100.00,5.88,1.95,3055
Metal,240.00,100.00,2.75,2.23,3042
Metal,0.00,100.00,0.39,1.84,3053
Metal,257.14,100.00,2.75,1.71,3054
Metal,0.00,100.00,4.71,1.80,3055
Metal,240.00,100.00,2.75,1.51,3055
Metal,0.00,100.00,4.31,1.33,3055
Metal,240.00,100.00,2.75,1.50,3051
Metal,0.00,100.00,3.92,1.53,3059
Metal,240.00,100.00,2.75,1.28,3055
Metal,0.00,100.00,3.14,1.32,3049
Metal,240.00,100.00,2.75,1.28,3062
Metal,0.00,100.00,2.35,1.23,3053
Metal,240.00,100.00,2.75,1.31,3055
Metal,0.00,100.00,1.96,1.39,3054
Metal,248.57,100.00,2.75,1.36,3072
Metal,0.00,100.00,1.18,1.23,3049
Metal,265.71,100.00,2.75,1.37,3055
Metal,0.00,100.00,0.39,1.36,3073
Metal,274.29,100.00,2.75,1.47,3051
Metal,0.00,0.00,0.00,1.39,3048
Metal,291.43,100.00,2.75,1.37,3055
Metal,240.00,100.00,0.39,1.34,60
Metal,344.00,93.75,6.27,1.37,0
Metal,240.00,100.00,0.39,1.37,0
Metal,348.00,93.75,6.27,1.45,0
Metal,240.00,100.00,1.57,2.40,3054
Metal,356.84,100.00,7.45,2.33,3026
Metal,240.00,100.00,2.35,2.93,3051
Metal,356.25,100.00,6.27,3.48,3032
Metal,240.00,100.00,2.75,3.30,3049
Metal,0.00,100.00,0.39,2.88,3053
Metal,257.14,100.00,2.75,2.49,3055
Metal,0.00,0.00,0.00,2.24,3050
Metal,274.29,100.00,2.75,2.02,3073
Metal,240.00,100.00,0.39,1.92,3055
Metal,334.29,93.33,5.88,1.74,3052
Metal,0.00,0.00,0.00,1.91,3055
Metal,290.00,100.00,2.35,1.60,3055
Metal,0.00,0.00,0.00,1.51,3052
Metal,310.00,85.71,2.75,1.40,3052
Metal,0.00,0.00,0.00,1.62,3055
Metal,322.50,88.89,3.53,1.85,3047
Metal,0.00,0.00,0.00,1.69,3046
Metal,326.67,90.00,3.92,1.86,3055
Metal,240.00,100.00,0.78,1.88,3055
Metal,352.94,94.44,7.06,1.84,3055
Metal,240.00,100.00,1.96,1.70,3055
Metal,353.68,100.00,7.45,1.61,3053
Metal,240.00,100.00,1.96,1.52,3055
Metal,0.00,100.00,7.45,1.68,3055
Metal,240.00,100.00,2.35,1.75,3055
Metal,0.00,100.00,7.45,1.73,3060
Metal,240.00,100.00,2.75,1.84,971
Metal,0.00,100.00,3.92,1.64,0
Metal,240.00,100.00,2.75,1.48,0
Metal,0.00,0.00,0.00,1.53,0
Metal,300.00,100.00,2.35,1.41,0
Metal,0.00,0.00,0.00,3.74,0
Metal,300.00,100.00,2.75,3.57,0
Metal,0.00,0.00,0.00,3.16,3055
Metal,315.00,100.00,3.14,2.85,3055
Metal,0.00,0.00,0.00,2.86,3054
Metal,317.14,87.50,3.14,2.79,3054
Metal,240.00,100.00,0.78,2.82,3055
Metal,352.94,94.44,7.06,2.51,3052
Metal,240.00,100.00,0.78,2.33,3051
Metal,352.94,94.44,7.06,2.05,3055
Metal,240.00,100.00,1.96,2.24,3060
Metal,0.00,100.00,7.45,2.01,3048
Metal,240.00,100.00,2.75,2.07,3038
Metal,0.00,100.00,5.10,1.80,3055
Metal,240.00,100.00,2.75,2.05,3056
Metal,0.00,100.00,4.71,2.14,3053
Metal,240.00,100.00,2.75,2.23,3036
Metal,0.00,100.00,3.53,1.94,3072
Metal,240.00,100.00,2.75,1.76,3054
Metal,0.00,100.00,3.53,1.77,3056
Metal,240.00,100.00,2.75,1.61,192
Metal,0.00,100.00,1.96,1.72,3052
Metal,240.00,100.00,2.75,1.66,3065
Metal,0.00,100.00,1.96,2.59,3052
Metal,248.57,100.00,2.75,2.36,3055
Metal,0.00,100.00,1.18,2.38,3038
Metal,257.14,100.00,2.75,2.63,3055
Metal,240.00,100.00,0.39,2.73,3050
Metal,340.00,92.31,5.10,2.39,3055
Metal,240.00,100.00,0.39,2.21,3055
Metal,341.54,92.86,5.49,2.22,3052
Metal,240.00,100.00,1.18,2.30,3049
Metal,356.67,100.00,7.06,2.11,3059
Metal,240.00,100.00,2.35,2.14,3074
Metal,0.00,100.00,7.06,2.18,3055
Metal,240.00,100.00,2.35,2.44,3054
Metal,356.47,100.00,6.67,2.53,3060
Metal,240.00,100.00,2.75,2.62,3054
Metal,0.00,100.00,1.57,2.70,3057
Metal,248.57,100.00,2.75,2.33,3044
Metal,0.00,100.00,1.57,2.02,3054
Metal,248.57,100.00,2.75,1.94,3057
Metal,0.00,100.00,0.39,1.84,3057
Metal,257.14,100.00,2.75,1.70,3054
Metal,0.00,0.00,0.00,1.85,3055
Metal,257.14,100.00,2.75,1.66,3050
Metal,0.00,0.00,0.00,1.77,3059
Metal,265.71,100.00,2.75,1.87,3055
Metal,0.00,100.00,4.71,1.80,3055
Metal,240.00,100.00,2.75,1.72,3055
Metal,0.00,0.00,0.00,1.84,3057
Metal,282.86,100.00,2.75,2.36,3052
Metal,0.00,100.00,3.92,2.39,3072
Metal,240.00,100.00,2.75,2.17,0
Metal,0.00,100.00,2.75,2.52,0
Metal,240.00,100.00,2.75,2.21,0
Metal,0.00,100.00,3.53,1.99,3057
Metal,240.00,100.00,2.75,1.95,3044
Metal,0.00,100.00,1.96,2.04,3049
Metal,240.00,100.00,2.75,1.86,3051
Metal,0.00,100.00,2.35,2.48,3057
Metal,240.00,100.00,2.75,2.92,3055
Metal,0.00,100.00,1.96,3.42,3041
Metal,240.00,100.00,2.75,2.87,3073
Metal,330.00,100.00,0.78,3.83,3055
Metal,248.57,100.00,2.75,3.54,3050
Metal,0.00,100.00,0.39,3.09,3061
Metal,248.57,100.00,2.75,2.72,3055
Metal,0.00,0.00,0.00,2.82,3052
Metal,274.29,100.00,2.75,2.34,3061
Metal,180.00,12.55,100.00,2.36,0
Metal,180.00,6.67,100.00,3.72,0
Metal,180.00,1.96,100.00,3.89,0
Metal,180.00,1.96,100.00,4.23,0
Metal,180.00,1.96,100.00,4.58,0
Metal,180.00,8.24,100.00,4.44,0
Metal,180.00,12.16,100.00,4.64,0
Metal,180.00,11.76,100.00,4.53,0
Metal,180.00,11.76,100.00,4.56,0
Metal,180.00,11.76,100.00,4.86,0
Metal,180.00,12.16,100.00,4.72,0
Metal,180.00,6.67,100.00,4.80,0
Metal,180.00,2.75,100.00,4.08,0
Metal,180.00,1.96,100.00,4.51,0
Metal,180.00,1.96,100.00,4.86,0
Metal,180.00,6.67,100.00,4.19,0
Metal,180.00,10.98,100.00,4.73,0
Metal,180.00,11.76,100.00,4.76,0
Metal,180.00,12.94,100.00,6.34,0
Metal,180.00,12.16,100.00,5.66,0
Metal,180.00,10.98,100.00,5.32,0
Metal,180.00,9.02,100.00,4.75,0
Metal,180.00,5.10,100.00,4.61,0
Metal,180.00,1.96,100.00,5.21,0
Metal,180.00,2.75,100.00,4.82,0
Metal,180.00,5.49,100.00,4.52,0
Metal,180.00,10.98,100.00,3.81,0
Metal,180.00,12.16,100.00,4.25,0
Metal,180.00,12.94,100.00,3.64,0
Metal,180.00,11.76,100.00,3.31,0
Metal,180.00,12.55,100.00,3.12,0
Metal,180.00,10.59,100.00,3.07,0
Metal,180.00,5.49,100.00,3.37,0
Metal,180.00,2.75,100.00,2.95,0
Metal,180.00,2.75,100.00,3.00,0
Metal,180.00,3.92,100.00,3.02,0
Metal,180.00,7.84,100.00,2.63,0
Metal,180.00,12.16,100.00,2.62,0
Metal,180.00,12.16,100.00,2.48,0
Metal,180.00,12.16,100.00,3.02,0
Metal,180.00,10.98,100.00,2.81,0
Metal,180.00,10.98,100.00,2.97,0
Metal,180.00,7.45,100.00,2.92,0
Metal,180.00,3.92,100.00,2.67,0
Metal,180.00,1.96,100.00,2.28,0
Metal,180.00,3.14,100.00,2.47,0
Metal,180.00,6.67,100.00,2.46,0
Metal,180.00,10.98,100.00,3.03,0
Metal,180.00,12.16,100.00,2.85,1049
Metal,180.00,12.55,100.00,2.85,0
Metal,180.00,12.16,100.00,2.74,0
Metal,180.00,12.16,100.00,2.47,0
Metal,180.00,10.59,100.00,3.07,3089
Metal,180.00,6.27,100.00,3.19,752
Metal,180.00,3.14,100.00,3.61,0
Metal,180.00,5.10,100.00,3.20,0
Metal,180.00,5.49,100.00,3.38,0
Metal,180.00,9.41,100.00,4.21,0
Metal,180.00,12.55,100.00,3.71,0
Metal,180.00,11.76,100.00,3.51,0
Metal,180.00,12.16,100.00,3.30,873
Metal,180.00,12.16,100.00,3.21,0
Metal,180.00,11.76,100.00,3.36,421
Metal,180.00,7.84,100.00,3.44,0
Metal,180.00,3.92,100.00,3.12,0
Metal,180.00,5.49,100.00,2.69,0
Metal,180.00,4.31,100.00,2.87,0
Metal,180.00,6.67,100.00,2.82,0
Metal,180.00,10.98,100.00,2.88,0
Metal,180.00,12.16,100.00,2.63,0
Metal,180.00,12.16,100.00,3.28,0
Metal,180.00,12.16,100.00,3.11,0
Metal,180.00,12.16,100.00,2.71,0
Metal,180.00,9.02,100.00,2.78,0
Metal,180.00,6.67,100.00,2.61,0
Metal,180.00,4.31,100.00,2.54,0
Metal,180.00,4.31,100.00,2.48,0
Metal,180.00,6.27,100.00,3.74,0
Metal,180.00,9.41,100.00,4.14,0
Metal,180.00,11.76,100.00,5.71,0
Metal,180.00,11.76,100.00,4.88,0
Metal,180.00,11.76,100.00,5.47,0
Metal,180.00,12.55,100.00,4.66,0
Metal,180.00,12.16,100.00,3.98,0
Metal,180.00,7.45,100.00,4.66,0
Metal,180.00,3.14,100.00,4.28,0
Metal,180.00,5.10,100.00,3.88,0
Metal,180.00,4.31,100.00,3.50,0
Metal,180.00,7.45,100.00,3.16,0
Metal,180.00,10.98,100.00,3.00,0
Metal,180.00,10.98,100.00,2.77,0
Metal,180.00,12.16,100.00,2.36,0
Metal,180.00,12.16,100.00,3.41,0
Metal,180.00,11.76,100.00,3.94,0
Metal,180.00,10.59,100.00,4.99,0
Metal,180.00,6.67,100.00,5.04,0
Metal,180.00,3.92,100.00,5.02,0
Metal,180.00,2.75,100.00,5.17,0
Metal,180.00,5.49,100.00,6.43,0
Metal,180.00,9.41,100.00,6.21,0
Metal,180.00,12.55,100.00,5.21,1392
Metal,180.00,11.76,100.00,4.75,0
Metal,180.00,12.55,100.00,4.19,0
Metal,180.00,12.16,100.00,3.63,0
Metal,180.00,11.76,100.00,3.89,0
Metal,180.00,7.45,100.00,3.65,0
Metal,180.00,5.10,100.00,3.33,0
Metal,180.00,5.10,100.00,3.79,0
Metal,180.00,3.14,100.00,3.51,0
Metal,180.00,6.67,100.00,3.27,0
Metal,180.00,10.98,100.00,2.87,162
Metal,180.00,12.16,100.00,3.47,181
Metal,180.00,12.55,100.00,3.29,651
Metal,180.00,11.76,100.00,3.35,0
Metal,180.00,12.55,100.00,3.19,159
Metal,180.00,10.59,100.00,3.27,234
Metal,180.00,6.67,100.00,3.21,0
Metal,180.00,3.92,100.00,3.48,0
Metal,180.00,5.49,100.00,3.72,0
Metal,180.00,5.49,100.00,3.16,0
Metal,180.00,9.41,100.00,3.57,0
Metal,180.00,10.98,100.00,3.69,0
Metal,180.00,12.16,100.00,3.14,0
Metal,180.00,12.16,100.00,3.30,0
Metal,180.00,12.16,100.00,3.66,0
Metal,180.00,11.76,100.00,3.40,0
Metal,180.00,7.45,100.00,3.27,0
Metal,180.00,5.49,100.00,2.91,0
Metal,180.00,5.10,100.00,2.57,0
Metal,180.00,2.75,100.00,2.63,0
Metal,180.00,6.67,100.00,2.79,0
Metal,180.00,10.59,100.00,2.42,0
Metal,180.00,11.76,100.00,2.44,0
Metal,180.00,11.76,100.00,2.66,0
Metal,180.00,11.76,100.00,3.00,0
Metal,180.00,11.76,100.00,2.80,0
Metal,180.00,10.98,100.00,3.26,0
Metal,180.00,6.67,100.00,2.90,0
Metal,180.00,3.92,100.00,2.86,0
Metal,180.00,4.31,100.00,2.65,0
Metal,180.00,3.92,100.00,3.70,0
Metal,180.00,7.45,100.00,3.74,0
Metal,180.00,11.76,100.00,3.48,0
Metal,180.00,11.76,100.00,3.20,0
Metal,180.00,11.76,100.00,3.18,0
Metal,180.00,10.98,100.00,3.03,0
Metal,180.00,11.76,100.00,2.80,0
Metal,180.00,7.84,100.00,2.77,0
Metal,180.00,6.67,100.00,2.61,0
Metal,180.00,4.31,100.00,2.62,0
Metal,180.00,2.75,100.00,2.72,0
Metal,180.00,6.27,100.00,2.40,0
Metal,180.00,10.98,100.00,2.38,0
Metal,180.00,12.55,100.00,2.75,0
Metal,180.00,11.76,100.00,3.22,0
Metal,180.00,12.16,100.00,2.92,0
Metal,180.00,12.16,100.00,2.54,101
Metal,180.00,12.16,100.00,2.52,0
Metal,180.00,6.67,100.00,2.19,0
Metal,180.00,5.10,100.00,2.15,1791
Metal,180.00,1.96,100.00,2.04,0
Metal,180.00,5.49,100.00,2.25,564
Metal,180.00,6.67,100.00,2.92,38
Metal,180.00,10.98,100.00,3.14,614
Metal,180.00,12.55,100.00,3.14,0
Metal,180.00,12.94,100.00,2.89,0
Metal,180.00,12.55,100.00,2.56,0
Metal,180.00,12.16,100.00,2.54,1596
Metal,180.00,10.59,100.00,2.66,0
Metal,180.00,6.67,100.00,2.85,0
Metal,180.00,3.14,100.00,2.71,3455
Metal,180.00,4.31,100.00,2.95,3040
Metal,180.00,4.31,100.00,2.88,3048
Metal,180.00,8.24,100.00,2.92,3074
Metal,180.00,12.16,100.00,2.89,3055
Metal,180.00,12.16,100.00,3.31,3055
Metal,180.00,12.16,100.00,3.46,3061
Metal,180.00,12.55,100.00,3.44,3072
Metal,180.00,12.94,100.00,3.01,3113
Metal,180.00,7.84,100.00,3.03,3049
Metal,180.00,5.49,100.00,3.03,3064
Metal,180.00,3.92,100.00,3.43,1862
Metal,180.00,3.92,100.00,3.70,3077
Metal,180.00,6.67,100.00,4.01,1368
Metal,180.00,10.98,100.00,3.97,3055
Metal,180.00,11.76,100.00,3.55,0
Metal,180.00,12.55,100.00,3.49,0
Metal,180.00,12.55,100.00,3.52,123
Metal,180.00,12.16,100.00,3.55,0
Metal,180.00,10.98,100.00,3.76,3072
Metal,180.00,6.67,100.00,3.58,2251
Metal,180.00,3.92,100.00,2.95,2497
Metal,180.00,4.31,100.00,2.76,3059
Metal,180.00,5.10,100.00,3.01,2270
Metal,180.00,7.84,100.00,4.80,3084
Metal,180.00,12.16,100.00,4.36,3050
Metal,180.00,11.76,100.00,3.84,3041
Metal,180.00,12.55,100.00,4.72,3017
Metal,180.00,12.16,100.00,4.01,76
Metal,180.00,12.16,100.00,4.35,3060
Metal,180.00,7.84,100.00,4.45,0
Metal,180.00,6.27,100.00,4.28,0
Metal,180.00,3.92,100.00,3.95,0
Metal,180.00,5.10,100.00,3.75,3074
Metal,180.00,6.67,100.00,5.26,335
Metal,180.00,10.59,100.00,4.81,2
Metal,180.00,12.55,100.00,4.83,0
Metal,180.00,12.16,100.00,4.14,0
Metal,180.00,12.55,100.00,3.63,0
Metal,180.00,12.16,100.00,4.10,0
Metal,180.00,11.76,100.00,4.03,0
Metal,180.00,6.67,100.00,3.65,0
Metal,180.00,1.96,100.00,3.13,2671
Metal,180.00,3.14,100.00,2.88,47
Metal,180.00,5.49,100.00,3.78,0
Metal,180.00,7.84,100.00,3.14,0
Metal,180.00,11.76,100.00,3.48,3051
Metal,180.00,12.16,100.00,3.07,3052
Metal,180.00,11.76,100.00,4.03,3032
Metal,180.00,12.16,100.00,4.21,1639
Metal,180.00,12.55,100.00,4.81,31
Metal,180.00,9.02,100.00,4.21,0
Metal,180.00,6.27,100.00,3.77,0
Metal,180.00,4.31,100.00,3.54,3055
Metal,180.00,5.49,100.00,2.99,3043
Metal,180.00,6.67,100.00,3.07,3090
Metal,180.00,10.98,100.00,2.79,3053
Metal,180.00,12.94,100.00,2.85,3044
Metal,180.00,12.55,100.00,3.67,3033
Metal,180.00,11.76,100.00,4.88,3055
Metal,180.00,12.16,100.00,4.65,3072
Metal,180.00,9.80,100.00,4.01,3060
Metal,180.00,6.27,100.00,4.62,3058
Metal,180.00,3.92,100.00,4.54,3052
Metal,180.00,1.96,100.00,4.69,3043
Metal,180.00,6.67,100.00,4.52,3055
Metal,180.00,10.59,100.00,4.84,3054
Metal,180.00,12.55,100.00,5.50,3049
Metal,180.00,11.76,100.00,4.79,3081
Metal,180.00,12.16,100.00,4.41,3055
Metal,180.00,12.55,100.00,4.55,3050
Metal,180.00,10.98,100.00,4.19,3076
Metal,180.00,6.67,100.00,4.41,60
Metal,180.00,3.14,100.00,4.42,192
Metal,180.00,2.75,100.00,4.07,185
Metal,180.00,4.31,100.00,4.74,169
Metal,180.00,6.67,100.00,4.57,67
Metal,180.00,10.98,100.00,3.97,268
Metal,180.00,11.76,100.00,3.87,288
Metal,180.00,12.55,100.00,3.43,0
Metal,180.00,11.76,100.00,3.55,50
Metal,180.00,12.55,100.00,3.16,1860
Metal,180.00,8.24,100.00,2.59,1361
Metal,180.00,6.67,100.00,2.49,366
Metal,180.00,2.75,100.00,2.23,271
Metal,180.00,4.31,100.00,1.96,340
Metal,180.00,6.27,100.00,1.74,24
Metal,180.00,10.98,100.00,2.79,21
Metal,180.00,12.16,100.00,3.33,0
Metal,180.00,12.55,100.00,3.48,56
Metal,180.00,12.16,100.00,3.55,0
Metal,180.00,12.16,100.00,3.82,0
Metal,180.00,10.98,100.00,3.97,0
Metal,180.00,6.67,100.00,3.53,104
Metal,180.00,3.14,100.00,3.64,0
Metal,180.00,3.14,100.00,3.32,0
Metal,180.00,5.10,100.00,3.54,0
Metal,180.00,9.02,100.00,3.42,0
Metal,180.00,11.76,100.00,3.59,0
Metal,180.00,12.55,100.00,3.40,0
Metal,180.00,12.16,100.00,3.44,0
Metal,180.00,12.55,100.00,3.71,0
Metal,180.00,11.76,100.00,6.76,1514
Metal,180.00,7.45,100.00,5.79,0
Metal,180.00,3.92,100.00,5.62,0
Metal,180.00,3.92,100.00,5.67,0
Metal,180.00,3.14,100.00,5.06,3168
Metal,180.00,6.67,100.00,6.69,0
Metal,180.00,11.76,100.00,6.49,0
Metal,180.00,12.55,100.00,5.45,0
Metal,180.00,12.16,100.00,5.59,0
Metal,180.00,12.16,100.00,4.98,0
Metal,180.00,12.16,100.00,4.37,0
Metal,180.00,9.80,100.00,4.57,0
Metal,180.00,6.67,100.00,4.01,0
Metal,180.00,4.31,100.00,3.69,3455
Metal,180.00,3.14,100.00,3.46,0
Metal,180.00,6.27,100.00,3.58,0
Metal,180.00,10.59,100.00,3.38,0
Metal,180.00,11.76,100.00,3.86,0
Metal,180.00,11.76,100.00,3.43,0
Metal,180.00,12.16,100.00,3.83,0
Metal,180.00,12.55,100.00,3.73,0
Metal,180.00,10.98,100.00,3.15,0
Metal,180.00,6.67,100.00,3.02,0
Metal,180.00,5.10,100.00,3.02,0
Metal,180.00,3.14,100.00,3.97,0
Metal,180.00,3.14,100.00,7.91,0
Metal,180.00,7.84,100.00,8.02,0
Metal,180.00,11.76,100.00,7.68,0
Metal,180.00,12.16,100.00,7.51,0
Metal,180.00,12.55,100.00,6.94,0
Metal,180.00,12.16,100.00,6.57,0
Metal,180.00,11.76,100.00,6.09,431
Metal,180.00,9.41,100.00,5.34,0
Metal,180.00,6.67,100.00,4.92,0
Metal,180.00,1.96,100.00,4.54,1360
Metal,180.00,5.10,100.00,5.41,0
Metal,180.00,6.67,100.00,5.32,3053
Metal,180.00,10.98,100.00,4.49,0
Metal,180.00,12.16,100.00,4.08,0
Metal,180.00,13.73,100.00,3.87,0
Metal,180.00,10.98,100.00,6.65,0
Metal,180.00,12.16,100.00,6.35,0
Metal,180.00,10.98,100.00,6.48,2164
Metal,180.00,6.67,100.00,6.19,0
Metal,180.00,1.96,100.00,6.06,0
Metal,180.00,4.31,100.00,5.96,0
Metal,180.00,3.92,100.00,6.35,0
Metal,180.00,8.24,100.00,6.29,0
Metal,180.00,11.76,100.00,5.66,0
Metal,180.00,12.16,100.00,5.51,0
Metal,180.00,11.76,100.00,4.75,0
Metal,180.00,12.94,100.00,4.49,0
Metal,180.00,12.55,100.00,4.24,0
Metal,180.00,6.67,100.00,3.99,0
Metal,180.00,5.10,100.00,3.50,0
Metal,180.00,3.92,100.00,3.18,0
Metal,180.00,4.31,100.00,3.30,0
Metal,180.00,6.67,100.00,3.10,0
Metal,180.00,11.76,100.00,2.82,0
Metal,180.00,12.16,100.00,3.83,0
Metal,180.00,12.94,100.00,4.29,0
Metal,180.00,12.94,100.00,4.54,0
Metal,180.00,12.94,100.00,4.56,0
Metal,180.00,9.80,100.00,4.78,0
Metal,180.00,6.27,100.00,4.22,0
Metal,180.00,3.14,100.00,4.48,0
Metal,180.00,3.92,100.00,4.42,368
Metal,180.00,6.67,100.00,3.95,0
Metal,180.00,9.80,100.00,4.00,0
Metal,180.00,12.16,100.00,3.61,0
Metal,180.00,12.16,100.00,3.43,0
Metal,180.00,12.94,100.00,3.27,0
Metal,180.00,12.94,100.00,3.77,0
Metal,180.00,10.98,100.00,3.81,0
Metal,180.00,6.67,100.00,3.96,0
Metal,180.00,4.31,100.00,3.54,2129
Metal,180.00,4.31,100.00,3.52,0
Metal,180.00,4.31,100.00,3.51,3498
Metal,180.00,8.24,100.00,3.23,0
Metal,180.00,11.76,100.00,3.22,0
Metal,180.00,12.16,100.00,2.90,0
Metal,180.00,10.98,100.00,2.77,0
Metal,180.00,11.76,100.00,3.71,0
Metal,180.00,12.16,100.00,3.27,0
Metal,180.00,7.84,100.00,3.11,0
Metal,180.00,5.49,100.00,3.56,0
Metal,180.00,2.75,100.00,5.24,0
Metal,180.00,4.31,100.00,4.51,0
Metal,180.00,6.67,100.00,4.65,0
Metal,180.00,10.98,100.00,4.17,0
Metal,180.00,12.16,100.00,6.42,0
Metal,180.00,12.16,100.00,6.14,0
Metal,180.00,12.16,100.00,5.29,0
Metal,180.00,12.55,100.00,4.58,0
Metal,180.00,10.59,100.00,3.86,0
Metal,180.00,6.27,100.00,3.60,0
Metal,180.00,3.14,100.00,3.20,0
Metal,180.00,3.92,100.00,3.05,0
Metal,180.00,6.67,100.00,2.99,0
Metal,180.00,9.80,100.00,3.31,0
Metal,180.00,12.16,100.00,3.41,0
Metal,180.00,12.55,100.00,4.06,0
Metal,180.00,12.16,100.00,3.48,0
Metal,180.00,12.16,100.00,3.78,0
Metal,180.00,10.98,100.00,3.36,0
Metal,180.00,6.67,100.00,5.02,0
Metal,180.00,3.14,100.00,6.36,0
Metal,180.00,3.14,100.00,6.47,0
Metal,180.00,4.31,100.00,5.74,0
Metal,180.00,7.45,100.00,6.13,0
Metal,180.00,11.76,100.00,5.30,0
Metal,180.00,12.16,100.00,4.94,0
Metal,180.00,12.16,100.00,5.25,0
Metal,180.00,12.16,100.00,5.55,0
Metal,180.00,12.16,100.00,5.45,3568
Metal,180.00,9.02,100.00,5.10,0
Metal,180.00,6.27,100.00,4.37,0
Metal,180.00,3.92,100.00,4.33,0
Metal,180.00,4.31,100.00,4.24,0
Metal,180.00,6.67,100.00,3.76,0
Metal,180.00,10.98,100.00,4.44,0
Metal,180.00,12.16,100.00,3.79,0
Metal,180.00,12.16,100.00,3.49,0
Metal,180.00,11.76,100.00,4.11,0
Metal,180.00,12.94,100.00,5.95,0
Metal,180.00,10.98,100.00,5.13,0
Metal,180.00,6.67,100.00,4.64,0
Metal,180.00,4.31,100.00,5.47,575
Metal,180.00,3.14,100.00,5.03,0
Metal,180.00,5.49,100.00,5.15,0
Metal,180.00,9.02,100.00,4.73,0
Metal,180.00,12.16,100.00,5.52,0
Metal,180.00,12.16,100.00,4.76,0
Metal,180.00,11.76,100.00,4.56,0
Metal,180.00,12.55,100.00,4.40,0
Metal,180.00,12.16,100.00,3.68,0
Metal,180.00,9.41,100.00,3.23,0
Metal,180.00,5.10,100.00,2.95,0
Metal,180.00,3.14,100.00,3.24,0
Metal,180.00,5.10,100.00,2.89,0
Metal,180.00,6.67,100.00,2.95,0
Metal,180.00,10.98,100.00,2.84,0
Metal,180.00,12.16,100.00,2.90,0
Metal,180.00,12.16,100.00,2.84,0
Metal,180.00,12.94,100.00,2.73,3555
Metal,180.00,12.16,100.00,2.77,0
Metal,180.00,10.59,100.00,2.97,0
Metal,180.00,6.67,100.00,4.28,0
Metal,180.00,3.92,100.00,4.44,0
Metal,180.00,3.14,100.00,6.19,0
Metal,180.00,5.49,100.00,6.88,0
Metal,180.00,9.02,100.00,6.32,0
Metal,180.00,12.16,100.00,6.25,0
Metal,180.00,12.16,100.00,5.95,0
Metal,180.00,11.76,100.00,5.44,0
Metal,180.00,11.76,100.00,5.18,0
Metal,180.00,12.16,100.00,6.02,0
Metal,180.00,8.24,100.00,6.09,0
Metal,180.00,6.27,100.00,5.21,0
Metal,180.00,3.92,100.00,4.65,0
Metal,180.00,5.10,100.00,4.34,0
Metal,180.00,6.67,100.00,4.36,0
Metal,180.00,10.98,100.00,4.02,0
Metal,180.00,12.55,100.00,3.64,0
Metal,180.00,10.98,100.00,4.47,0
Metal,180.00,11.76,100.00,4.84,0
Metal,180.00,11.76,100.00,5.23,0
Metal,180.00,11.76,100.00,4.47,0
Metal,180.00,6.67,100.00,4.53,0
Metal,180.00,5.10,100.00,5.06,0
Metal,180.00,5.10,100.00,4.72,0
Metal,180.00,3.92,100.00,4.61,0
Metal,180.00,7.45,100.00,3.85,0
Metal,180.00,11.76,100.00,3.99,0
Metal,180.00,12.94,100.00,4.93,0
Metal,180.00,12.16,100.00,4.68,0
Metal,180.00,12.16,100.00,5.16,0
Metal,180.00,12.16,100.00,5.17,0
Metal,180.00,9.41,100.00,4.79,0
Metal,180.00,6.67,100.00,4.21,0
Metal,180.00,2.75,100.00,4.12,0
Metal,180.00,4.31,100.00,3.51,0
Metal,180.00,6.27,100.00,3.87,0
Metal,180.00,9.02,100.00,4.42,0
Metal,180.00,12.16,100.00,4.56,0
Metal,180.00,12.55,100.00,5.40,0
Metal,180.00,12.55,100.00,4.82,0
Metal,180.00,12.55,100.00,6.14,0
Metal,180.00,11.76,100.00,7.84,0
Metal,180.00,7.84,100.00,6.64,0
Metal,180.00,5.49,100.00,5.65,0
Metal,180.00,4.31,100.00,5.27,0
Metal,180.00,4.31,100.00,4.70,0
Metal,180.00,7.45,100.00,4.09,0
Metal,180.00,10.98,100.00,4.02,0
Metal,180.00,12.16,100.00,3.90,0
Metal,180.00,12.16,100.00,3.50,0
Metal,180.00,12.55,100.00,3.83,0
Metal,180.00,12.16,100.00,3.80,0
Metal,180.00,9.80,100.00,3.51,0
Metal,180.00,6.67,100.00,3.38,0
Metal,180.00,3.92,100.00,3.44,0
Metal,180.00,5.49,100.00,3.34,0
Metal,180.00,4.31,100.00,3.57,0
Metal,180.00,8.24,100.00,3.16,0
Metal,180.00,12.16,100.00,3.44,0
Metal,180.00,11.76,100.00,3.68,0
Metal,180.00,12.55,100.00,3.82,0
Metal,180.00,11.76,100.00,4.11,0
Metal,180.00,11.76,100.00,5.88,28
Metal,180.00,6.67,100.00,6.12,0
Metal,180.00,3.92,100.00,5.35,0
Metal,180.00,3.92,100.00,7.14,0
Metal,180.00,4.31,100.00,7.53,0
Metal,180.00,6.67,100.00,6.72,0
Metal,180.00,10.98,100.00,5.56,0
Metal,180.00,11.76,100.00,4.98,0
Metal,180.00,12.55,100.00,4.47,0
Metal,180.00,12.16,100.00,3.90,0
Metal,180.00,12.55,100.00,3.46,0
Metal,180.00,10.98,100.00,3.29,0
Metal,180.00,6.67,100.00,3.64,3055
Metal,180.00,4.31,100.00,3.15,0
Metal,180.00,4.31,100.00,2.79,0
Metal,180.00,5.10,100.00,2.82,0
Metal,180.00,9.02,100.00,3.81,0
Metal,180.00,12.16,100.00,6.05,0
Metal,180.00,12.55,100.00,5.96,0
Metal,33.75,52.63,59.61,4.62,3072
Metal,42.86,42.24,45.49,4.18,3064
Metal,33.42,51.97,59.61,4.60,3064
Metal,40.62,50.78,50.20,5.47,3072
Metal,44.15,45.69,45.49,5.19,3062
Metal,35.82,48.20,54.51,6.12,3061
Metal,35.00,55.63,59.22,6.73,3072
Metal,43.02,45.69,45.49,5.86,3061
Metal,42.13,40.17,45.88,5.45,3062
Metal,33.75,52.63,59.61,4.81,3072
Metal,42.11,47.50,47.06,4.41,3060
Metal,45.00,45.22,45.10,4.12,3072
Metal,35.49,49.31,56.47,3.57,3072
Metal,36.15,54.17,56.47,3.63,3072
Metal,44.15,45.69,45.49,3.48,3060
Metal,42.86,40.83,47.06,3.07,3072
Metal,34.50,52.98,59.22,3.82,3072
Metal,43.33,46.15,45.88,3.58,3072
Metal,43.53,43.97,45.49,4.02,3072
Metal,35.68,50.34,57.65,3.64,3072
Metal,38.63,53.28,53.73,3.32,3061
Metal,45.00,45.22,45.10,4.20,3072
Metal,37.00,45.80,51.37,4.49,3062
Metal,34.81,53.64,59.22,4.54,3072
Metal,43.33,46.15,45.88,4.68,3072
Metal,42.50,41.38,45.49,4.02,3061
Metal,34.29,51.33,58.82,3.66,3072
Metal,40.62,50.78,50.20,3.97,3072
Metal,45.88,44.74,44.71,3.98,3072
Metal,36.36,47.83,54.12,3.99,3072
Metal,34.70,54.97,59.22,3.92,3062
Metal,45.88,44.74,44.71,3.42,3072
Metal,43.40,40.52,45.49,3.35,3072
Metal,33.75,52.63,59.61,4.31,3072
Metal,41.69,48.36,47.84,4.05,3065
Metal,43.02,45.69,45.49,4.19,3060
Metal,36.00,49.30,55.69,5.47,3072
Metal,36.92,54.17,56.47,5.61,3072
Metal,44.15,45.69,45.49,5.61,3061
Metal,42.50,40.68,46.27,6.65,3072
Metal,33.75,52.29,60.00,6.91,3072
Metal,43.33,46.15,45.88,7.84,3062
Metal,44.71,44.35,45.10,6.82,3072
Metal,35.83,49.66,56.86,6.70,3072
Metal,37.11,54.29,54.90,5.80,3064
Metal,45.88,44.74,44.71,5.34,3072
Metal,37.89,44.19,50.59,5.99,3072
Metal,34.39,53.59,60.00,5.55,3072
Metal,42.69,45.22,45.10,5.00,3072
Metal,42.86,42.24,45.49,5.27,3072
Metal,35.06,51.33,58.82,4.82,3072
Metal,39.13,52.27,51.76,5.66,3062
Metal,42.22,46.15,45.88,4.90,3072
Metal,36.92,47.45,53.73,4.64,3061
Metal,34.70,54.61,59.61,3.88,3064
Metal,45.88,44.74,44.71,3.31,3064
Metal,43.40,40.52,45.49,6.18,3072
Metal,34.29,51.33,58.82,5.46,3062
Metal,41.69,48.36,47.84,6.38,3061
Metal,44.15,45.69,45.49,5.38,3072
Metal,36.52,48.94,55.29,4.58,3072
Metal,36.75,54.79,57.25,4.18,3072
Metal,42.22,46.15,45.88,4.65,3064
Metal,42.86,40.83,47.06,4.75,3072
Metal,34.94,52.67,58.82,5.04,3072
Metal,43.33,46.15,45.88,4.26,3072
Metal,44.40,43.86,44.71,4.08,3072
Metal,34.86,50.34,57.65,4.38,3062
Metal,37.81,53.28,53.73,4.25,3072
Metal,45.00,45.22,45.10,4.51,3072
Metal,39.64,43.75,50.20,4.29,3076
Metal,34.50,52.98,59.22,5.23,3063
Metal,45.00,45.22,45.10,4.78,3072
Metal,43.20,43.10,45.49,5.18,3072
Metal,34.74,51.01,58.43,4.99,3072
Metal,40.91,51.16,50.59,5.10,3072
Metal,45.88,44.74,44.71,6.51,3073
Metal,35.62,46.72,53.73,7.13,3072
Metal,35.12,54.67,58.82,6.32,3072
Metal,43.02,45.69,45.49,5.87,3072
Metal,44.35,40.00,45.10,5.30,3072
Metal,34.94,52.32,59.22,5.46,3060
Metal,41.38,47.93,47.45,4.83,3064
Metal,45.88,44.74,44.71,4.75,3061
Metal,36.86,48.95,56.08,4.06,3072
Metal,36.46,54.86,56.47,4.19,3072
Metal,45.00,45.22,45.10,4.11,3072
Metal,42.00,41.32,47.45,4.20,3072
Metal,34.94,52.67,58.82,4.85,3072
Metal,44.15,45.69,45.49,5.92,3072
Metal,44.40,43.48,45.10,5.96,3062
Metal,35.20,50.68,58.04,5.35,3072
Metal,37.81,53.28,53.73,4.48,3072
Metal,45.00,45.22,45.10,4.02,3072
Metal,38.00,45.45,51.76,3.93,3072
Metal,34.39,53.95,59.61,3.57,3072
Metal,44.44,46.55,45.49,3.55,3072
Metal,44.68,41.23,44.71,3.52,3072
Metal,33.08,51.32,59.61,7.18,3064
Metal,40.31,50.39,49.80,6.01,3062
Metal,44.15,45.69,45.49,5.59,3064
Metal,34.78,48.94,55.29,4.87,3072
Metal,36.46,53.74,57.65,4.51,3061
Metal,45.88,44.74,44.71,4.38,3062
Metal,42.50,40.68,46.27,3.85,3064
Metal,34.50,52.63,59.61,3.64,3072
Metal,43.64,46.61,46.27,3.49,3060
Metal,42.69,44.83,45.49,3.85,3072
Metal,35.49,49.31,56.47,3.61,3072
Metal,35.53,53.90,55.29,4.04,3072
Metal,45.00,45.22,45.10,3.74,3072
Metal,38.95,44.53,50.20,4.02,3072
Metal,34.39,53.95,59.61,4.00,3062
Metal,44.15,45.69,45.49,3.97,3065
Metal,44.08,42.61,45.10,3.59,3062
Metal,34.62,52.00,58.82,3.23,3062
Metal,39.09,50.77,50.98,4.14,3072
Metal,43.85,45.22,45.10,5.56,3072
Metal,37.50,47.41,52.94,5.21,3072
Metal,35.56,54.00,58.82,4.78,3072
Metal,45.00,45.22,45.10,4.97,3063
Metal,42.13,40.52,45.49,5.24,3072
Metal,33.42,51.97,59.61,4.46,3061
Metal,41.69,48.36,47.84,4.06,3054
Metal,43.33,46.15,45.88,3.95,3072
Metal,36.52,48.94,55.29,3.69,3072
Metal,36.00,54.79,57.25,4.28,3072
Metal,43.02,45.69,45.49,4.83,3062
Metal,41.63,40.83,47.06,4.68,3072
Metal,35.38,52.00,58.82,4.55,3072
Metal,43.33,46.15,45.88,4.29,3062
Metal,43.85,44.83,45.49,4.07,3064
Metal,35.68,50.34,57.65,3.75,3072
Metal,38.11,53.62,54.12,3.34,3072
Metal,44.71,44.74,44.71,3.19,3058
Metal,40.00,44.53,50.20,2.98,3072
Metal,33.98,54.25,60.00,3.04,3062
Metal,44.15,45.69,45.49,2.96,3060
Metal,45.65,40.71,44.31,3.66,3063
Metal,33.85,51.66,59.22,3.46,3072
Metal,41.25,50.39,49.80,5.88,3064
Metal,44.15,45.69,45.49,5.24,3072
Metal,36.72,48.20,54.51,5.09,3072
Metal,34.81,54.36,58.43,4.88,3072
Metal,45.88,44.74,44.71,4.49,3072
Metal,42.13,40.17,45.88,4.11,3072
Metal,33.75,52.63,59.61,4.68,3072
Metal,43.64,46.61,46.27,6.90,3072
Metal,43.53,44.35,45.10,6.42,3072
Metal,36.67,50.00,56.47,5.56,3072
Metal,35.53,53.90,55.29,5.68,3072
Metal,44.15,45.69,45.49,6.69,3072
Metal,40.00,43.20,49.02,6.10,3072
Metal,33.66,53.59,60.00,5.25,3072
Metal,44.71,44.35,45.10,5.28,3072
Metal,45.00,42.11,44.71,4.92,3072
Metal,35.20,50.68,58.04,5.43,3072
Metal,40.00,51.16,50.59,5.09,3072
Metal,45.00,45.22,45.10,4.93,3072
Metal,36.92,47.45,53.73,4.32,3064
Metal,35.56,54.00,58.82,4.19,3072
Metal,44.15,45.69,45.49,3.76,3072
Metal,42.13,40.17,45.88,3.69,3060
Metal,34.62,52.00,58.82,4.21,3061
Metal,42.86,47.06,46.67,4.23,3072
Metal,45.60,43.86,44.71,3.79,3072
Metal,35.83,50.00,56.47,4.70,3060
Metal,36.62,54.23,55.69,5.31,3072
Metal,44.15,45.69,45.49,5.59,3072
Metal,40.75,42.74,48.63,5.95,3064
Metal,33.66,53.59,60.00,5.50,3072
Metal,43.02,45.69,45.49,5.75,3062
Metal,42.00,43.10,45.49,5.39,3072
Metal,34.74,51.01,58.43,6.56,3063
Metal,39.71,51.91,51.37,5.86,3072
Metal,44.15,45.69,45.49,5.22,3072
Metal,36.92,47.79,53.33,4.69,3062
Metal,35.85,54.67,58.82,4.44,3061
Metal,44.71,44.74,44.71,4.70,3065
Metal,42.13,40.52,45.49,4.86,3064
Metal,33.75,52.63,59.61,4.66,3064
Metal,42.41,47.93,47.45,4.59,3072
Metal,44.15,45.69,45.49,4.53,3072
Metal,36.86,49.30,55.69,3.98,3072
Metal,36.15,54.17,56.47,3.70,3072
Metal,44.15,45.69,45.49,6.41,3072
Metal,41.63,40.83,47.06,5.36,3072
Metal,33.75,52.63,59.61,5.58,3061
Metal,44.15,45.69,45.49,5.73,3072
Metal,45.60,43.86,44.71,5.61,3064
Metal,35.53,51.35,58.04,5.78,3072
Metal,38.03,52.59,52.94,5.51,3072
Metal,45.00,45.22,45.10,5.17,3060
Metal,38.00,45.45,51.76,6.22,3062
Metal,35.12,54.30,59.22,6.87,3064
Metal,44.71,44.74,44.71,5.86,3062
Metal,42.50,41.38,45.49,5.28,3072
Metal,33.85,51.66,59.22,5.74,3062
Metal,41.31,49.19,48.63,5.22,3072
Metal,44.71,44.74,44.71,5.10,3062
Metal,36.18,48.23,55.29,4.53,3072
Metal,36.00,54.42,57.65,4.07,3063
Metal,44.15,45.69,45.49,3.98,3062
Metal,42.13,39.83,46.27,3.57,3072
Metal,34.07,53.29,59.61,5.07,3062
Metal,42.55,46.61,46.27,4.70,3064
Metal,45.60,43.86,44.71,5.40,3072
Metal,34.86,50.34,57.65,4.63,3072
Metal,37.81,53.28,53.73,4.52,3064
Metal,45.00,45.22,45.10,4.64,3072
Metal,38.64,45.38,50.98,5.61,3061
Metal,34.81,53.64,59.22,5.38,3061
Metal,45.00,45.22,45.10,4.76,3064
Metal,41.63,41.88,45.88,4.03,3058
Metal,34.29,51.33,58.82,4.01,3072
Metal,40.31,50.39,49.80,4.18,3072
Metal,43.02,45.69,45.49,4.66,3061
Metal,37.06,48.92,54.51,4.55,3072
Metal,36.00,54.42,57.65,3.76,3072
Metal,44.15,45.69,45.49,3.85,3061
Metal,43.40,40.17,45.88,3.28,3072
Metal,33.75,52.63,59.61,3.81,3064
Metal,42.55,46.61,46.27,3.33,3072
Metal,44.40,43.86,44.71,5.02,3072
Metal,34.86,50.68,57.25,4.37,3072
Metal,37.11,54.29,54.90,4.87,3061
Metal,43.85,45.22,45.10,4.47,3072
Metal,38.95,44.53,50.20,4.67,3072
Metal,33.66,53.59,60.00,4.66,3062
Metal,43.02,45.69,45.49,4.15,3064
Metal,43.20,43.10,45.49,3.70,3064
Metal,35.68,50.34,57.65,3.44,3072
Metal,39.71,51.91,51.37,2.99,3072
Metal,45.88,44.74,44.71,3.51,3072
Metal,36.00,47.45,53.73,3.98,3062
Metal,35.56,54.36,58.43,3.94,3064
Metal,45.88,44.74,44.71,4.25,3072
Metal,43.04,40.00,45.10,4.53,3060
Metal,33.75,52.63,59.61,4.75,3057
Metal,42.86,47.06,46.67,5.55,3072
Metal,45.88,44.74,44.71,5.82,3072
Metal,36.34,49.31,56.47,7.23,3072
Metal,37.40,54.23,55.69,6.23,3061
Metal,44.15,45.69,45.49,6.08,3061
Metal,40.38,42.28,48.24,6.16,3062
Metal,34.94,52.67,58.82,6.17,3060
Metal,43.02,45.69,45.49,6.44,3061
Metal,43.20,43.10,45.49,6.36,3064
Metal,34.74,51.01,58.43,8.52,3072
Metal,39.13,52.27,51.76,7.45,3060
Metal,45.88,44.74,44.71,6.49,3064
Metal,36.56,47.06,53.33,6.50,3072
Metal,33.98,54.61,59.61,5.68,3072
Metal,43.02,45.69,45.49,4.95,3065
Metal,43.40,40.52,45.49,4.67,3072
Metal,34.50,52.98,59.22,6.62,3072
Metal,41.38,47.93,47.45,6.58,3072
Metal,44.71,44.74,44.71,5.86,3072
Metal,35.83,50.35,56.08,5.94,3064
Metal,36.15,54.17,56.47,5.16,3061
Metal,45.88,44.74,44.71,4.35,3072
Metal,41.18,41.80,47.84,3.80,3072
Metal,34.94,52.67,58.82,3.38,3072
Metal,44.15,45.69,45.49,3.12,3072
Metal,42.35,43.97,45.49,2.84,3058
Metal,35.68,50.34,57.65,2.47,3064
Metal,36.99,53.28,53.73,2.16,3064
Metal,45.00,45.22,45.10,2.98,3072
Metal,38.36,46.21,51.76,2.70,3061
Metal,34.81,53.64,59.22,2.37,3061
Metal,45.00,45.22,45.10,2.23,3072
Metal,42.50,41.38,45.49,2.31,3072
Metal,34.62,52.00,58.82,2.23,3060
Metal,39.38,50.39,49.80,1.92,3064
Metal,45.88,44.74,44.71,1.91,3063
Metal,37.06,48.92,54.51,1.92,3064
Metal,36.30,54.73,58.04,1.87,3060
Metal,43.02,45.69,45.49,1.70,3062
Metal,43.40,40.17,45.88,1.49,3072
Metal,33.33,52.94,60.00,1.84,3062
Metal,43.33,45.76,46.27,3.61,3060
Metal,45.60,43.86,44.71,3.28,3058
Metal,35.34,50.34,56.86,6.83,3072
Metal,36.80,53.57,54.90,6.30,3072
Metal,44.15,45.69,45.49,5.64,3062
Metal,40.36,43.65,49.41,5.33,3062
Metal,34.50,52.98,59.22,4.74,3057
Metal,43.33,46.15,45.88,4.25,3072
Metal,43.20,43.48,45.10,5.08,3072
Metal,36.00,51.02,57.65,5.20,3061
Metal,38.26,51.88,52.16,8.04,3082
Metal,45.00,45.22,45.10,6.98,3062
Metal,36.92,47.79,53.33,7.84,3072
Metal,35.00,55.26,59.61,7.08,3064
Metal,44.71,44.74,44.71,6.67,3072
Metal,42.50,41.38,45.49,6.18,3064
Metal,33.75,52.63,59.61,6.18,3056
Metal,41.00,48.78,48.24,5.20,3064
Metal,43.02,45.69,45.49,5.45,3072
Metal,37.06,48.57,54.90,7.53,3064
Metal,36.15,54.17,56.47,7.15,3072
Metal,43.33,46.55,45.49,6.46,3072
Metal,41.25,40.34,46.67,6.11,3062
Metal,34.94,52.67,58.82,5.65,3072
Metal,44.15,45.69,45.49,5.95,3062
Metal,43.53,44.35,45.10,5.07,3072
Metal,35.68,50.68,57.25,4.50,3060
Metal,36.99,53.28,53.73,4.37,3061
Metal,45.88,44.74,44.71,4.33,3060
Metal,38.28,44.96,50.59,4.15,3059
Metal,34.39,53.95,59.61,5.39,3062
Metal,43.53,44.74,44.71,6.37,3057
Metal,43.20,43.10,45.49,5.37,3058
Metal,36.32,51.35,58.04,6.16,3061
Metal,39.38,50.39,49.80,6.17,3064
Metal,44.71,44.74,44.71,5.44,3062
Metal,36.92,47.45,53.73,4.76,3064
Metal,35.12,54.67,58.82,4.82,3060
Metal,44.15,45.69,45.49,4.66,3060
Metal,44.00,39.13,45.10,5.52,3060
Metal,34.18,52.32,59.22,5.01,3063
Metal,42.11,47.50,47.06,6.98,3064
Metal,45.00,45.22,45.10,6.15,3062
Metal,35.65,48.59,55.69,6.54,3065
Metal,36.92,54.17,56.47,6.59,3061
Metal,43.85,45.22,45.10,6.63,3062
Metal,42.50,40.68,46.27,6.05,3061
Metal,36.32,51.70,57.65,5.40,3064
Metal,42.22,46.15,45.88,5.53,3061
Metal,43.53,44.35,45.10,5.43,3062
Metal,36.67,50.35,56.08,4.72,3072
Metal,37.30,53.62,54.12,4.58,3007
Metal,43.02,45.69,45.49,3.76,3062
Metal,40.00,43.20,49.02,3.56,3060
Metal,36.32,51.70,57.65,3.93,3056
Metal,44.71,44.74,44.71,3.93,3058
Metal,44.08,42.61,45.10,5.40,3072
Metal,36.32,51.70,57.65,5.40,3060
Metal,38.82,51.52,51.76,5.22,3062
Metal,44.15,45.69,45.49,5.87,3062
Metal,37.38,45.86,52.16,5.11,3072
Metal,36.92,53.06,57.65,4.60,3072
Metal,45.00,45.22,45.10,4.48,3062
Metal,42.50,41.38,45.49,4.84,3055
Metal,36.32,51.70,57.65,4.01,3062
Metal,41.31,49.19,48.63,4.38,3058
Metal,44.15,45.69,45.49,5.61,3060
Metal,37.61,48.91,53.73,5.58,3060
Metal,37.40,53.10,56.86,7.25,3061
Metal,45.88,44.74,44.71,7.04,3058
Metal,42.50,41.03,45.88,6.21,3061
Metal,36.32,51.70,57.65,5.98,3064
Metal,42.86,47.06,46.67,5.44,3064
Metal,43.33,46.15,45.88,4.93,3062
Metal,37.39,48.94,55.29,4.40,3058
Metal,36.62,54.23,55.69,4.85,3064
Metal,43.33,46.15,45.88,4.49,3061
Metal,42.00,41.32,47.45,4.07,3061
Metal,36.32,51.70,57.65,4.10,3061
Metal,45.00,45.22,45.10,5.96,3072
Metal,45.60,43.86,44.71,5.17,3062
Metal,35.83,50.00,56.47,8.77,3060
Metal,37.81,53.28,53.73,9.07,3063
Metal,44.15,45.69,45.49,10.03,3055
Metal,41.45,43.65,49.41,8.58,3064
Metal,35.70,53.02,58.43,7.05,3060
Metal,43.85,45.22,45.10,5.85,3062
Metal,42.00,43.10,45.49,5.38,3062
Metal,34.74,51.01,58.43,4.78,3064
Metal,39.13,52.27,51.76,4.78,3063
Metal,45.88,44.74,44.71,3.99,3062
Metal,38.10,47.01,52.55,4.20,3057
Metal,35.12,54.30,59.22,4.14,3060
Metal,43.02,45.69,45.49,3.89,3059
Metal,43.40,40.87,45.10,3.69,3062
Metal,34.62,52.00,58.82,3.47,3064
Metal,40.65,49.60,49.02,3.41,3064
Metal,45.88,44.74,44.71,3.07,3059
Metal,36.18,48.57,54.90,3.41,3060
Metal,36.00,54.42,57.65,3.13,3062
Metal,45.88,44.74,44.71,3.07,3058
Metal,42.13,40.17,45.88,2.93,3059
Metal,33.75,52.63,59.61,3.35,3064
Metal,42.55,46.61,46.27,4.13,3064
Metal,45.60,43.86,44.71,4.86,3061
Metal,35.83,50.00,56.47,4.16,3061
Metal,36.92,54.55,56.08,4.65,3062
Metal,44.71,44.74,44.71,4.37,3072
Metal,41.18,41.80,47.84,3.65,3060
Metal,33.98,54.25,60.00,3.43,3061
Metal,43.85,45.22,45.10,3.93,3062
Metal,44.08,42.98,44.71,4.45,3062
Metal,34.86,50.34,57.65,4.13,3064
Metal,37.50,52.94,53.33,5.12,3062
Metal,43.02,45.69,45.49,4.94,3072
Metal,39.00,46.15,50.98,4.19,3058
Metal,34.81,53.64,59.22,3.66,3061
Metal,43.02,45.69,45.49,3.58,3061
Metal,42.50,41.74,45.10,3.53,3060
Metal,34.74,51.01,58.43,3.19,3060
Metal,39.69,50.78,50.20,3.14,3058
Metal,45.88,44.74,44.71,3.17,3061
Metal,35.08,47.10,54.12,3.59,3061
Metal,35.56,54.36,58.43,3.81,3060
Metal,44.71,44.74,44.71,4.84,3062
Metal,42.13,40.17,45.88,4.76,3063
Metal,34.18,52.32,59.22,5.85,3063
Metal,41.38,47.93,47.45,5.52,3060
Metal,44.71,44.74,44.71,4.88,3064
Metal,37.18,50.00,55.69,4.09,3072
Metal,36.62,54.23,55.69,3.45,3060
Metal,46.80,44.25,44.31,3.41,3060
Metal,41.18,41.80,47.84,3.63,3061
Metal,34.07,53.29,59.61,3.53,3062
Metal,44.15,45.69,45.49,3.56,3057
Metal,44.40,43.48,45.10,3.58,3060
Metal,35.53,51.35,58.04,3.71,3064
Metal,38.11,54.01,53.73,3.80,3062
Metal,46.80,44.25,44.31,3.61,3060
Metal,38.00,45.45,51.76,3.80,3064
Metal,33.98,54.25,60.00,3.36,3072
Metal,44.15,46.09,45.10,3.80,3059
Metal,42.86,42.24,45.49,3.84,3072
Metal,35.06,51.68,58.43,3.98,3061
Metal,41.61,49.60,49.02,3.82,3060
Metal,44.71,44.74,44.71,4.33,3058
Metal,35.29,48.57,54.90,6.91,3064
Metal,35.85,55.03,58.43,7.62,3064
Metal,45.88,44.74,44.71,6.90,3062
Metal,41.25,40.68,46.27,7.40,3055
Metal,34.07,53.29,59.61,8.20,3060
Metal,44.15,45.69,45.49,7.00,3076
Metal,44.40,43.86,44.71,6.22,3061
Metal,34.86,50.68,57.25,5.35,3061
Metal,36.80,53.96,54.51,4.74,3072
Metal,42.69,45.22,45.10,5.41,3060
Metal,38.28,44.96,50.59,6.12,3061
Metal,34.81,53.64,59.22,8.35,3064
Metal,45.88,44.74,44.71,8.03,3060
Metal,44.68,41.23,44.71,7.00,3060
Metal,35.38,52.35,58.43,6.55,3059
Metal,41.25,50.39,49.80,5.99,3060
Metal,43.85,45.22,45.10,5.28,3060
Metal,34.93,47.86,54.90,4.59,3062
Metal,36.00,54.42,57.65,4.30,3072
Metal,43.85,45.22,45.10,3.88,3057
Metal,42.50,40.68,46.27,3.53,3064
Metal,33.85,51.66,59.22,3.22,3059
Metal,43.33,46.15,45.88,3.55,3060
Metal,45.60,43.86,44.71,4.13,3061
Metal,35.20,51.02,57.65,3.69,3062
Metal,36.49,53.24,54.51,5.19,3060
Metal,43.02,45.69,45.49,4.92,3059
Metal,39.31,44.96,50.59,4.87,3064
Metal,35.25,53.33,58.82,4.80,3064
Metal,45.88,44.74,44.71,4.43,3062
Metal,44.68,41.23,44.71,4.11,3060
Metal,34.62,52.00,58.82,3.52,3061
Metal,39.69,50.78,50.20,3.35,3061
Metal,44.71,44.74,44.71,3.22,3062
Metal,34.78,49.29,54.90,3.04,3058
Metal,36.00,54.05,58.04,3.21,3059
Metal,45.88,44.74,44.71,2.95,3061
Metal,43.04,39.66,45.49,3.46,3060
Metal,34.81,53.29,59.61,5.37,3061
Metal,42.55,46.61,46.27,4.95,3062
Metal,43.53,44.35,45.10,5.08,3072
Metal,36.67,50.00,56.47,5.30,3061
Metal,36.80,53.57,54.90,4.81,3060
Metal,44.71,44.74,44.71,4.99,3057
Metal,39.64,44.09,49.80,5.11,3061
Metal,34.94,52.67,58.82,6.01,3072
Metal,45.88,44.74,44.71,5.52,3062
Metal,43.75,42.11,44.71,5.29,3072
Metal,34.29,51.33,58.82,4.58,3058
Metal,40.62,50.78,50.20,6.88,3062
Metal,45.00,45.22,45.10,8.83,3060
Metal,35.82,48.20,54.51,9.47,3058
Metal,35.56,54.36,58.43,7.97,3061
Metal,45.88,44.74,44.71,6.96,3061
Metal,41.25,41.03,45.88,6.01,3062
Metal,33.85,51.66,59.22,5.62,3061
Metal,43.64,46.61,46.27,5.83,3061
Metal,44.71,44.35,45.10,7.18,3072
Metal,35.83,50.00,56.47,6.35,3060
Metal,37.11,53.90,55.29,7.33,3062
Metal,44.71,44.74,44.71,6.76,3061
Metal,38.95,44.53,50.20,6.22,3060
Metal,34.94,52.67,58.82,6.34,3059
Metal,42.69,45.22,45.10,5.63,3064
Metal,43.75,41.74,45.10,5.58,3060
Metal,36.00,51.02,57.65,5.71,3060
Metal,40.62,50.78,50.20,5.12,3064
Metal,44.71,44.74,44.71,4.83,3061
Metal,36.36,47.83,54.12,4.23,3062
Metal,35.56,54.36,58.43,3.89,3072
Metal,44.71,44.74,44.71,3.28,3060
Metal,42.50,41.03,45.88,5.35,3056
Metal,34.62,51.66,59.22,5.54,3060
Metal,42.86,47.06,46.67,5.43,3060
Metal,182.93,22.91,70.20,1.17,0
Metal,180.00,13.97,70.20,1.85,0
Metal,162.35,9.24,72.16,2.33,0
Metal,165.00,8.56,73.33,2.67,3057
Metal,164.00,8.02,73.33,3.09,3046
Metal,174.29,11.54,71.37,3.57,3056
Metal,181.71,19.55,70.20,3.98,3055
Metal,190.00,23.46,70.20,4.18,664
Metal,186.00,22.47,69.80,4.16,3026
Metal,185.85,23.03,69.80,3.90,0
Metal,183.00,22.60,69.41,3.68,0
Metal,186.00,22.35,70.20,3.62,3519
Metal,180.00,13.97,70.20,3.53,0
Metal,166.67,9.78,72.16,3.27,0
Metal,165.00,8.65,72.55,3.39,0
Metal,169.41,9.14,72.94,3.06,0
Metal,168.57,11.48,71.76,3.18,0
Metal,183.53,18.99,70.20,3.41,0
Metal,186.98,24.02,70.20,2.80,1963
Metal,187.14,23.46,70.20,2.61,0
Metal,187.14,23.46,70.20,2.70,0
Metal,185.71,23.46,70.20,2.67,0
Metal,183.08,21.79,70.20,2.65,0
Metal,175.56,14.92,70.98,2.62,0
Metal,163.33,9.78,72.16,2.54,0
Metal,160.00,8.11,72.55,2.66,0
Metal,162.00,10.70,73.33,2.69,0
Metal,168.00,10.93,71.76,2.52,0
Metal,181.82,18.44,70.20,2.13,0
Metal,183.00,22.60,69.41,2.01,0
Metal,187.32,23.03,69.80,1.89,0
Metal,184.50,22.47,69.80,1.60,0
Metal,184.39,23.03,69.80,1.61,2468
Metal,184.62,21.91,69.80,1.80,0
Metal,180.00,14.53,70.20,1.79,0
Metal,160.00,9.73,72.55,1.73,0
Metal,156.00,10.58,74.12,2.29,0
Metal,160.00,9.68,72.94,2.26,0
Metal,168.57,11.48,71.76,2.27,0
Metal,181.76,18.99,70.20,2.28,253
Metal,185.85,23.03,69.80,2.63,0
Metal,184.74,21.59,69.02,2.39,0
Metal,183.00,22.60,69.41,2.38,0
Metal,181.54,22.16,69.02,2.66,0
Metal,183.08,21.79,70.20,2.64,0
Metal,180.00,13.41,70.20,2.32,0
Metal,163.33,9.73,72.55,2.19,0
Metal,148.42,10.05,74.12,2.02,3055
Metal,172.50,8.60,72.94,2.16,3055
Metal,174.29,11.60,70.98,1.99,0
Metal,183.43,19.55,70.20,1.98,3056
Metal,187.14,23.46,70.20,1.90,0
Metal,184.62,22.03,69.41,1.89,0
Metal,184.50,22.60,69.41,2.17,0
Metal,184.50,22.47,69.80,2.22,1929
Metal,184.62,21.79,70.20,2.25,3230
Metal,177.39,12.78,70.59,2.79,2811
Metal,165.00,10.75,72.94,3.14,3536
Metal,165.00,8.60,72.94,2.82,742
Metal,154.29,7.49,73.33,2.52,3072
Metal,171.82,12.09,71.37,2.20,0
Metal,181.71,19.55,70.20,1.99,0
Metal,187.32,23.03,69.80,1.98,85
Metal,186.00,22.47,69.80,1.86,0
Metal,185.71,23.46,70.20,2.11,0
Metal,187.14,23.46,70.20,2.01,0
Metal,184.62,21.79,70.20,1.86,0
Metal,180.00,14.53,70.20,1.93,2957
Metal,162.35,9.24,72.16,2.35,100
Metal,160.00,8.11,72.55,3.48,0
Metal,159.00,10.58,74.12,4.12,0
Metal,169.09,12.02,71.76,6.91,0
Metal,181.71,19.55,70.20,5.75,67
Metal,185.71,23.46,70.20,5.18,0
Metal,187.32,23.03,69.80,4.42,0
Metal,185.71,23.46,70.20,4.18,0
Metal,188.78,23.03,69.80,3.76,0
Metal,186.15,21.79,70.20,3.25,372
Metal,177.60,13.89,70.59,2.91,0
Metal,163.33,9.73,72.55,2.57,0
Metal,155.29,9.04,73.73,2.88,0
Metal,172.00,8.11,72.55,2.49,0
Metal,171.82,12.09,71.37,2.25,0
Metal,183.33,20.11,70.20,2.57,3055
Metal,187.14,23.46,70.20,2.86,3056
Metal,187.14,23.46,70.20,2.44,3073
Metal,183.00,22.60,69.41,2.73,3055
Metal,185.85,23.03,69.80,2.59,3057
Metal,184.62,21.79,70.20,2.56,3057
Metal,177.50,13.33,70.59,2.32,0
Metal,162.35,9.24,72.16,2.28,0
Metal,172.94,9.19,72.55,3.24,3055
Metal,159.00,10.64,73.73,3.75,3056
Metal,171.43,11.54,71.37,3.31,3055
Metal,183.43,19.55,70.20,3.60,3055
Metal,189.47,21.35,69.80,3.22,0
Metal,187.50,22.35,70.20,3.08,3057
Metal,186.00,22.47,69.80,2.79,0
Metal,187.14,23.46,70.20,2.97,0
Metal,183.08,21.79,70.20,2.67,0
Metal,175.00,13.26,70.98,2.55,3036
Metal,159.00,10.70,73.33,2.43,3056
Metal,151.58,10.05,74.12,2.50,3065
Metal,175.71,7.57,72.55,2.48,3055
Metal,174.78,12.71,70.98,2.13,3072
Metal,181.58,21.23,70.20,1.99,0
Metal,185.85,23.03,69.80,2.01,0
Metal,185.85,23.03,69.80,1.88,0
Metal,182.93,23.16,69.41,1.72,0
Metal,183.08,22.03,69.41,1.83,3420
Metal,183.53,18.99,70.20,1.81,0
Metal,169.09,12.02,71.76,1.89,0
Metal,168.00,8.11,72.55,1.69,0
Metal,164.21,10.22,72.94,1.78,3304
Metal,169.41,9.24,72.16,1.82,0
Metal,182.22,15.08,70.20,1.75,3049
Metal,184.74,21.35,69.80,1.69,3056
Metal,187.32,22.91,70.20,1.69,3057
Metal,185.85,22.91,70.20,1.82,3072
Metal,187.14,23.46,70.20,2.23,3057
Metal,184.50,22.47,69.80,1.99,3061
Metal,180.00,15.64,70.20,2.15,3055
Metal,166.67,9.78,72.16,1.98,3055
Metal,175.38,7.07,72.16,2.07,0
Metal,168.75,8.65,72.55,2.27,3056
Metal,168.00,10.93,71.76,2.30,2848
Metal,181.87,17.88,70.20,2.17,1906
Metal,187.14,23.46,70.20,2.57,3072
Metal,186.00,22.60,69.41,2.55,0
Metal,186.00,22.35,70.20,2.32,0
Metal,186.00,22.60,69.41,2.51,0
Metal,183.08,21.79,70.20,2.39,0
Metal,175.56,14.92,70.98,2.25,0
Metal,157.89,10.22,72.94,2.17,0
Metal,157.89,10.11,73.73,1.99,688
Metal,165.88,9.14,72.94,1.83,0
Metal,171.00,10.93,71.76,2.03,0
Metal,181.71,19.55,70.20,2.16,3086
Metal,184.50,22.60,69.41,1.83,3045
Metal,185.58,24.02,70.20,1.70,3056
Metal,185.71,23.46,70.20,1.60,3055
Metal,185.85,23.03,69.80,1.53,3055
Metal,183.16,21.35,69.80,1.47,3060
Metal,172.80,13.74,71.37,1.95,3050
Metal,162.35,9.24,72.16,2.04,3058
Metal,170.00,9.63,73.33,2.38,3053
Metal,171.00,10.70,73.33,2.31,3061
Metal,169.09,12.02,71.76,1.98,3050
Metal,181.71,19.55,70.20,2.04,3060
Metal,187.32,22.91,70.20,1.75,3053
Metal,184.50,22.60,69.41,1.71,3057
Metal,181.54,22.16,69.02,1.85,3063
Metal,185.71,23.46,70.20,2.48,3060
Metal,181.58,21.23,70.20,2.53,3060
Metal,170.77,14.21,71.76,2.47,3197
Metal,159.00,10.70,73.33,2.57,3058
Metal,168.00,8.11,72.55,2.48,3005
Metal,167.37,10.16,73.33,2.95,3114
Metal,172.80,13.74,71.37,2.70,3055
Metal,183.24,20.67,70.20,2.88,0
Metal,183.16,21.47,69.41,3.04,2973
Metal,185.85,22.91,70.20,2.66,3054
Metal,184.39,23.03,69.80,2.61,0
Metal,184.62,22.03,69.41,2.59,956
Metal,183.24,20.67,70.20,2.19,1
Metal,170.40,13.66,71.76,2.08,0
Metal,160.00,9.68,72.94,2.08,0
Metal,175.71,7.57,72.55,2.25,0
Metal,175.38,7.03,72.55,2.18,3072
Metal,180.00,12.85,70.20,3.01,3040
Metal,186.32,21.23,70.20,2.72,3492
Metal,186.00,22.35,70.20,2.79,0
Metal,184.50,22.47,69.80,2.77,3057
Metal,184.62,21.91,69.80,2.56,3050
Metal,186.00,22.35,70.20,2.42,3061
Metal,181.71,19.55,70.20,2.74,3532
Metal,170.40,13.66,71.76,2.71,0
Metal,155.29,9.09,73.33,2.85,0
Metal,157.89,10.11,73.73,2.57,0
Metal,156.00,8.11,72.55,2.55,0
Metal,182.40,13.97,70.20,2.31,0
Metal,184.62,21.79,70.20,2.23,0
Metal,185.85,22.91,70.20,2.28,0
Metal,183.00,22.60,69.41,2.09,1263
Metal,187.32,22.91,70.20,2.16,0
Metal,184.39,23.03,69.80,1.94,0
Metal,180.00,17.88,70.20,1.92,0
Metal,163.64,11.89,72.55,1.72,1117
Metal,157.50,8.56,73.33,1.85,0
Metal,161.05,10.11,73.73,1.86,0
Metal,170.53,10.33,72.16,1.72,3045
Metal,180.00,16.20,70.20,1.88,2776
Metal,184.86,20.90,69.41,2.74,0
Metal,184.39,23.03,69.80,2.54,3550
Metal,185.85,22.91,70.20,2.60,0
Metal,187.89,21.35,69.80,2.69,3037
Metal,184.50,22.47,69.80,2.43,3062
Metal,180.00,16.20,70.20,2.31,3060
Metal,165.00,10.87,72.16,2.48,3073
Metal,170.00,6.52,72.16,2.30,3057
Metal,150.00,8.56,73.33,1.89,3059
Metal,168.00,10.81,72.55,2.17,3055
Metal,180.00,16.20,70.20,2.29,3061
Metal,184.39,23.03,69.80,2.10,3054
Metal,184.50,22.47,69.80,2.47,0
Metal,185.85,22.91,70.20,2.76,0
Metal,187.14,23.46,70.20,2.56,0
Metal,186.32,21.35,69.80,2.48,0
Metal,182.22,15.08,70.20,2.63,0
Metal,164.21,10.33,72.16,2.31,0
Metal,157.89,10.11,73.73,2.02,0
Metal,160.00,8.02,73.33,2.07,0
Metal,168.57,11.48,71.76,1.92,0
Metal,181.87,17.88,70.20,2.14,0
Metal,188.78,22.91,70.20,2.02,0
Metal,184.50,22.60,69.41,2.01,2984
Metal,181.54,22.16,69.02,1.99,3072
Metal,184.50,22.60,69.41,1.95,3084
Metal,184.74,21.35,69.80,1.81,3040
Metal,172.80,13.74,71.37,1.93,3053
Metal,162.00,10.70,73.33,1.58,3055
Metal,160.00,9.57,73.73,1.68,3061
Metal,161.25,8.60,72.94,1.66,2975
Metal,173.68,10.50,70.98,1.93,3055
Metal,181.67,20.11,70.20,1.82,3081
Metal,184.50,22.47,69.80,1.74,0
Metal,184.39,23.03,69.80,1.71,0
Metal,185.71,23.46,70.20,1.60,0
Metal,186.15,21.91,69.80,1.32,0
Metal,181.62,20.67,70.20,1.30,3055
Metal,170.77,14.21,71.76,1.59,3055
Metal,170.00,9.73,72.55,1.76,3059
Metal,156.00,8.11,72.55,1.84,3077
Metal,162.86,7.57,72.55,2.37,3050
Metal,177.39,12.78,70.59,2.41,3060
Metal,186.32,21.23,70.20,2.09,3055
Metal,184.62,21.91,69.80,2.33,3056
Metal,188.37,24.02,70.20,2.07,3055
Metal,189.00,22.35,70.20,2.51,3058
Metal,187.69,22.03,69.41,2.35,3084
Metal,183.43,19.55,70.20,3.10,3055
Metal,169.57,12.57,71.76,2.78,3084
Metal,175.71,7.57,72.55,2.66,3072
Metal,150.00,7.45,73.73,3.02,3055
Metal,169.41,9.14,72.94,2.97,3055
Metal,180.00,14.53,70.20,3.43,3050
Metal,181.58,21.35,69.80,3.00,3044
Metal,187.14,23.46,70.20,2.68,3040
Metal,183.00,22.60,69.41,2.40,3072
Metal,187.69,21.79,70.20,2.14,3042
Metal,184.39,22.91,70.20,3.62,3025
Metal,181.94,17.32,70.20,3.47,3113
Metal,168.00,10.87,72.16,10.15,3055
Metal,157.89,10.22,72.94,8.22,3073
Metal,161.25,8.60,72.94,6.94,3045
Metal,172.50,8.70,72.16,6.36,3053
Metal,182.14,15.64,70.20,5.56,3078
Metal,184.62,21.91,69.80,5.07,3057
Metal,186.00,22.47,69.80,4.45,3062
Metal,182.93,22.91,70.20,3.67,3048
Metal,187.32,22.91,70.20,3.26,15
Metal,185.85,22.91,70.20,3.01,0
Metal,180.00,15.08,70.20,2.88,0
Metal,164.21,10.33,72.16,2.84,0
Metal,148.57,11.05,74.51,2.56,0
Metal,151.76,8.99,74.12,2.56,0
Metal,168.00,10.87,72.16,2.51,0
Metal,181.94,17.32,70.20,2.22,0
Metal,184.39,22.91,70.20,2.20,0
Metal,184.19,24.02,70.20,2.14,0
Metal,185.71,23.46,70.20,1.95,0
Metal,184.50,22.47,69.80,1.95,0
Metal,184.62,21.91,69.80,1.73,0
Metal,177.78,15.00,70.59,1.67,3072
Metal,169.41,9.24,72.16,1.99,3057
Metal,157.50,8.56,73.33,1.95,3052
Metal,152.73,5.95,72.55,2.64,3055
Metal,171.43,11.48,71.76,2.41,3061
Metal,181.71,19.55,70.20,2.09,3058
Metal,184.39,23.03,69.80,1.79,3060
Metal,185.85,22.91,70.20,2.51,3058
Metal,185.71,23.46,70.20,2.93,3055
Metal,185.71,23.46,70.20,2.63,3080
Metal,181.62,20.67,70.20,2.61,3036
Metal,170.77,14.21,71.76,2.44,3084
Metal,172.50,8.65,72.55,2.20,3168
Metal,165.00,8.60,72.94,2.11,3055
Metal,156.00,8.06,72.94,2.34,3059
Metal,175.00,13.26,70.98,2.27,3124
Metal,183.33,20.11,70.20,2.28,3072
Metal,181.58,21.59,69.02,2.09,3055
Metal,189.00,22.47,69.80,1.93,3062
Metal,187.32,22.91,70.20,1.66,3049
Metal,181.54,22.16,69.02,1.58,3073
Metal,181.71,19.55,70.20,1.93,3128
Metal,169.09,12.02,71.76,1.64,3080
Metal,157.89,10.11,73.73,1.61,3055
Metal,161.25,8.60,72.94,1.37,3055
Metal,163.33,9.68,72.94,1.56,3056
Metal,177.78,15.00,70.59,1.38,3086
Metal,183.16,21.23,70.20,1.61,3055
Metal,187.32,23.03,69.80,1.54,3055
Metal,183.08,22.03,69.41,1.77,3081
Metal,184.39,23.03,69.80,1.99,3020
Metal,184.39,23.03,69.80,1.86,3044
Metal,181.87,17.88,70.20,1.60,3058
Metal,166.96,12.50,72.16,1.58,3057
Metal,158.82,9.09,73.33,1.56,3064
Metal,160.00,11.11,74.12,1.50,3055
Metal,176.25,8.70,72.16,1.53,3044
Metal,180.00,15.08,70.20,1.78,3057
Metal,183.16,21.35,69.80,2.04,3057
Metal,182.93,23.03,69.80,2.31,3087
Metal,185.85,23.03,69.80,2.29,0
Metal,184.39,23.03,69.80,2.23,0
Metal,187.69,21.79,70.20,2.30,0
Metal,182.00,16.76,70.20,3.14,0
Metal,165.00,10.87,72.16,3.77,0
Metal,151.58,10.05,74.12,3.97,0
Metal,153.75,8.56,73.33,4.07,0
Metal,176.47,9.29,71.76,3.48,0
Metal,182.07,16.20,70.20,3.28,0
Metal,186.00,22.35,70.20,3.02,0
Metal,183.00,22.60,69.41,2.72,0
Metal,186.00,22.47,69.80,2.39,0
Metal,184.50,22.47,69.80,2.22,3048
Metal,186.00,22.35,70.20,2.37,3055
Metal,182.07,16.20,70.20,3.10,0
Metal,164.21,10.33,72.16,2.82,0
Metal,153.33,9.52,74.12,2.93,0
Metal,164.21,10.22,72.94,2.95,0
Metal,168.00,10.93,71.76,2.78,0
Metal,181.94,17.32,70.20,3.04,3063
Metal,184.50,22.47,69.80,2.68,3040
Metal,185.71,23.46,70.20,2.40,3062
Metal,184.50,22.47,69.80,2.22,3098
Metal,185.85,23.03,69.80,2.07,3059
Metal,186.15,21.91,69.80,2.17,3049
Metal,180.00,14.53,70.20,1.86,3109
Metal,162.35,9.24,72.16,1.88,3055
Metal,163.33,9.63,73.33,2.04,3087
Metal,158.82,9.09,73.33,2.01,3061
Metal,171.82,12.02,71.76,1.79,3076
Metal,181.71,19.55,70.20,1.90,0
Metal,187.69,21.79,70.20,1.60,0
Metal,185.71,23.46,70.20,1.88,3053
Metal,187.32,22.91,70.20,1.85,3054
Metal,187.14,23.46,70.20,1.72,3059
Metal,186.67,20.11,70.20,1.58,3230
Metal,172.80,13.74,71.37,1.51,0
Metal,168.75,8.65,72.55,1.65,3082
Metal,165.00,8.65,72.55,1.53,3055
Metal,161.05,10.16,73.33,1.31,3086
Metal,177.27,12.22,70.59,1.82,3038
Metal,186.32,21.23,70.20,1.78,3048
Metal,185.71,23.46,70.20,2.15,3056
Metal,184.74,21.35,69.80,2.19,3084
Metal,184.62,22.03,69.41,2.53,3045
Metal,184.62,22.03,69.41,2.44,3121
Metal,180.00,19.66,69.80,2.36,3135
Metal,170.77,14.21,71.76,2.70,3048
Metal,157.89,10.22,72.94,2.58,0
Metal,161.05,10.11,73.73,2.58,1036
Metal,162.35,9.14,72.94,2.55,0
Metal,175.56,14.92,70.98,2.26,0
Metal,186.32,21.23,70.20,2.17,0
Metal,187.32,23.03,69.80,2.00,0
Metal,189.47,21.35,69.80,2.07,0
Metal,184.39,23.03,69.80,2.30,426
Metal,184.50,22.47,69.80,2.80,3055
Metal,183.43,19.55,70.20,2.74,3059
Metal,169.09,12.02,71.76,2.46,3054
Metal,166.15,7.07,72.16,2.71,3102
Metal,153.33,9.63,73.33,2.49,3151
Metal,161.05,10.22,72.94,2.47,3064
Metal,180.00,13.97,70.20,2.49,3055
Metal,180.00,20.79,69.80,3.67,3052
Metal,185.71,23.46,70.20,3.32,3081
Metal,186.00,22.47,69.80,3.09,3060
Metal,185.71,23.46,70.20,2.92,3055
Metal,184.62,21.91,69.80,2.77,3054
Metal,181.82,18.44,70.20,2.49,3072
Metal,166.36,11.96,72.16,2.78,3059
Metal,161.05,10.11,73.73,2.68,3072
Metal,151.58,10.05,74.12,2.41,3080
Metal,165.88,9.24,72.16,2.26,3080
Metal,182.07,16.20,70.20,1.83,3033
Metal,186.00,22.35,70.20,2.05,3055
Metal,187.14,23.60,69.80,1.97,3054
Metal,184.62,21.91,69.80,1.91,3060
Metal,184.62,21.91,69.80,1.79,3094
Metal,186.15,21.79,70.20,2.22,3055
Metal,180.00,15.64,70.20,3.12,3053
Metal,162.00,10.75,72.94,3.40,3058
Metal,158.82,9.04,73.73,3.16,3057
Metal,165.88,9.09,73.33,3.37,3081
Metal,173.68,10.44,71.37,3.60,3055
Metal,181.76,18.99,70.20,3.39,3045
Metal,185.71,23.46,70.20,2.91,3050
Metal,185.85,22.91,70.20,2.86,3078
Metal,186.00,22.35,70.20,2.68,3085
Metal,184.29,23.46,70.20,2.52,0
Metal,181.54,21.79,70.20,2.59,0
Metal,175.00,13.26,70.98,2.55,146
Metal,169.41,9.24,72.16,2.49,608
Metal,154.74,10.05,74.12,2.23,0
Metal,171.00,10.70,73.33,2.04,0
Metal,175.00,13.26,70.98,2.42,0
Metal,186.67,20.11,70.20,2.29,0
Metal,183.00,22.35,70.20,2.46,1514
Metal,187.32,22.91,70.20,2.07,0
Metal,185.71,23.46,70.20,2.02,0
Metal,183.16,21.47,69.41,1.86,0
Metal,181.71,19.55,70.20,1.80,0
Metal,172.17,12.64,71.37,1.91,0
Metal,164.00,8.06,72.94,2.07,0
Metal,164.21,10.22,72.94,1.76,0
Metal,156.67,9.68,72.94,3.30,0
Metal,180.00,13.97,70.20,3.11,0
Metal,186.49,20.79,69.80,2.81,0
Metal,189.00,22.35,70.20,2.40,0
Metal,186.32,21.47,69.41,2.18,0
Metal,185.71,23.46,70.20,1.95,0
Metal,184.50,22.47,69.80,1.75,0
Metal,182.07,16.20,70.20,1.71,0
Metal,164.21,10.33,72.16,1.81,0
Metal,156.00,8.11,72.55,1.83,0
Metal,156.00,10.64,73.73,1.76,0
Metal,170.53,10.38,71.76,1.68,3023
Metal,181.87,17.88,70.20,2.49,3050
Metal,187.32,22.91,70.20,4.00,3045
Metal,183.16,21.47,69.41,3.61,3082
Metal,185.85,22.91,70.20,4.00,3055
Metal,185.85,22.91,70.20,3.69,3055
Metal,181.50,22.35,70.20,3.57,3077
Metal,172.80,13.74,71.37,3.09,3039
Metal,165.88,9.19,72.55,2.73,3072
Metal,160.00,9.63,73.33,3.37,3055
Metal,160.00,9.63,73.33,3.00,3055
Metal,177.39,12.78,70.59,2.71,3072
Metal,184.74,21.23,70.20,2.44,3056
Metal,187.14,23.46,70.20,2.23,3059
Metal,187.32,22.91,70.20,2.00,3076
Metal,183.00,22.60,69.41,2.47,3060
Metal,184.50,22.47,69.80,2.68,3050
Metal,180.00,16.76,70.20,2.39,3073
Metal,165.71,11.41,72.16,2.34,3072
Metal,157.89,10.11,73.73,1.96,3043
Metal,167.14,7.57,72.55,1.90,3046
Metal,168.00,10.87,72.16,2.41,3050
Metal,181.82,18.44,70.20,2.22,3063
Metal,183.08,21.79,70.20,2.28,3057
Metal,181.54,22.03,69.41,1.88,3072
Metal,181.50,22.60,69.41,1.73,3052
Metal,185.71,23.46,70.20,1.75,3058
Metal,183.16,21.23,70.20,1.85,3074
Metal,170.77,14.21,71.76,2.01,3051
Metal,156.00,10.70,73.33,2.11,3054
Metal,160.00,8.06,72.94,2.27,3053
Metal,167.37,10.16,73.33,2.58,3045
Metal,180.00,12.29,70.20,2.70,3072
Metal,184.62,21.79,70.20,2.74,3033
Metal,184.62,21.91,69.80,2.39,3050
Metal,185.71,23.46,70.20,2.18,3055
Metal,186.00,22.35,70.20,1.98,3056
Metal,181.54,22.16,69.02,2.10,3055
Metal,180.00,16.20,70.20,2.05,3055
Metal,165.00,10.87,72.16,1.94,3087
Metal,164.21,10.16,73.33,1.99,3050
Metal,163.33,9.63,73.33,2.32,3054
Metal,168.00,10.87,72.16,2.19,3032
Metal,181.87,17.88,70.20,2.01,3082
Metal,184.50,22.35,70.20,2.12,3057
Metal,189.00,22.47,69.80,2.14,3056
Metal,184.39,23.03,69.80,2.12,3092
Metal,185.85,22.91,70.20,2.18,3055
Metal,183.08,21.79,70.20,2.37,3072
Metal,172.80,13.74,71.37,2.30,0
Metal,165.00,8.70,72.16,2.23,0
Metal,162.35,9.09,73.33,2.13,0
Metal,156.67,9.52,74.12,3.99,0
Metal,180.00,12.29,70.20,3.98,0
Metal,181.62,20.67,70.20,3.68,0
Metal,184.39,23.03,69.80,3.35,0
Metal,188.57,23.46,70.20,3.19,0
Metal,185.71,23.46,70.20,2.96,0
Metal,183.08,22.03,69.41,2.49,3044
Metal,181.87,17.88,70.20,2.57,3038
Metal,166.36,11.96,72.16,2.46,3072
Metal,166.15,7.03,72.55,3.29,3061
Metal,170.00,9.73,72.55,2.80,3062
Metal,165.00,10.87,72.16,2.56,3055
Metal,182.07,16.20,70.20,2.63,3053
Metal,187.32,22.91,70.20,2.47,3087
Metal,186.00,22.47,69.80,2.35,3055
Metal,187.50,22.47,69.80,2.26,3048
Metal,187.14,23.46,70.20,2.44,3056
Metal,184.86,20.67,70.20,2.51,3055
Metal,172.80,13.74,71.37,2.86,3058
Metal,158.82,9.14,72.94,2.55,3072
Metal,175.20,12.14,80.78,0.97,0
Metal,162.00,4.61,85.10,1.51,3072
Metal,180.00,5.14,83.92,2.10,3058
Metal,166.67,8.65,81.57,2.50,3055
Metal,175.71,13.59,80.78,3.22,3048
Metal,175.71,13.59,80.78,3.52,3041
Metal,175.20,12.14,80.78,3.49,3038
Metal,175.38,12.62,80.78,3.46,0
Metal,175.00,11.65,80.78,3.60,0
Metal,167.14,6.64,82.75,3.67,0
Metal,172.50,3.74,83.92,3.73,410
Metal,171.43,3.27,83.92,3.52,0
Metal,172.50,3.72,84.31,3.21,3046
Metal,161.25,7.55,83.14,3.23,0
Metal,175.00,11.65,80.78,3.04,0
Metal,175.38,12.62,80.78,3.08,0
Metal,175.20,12.14,80.78,2.70,106
Metal,175.71,13.59,80.78,2.60,0
Metal,175.38,12.62,80.78,4.49,0
Metal,169.41,8.21,81.18,3.89,0
Metal,165.00,5.61,83.92,3.52,0
Metal,172.50,3.72,84.31,3.27,0
Metal,171.43,3.27,83.92,2.74,0
Metal,155.00,5.61,83.92,2.66,76
Metal,173.68,9.22,80.78,2.42,0
Metal,176.00,14.56,80.78,2.55,0
Metal,175.20,12.14,80.78,2.30,0
Metal,175.56,13.11,80.78,2.12,0
Metal,175.56,13.11,80.78,1.93,0
Metal,175.00,11.65,80.78,1.68,0
Metal,157.50,7.48,83.92,1.62,0
Metal,171.43,3.27,83.92,1.77,0
Metal,150.00,3.72,84.31,1.80,0
Metal,171.43,3.27,83.92,1.76,0
Metal,163.33,8.61,81.96,1.71,0
Metal,175.56,13.11,80.78,1.95,0
Metal,175.38,12.62,80.78,1.73,29
Metal,176.00,14.56,80.78,1.54,0
Metal,175.71,13.59,80.78,1.59,0
Metal,175.20,12.14,80.78,2.41,0
Metal,160.00,9.81,83.92,2.22,3055
Metal,154.29,3.27,83.92,2.06,3052
Metal,171.43,3.27,83.92,2.17,3052
Metal,165.00,3.72,84.31,2.43,3064
Metal,158.57,6.64,82.75,2.22,3055
Metal,175.20,12.14,80.78,2.25,3044
Metal,175.71,13.59,80.78,2.08,3055
Metal,175.38,12.62,80.78,1.87,3052
Metal,175.20,12.14,80.78,1.56,3055
Metal,175.56,13.11,80.78,1.52,3041
Metal,165.00,9.57,81.96,1.47,3052
Metal,175.00,5.61,83.92,1.46,3045
Metal,172.50,3.72,84.31,1.53,3051
Metal,150.00,3.72,84.31,1.71,3053
Metal,161.54,6.07,83.92,1.52,3055
Metal,173.68,9.22,80.78,1.88,3049
Metal,175.20,12.14,80.78,1.71,3055
Metal,175.56,13.11,80.78,1.76,3049
Metal,175.38,12.62,80.78,1.55,3053
Metal,175.71,13.59,80.78,1.47,3058
Metal,172.17,11.11,81.18,1.57,3049
Metal,164.00,7.01,83.92,1.75,3054
Metal,142.50,3.72,84.31,1.71,3049
Metal,180.00,3.27,83.92,1.93,3055
Metal,153.33,4.21,83.92,1.87,3053
Metal,177.00,9.57,81.96,2.21,3048
Metal,175.20,12.14,80.78,2.29,3053
Metal,175.86,14.08,80.78,2.58,3052
Metal,176.00,14.56,80.78,2.43,3055
Metal,175.56,13.11,80.78,2.40,3048
Metal,175.38,12.62,80.78,2.22,3055
Metal,157.50,7.55,83.14,2.21,3056
Metal,180.00,3.74,83.92,2.59,3046
Metal,145.71,3.27,83.92,2.46,3045
Metal,145.71,3.27,83.92,2.27,3028
Metal,168.75,7.58,82.75,2.08,3055
Metal,175.00,11.65,80.78,1.73,3054
Metal,175.56,13.11,80.78,1.70,3055
Metal,175.71,13.59,80.78,1.76,3045
Metal,175.56,13.11,80.78,1.71,3050
Metal,175.71,13.59,80.78,1.77,3053
Metal,173.68,9.13,81.57,1.48,3055
Metal,160.00,5.61,83.92,1.68,3046
Metal,172.50,3.72,84.31,1.60,3055
Metal,180.00,3.27,83.92,1.56,0
Metal,164.00,7.01,83.92,1.51,0
Metal,173.68,9.22,80.78,1.41,0
Metal,175.38,12.62,80.78,1.61,3055
Metal,175.56,13.11,80.78,2.05,3051
Metal,175.56,13.11,80.78,1.99,3043
Metal,176.00,14.56,80.78,2.16,3052
Metal,173.68,9.22,80.78,3.98,3053
Metal,168.00,7.01,83.92,5.29,3052
Metal,171.43,3.27,83.92,4.49,3061
Metal,166.67,4.17,84.71,4.07,3055
Metal,166.15,6.07,83.92,4.29,3055
Metal,180.00,9.22,80.78,3.82,3038
Metal,175.71,13.59,80.78,3.78,3054
Metal,175.71,13.59,80.78,4.19,3053
Metal,175.38,12.62,80.78,4.99,3053
Metal,175.56,13.11,80.78,4.39,3055
Metal,174.78,11.17,80.78,8.28,3048
Metal,144.71,7.94,83.92,7.07,3055
Metal,171.43,3.27,83.92,6.15,3048
Metal,180.00,3.27,83.92,5.88,3040
Metal,142.50,3.74,83.92,4.92,3054
Metal,173.33,8.65,81.57,4.30,3041
Metal,175.38,12.62,80.78,3.68,3053
Metal,175.56,13.11,80.78,3.20,3049
Metal,175.38,12.62,80.78,3.01,3055
Metal,175.86,14.08,80.78,2.75,3078
Metal,175.56,13.11,80.78,2.64,3053
Metal,170.77,6.22,81.96,2.34,3055
Metal,137.14,3.27,83.92,2.16,3046
Metal,145.71,3.27,83.92,2.02,3052
Metal,171.43,3.27,83.92,2.44,3053
Metal,167.14,6.67,82.35,2.47,3052
Metal,175.00,11.65,80.78,3.06,3056
Metal,176.00,14.56,80.78,3.61,3050
Metal,175.71,13.59,80.78,3.34,3052
Metal,175.20,12.14,80.78,3.15,3054
Metal,175.56,13.11,80.78,3.05,3055
Metal,163.33,8.61,81.96,2.88,3055
Metal,158.18,5.14,83.92,2.51,3037
Metal,165.00,3.72,84.31,2.36,3052
Metal,150.00,3.72,84.31,2.22,3050
Metal,167.14,6.57,83.53,2.05,3043
Metal,174.55,10.68,80.78,2.41,3053
Metal,175.86,14.08,80.78,2.11,3055
Metal,175.38,12.62,80.78,2.50,3054
Metal,175.56,13.11,80.78,2.29,3055
Metal,175.38,12.62,80.78,2.14,3057
Metal,174.00,9.71,80.78,2.32,3049
Metal,164.00,7.01,83.92,2.08,3053
Metal,137.14,3.27,83.92,1.74,3052
Metal,180.00,3.27,83.92,1.92,3056
Metal,160.00,4.21,83.92,1.71,3055
Metal,164.21,9.09,81.96,1.93,0
Metal,175.71,13.59,80.78,1.92,399
Metal,175.86,14.08,80.78,1.90,0
Metal,175.86,14.08,80.78,2.11,0
Metal,175.38,12.62,80.78,1.93,3052
Metal,175.56,13.11,80.78,1.90,3054
Metal,162.86,6.64,82.75,1.85,3049
Metal,142.50,3.72,84.31,2.56,3050
Metal,171.43,3.27,83.92,2.49,3044
Metal,145.71,3.27,83.92,2.29,3052
Metal,166.15,6.22,81.96,2.11,3055
Metal,175.38,12.62,80.78,2.12,3072
Metal,175.38,12.62,80.78,1.94,3052
Metal,175.20,12.14,80.78,1.62,3053
Metal,175.56,13.11,80.78,1.60,3043
Metal,175.38,12.62,80.78,1.42,3055
Metal,166.67,8.57,82.35,1.64,3052
Metal,153.33,4.21,83.92,1.63,3051
Metal,154.29,3.27,83.92,1.56,3050
Metal,171.43,3.27,83.92,1.96,3049
Metal,165.00,5.69,82.75,1.83,3049
Metal,174.78,11.17,80.78,1.98,3044
Metal,175.56,13.11,80.78,2.42,3050
Metal,175.56,13.11,80.78,2.13,3053
Metal,175.86,14.08,80.78,1.93,3054
Metal,175.20,12.14,80.78,1.83,3042
Metal,180.00,8.74,80.78,1.72,3044
Metal,175.38,6.07,83.92,1.59,3050
Metal,171.43,3.27,83.92,1.58,3052
Metal,180.00,3.27,83.92,1.55,3055
Metal,174.55,5.14,83.92,1.90,3050
Metal,177.14,10.14,81.18,1.95,3048
Metal,175.71,13.59,80.78,1.84,3053
Metal,175.38,12.62,80.78,1.71,3055
Metal,175.71,13.59,80.78,1.67,3060
Metal,175.38,12.62,80.78,1.57,3044
Metal,175.00,11.65,80.78,1.46,3056
Metal,165.88,7.94,83.92,1.53,3050
Metal,180.00,3.27,83.92,1.43,3054
Metal,165.00,3.72,84.31,3.90,3062
Metal,154.29,3.27,83.92,3.39,3055
Metal,165.88,8.17,81.57,2.99,3054
Metal,175.38,12.62,80.78,3.13,3048
Metal,175.71,13.59,80.78,3.18,3055
Metal,175.56,13.11,80.78,2.93,3057
Metal,175.86,14.08,80.78,2.71,3053
Metal,175.38,12.62,80.78,2.46,3056
Metal,161.05,8.96,83.14,2.12,3072
Metal,145.71,3.27,83.92,2.00,3050
Metal,180.00,3.27,83.92,2.02,3072
Metal,172.50,3.72,84.31,1.80,3053
Metal,172.94,8.13,81.96,1.96,3055
Metal,175.38,12.62,80.78,1.97,3055
Metal,175.20,12.14,80.78,1.94,3061
Metal,176.00,14.56,80.78,1.71,3053
Metal,175.56,13.11,80.78,1.75,3054
Metal,175.56,13.11,80.78,1.56,3053
Metal,165.88,8.17,81.57,2.42,3055
Metal,165.00,5.61,83.92,3.14,3056
Metal,154.29,3.27,83.92,2.58,3050
Metal,171.43,3.27,83.92,2.92,3062
Metal,172.00,7.08,83.14,3.53,3055
Metal,174.55,10.68,80.78,3.21,3044
Metal,175.86,14.08,80.78,2.82,3056
Metal,175.86,14.08,80.78,2.59,3061
Metal,175.56,13.11,80.78,2.27,3049
Metal,175.71,13.59,80.78,2.15,3052
Metal,171.82,10.63,81.18,2.02,3050
Metal,167.14,6.57,83.53,2.10,3050
Metal,154.29,3.27,83.92,2.18,3053
Metal,154.29,3.27,83.92,2.06,3073
Metal,160.00,4.21,83.92,2.23,3057
Metal,172.94,8.17,81.57,2.01,3032
Metal,175.38,12.62,80.78,1.80,3022
Metal,175.71,13.59,80.78,1.65,3054
Metal,175.71,13.59,80.78,1.38,3053
Metal,175.38,12.62,80.78,1.16,3056
Metal,175.56,13.11,80.78,1.28,3054
Metal,165.88,8.10,82.35,1.24,3061
Metal,173.33,4.21,83.92,1.24,3054
Metal,160.00,4.17,84.71,1.57,3050
Metal,171.43,3.27,83.92,1.71,3048
Metal,167.14,6.60,83.14,1.83,3055
Metal,174.78,11.17,80.78,1.88,3038
Metal,175.56,13.11,80.78,1.80,3055
Metal,175.71,13.59,80.78,1.81,3055
Metal,175.56,13.11,80.78,1.66,3053
Metal,175.38,12.62,80.78,1.61,3052
Metal,174.55,10.68,80.78,1.76,3050
Metal,168.00,7.04,83.53,2.05,0
Metal,154.29,3.27,83.92,1.92,0
Metal,142.50,3.72,84.31,1.84,0
Metal,163.64,5.14,83.92,1.86,0
Metal,173.33,8.65,81.57,1.76,0
Metal,175.56,13.11,80.78,1.74,0
Metal,175.56,13.11,80.78,1.68,0
Metal,175.38,12.62,80.78,1.83,0
Metal,175.71,13.59,80.78,1.79,0
Metal,175.00,11.65,80.78,1.70,0
Metal,148.00,7.08,83.14,1.61,0
Metal,157.50,3.74,83.92,1.71,3054
Metal,171.43,3.27,83.92,1.57,3072
Metal,171.43,3.27,83.92,1.51,3057
Metal,152.00,7.11,82.75,1.69,3054
Metal,175.00,11.65,80.78,1.61,3055
Metal,175.56,13.11,80.78,1.79,3062
Metal,175.56,13.11,80.78,1.84,3055
Metal,175.56,13.11,80.78,1.88,3050
Metal,175.86,14.08,80.78,1.78,3072
Metal,173.68,9.22,80.78,1.60,3052
Metal,165.00,5.63,83.53,1.83,3055
Metal,171.43,3.27,83.92,1.90,3045
Metal,180.00,3.27,83.92,1.76,3059
Metal,180.00,5.61,83.92,1.61,3053
Metal,168.00,9.62,81.57,1.63,3052
Metal,175.71,13.59,80.78,1.47,3045
Metal,175.71,13.59,80.78,2.66,3058
Metal,176.00,14.56,80.78,2.80,3061
Metal,175.71,13.59,80.78,2.73,3072
Metal,175.38,12.62,80.78,2.51,3046
Metal,159.00,9.39,83.53,2.23,3054
Metal,172.50,3.74,83.92,2.09,3052
Metal,171.43,3.27,83.92,2.05,3052
Metal,145.71,3.27,83.92,3.05,3055
Metal,161.54,6.19,82.35,2.79,3056
Metal,174.78,11.17,80.78,2.59,3053
Metal,175.56,13.11,80.78,2.35,3041
Metal,175.71,13.59,80.78,2.37,3055
Metal,175.71,13.59,80.78,2.31,3061
Metal,175.56,13.11,80.78,2.17,3053
Metal,173.68,9.22,80.78,2.03,3055
Metal,165.00,7.48,83.92,1.86,3049
Metal,137.14,3.27,83.92,1.68,3052
Metal,171.43,3.27,83.92,1.69,3055
Metal,165.00,5.61,83.92,1.64,3055
Metal,169.41,8.21,81.18,1.53,3052
Metal,175.56,13.11,80.78,1.60,3054
Metal,175.86,14.08,80.78,1.67,3059
Metal,175.71,13.59,80.78,1.94,3054
Metal,175.38,12.62,80.78,2.09,3050
Metal,175.56,13.11,80.78,2.02,3053
Metal,158.82,8.10,82.35,1.94,3049
Metal,172.50,3.74,83.92,1.93,3060
Metal,142.50,3.72,84.31,1.77,3055
Metal,172.50,3.72,84.31,1.70,3055
Metal,164.00,7.11,82.75,1.66,3056
Metal,175.20,12.14,80.78,1.64,3054
Metal,175.38,12.62,80.78,1.98,3054
Metal,175.38,12.62,80.78,1.95,3053
Metal,175.86,14.08,80.78,2.04,3044
Metal,176.00,14.56,80.78,1.79,3041
Metal,168.57,10.00,82.35,2.43,3055
Metal,147.69,6.07,83.92,2.13,3055
Metal,120.00,3.27,83.92,1.99,3053
Metal,165.00,3.72,84.31,2.09,3055
Metal,161.54,6.07,83.92,1.94,3052
Metal,172.94,8.25,80.78,1.72,3055
Metal,175.38,12.62,80.78,1.92,3055
Metal,175.71,13.59,80.78,1.81,3054
Metal,175.38,12.62,80.78,1.84,3052
Metal,175.56,13.11,80.78,1.82,3055
Metal,175.38,12.62,80.78,1.66,3053
Metal,168.00,7.14,82.35,1.64,3045
Metal,180.00,3.74,83.92,1.62,3055
Metal,171.43,3.27,83.92,1.37,3055
Metal,154.29,3.27,83.92,1.74,3055
Metal,162.35,8.02,83.14,1.86,3060
Metal,174.78,11.17,80.78,1.92,3042
Metal,175.56,13.11,80.78,1.57,3055
Metal,175.56,13.11,80.78,1.61,3049
Metal,175.20,12.14,80.78,1.57,3055
Metal,175.38,12.62,80.78,1.64,3072
Metal,169.41,8.21,81.18,1.59,3055
Metal,163.64,5.14,83.92,1.56,3055
Metal,171.43,3.27,83.92,1.60,3050
Metal,137.14,3.27,83.92,1.81,0
Metal,158.57,6.54,83.92,1.72,0
Metal,171.43,10.14,81.18,1.63,0
Metal,175.56,13.11,80.78,1.66,3057
Metal,176.00,14.56,80.78,1.54,3061
Metal,175.71,13.59,80.78,1.71,3055
Metal,175.71,13.59,80.78,2.85,3050
Metal,171.43,10.14,81.18,2.59,3055
Metal,158.57,6.57,83.53,2.42,3044
Metal,171.43,3.27,83.92,2.46,3054
Metal,171.43,3.27,83.92,2.42,3055
Metal,180.00,5.61,83.92,2.31,3072
Metal,167.37,9.13,81.57,2.30,3050
Metal,175.38,12.62,80.78,2.58,3055
Metal,175.71,13.59,80.78,2.48,3054
Metal,175.56,13.11,80.78,2.27,3054
Metal,175.38,12.62,80.78,2.21,3056
Metal,175.20,12.14,80.78,2.06,3042
Metal,167.14,6.67,82.35,2.17,3055
Metal,157.50,3.74,83.92,2.26,3055
Metal,171.43,3.27,83.92,2.37,3045
Metal,171.43,3.27,83.92,2.67,3050
Metal,180.00,6.70,81.96,2.25,3057
Metal,175.38,12.62,80.78,2.04,3046
Metal,175.38,12.62,80.78,1.74,3053
Metal,175.71,13.59,80.78,1.49,3054
Metal,175.86,14.08,80.78,1.57,3052
Metal,175.56,13.11,80.78,1.53,3055
Metal,173.33,8.65,81.57,2.36,3052
Metal,163.64,5.14,83.92,2.40,3055
Metal,145.71,3.27,83.92,2.21,2636
Metal,154.29,3.27,83.92,1.99,0
Metal,175.71,6.60,83.14,2.31,3048
Metal,174.00,9.71,80.78,2.23,3052
Metal,175.20,12.14,80.78,2.08,3049
Metal,175.56,13.11,80.78,2.31,0
Metal,175.71,13.59,80.78,2.28,0
Metal,175.71,13.59,80.78,2.11,1113
Metal,174.29,10.19,80.78,2.29,0
Metal,161.25,7.51,83.53,2.73,3055
Metal,145.71,3.27,83.92,2.46,3048
Metal,165.00,3.72,84.31,2.06,3050
Metal,154.29,3.27,83.92,1.94,3055
Metal,173.33,8.65,81.57,1.70,3056
Metal,175.38,12.62,80.78,2.00,3054
Metal,175.71,13.59,80.78,1.77,3050
Metal,175.71,13.59,80.78,2.04,3054
Metal,175.38,12.62,80.78,2.02,3062
Metal,175.38,12.62,80.78,2.15,3054
Metal,167.14,6.67,82.35,1.84,3052
Metal,180.00,3.74,83.92,2.05,3055
Metal,180.00,3.27,83.92,7.87,3052
Metal,180.00,3.27,83.92,8.12,3055
Metal,162.86,6.67,82.35,6.81,3055
Metal,175.38,12.62,80.78,5.97,3054
Metal,175.56,13.11,80.78,5.31,3055
Metal,175.86,14.08,80.78,4.55,3044
Metal,175.20,12.14,80.78,3.74,3059
Metal,175.71,13.59,80.78,3.42,3057
Metal,157.89,9.00,82.75,3.14,3057
Metal,163.64,5.14,83.92,2.58,3061
Metal,154.29,3.27,83.92,2.51,3054
Metal,171.43,3.27,83.92,2.32,3054
Metal,160.00,7.04,83.53,2.15,3054
Metal,174.00,9.71,80.78,1.92,3054
Metal,175.38,12.62,80.78,1.68,3044
Metal,175.86,14.08,80.78,1.72,3053
Metal,175.71,13.59,80.78,1.81,3055
Metal,175.56,13.11,80.78,1.81,3056
Metal,174.78,11.17,80.78,1.68,3052
Metal,164.00,7.04,83.53,1.64,3054
Metal,171.43,3.27,83.92,1.84,3052
Metal,171.43,3.27,83.92,1.75,3056
Metal,150.00,3.74,83.92,1.93,3052
Metal,167.37,9.13,81.57,1.76,3055
Metal,175.20,12.14,80.78,1.93,3044
Metal,175.38,12.62,80.78,1.71,3048
Metal,175.38,12.62,80.78,1.54,3054
Metal,175.86,14.08,80.78,1.59,3044
Metal,175.20,12.14,80.78,1.55,3055
Metal,155.29,7.98,83.53,1.68,3056
Metal,137.14,3.27,83.92,1.74,3049
Metal,154.29,3.27,83.92,1.68,3055
Metal,145.71,3.27,83.92,1.64,3054
Metal,162.86,6.64,82.75,1.53,3052
Metal,175.20,12.14,80.78,1.43,3052
Metal,175.56,13.11,80.78,1.17,3048
Metal,175.56,13.11,80.78,1.58,3052
Metal,175.71,13.59,80.78,1.95,3053
Metal,175.56,13.11,80.78,2.08,3055
Metal,167.37,9.13,81.57,2.00,3057
Metal,155.00,5.61,83.92,2.02,3074
Metal,171.43,3.27,83.92,1.76,3055
Metal,180.00,3.27,83.92,1.67,3051
Metal,172.00,7.11,82.75,1.81,3053
Metal,174.78,11.17,80.78,2.21,3055
Metal,175.38,12.62,80.78,1.97,3054
Metal,175.86,14.08,80.78,1.66,3058
Metal,175.56,13.11,80.78,1.48,3049
Metal,176.00,14.56,80.78,1.50,3056
Metal,171.43,10.14,81.18,1.75,3055
Metal,156.00,7.01,83.92,1.48,3074
Metal,128.57,3.27,83.92,1.41,3054
Metal,180.00,3.27,83.92,1.68,3051
Metal,161.54,6.07,83.92,1.60,3057
Metal,170.00,8.70,81.18,1.44,3051
Metal,175.56,13.11,80.78,1.30,3052
Metal,175.86,14.08,80.78,1.84,3058
Metal,175.56,13.11,80.78,1.94,3060
Metal,175.71,13.59,80.78,1.84,3025
Metal,175.71,13.59,80.78,1.86,3054
Metal,164.21,8.96,83.14,1.72,3054
Metal,160.00,4.21,83.92,1.93,3054
Metal,171.43,3.27,83.92,1.94,3055
Metal,154.29,3.27,83.92,1.65,3058
Metal,162.86,6.64,82.75,1.69,3055
Metal,175.38,12.62,80.78,1.87,3057
Metal,175.86,14.08,80.78,2.26,3059
Metal,175.86,14.08,80.78,2.43,3053
Metal,175.56,13.11,80.78,2.23,3056
Metal,175.20,12.14,80.78,2.30,3050
Metal,166.96,11.00,81.96,2.33,3054
Metal,166.15,6.10,83.53,2.33,3050
Metal,180.00,3.27,83.92,2.21,3052
Metal,180.00,3.27,83.92,2.43,420
Metal,152.73,5.14,83.92,2.66,0
Metal,180.00,9.22,80.78,2.33,956
Metal,175.71,13.59,80.78,2.45,3057
Metal,175.56,13.11,80.78,2.26,3055
Metal,176.00,14.56,80.78,2.34,3055
Metal,175.56,13.11,80.78,2.51,3082
Metal,174.78,11.17,80.78,2.43,3040
Metal,157.50,7.51,83.53,2.36,3052
Metal,145.71,3.27,83.92,2.19,3057
Metal,154.29,3.27,83.92,1.81,3050
Metal,157.50,3.74,83.92,1.91,3052
Metal,170.00,8.70,81.18,2.15,3055
Metal,175.56,13.11,80.78,2.38,3055
Metal,175.56,13.11,80.78,2.22,3049
Metal,175.86,14.08,80.78,2.44,3055
Metal,175.86,14.08,80.78,2.15,3053
Metal,175.20,12.14,80.78,2.06,3054
Metal,169.41,8.10,82.35,1.96,3059
Metal,171.43,3.27,83.92,2.18,3062
Metal,180.00,3.27,83.92,2.19,3059
Metal,150.00,3.72,84.31,2.23,3052
Metal,165.00,7.58,82.75,2.25,3055
Metal,175.20,12.14,80.78,2.07,3048
Metal,176.00,14.56,80.78,1.73,3049
Metal,176.00,14.56,80.78,1.81,3055
Metal,175.38,12.62,80.78,1.87,3049
Metal,175.86,14.08,80.78,1.69,3053
Metal,173.33,8.74,80.78,1.74,3056
Metal,160.00,7.01,83.92,1.66,3055
Metal,171.43,3.27,83.92,1.55,3072
Metal,171.43,3.27,83.92,1.96,3052
Metal,160.00,5.61,83.92,1.77,3056
Metal,173.33,8.74,80.78,1.64,3056
Metal,175.71,13.59,80.78,1.87,3055
Metal,175.56,13.11,80.78,1.92,3051
Metal,175.86,14.08,80.78,1.98,3040
Metal,175.71,13.59,80.78,1.85,3051
Metal,174.78,11.17,80.78,1.75,3049
Metal,152.00,7.04,83.53,1.73,3056
Metal,171.43,3.27,83.92,1.66,3050
Metal,145.71,3.27,83.92,1.81,3054
Metal,137.14,3.27,83.92,1.93,3052
Metal,176.00,7.21,81.57,1.71,3058
Metal,175.20,12.14,80.78,1.64,3052
Metal,175.71,13.59,80.78,1.57,3040
Metal,175.56,13.11,80.78,1.41,3044
Metal,175.71,13.59,80.78,1.61,3055
Metal,175.71,13.59,80.78,1.45,3055
Metal,173.68,9.09,81.96,1.44,3057
Metal,174.55,5.14,83.92,1.78,3052
Metal,154.29,3.27,83.92,1.64,3054
Metal,154.29,3.27,83.92,1.56,3057
Metal,164.00,7.08,83.14,1.28,3052
Metal,174.29,10.19,80.78,1.32,3044
Metal,175.56,13.11,80.78,1.46,3040
Metal,175.71,13.59,80.78,1.55,3058
Metal,175.71,13.59,80.78,1.57,3060
Metal,175.56,13.11,80.78,1.77,3072
Metal,174.29,10.19,80.78,1.63,3048
Metal,157.50,7.48,83.92,1.81,3049
Metal,145.71,3.27,83.92,1.67,3051
Metal,140.00,4.17,84.71,1.82,3057
Metal,163.64,5.14,83.92,2.09,3076
Metal,44.71,43.59,45.88,1.34,0
Metal,37.71,51.09,53.73,1.98,0
Metal,47.06,43.59,45.88,2.63,0
Metal,39.00,44.44,52.94,3.10,0
Metal,35.85,53.59,60.00,3.41,0
Metal,47.06,43.59,45.88,3.45,0
Metal,45.65,39.32,45.88,3.63,0
Metal,35.06,50.33,60.00,3.71,0
Metal,43.64,45.45,47.45,3.82,0
Metal,45.60,42.74,45.88,3.81,0
Metal,36.00,47.62,57.65,3.86,0
Metal,39.17,51.80,54.51,4.10,0
Metal,46.15,44.44,45.88,4.13,0
Metal,38.95,43.18,51.76,4.07,0
Metal,36.30,52.94,60.00,3.90,0
Metal,47.06,43.59,45.88,3.78,0
Metal,43.04,39.32,45.88,3.49,0
Metal,35.06,50.33,60.00,3.46,0
Metal,43.45,46.77,48.63,3.43,3544
Metal,47.06,43.59,45.88,3.18,3537
Metal,37.06,47.22,56.47,2.77,3341
Metal,37.89,52.41,56.86,2.66,0
Metal,45.88,43.59,45.88,2.56,0
Metal,41.18,40.80,49.02,2.42,0
Metal,36.00,52.29,60.00,2.37,0
Metal,45.88,43.59,45.88,3.58,3565
Metal,45.00,41.03,45.88,3.76,3060
Metal,35.53,50.33,59.22,4.71,3086
Metal,40.31,49.23,50.98,4.21,2961
Metal,45.88,43.59,45.88,6.72,3072
Metal,36.56,46.04,54.51,7.20,1852
Metal,36.75,53.33,58.82,7.09,3072
Metal,45.88,43.59,45.88,6.30,3535
Metal,44.68,39.17,47.06,5.76,2111
Metal,35.38,50.98,60.00,4.86,3045
Metal,45.00,44.07,46.27,4.34,0
Metal,45.31,41.88,45.88,4.38,855
Metal,36.16,48.99,58.43,4.16,374
Metal,38.26,50.74,53.33,3.88,234
Metal,43.53,43.59,45.88,3.51,3033
Metal,37.38,44.85,53.33,3.83,3051
Metal,36.59,53.59,60.00,4.40,0
Metal,45.88,43.59,45.88,5.73,0
Metal,44.00,38.46,45.88,6.15,598
Metal,35.38,50.98,60.00,5.55,882
Metal,43.64,45.45,47.45,4.91,3535
Metal,45.60,42.74,45.88,4.87,0
Metal,36.86,48.28,56.86,4.13,3060
Metal,38.11,52.11,55.69,5.12,3048
Metal,45.88,43.59,45.88,4.64,3062
Metal,41.89,41.73,49.80,4.03,3053
Metal,36.00,52.29,60.00,3.90,3064
Metal,44.71,43.59,45.88,4.72,3055
Metal,44.68,40.17,45.88,5.66,3039
Metal,35.06,50.33,60.00,5.59,3050
Metal,41.31,47.66,50.20,4.64,3045
Metal,44.71,43.59,45.88,4.53,668
Metal,36.36,46.81,55.29,4.24,1185
Metal,35.70,53.02,58.43,3.98,2721
Metal,45.88,43.59,45.88,5.30,3058
Metal,43.75,39.67,47.45,4.75,3362
Metal,35.70,51.63,60.00,4.31,3055
Metal,45.00,44.07,46.27,3.85,3055
Metal,45.31,41.88,45.88,4.52,2874
Metal,36.49,49.66,58.43,4.83,3060
Metal,37.71,51.09,53.73,5.04,3052
Metal,45.88,43.59,45.88,4.25,3055
Metal,37.74,45.59,53.33,4.05,3006
Metal,35.56,52.94,60.00,3.68,3072
Metal,44.71,43.59,45.88,3.25,0
Metal,44.35,39.32,45.88,3.23,0
Metal,35.38,50.98,60.00,3.41,0
Metal,43.64,45.08,47.84,4.56,3409
Metal,45.60,42.74,45.88,4.80,3058
Metal,36.67,48.98,57.65,4.54,0
Metal,37.30,51.75,56.08,4.50,0
Metal,44.71,43.59,45.88,4.43,3057
Metal,41.11,42.52,49.80,3.80,1340
Metal,36.00,52.29,60.00,4.35,3055
Metal,45.88,43.59,45.88,6.08,3053
Metal,43.40,40.17,45.88,6.61,2978
Metal,35.06,50.33,60.00,9.65,3056
Metal,40.95,49.22,50.20,8.91,1902
Metal,44.71,43.59,45.88,7.22,1785
Metal,36.92,46.43,54.90,7.15,3057
Metal,36.75,53.33,58.82,6.12,3055
Metal,44.71,43.59,45.88,5.92,2988
Metal,44.35,38.66,46.67,5.03,2610
Metal,35.70,51.63,60.00,4.28,3062
Metal,45.28,44.54,46.67,4.04,3055
Metal,45.60,42.74,45.88,4.51,3072
Metal,35.68,49.66,58.43,3.93,3055
Metal,38.63,52.14,54.90,4.96,3055
Metal,47.06,43.59,45.88,4.30,3055
Metal,40.36,42.64,50.59,3.55,3058
Metal,36.30,52.94,60.00,3.38,479
Metal,45.88,43.59,45.88,3.45,3056
Metal,46.25,41.03,45.88,3.48,3513
Metal,36.49,49.33,58.82,6.88,1733
Metal,40.00,48.84,50.59,6.09,900
Metal,45.88,43.59,45.88,6.17,462
Metal,36.72,47.18,55.69,6.44,467
Metal,35.56,53.64,59.22,6.46,157
Metal,45.88,43.59,45.88,7.66,0
Metal,44.68,39.17,47.06,7.61,1958
Metal,35.70,51.63,60.00,8.34,3060
Metal,45.00,44.07,46.27,7.80,3053
Metal,45.31,41.88,45.88,6.65,3055
Metal,35.20,49.67,59.22,5.67,2420
Metal,39.13,51.11,52.94,4.94,3039
Metal,45.88,43.59,45.88,4.87,3057
Metal,37.14,45.65,54.12,4.72,2992
Metal,35.85,53.59,60.00,4.09,3056
Metal,45.88,43.59,45.88,5.56,3055
Metal,43.04,38.98,46.27,5.44,3058
Metal,35.38,50.98,60.00,5.21,3055
Metal,46.15,44.07,46.27,4.56,3056
Metal,45.60,42.74,45.88,4.16,3057
Metal,36.16,49.32,58.04,4.14,3056
Metal,38.03,51.45,54.12,5.50,3057
Metal,43.53,43.59,45.88,5.29,3058
Metal,38.64,44.36,52.16,4.98,3056
Metal,36.30,52.94,60.00,4.94,3058
Metal,44.71,43.59,45.88,4.82,3056
Metal,44.35,39.32,45.88,5.15,3057
Metal,35.38,50.98,60.00,4.54,3055
Metal,42.71,47.20,49.02,4.46,3056
Metal,43.53,43.59,45.88,4.52,3058
Metal,37.94,47.55,56.08,4.04,3058
Metal,37.11,52.41,56.86,4.32,3055
Metal,44.71,43.59,45.88,5.21,3061
Metal,42.86,40.16,47.84,4.56,3057
Metal,35.70,51.63,60.00,4.56,3057
Metal,45.88,43.59,45.88,5.23,3058
Metal,44.08,41.88,45.88,5.05,3057
Metal,38.33,48.98,57.65,6.25,3055
Metal,37.39,50.36,53.73,6.28,3057
Metal,47.06,43.59,45.88,5.66,3057
Metal,37.14,45.99,53.73,5.19,3055
Metal,36.59,53.59,60.00,5.47,3056
Metal,44.71,43.59,45.88,5.21,3058
Metal,45.65,39.32,45.88,4.53,3055
Metal,35.06,50.33,60.00,4.18,3057
Metal,42.41,46.77,48.63,4.39,3058
Metal,44.71,43.59,45.88,5.36,3059
Metal,36.52,47.92,56.47,5.28,3056
Metal,36.80,51.72,56.86,5.21,3057
Metal,44.71,43.59,45.88,4.60,3057
Metal,40.38,41.27,49.41,5.86,3061
Metal,36.00,52.29,60.00,6.96,3059
Metal,45.88,43.59,45.88,7.92,3061
Metal,43.75,41.03,45.88,7.65,3058
Metal,34.86,49.01,59.22,7.58,3054
Metal,39.13,51.11,52.94,7.01,3055
Metal,45.88,43.59,45.88,6.41,3059
Metal,37.14,45.65,54.12,5.89,3058
Metal,35.85,53.59,60.00,5.90,3062
Metal,47.06,43.59,45.88,6.44,3057
Metal,45.33,38.46,45.88,5.72,3057
Metal,35.06,50.33,60.00,8.86,3055
Metal,42.86,45.90,47.84,7.98,3055
Metal,44.40,42.74,45.88,8.05,3055
Metal,36.00,47.95,57.25,7.07,3055
Metal,38.40,52.45,56.08,6.87,3057
Metal,44.71,43.59,45.88,5.88,3059
Metal,40.38,41.27,49.41,5.67,3059
Metal,35.70,51.63,60.00,4.95,3055
Metal,44.71,43.59,45.88,5.31,3058
Metal,46.25,41.03,45.88,5.91,3055
Metal,35.68,49.33,58.82,5.08,3055
Metal,38.26,50.74,53.33,5.49,3062
Metal,44.71,43.59,45.88,4.75,3060
Metal,38.00,44.44,52.94,6.85,3061
Metal,36.30,52.94,60.00,6.92,3058
Metal,44.71,43.59,45.88,7.37,3056
Metal,44.35,39.32,45.88,6.22,3055
Metal,34.29,50.33,60.00,5.59,3055
Metal,41.69,47.20,49.02,5.11,3055
Metal,44.71,43.59,45.88,4.53,3055
Metal,35.65,47.92,56.47,4.08,3060
Metal,37.11,52.41,56.86,4.10,3057
Metal,47.06,43.59,45.88,3.91,3057
Metal,41.18,41.13,48.63,4.97,3058
Metal,35.70,51.63,60.00,4.58,3064
Metal,45.88,43.59,45.88,6.14,3057
Metal,43.75,41.03,45.88,6.05,3058
Metal,36.00,50.00,58.82,6.94,3060
Metal,38.26,50.74,53.33,7.26,3060
Metal,44.71,43.59,45.88,10.41,3063
Metal,37.63,44.03,52.55,8.46,3060
Metal,36.59,53.59,60.00,7.69,3060
Metal,44.71,43.59,45.88,7.12,3055
Metal,44.35,39.32,45.88,6.59,3056
Metal,35.06,50.33,60.00,7.75,3058
Metal,42.71,47.20,49.02,6.93,3062
Metal,45.88,43.59,45.88,6.53,3055
Metal,36.72,47.18,55.69,7.28,3055
Metal,36.46,53.02,58.43,7.16,3059
Metal,43.53,43.59,45.88,11.43,3058
Metal,44.35,38.66,46.67,13.25,3059
Metal,35.38,50.98,60.00,11.79,3062
Metal,45.00,44.07,46.27,12.10,3055
Metal,45.60,42.74,45.88,10.81,3057
Metal,36.00,47.62,57.65,8.88,3058
Metal,37.50,51.43,54.90,7.99,3061
Metal,44.71,43.59,45.88,7.62,3061
Metal,41.11,42.19,50.20,8.48,3056
Metal,36.00,52.29,60.00,7.17,3061
Metal,45.88,43.59,45.88,6.15,3060
Metal,44.68,40.17,45.88,5.16,3060
Metal,35.06,50.66,59.61,4.67,3061
Metal,40.00,50.00,51.76,5.32,3059
Metal,43.85,44.44,45.88,6.41,3058
Metal,36.36,46.81,55.29,7.62,3056
Metal,37.04,53.64,59.22,6.78,3056
Metal,45.60,42.74,45.88,7.12,3059
Metal,44.68,39.50,46.67,7.42,3060
Metal,35.70,51.63,60.00,7.21,3058
Metal,45.28,44.54,46.67,8.07,3057
Metal,45.60,42.74,45.88,7.48,3060
Metal,36.67,48.98,57.65,7.23,3072
Metal,37.50,51.43,54.90,8.26,3060
Metal,44.71,43.59,45.88,8.48,3057
Metal,38.57,43.08,50.98,7.35,3060
Metal,36.00,52.29,60.00,6.52,3058
Metal,45.88,43.59,45.88,7.46,3060
Metal,43.40,40.17,45.88,7.17,3057
Metal,35.06,50.33,60.00,6.88,3061
Metal,40.00,48.84,50.59,5.69,3060
Metal,45.88,43.59,45.88,7.76,3059
Metal,36.72,47.18,55.69,8.59,3060
Metal,34.81,53.64,59.22,8.22,3059
Metal,47.06,43.59,45.88,8.70,3062
Metal,43.75,39.67,47.45,8.60,3058
Metal,35.38,50.98,60.00,8.99,3057
Metal,45.00,44.07,46.27,8.00,3060
Metal,45.60,42.74,45.88,6.98,3062
Metal,35.34,48.67,58.82,6.01,3060
Metal,36.99,52.14,54.90,5.36,3059
Metal,44.71,43.59,45.88,7.11,3060
Metal,39.31,43.94,51.76,7.92,3058
Metal,36.30,52.94,60.00,8.02,3062
Metal,45.88,43.59,45.88,7.75,3057
Metal,44.35,39.32,45.88,6.66,3060
Metal,35.06,50.33,60.00,7.73,3060
Metal,41.31,48.03,49.80,11.15,3061
Metal,45.88,43.59,45.88,10.58,3058
Metal,37.06,47.55,56.08,13.33,3060
Metal,35.38,52.70,58.04,12.83,3061
Metal,44.71,43.59,45.88,12.29,3062
Metal,43.75,39.67,47.45,10.66,3057
Metal,35.70,51.63,60.00,9.63,3055
Metal,47.06,43.59,45.88,8.11,3057
Metal,45.31,41.88,45.88,8.06,3060
Metal,35.53,50.33,59.22,10.81,3061
Metal,37.71,51.09,53.73,9.10,3061
Metal,45.88,43.59,45.88,9.15,3058
Metal,36.77,45.26,53.73,7.99,3060
Metal,36.59,53.59,60.00,7.55,3058
Metal,45.88,43.59,45.88,7.85,3072
Metal,44.35,39.32,45.88,11.08,3060
Metal,35.06,50.33,60.00,11.13,3062
Metal,43.93,45.90,47.84,12.89,3058
Metal,45.60,42.74,45.88,12.60,3062
Metal,36.00,48.28,56.86,11.25,3061
Metal,35.84,53.10,56.86,13.34,3058
Metal,44.71,43.59,45.88,12.21,3060
Metal,41.54,41.60,49.02,11.37,3063
Metal,36.00,52.29,60.00,12.06,3062
Metal,45.88,43.59,45.88,10.07,3058
Metal,45.00,41.03,45.88,9.19,3058
Metal,36.32,50.33,59.22,8.32,3072
Metal,38.82,50.75,52.55,7.79,3057
Metal,44.71,43.59,45.88,7.54,3061
Metal,36.92,46.76,54.51,7.12,3060
Metal,36.59,53.95,59.61,8.22,3061
Metal,45.60,42.74,45.88,6.75,3058
Metal,44.35,38.98,46.27,10.48,3061
Metal,35.38,50.98,60.00,10.70,3056
Metal,45.28,44.54,46.67,9.58,3050
Metal,44.40,42.74,45.88,8.54,3063
Metal,36.67,48.98,57.65,8.20,3072
Metal,36.99,51.77,55.29,6.97,3058
Metal,44.71,43.59,45.88,6.60,3060
Metal,39.64,43.08,50.98,5.81,3059
Metal,36.00,52.29,60.00,6.43,3062
Metal,43.53,43.59,45.88,7.67,3064
Metal,44.68,40.17,45.88,8.59,3060
Metal,35.38,50.98,60.00,7.43,3064
Metal,40.00,48.84,50.59,8.25,3061
Metal,45.88,43.59,45.88,7.63,3064
Metal,37.27,46.81,55.29,9.96,3060
Metal,36.00,53.33,58.82,11.50,3060
Metal,44.71,43.59,45.88,12.30,3060
Metal,44.35,38.66,46.67,11.15,3058
Metal,35.38,50.98,60.00,10.61,3072
Metal,46.15,44.07,46.27,8.96,3057
Metal,45.88,43.59,45.88,7.70,3061
Metal,35.68,49.66,58.43,7.24,3060
Metal,38.57,51.09,53.73,6.79,3061
Metal,44.71,43.59,45.88,8.42,3058
Metal,38.00,44.78,52.55,7.49,3058
Metal,36.59,53.59,60.00,6.42,3060
Metal,44.71,43.59,45.88,6.98,3061
Metal,43.40,40.17,45.88,6.69,3061
Metal,34.62,50.98,60.00,5.72,3060
Metal,42.00,47.62,49.41,5.04,3062
Metal,44.40,42.74,45.88,4.32,3062
Metal,37.06,47.55,56.08,4.50,3064
Metal,36.62,52.38,57.65,5.54,3060
Metal,43.53,43.59,45.88,4.96,3058
Metal,43.75,39.67,47.45,5.82,3058
Metal,35.70,51.63,60.00,6.66,3061
Metal,46.15,44.07,46.27,7.94,3060
Metal,44.08,41.88,45.88,9.36,3060
Metal,35.34,48.67,58.82,9.49,3062
Metal,38.26,50.74,53.33,9.54,3062
Metal,45.60,42.74,45.88,8.08,3061
Metal,38.00,44.78,52.55,7.09,3058
Metal,35.85,53.59,60.00,9.08,3055
Metal,44.71,43.59,45.88,10.68,3060
Metal,44.68,40.17,45.88,8.98,3058
Metal,35.06,50.33,60.00,6.29,3060
Metal,42.71,47.20,49.02,6.89,3055
Metal,43.53,43.59,45.88,7.40,3056
Metal,36.18,47.22,56.47,8.49,3059
Metal,36.92,53.06,57.65,8.02,3072
Metal,44.71,43.59,45.88,7.06,3059
Metal,43.20,40.65,48.24,7.41,3057
Metal,35.70,51.63,60.00,6.03,3064
Metal,44.71,43.59,45.88,5.48,3057
Metal,45.31,41.88,45.88,5.74,3057
Metal,35.53,50.33,59.22,7.73,3058
Metal,39.40,50.38,52.16,7.74,3056
Metal,45.88,43.59,45.88,7.04,3057
Metal,37.14,45.99,53.73,7.79,3058
Metal,35.85,53.59,60.00,8.42,3061
Metal,45.88,43.59,45.88,8.61,3056
Metal,43.40,39.83,46.27,8.24,3057
Metal,34.62,50.98,60.00,8.09,3062
Metal,43.64,45.45,47.45,8.66,3072
Metal,44.71,43.59,45.88,9.10,3058
Metal,36.16,49.66,57.65,9.72,3057
Metal,36.99,51.77,55.29,9.57,3058
Metal,44.71,43.59,45.88,10.56,3058
Metal,40.00,42.19,50.20,10.21,3057
Metal,36.30,52.94,60.00,10.32,3055
Metal,45.88,43.59,45.88,7.30,3058
Metal,43.40,40.17,45.88,7.15,3059
Metal,34.74,50.00,59.61,7.36,3058
Metal,40.00,48.84,50.59,7.38,3057
Metal,45.88,43.59,45.88,8.07,3056
Metal,36.36,46.81,55.29,8.18,3058
Metal,36.00,53.33,58.82,8.04,3057
Metal,47.06,43.59,45.88,9.09,3056
Metal,45.65,38.66,46.67,9.48,3058
Metal,35.70,51.63,60.00,9.46,3061
Metal,45.00,44.07,46.27,8.40,3072
Metal,46.53,41.88,45.88,7.97,3060
Metal,35.83,48.32,58.43,7.23,3058
Metal,38.87,51.45,54.12,8.14,3064
Metal,44.71,43.59,45.88,8.47,3061
Metal,38.95,43.18,51.76,7.67,3062
Metal,35.85,53.59,60.00,6.12,3057
Metal,45.88,43.59,45.88,6.56,3059
Metal,44.35,39.32,45.88,5.29,3060
Metal,34.62,50.98,60.00,5.92,3060
Metal,42.41,46.77,48.63,5.16,3057
Metal,45.88,43.59,45.88,5.43,3058
Metal,36.52,47.92,56.47,5.41,3061
Metal,37.60,52.08,56.47,4.82,3060
Metal,45.88,43.59,45.88,4.49,3057
Metal,42.35,41.13,48.63,4.90,3055
Metal,36.00,52.29,60.00,4.90,3058
Metal,45.88,43.59,45.88,3.95,3060
Metal,43.75,41.03,45.88,3.61,3057
Metal,36.00,50.00,58.82,4.96,3062
Metal,38.51,50.00,52.55,4.32,3055
Metal,43.53,43.59,45.88,5.95,3060
Metal,36.77,45.26,53.73,6.37,3060
Metal,35.85,53.59,60.00,5.14,3061
Metal,45.88,43.59,45.88,6.30,3060
Metal,45.65,39.32,45.88,7.82,3057
Metal,35.38,50.98,60.00,8.83,3058
Metal,44.73,45.45,47.45,9.65,3057
Metal,44.71,43.59,45.88,8.36,3060
Metal,36.86,48.28,56.86,8.15,3060
Metal,37.60,52.45,56.08,9.82,3058
Metal,45.88,43.59,45.88,9.59,3062
Metal,40.75,42.06,49.41,8.82,3057
Metal,36.00,52.29,60.00,7.72,3060
Metal,44.71,43.59,45.88,9.33,3060
Metal,45.00,41.03,45.88,10.48,3057
Metal,35.53,50.00,59.61,8.69,3062
Metal,39.69,49.24,51.76,9.06,3056
Metal,43.53,43.59,45.88,12.16,3060
Metal,38.10,45.99,53.73,12.29,3062
Metal,35.12,53.59,60.00,11.90,3059
Metal,45.88,43.59,45.88,10.96,3060
Metal,43.04,38.98,46.27,9.55,3056
Metal,34.62,50.98,60.00,9.20,3062
Metal,43.64,45.45,47.45,9.52,3060
Metal,44.40,42.74,45.88,8.64,3055
Metal,35.49,48.30,57.65,7.73,3060
Metal,37.30,52.11,55.69,6.53,3061
Metal,44.71,43.59,45.88,7.30,3060
Metal,39.62,41.73,49.80,6.64,3057
Metal,36.00,52.29,60.00,8.21,3061
Metal,44.71,43.59,45.88,9.62,3056
Metal,43.75,41.03,45.88,8.43,3058
Metal,35.84,50.66,59.61,7.06,3061
Metal,40.95,48.84,50.59,6.62,3061
Metal,44.71,43.59,45.88,6.10,3057
Metal,36.36,46.81,55.29,7.56,3061
Metal,36.46,52.67,58.82,9.25,3057
Metal,44.71,43.59,45.88,10.41,3057
Metal,43.75,40.00,47.06,11.35,3058
Metal,35.70,51.63,60.00,9.36,3060
Metal,44.15,44.54,46.67,8.32,3055
Metal,45.60,42.74,45.88,7.61,3060
Metal,35.83,48.65,58.04,8.68,3060
Metal,37.18,51.08,54.51,8.73,3060
Metal,45.88,43.59,45.88,7.40,3061
Metal,38.28,43.61,52.16,6.55,3058
Metal,36.30,52.94,60.00,10.71,3061
Metal,45.00,44.44,45.88,9.94,3057
Metal,43.04,39.32,45.88,12.69,3057
Metal,35.84,50.66,59.61,10.88,3057
Metal,41.31,48.03,49.80,9.18,3057
Metal,47.06,43.59,45.88,9.02,3059
Metal,35.82,47.18,55.69,7.50,3060
Metal,37.97,53.74,57.65,7.07,3058
Metal,45.88,43.59,45.88,9.51,3058
Metal,43.75,39.67,47.45,8.35,3059
Metal,35.70,51.63,60.00,7.78,3056
Metal,45.88,43.59,45.88,7.57,3058
Metal,45.31,41.88,45.88,7.28,3058
Metal,36.00,50.00,58.82,6.56,11
Metal,38.03,51.45,54.12,9.67,3073
Metal,44.71,43.59,45.88,10.00,3072
Metal,38.00,44.78,52.55,8.45,3082
Metal,35.56,52.94,60.00,7.78,1480
Metal,44.71,43.59,45.88,7.32,3060
Metal,43.04,39.32,45.88,6.84,1206
Metal,35.84,50.66,59.61,6.18,957
Metal,42.41,46.40,49.02,5.58,3073
Metal,45.88,43.59,45.88,5.45,3072
Metal,36.52,47.92,56.47,5.14,3072
Metal,36.15,53.06,57.65,4.65,3072
Metal,45.88,43.59,45.88,4.46,1919
Metal,42.50,39.34,47.84,5.01,3077
Metal,35.70,51.63,60.00,7.62,1102
Metal,43.53,43.59,45.88,7.50,3078
Metal,45.31,41.88,45.88,12.35,3040
Metal,37.30,49.66,58.43,11.53,2307
Metal,38.26,50.74,53.33,10.37,2610
Metal,45.88,43.59,45.88,8.57,52
Metal,38.00,44.44,52.94,7.56,3062
Metal,36.59,53.59,60.00,7.58,382
Metal,45.88,43.59,45.88,10.02,3062
Metal,43.04,39.32,45.88,8.33,3072
Metal,34.74,49.67,60.00,9.70,3549
Metal,42.71,47.20,49.02,8.33,1858
Metal,45.88,43.59,45.88,7.01,3059
Metal,36.72,47.18,55.69,8.29,3062
Metal,35.70,53.38,58.04,7.30,3061
Metal,45.88,43.59,45.88,9.01,3060
Metal,44.08,40.50,47.45,7.37,3072
Metal,35.38,50.98,60.00,6.75,3056
Metal,45.00,44.07,46.27,8.65,3057
Metal,44.40,42.74,45.88,8.15,3080
Metal,35.83,48.65,58.04,7.51,0
Metal,38.87,51.45,54.12,8.44,0
Metal,45.88,43.59,45.88,7.37,0
Metal,37.89,43.51,51.37,7.71,3074
Metal,35.56,52.94,60.00,6.56,3053
Metal,44.71,43.59,45.88,6.08,3060
Metal,43.40,40.17,45.88,5.47,3072
Metal,35.84,50.66,59.61,5.28,3055
Metal,40.65,48.44,50.20,5.33,3072
Metal,45.88,43.59,45.88,6.01,3058
Metal,36.36,46.81,55.29,6.06,3065
Metal,36.46,53.02,58.43,5.91,3079
Metal,47.06,43.59,45.88,5.55,2485
Metal,45.65,38.66,46.67,5.32,0
Metal,35.38,50.98,60.00,4.85,0
Metal,45.00,44.07,46.27,7.85,3073
Metal,44.40,42.74,45.88,7.35,3111
Metal,36.67,48.98,57.65,6.61,3086
Metal,38.33,51.80,54.51,5.76,3072
Metal,46.15,44.44,45.88,5.04,2634
Metal,39.64,43.08,50.98,5.00,285
Metal,36.30,52.94,60.00,6.77,3064
Metal,43.53,43.59,45.88,7.08,3057
Metal,43.40,40.17,45.88,7.44,3060
Metal,36.32,50.33,59.22,7.01,3080
Metal,40.31,49.23,50.98,6.21,0
Metal,45.88,43.59,45.88,5.91,3085
Metal,36.56,46.04,54.51,7.32,3059
Metal,35.12,53.59,60.00,6.56,3052
Metal,175.38,18.93,80.78,1.33,0
Metal,152.50,10.81,87.06,2.15,0
Metal,154.62,11.61,87.84,2.39,0
Metal,152.90,14.03,86.67,2.91,0
Metal,167.03,17.45,83.14,2.91,0
Metal,175.38,18.93,80.78,2.86,0
Metal,175.38,18.93,80.78,3.03,0
Metal,171.00,19.32,81.18,4.42,0
Metal,173.85,18.93,80.78,4.38,0
Metal,170.53,18.18,81.96,3.84,0
Metal,157.50,14.61,85.88,3.66,0
Metal,157.50,10.81,87.06,3.52,0
Metal,160.00,10.81,87.06,3.34,0
Metal,153.60,11.26,87.06,3.51,0
Metal,162.86,16.36,83.92,3.21,0
Metal,174.00,19.32,81.18,3.59,0
Metal,175.38,18.93,80.78,3.26,0
Metal,173.85,18.93,80.78,3.75,0
Metal,173.85,18.93,80.78,4.09,0
Metal,174.00,19.32,81.18,3.98,0
Metal,162.16,17.21,84.31,3.42,0
Metal,159.23,11.71,87.06,3.24,0
Metal,150.00,10.81,87.06,3.30,0
Metal,154.62,11.61,87.84,2.81,0
Metal,157.24,13.24,85.88,2.42,0
Metal,170.00,17.14,82.35,2.86,0
Metal,176.92,18.93,80.78,4.39,0
Metal,175.38,18.93,80.78,4.02,0
Metal,175.38,18.93,80.78,4.49,0
Metal,177.00,19.42,80.78,4.09,0
Metal,168.00,18.87,83.14,3.57,0
Metal,155.62,14.61,85.88,4.31,0
Metal,147.50,10.81,87.06,4.31,0
Metal,152.50,10.81,87.06,3.89,0
Metal,160.00,10.81,87.06,3.42,0
Metal,161.14,16.28,84.31,3.07,0
Metal,172.31,18.93,80.78,2.68,0
Metal,175.38,18.93,80.78,2.61,0
Metal,175.38,18.93,80.78,2.35,0
Metal,176.92,18.93,80.78,2.30,543
Metal,175.38,18.93,80.78,2.09,0
Metal,163.33,16.82,83.92,2.20,0
Metal,157.24,13.06,87.06,2.53,133
Metal,160.00,10.81,87.06,2.59,0
Metal,157.50,10.81,87.06,2.66,0
Metal,158.00,13.57,86.67,3.14,0
Metal,167.37,17.92,83.14,2.73,0
Metal,175.38,18.93,80.78,2.90,0
Metal,175.38,18.93,80.78,3.22,0
Metal,175.38,18.93,80.78,2.94,0
Metal,175.38,18.93,80.78,2.74,552
Metal,171.43,20.00,82.35,2.43,0
Metal,160.00,13.89,84.71,2.62,0
Metal,157.50,10.81,87.06,2.59,418
Metal,157.50,10.81,87.06,2.97,0
Metal,160.00,10.81,87.06,4.05,0
Metal,161.25,14.95,83.92,3.82,0
Metal,172.86,20.10,81.96,3.35,0
Metal,175.38,18.93,80.78,3.18,0
Metal,172.31,18.93,80.78,2.78,0
Metal,172.31,18.93,80.78,3.12,3552
Metal,175.38,18.93,80.78,3.32,0
Metal,165.41,17.37,83.53,3.65,0
Metal,152.00,13.57,86.67,4.09,0
Metal,160.00,10.81,87.06,3.48,0
Metal,150.00,10.81,87.06,2.82,0
Metal,155.56,12.16,87.06,2.48,0
Metal,165.00,16.90,83.53,2.55,0
Metal,173.85,18.93,80.78,2.39,0
Metal,175.50,19.42,80.78,2.48,0
Metal,175.38,18.93,80.78,2.17,0
Metal,174.00,19.32,81.18,2.38,0
Metal,174.00,19.32,81.18,2.10,0
Metal,161.82,15.42,83.92,2.30,0
Metal,158.40,11.26,87.06,2.14,0
Metal,150.00,10.81,87.06,2.14,414
Metal,152.50,10.81,87.06,2.33,0
Metal,158.00,13.76,85.49,2.14,0
Metal,169.23,18.48,82.75,2.87,0
Metal,175.38,18.93,80.78,2.53,2956
Metal,173.85,18.93,80.78,2.76,0
Metal,175.50,19.42,80.78,2.50,0
Metal,173.85,18.93,80.78,2.35,0
Metal,168.95,18.10,82.35,2.88,0
Metal,158.18,15.07,85.88,2.39,0
Metal,157.50,10.81,87.06,2.63,0
Metal,150.00,10.81,87.06,2.85,0
Metal,150.00,10.81,87.06,5.05,3072
Metal,161.67,16.74,84.31,5.73,0
Metal,172.50,19.32,81.18,5.71,0
Metal,173.85,18.93,80.78,4.96,0
Metal,175.38,18.93,80.78,4.42,0
Metal,173.85,18.93,80.78,4.14,0
Metal,176.92,18.93,80.78,5.08,0
Metal,163.33,16.82,83.92,4.28,0
Metal,155.56,12.16,87.06,3.84,0
Metal,160.00,10.81,87.06,3.28,0
Metal,152.50,10.81,87.06,3.15,0
Metal,153.33,12.27,86.27,2.91,0
Metal,165.00,16.90,83.53,2.81,0
Metal,175.38,18.93,80.78,2.47,0
Metal,170.77,18.93,80.78,3.01,0
Metal,173.85,18.93,80.78,2.72,0
Metal,176.92,18.93,80.78,2.81,0
Metal,175.38,18.93,80.78,3.11,0
Metal,161.14,16.28,84.31,2.89,0
Metal,147.50,10.81,87.06,2.63,0
Metal,157.50,10.81,87.06,2.56,0
Metal,160.00,10.81,87.06,2.95,0
Metal,160.71,12.84,85.49,3.30,0
Metal,166.15,18.31,83.53,3.32,0
Metal,175.38,18.93,80.78,3.26,0
Metal,175.38,18.93,80.78,3.06,0
Metal,173.85,18.93,80.78,2.88,0
Metal,176.92,18.93,80.78,2.70,0
Metal,171.22,19.62,81.96,3.09,3116
Metal,154.84,14.29,85.10,3.78,0
Metal,142.50,10.81,87.06,5.43,0
Metal,156.92,11.61,87.84,6.41,0
Metal,157.50,10.81,87.06,5.91,0
Metal,157.50,14.81,84.71,5.48,0
Metal,175.26,18.36,81.18,4.95,0
Metal,173.85,18.93,80.78,4.60,0
Metal,174.00,19.42,80.78,4.42,0
Metal,174.42,20.77,81.18,4.57,0
Metal,177.00,19.42,80.78,4.23,0
Metal,165.79,17.84,83.53,3.55,0
Metal,156.00,13.57,86.67,3.24,0
Metal,152.50,10.81,87.06,2.99,0
Metal,157.50,10.81,87.06,2.96,0
Metal,160.00,12.16,87.06,2.92,0
Metal,163.78,17.29,83.92,2.58,0
Metal,173.85,18.93,80.78,2.22,0
Metal,173.85,18.93,80.78,2.26,0
Metal,175.38,18.93,80.78,2.18,0
Metal,173.85,18.93,80.78,2.43,0
Metal,175.50,19.32,81.18,2.09,0
Metal,166.29,16.36,83.92,2.48,0
Metal,150.00,10.81,87.06,2.75,0
Metal,157.50,10.81,87.06,3.05,0
Metal,157.50,10.81,87.06,4.24,0
Metal,154.29,12.84,85.49,4.71,0
Metal,171.67,17.22,81.96,4.14,0
Metal,173.85,18.93,80.78,4.40,0
Metal,176.92,18.93,80.78,4.19,0
Metal,173.85,18.93,80.78,4.15,0
Metal,175.50,19.32,81.18,3.78,0
Metal,168.57,19.91,82.75,3.28,0
Metal,153.75,14.68,85.49,4.08,0
Metal,150.00,10.81,87.06,5.27,0
Metal,152.50,10.81,87.06,5.08,0
Metal,157.50,10.81,87.06,4.72,0
Metal,164.52,14.42,84.31,3.99,0
Metal,170.77,18.75,81.57,3.46,0
Metal,176.92,18.93,80.78,3.19,0
Metal,175.38,18.93,80.78,2.98,0
Metal,175.38,18.93,80.78,2.79,0
Metal,175.38,18.93,80.78,3.02,0
Metal,165.41,17.37,83.53,2.79,0
Metal,145.16,13.96,87.06,2.59,0
Metal,147.50,10.81,87.06,2.33,0
Metal,160.00,10.81,87.06,2.27,0
Metal,154.62,11.76,86.67,2.33,0
Metal,163.78,17.29,83.92,2.62,3183
Metal,172.31,18.93,80.78,2.61,0
Metal,177.00,19.42,80.78,2.50,0
Metal,176.92,18.93,80.78,2.37,0
Metal,176.92,18.93,80.78,2.44,0
Metal,175.50,19.32,81.18,2.71,0
Metal,162.35,15.89,83.92,2.45,3059
Metal,153.33,12.16,87.06,2.31,3060
Metal,152.50,10.81,87.06,2.41,3081
Metal,160.00,10.81,87.06,2.42,3062
Metal,154.29,12.79,85.88,2.46,3055
Metal,168.95,18.01,82.75,2.22,3023
Metal,177.00,19.42,80.78,2.26,3062
Metal,173.85,18.93,80.78,2.05,3056
Metal,176.92,18.93,80.78,2.19,3053
Metal,175.38,18.93,80.78,2.40,3052
Metal,171.00,19.23,81.57,2.63,3034
Metal,162.00,13.95,84.31,5.37,3055
Metal,160.00,10.81,87.06,6.04,3055
Metal,160.00,10.81,87.06,5.42,3058
Metal,150.00,10.81,87.06,4.83,3058
Metal,158.18,15.14,85.49,4.01,3060
Metal,169.50,18.96,82.75,4.34,3055
Metal,175.38,18.93,80.78,3.74,0
Metal,175.38,18.93,80.78,3.58,3512
Metal,173.85,18.93,80.78,3.01,0
Metal,175.38,18.93,80.78,2.86,0
Metal,171.89,17.70,81.96,3.72,0
Metal,155.29,15.45,86.27,3.34,0
Metal,152.50,10.81,87.06,3.37,0
Metal,157.50,10.81,87.06,2.96,0
Metal,144.55,9.95,86.67,3.39,0
Metal,161.25,14.95,83.92,4.13,96
Metal,171.43,20.10,81.96,3.36,399
Metal,176.92,18.93,80.78,2.96,0
Metal,175.38,18.93,80.78,3.53,0
Metal,172.31,18.93,80.78,3.17,0
Metal,173.85,18.93,80.78,3.64,0
Metal,164.21,17.76,83.92,3.25,0
Metal,158.00,13.57,86.67,3.12,585
Metal,160.00,10.81,87.06,2.90,0
Metal,160.00,10.81,87.06,3.01,0
Metal,146.40,11.31,86.67,2.90,0
Metal,164.21,17.76,83.92,2.87,0
Metal,175.38,18.93,80.78,4.69,0
Metal,172.31,18.93,80.78,4.02,2830
Metal,175.50,19.42,80.78,6.92,0
Metal,176.92,18.93,80.78,6.04,0
Metal,175.38,18.93,80.78,5.61,0
Metal,162.86,16.36,83.92,5.07,0
Metal,151.03,13.12,86.67,4.57,0
Metal,150.00,10.81,87.06,4.19,0
Metal,160.00,10.81,87.06,3.64,3117
Metal,156.00,13.57,86.67,3.42,0
Metal,165.79,17.84,83.53,3.30,0
Metal,171.00,19.32,81.18,3.38,0
Metal,175.38,18.93,80.78,3.09,0
Metal,176.92,18.93,80.78,3.00,0
Metal,175.61,19.90,80.78,4.04,3533
Metal,175.38,18.93,80.78,5.24,3503
Metal,160.00,15.35,84.31,4.48,0
Metal,147.69,11.71,87.06,4.64,0
Metal,157.50,10.81,87.06,4.09,0
Metal,156.52,10.36,87.06,5.21,0
Metal,153.10,13.18,86.27,4.82,0
Metal,167.37,17.92,83.14,4.09,0
Metal,173.85,18.93,80.78,4.00,0
Metal,176.92,18.93,80.78,4.00,0
Metal,177.00,19.42,80.78,4.45,0
Metal,176.92,18.93,80.78,4.28,0
Metal,172.50,19.23,81.57,4.60,0
Metal,160.59,15.67,85.10,4.01,0
Metal,147.50,10.81,87.06,4.05,0
Metal,152.50,10.81,87.06,3.76,0
Metal,160.00,10.81,87.06,3.79,0
Metal,156.36,15.07,85.88,3.37,0
Metal,169.76,19.43,82.75,3.71,0
Metal,176.92,18.93,80.78,3.10,0
Metal,176.92,18.93,80.78,2.99,0
Metal,170.77,18.93,80.78,2.72,3567
Metal,173.85,18.93,80.78,3.05,3558
Metal,169.23,18.48,82.75,3.08,0
Metal,150.00,15.38,86.67,3.02,0
Metal,157.50,10.81,87.06,2.90,0
Metal,157.50,10.81,87.06,3.23,0
Metal,157.50,10.81,87.06,2.84,0
Metal,161.14,16.28,84.31,3.16,30
Metal,175.38,18.84,81.18,3.00,0
Metal,173.85,18.93,80.78,3.39,0
Metal,173.85,18.93,80.78,3.71,0
Metal,176.92,18.93,80.78,4.07,0
Metal,172.31,18.93,80.78,3.79,0
Metal,165.00,16.90,83.53,3.41,0
Metal,158.00,13.51,87.06,2.95,0
Metal,152.50,10.81,87.06,2.62,0
Metal,157.50,10.81,87.06,2.28,0
Metal,157.24,13.12,86.67,2.26,0
Metal,164.21,17.84,83.53,3.12,0
Metal,173.85,18.93,80.78,2.70,0
Metal,173.85,18.93,80.78,2.75,0
Metal,173.85,18.93,80.78,2.62,0
Metal,174.00,19.42,80.78,2.54,0
Metal,170.77,18.66,81.96,2.43,0
Metal,163.12,14.81,84.71,2.37,0
Metal,151.20,11.26,87.06,2.06,0
Metal,157.50,10.81,87.06,2.00,0
Metal,152.50,10.81,87.06,2.26,0
Metal,156.36,15.21,85.10,2.20,0
Metal,170.77,18.66,81.96,2.19,0
Metal,175.38,18.93,80.78,2.87,0
Metal,173.85,18.93,80.78,3.33,0
Metal,173.85,18.93,80.78,3.19,0
Metal,176.92,18.93,80.78,3.42,0
Metal,167.69,18.40,83.14,3.01,0
Metal,154.00,13.64,86.27,3.15,0
Metal,150.00,10.81,87.06,3.29,120
Metal,152.50,10.81,87.06,3.28,248
Metal,153.33,12.16,87.06,3.09,0
Metal,165.41,17.37,83.53,2.74,0
Metal,175.50,19.42,80.78,2.95,0
Metal,173.85,18.93,80.78,2.61,0
Metal,175.38,18.93,80.78,2.49,0
Metal,176.92,18.93,80.78,2.72,980
Metal,176.92,18.93,80.78,2.88,3560
Metal,160.00,15.35,84.31,2.68,0
Metal,148.80,11.26,87.06,2.59,0
Metal,157.50,10.81,87.06,2.64,0
Metal,159.13,10.36,87.06,2.36,0
Metal,160.65,14.35,84.71,2.26,0
Metal,173.68,18.27,81.57,2.03,3115
Metal,173.85,18.93,80.78,2.07,0
Metal,175.50,19.32,81.18,2.03,0
Metal,176.92,18.93,80.78,2.89,0
Metal,175.38,18.93,80.78,2.61,0
Metal,164.21,17.76,83.92,2.78,0
Metal,155.56,12.16,87.06,2.82,0
Metal,147.50,10.81,87.06,2.89,0
Metal,157.50,10.81,87.06,3.03,0
Metal,154.00,13.70,85.88,3.22,0
Metal,168.95,18.01,82.75,4.15,0
Metal,176.92,18.93,80.78,4.21,0
Metal,175.38,18.93,80.78,4.22,0
Metal,177.00,19.42,80.78,4.05,0
Metal,176.92,18.93,80.78,3.81,0
Metal,165.00,18.78,83.53,4.55,0
Metal,158.57,12.84,85.49,4.34,0
Metal,147.50,10.81,87.06,3.94,0
Metal,147.50,10.81,87.06,4.07,0
Metal,153.60,11.36,86.27,3.67,0
Metal,167.03,17.45,83.14,3.55,0
Metal,173.85,18.93,80.78,3.33,0
Metal,175.38,18.93,80.78,2.89,0
Metal,173.85,18.93,80.78,2.36,0
Metal,172.31,18.93,80.78,2.34,0
Metal,170.77,18.66,81.96,2.30,0
Metal,159.37,14.75,85.10,2.37,0
Metal,152.50,10.81,87.06,2.36,0
Metal,157.50,10.81,87.06,2.67,0
Metal,152.50,10.81,87.06,2.95,0
Metal,163.33,16.67,84.71,2.58,0
Metal,175.26,18.45,80.78,2.49,0
Metal,173.85,18.93,80.78,3.51,0
Metal,176.92,18.93,80.78,3.63,0
Metal,176.92,18.93,80.78,3.36,0
Metal,175.38,18.93,80.78,3.02,0
Metal,161.25,14.95,83.92,3.94,0
Metal,147.69,11.71,87.06,4.58,0
Metal,150.00,10.81,87.06,4.81,0
Metal,156.52,10.36,87.06,4.98,0
Metal,158.71,14.22,85.49,4.49,0
Metal,170.53,18.18,81.96,4.15,0
Metal,177.00,19.42,80.78,4.68,0
Metal,172.31,18.93,80.78,4.41,0
Metal,172.31,18.93,80.78,5.66,0
Metal,176.92,18.93,80.78,5.68,0
Metal,165.41,17.37,83.53,6.61,0
Metal,152.00,13.57,86.67,7.26,0
Metal,157.50,10.81,87.06,6.09,0
Metal,157.50,10.81,87.06,5.54,0
Metal,156.43,12.73,86.27,4.71,0
Metal,167.37,17.92,83.14,4.59,0
Metal,176.92,18.93,80.78,6.76,0
Metal,175.38,18.93,80.78,5.74,0
Metal,175.38,18.93,80.78,4.83,0
Metal,175.38,18.93,80.78,4.26,0
Metal,169.23,18.48,82.75,3.98,0
Metal,158.00,13.76,85.49,3.39,0
Metal,152.50,10.81,87.06,3.21,0
Metal,152.50,10.81,87.06,3.56,0
Metal,150.00,11.71,87.06,3.90,0
Metal,165.41,17.37,83.53,4.32,0
Metal,176.92,18.93,80.78,4.47,0
Metal,172.31,18.93,80.78,3.84,0
Metal,175.38,18.93,80.78,3.41,0
Metal,173.85,18.93,80.78,3.31,1848
Metal,172.31,18.75,81.57,3.47,0
Metal,156.77,14.22,85.49,3.28,0
Metal,157.50,10.81,87.06,3.66,0
Metal,147.50,10.81,87.06,3.60,383
Metal,156.52,10.36,87.06,4.35,1771
Metal,166.29,16.36,83.92,4.76,0
Metal,175.38,18.93,80.78,4.28,0
Metal,174.00,19.42,80.78,3.69,0
Metal,176.92,18.93,80.78,3.81,0
Metal,176.92,18.93,80.78,3.86,0
Metal,176.92,18.93,80.78,3.43,2623
Metal,157.06,15.67,85.10,2.94,0
Metal,146.40,11.26,87.06,2.65,0
Metal,152.50,10.81,87.06,2.25,0
Metal,157.50,10.81,87.06,2.78,0
Metal,162.86,16.36,83.92,2.41,0
Metal,172.50,19.32,81.18,2.92,0
Metal,175.38,18.93,80.78,4.00,0
Metal,176.92,18.93,80.78,3.74,0
Metal,175.38,18.93,80.78,3.53,3584
Metal,175.38,18.93,80.78,3.37,0
Metal,162.35,15.74,84.71,3.36,0
Metal,157.50,10.81,87.06,3.42,0
Metal,152.50,10.81,87.06,2.83,0
Metal,152.50,10.81,87.06,2.60,3505
Metal,165.00,14.95,83.92,2.80,0
Metal,173.85,18.84,81.18,4.28,0
Metal,173.85,18.93,80.78,3.85,0
Metal,176.92,18.93,80.78,3.59,0
Metal,173.85,18.93,80.78,3.70,0
Metal,173.85,18.93,80.78,3.86,0
Metal,160.54,17.13,84.71,4.12,3497
Metal,155.56,12.16,87.06,3.92,0
Metal,157.50,10.81,87.06,4.00,0
Metal,152.50,10.81,87.06,3.60,0
Metal,158.71,14.29,85.10,3.18,3077
Metal,172.68,19.62,81.96,4.02,0
Metal,173.85,18.93,80.78,3.99,0
Metal,176.92,18.93,80.78,3.77,3058
Metal,172.31,18.93,80.78,3.45,0
Metal,175.38,18.93,80.78,3.38,0
Metal,164.21,17.76,83.92,3.43,0
Metal,155.17,13.06,87.06,3.93,0
Metal,152.50,10.81,87.06,3.32,0
Metal,160.00,10.81,87.06,3.11,1391
Metal,150.97,14.16,85.88,3.02,0
Metal,168.00,18.87,83.14,2.76,0
Metal,176.92,18.93,80.78,2.38,0
Metal,175.38,18.93,80.78,2.44,0
Metal,173.85,18.93,80.78,2.33,0
Metal,176.92,18.93,80.78,2.19,0
Metal,165.41,17.37,83.53,2.27,0
Metal,155.17,13.06,87.06,2.23,0
Metal,157.50,10.81,87.06,3.02,0
Metal,152.50,10.81,87.06,3.21,0
Metal,153.10,13.24,85.88,3.71,0
Metal,170.77,18.57,82.35,5.04,0
Metal,177.00,19.42,80.78,4.34,0
Metal,174.00,19.42,80.78,3.86,3072
Metal,176.92,18.93,80.78,3.80,0
Metal,176.92,18.93,80.78,3.59,0
Metal,168.65,17.54,82.75,3.06,0
Metal,158.71,14.09,86.27,2.84,0
Metal,152.50,10.81,87.06,3.03,0
Metal,160.00,10.81,87.06,3.16,0
Metal,156.43,12.67,86.67,2.76,0
Metal,166.67,16.98,83.14,2.91,0
Metal,176.92,18.93,80.78,2.64,0
Metal,172.31,18.93,80.78,2.85,0
Metal,175.38,18.93,80.78,2.86,0
Metal,173.85,18.93,80.78,2.52,0
Metal,167.69,18.48,82.75,2.28,0
Metal,154.00,13.70,85.88,1.96,0
Metal,157.50,10.81,87.06,2.34,0
Metal,152.50,10.81,87.06,3.26,0
Metal,156.00,11.31,86.67,2.99,0
Metal,165.41,17.37,83.53,3.34,0
Metal,172.31,18.93,80.78,2.94,0
Metal,175.38,18.93,80.78,2.70,0
Metal,176.92,18.93,80.78,2.82,0
Metal,172.31,18.93,80.78,2.64,0
Metal,169.76,19.62,81.96,2.74,0
Metal,157.06,15.53,85.88,2.74,0
Metal,152.50,10.81,87.06,2.49,0
Metal,157.50,10.81,87.06,2.87,0
Metal,150.00,11.61,87.84,2.70,9
Metal,158.18,15.28,84.71,2.24,0
Metal,169.76,19.62,81.96,2.42,0
Metal,172.31,18.93,80.78,2.79,0
Metal,176.92,18.93,80.78,2.80,0
Metal,174.00,19.42,80.78,2.61,0
Metal,172.50,19.32,81.18,2.38,0
Metal,161.67,16.74,84.31,2.53,0
Metal,159.23,11.71,87.06,2.30,0
Metal,160.00,10.81,87.06,2.33,0
Metal,152.50,10.81,87.06,2.20,0
Metal,162.58,14.35,84.71,2.13,0
Metal,171.89,17.79,81.57,1.85,0
Metal,176.92,18.93,80.78,1.74,0
Metal,172.31,18.93,80.78,2.76,0
Metal,173.85,18.93,80.78,5.07,0
Metal,173.85,18.93,80.78,4.70,0
Metal,167.03,17.45,83.14,4.29,0
Metal,154.00,13.57,86.67,4.00,0
Metal,157.50,10.81,87.06,3.75,0
Metal,157.50,10.81,87.06,3.80,0
Metal,153.60,11.31,86.67,3.30,0
Metal,166.67,16.98,83.14,4.02,0
Metal,172.31,18.93,80.78,3.84,0
Metal,175.50,19.32,81.18,3.95,0
Metal,172.31,18.93,80.78,3.90,0
Metal,172.31,18.93,80.78,4.19,0
Metal,176.76,17.96,80.78,3.82,0
Metal,156.77,14.35,84.71,4.13,0
Metal,148.80,11.26,87.06,3.85,0
Metal,157.50,10.81,87.06,4.13,0
Metal,147.50,10.81,87.06,3.61,0
Metal,159.37,14.88,84.31,3.54,0
Metal,173.68,18.36,81.18,3.34,0
Metal,176.92,18.93,80.78,3.05,0
Metal,177.00,19.42,80.78,5.19,0
Metal,177.07,19.90,80.78,5.11,0
Metal,174.00,19.42,80.78,5.08,0
Metal,163.08,18.14,84.31,4.82,0
Metal,155.17,13.12,86.67,4.09,0
Metal,152.50,10.81,87.06,3.49,0
Metal,152.50,10.81,87.06,3.14,0
Metal,152.90,13.96,87.06,3.00,0
Metal,170.00,17.14,82.35,2.90,2630
Metal,173.85,18.93,80.78,3.16,0
Metal,176.92,18.93,80.78,3.01,0
Metal,175.38,18.93,80.78,2.97,0
Metal,175.50,19.42,80.78,3.89,0
Metal,170.77,18.66,81.96,3.77,0
Metal,154.29,15.98,85.88,3.31,0
Metal,150.00,10.81,87.06,3.33,0
Metal,150.00,10.81,87.06,3.25,0
Metal,152.50,10.81,87.06,3.04,0
Metal,161.25,14.95,83.92,3.75,0
Metal,172.31,18.75,81.57,3.53,0
Metal,173.85,18.93,80.78,3.34,0
Metal,170.77,18.93,80.78,3.16,0
Metal,240.00,16.00,9.80,1.17,0
Metal,229.09,55.00,7.84,2.10,0
Metal,355.71,37.84,14.51,2.60,0
Metal,240.00,44.44,7.06,2.90,0
Metal,220.00,36.00,9.80,3.46,0
Metal,349.09,61.11,14.12,3.76,3058
Metal,234.00,52.63,7.45,3.73,3058
Metal,350.77,36.11,14.12,3.71,3056
Metal,255.00,44.44,7.06,3.76,3059
Metal,215.00,48.00,9.80,3.62,0
Metal,354.29,55.26,14.90,3.77,0
Metal,234.00,52.63,7.45,3.37,0
Metal,348.00,30.30,12.94,3.19,3064
Metal,277.50,44.44,7.06,3.40,3055
Metal,218.57,58.33,9.41,3.53,3052
Metal,356.84,50.00,14.90,3.52,3056
Metal,233.33,50.00,7.06,3.21,3054
Metal,334.29,24.14,11.37,3.01,3054
Metal,320.00,54.55,8.63,3.04,3055
Metal,226.15,59.09,8.63,3.01,3076
Metal,3.53,44.74,14.90,2.78,3055
Metal,233.33,50.00,7.06,2.50,3084
Metal,270.00,16.00,9.80,2.38,3056
Metal,336.67,62.07,11.37,2.09,3050
Metal,225.00,57.14,8.24,1.96,3055
Metal,0.00,39.47,14.90,1.77,3061
Metal,233.33,50.00,7.06,1.97,3058
Metal,225.00,32.00,9.80,1.85,3050
Metal,348.00,58.82,13.33,1.85,0
Metal,234.00,52.63,7.45,1.68,0
Metal,347.14,38.89,14.12,1.78,0
Metal,247.50,44.44,7.06,1.94,0
Metal,220.00,48.00,9.80,2.00,0
Metal,351.43,56.76,14.51,1.91,0
Metal,234.00,52.63,7.45,1.90,0
Metal,345.00,35.29,13.33,1.76,0
Metal,270.00,44.44,7.06,1.66,0
Metal,216.92,54.17,9.41,1.90,0
Metal,0.00,50.00,14.90,2.48,0
Metal,233.33,50.00,7.06,2.25,0
Metal,337.50,25.81,12.16,3.46,0
Metal,306.67,47.37,7.45,5.86,0
Metal,218.57,60.87,9.02,7.06,0
Metal,356.67,47.37,14.90,7.29,0
Metal,233.33,50.00,7.06,9.70,0
Metal,315.00,15.38,10.20,10.98,0
Metal,330.00,56.00,9.80,12.02,0
Metal,225.00,57.14,8.24,9.89,0
Metal,0.00,42.11,14.90,8.27,0
Metal,233.33,50.00,7.06,7.01,0
Metal,255.00,16.00,9.80,5.89,0
Metal,340.00,60.00,11.76,4.98,0
Metal,229.09,55.00,7.84,4.39,0
Metal,356.25,42.11,14.90,5.15,0
Metal,240.00,44.44,7.06,4.56,0
Metal,222.86,28.00,9.80,4.36,0
Metal,348.57,60.00,13.73,3.91,0
Metal,234.00,52.63,7.45,3.42,0
Metal,351.43,37.84,14.51,3.43,0
Metal,247.50,44.44,7.06,3.37,0
Metal,222.00,40.00,9.80,3.69,0
Metal,351.43,56.76,14.51,3.14,0
Metal,234.00,52.63,7.45,3.37,0
Metal,340.00,35.29,13.33,2.93,0
Metal,270.00,44.44,7.06,2.63,0
Metal,212.31,54.17,9.41,2.30,0
Metal,357.00,52.63,14.90,2.11,0
Metal,234.55,55.00,7.84,2.36,0
Metal,352.00,40.54,14.51,2.22,0
Metal,233.33,50.00,7.06,2.22,0
Metal,217.50,32.00,9.80,2.02,0
Metal,348.57,60.00,13.73,1.90,0
Metal,234.55,55.00,7.84,2.16,0
Metal,350.77,36.11,14.12,2.03,0
Metal,247.50,44.44,7.06,1.86,0
Metal,215.00,48.00,9.80,2.06,0
Metal,351.43,56.76,14.51,2.17,0
Metal,233.33,50.00,7.06,10.07,0
Metal,345.00,35.29,13.33,13.28,0
Metal,277.50,44.44,7.06,10.96,0
Metal,221.54,54.17,9.41,9.17,0
Metal,0.00,50.00,14.90,7.74,0
Metal,233.33,50.00,7.06,6.70,0
Metal,342.00,31.25,12.55,5.51,0
Metal,307.50,42.11,7.45,4.55,0
Metal,218.57,60.87,9.02,4.08,0
Metal,0.00,44.74,14.90,3.83,0
Metal,233.33,50.00,7.06,3.69,0
Metal,312.00,18.52,10.59,3.22,0
Metal,330.00,56.00,9.80,2.82,0
Metal,226.15,59.09,8.63,2.42,0
Metal,356.47,44.74,14.90,2.35,0
Metal,233.33,50.00,7.06,2.16,0
Metal,255.00,16.00,9.80,2.00,0
Metal,338.82,58.62,11.37,1.68,0
Metal,230.00,57.14,8.24,1.56,0
Metal,356.25,42.11,14.90,1.59,0
Metal,233.33,50.00,7.06,1.45,0
Metal,230.00,24.00,9.80,1.40,0
Metal,342.00,62.50,12.55,1.66,0
Metal,234.55,55.00,7.84,1.45,0
Metal,352.00,40.54,14.51,1.64,0
Metal,233.33,50.00,7.06,1.46,0
Metal,216.00,40.00,9.80,1.46,0
Metal,351.43,58.33,14.12,1.45,0
Metal,234.00,52.63,7.45,5.60,0
Metal,351.43,37.84,14.51,9.98,0
Metal,247.50,44.44,7.06,8.20,0
Metal,300.00,19.23,10.20,8.42,0
Metal,332.00,57.69,10.20,6.93,0
Metal,225.00,57.14,8.24,6.03,0
Metal,0.00,42.11,14.90,5.20,0
Metal,233.33,50.00,7.06,4.52,0
Metal,264.00,19.23,10.20,3.82,0
Metal,342.00,62.50,12.55,3.58,0
Metal,229.09,55.00,7.84,3.13,0
Metal,356.00,39.47,14.90,2.57,0
Metal,233.33,50.00,7.06,2.57,0
Metal,222.86,28.00,9.80,2.23,0
Metal,345.00,58.82,13.33,2.08,0
Metal,234.00,52.63,7.45,2.24,0
Metal,350.77,36.11,14.12,2.03,0
Metal,247.50,44.44,7.06,1.91,0
Metal,222.00,40.00,9.80,1.98,0
Metal,351.43,56.76,14.51,2.14,0
Metal,234.00,52.63,7.45,2.15,0
Metal,349.09,32.35,13.33,1.95,0
Metal,255.00,44.44,7.06,1.92,0
Metal,212.31,54.17,9.41,1.82,0
Metal,354.29,55.26,14.90,1.77,0
Metal,233.33,50.00,7.06,1.72,0
Metal,348.00,30.30,12.94,1.68,0
Metal,285.00,44.44,7.06,1.70,0
Metal,216.92,56.52,9.02,1.80,0
Metal,356.84,50.00,14.90,1.72,0
Metal,233.33,50.00,7.06,1.80,0
Metal,330.00,26.67,11.76,1.64,0
Metal,306.67,47.37,7.45,1.58,0
Metal,221.54,59.09,8.63,1.56,0
Metal,0.00,44.74,14.90,1.63,0
Metal,233.33,50.00,7.06,1.58,0
Metal,320.00,22.22,10.59,3.74,0
Metal,332.00,57.69,10.20,5.43,0
Metal,226.15,59.09,8.63,4.60,0
Metal,0.00,42.11,14.90,6.75,0
Metal,233.33,50.00,7.06,5.63,0
Metal,270.00,16.00,9.80,4.75,0
Metal,338.82,58.62,11.37,4.21,0
Metal,230.00,57.14,8.24,3.53,0
Metal,352.50,42.11,14.90,3.41,0
Metal,233.33,50.00,7.06,3.18,0
Metal,340.00,29.03,12.16,2.81,0
Metal,300.00,44.44,7.06,2.36,0
Metal,218.57,60.87,9.02,2.14,0
Metal,356.67,47.37,14.90,2.18,0
Metal,233.33,50.00,7.06,2.34,0
Metal,312.00,18.52,10.59,2.20,0
Metal,327.27,50.00,8.63,2.12,0
Metal,226.15,59.09,8.63,2.40,0
Metal,356.47,44.74,14.90,2.55,0
Metal,234.00,52.63,7.45,2.40,0
Metal,312.00,19.23,10.20,2.26,0
Metal,333.75,59.26,10.59,2.17,0
Metal,225.00,57.14,8.24,2.24,0
Metal,356.00,40.54,14.51,2.21,0
Metal,233.33,50.00,7.06,1.99,0
Metal,240.00,16.00,9.80,1.73,0
Metal,337.89,61.29,12.16,1.60,0
Metal,229.09,55.00,7.84,1.65,0
Metal,356.00,40.54,14.51,1.58,0
Metal,240.00,44.44,7.06,1.77,0
Metal,220.00,36.00,9.80,1.68,0
Metal,345.71,61.76,13.33,1.58,0
Metal,234.00,52.63,7.45,1.73,0
Metal,355.38,36.11,14.12,1.68,0
Metal,247.50,44.44,7.06,1.70,0
Metal,222.00,40.00,9.80,1.60,0
Metal,351.43,56.76,14.51,1.80,0
Metal,234.00,52.63,7.45,1.91,0
Metal,346.15,37.14,13.73,1.94,0
Metal,255.00,44.44,7.06,1.59,0
Metal,212.31,54.17,9.41,1.56,0
Metal,357.00,52.63,14.90,1.59,0
Metal,233.33,50.00,7.06,1.70,0
Metal,342.00,31.25,12.55,1.69,0
Metal,285.00,44.44,7.06,1.81,0
Metal,218.57,58.33,9.41,1.71,0
Metal,356.84,50.00,14.90,1.56,0
Metal,233.33,50.00,7.06,1.71,0
Metal,337.50,26.67,11.76,1.67,0
Metal,312.00,50.00,7.84,1.60,0
Metal,222.86,60.87,9.02,1.63,0
Metal,0.00,44.74,14.90,1.85,0
Metal,233.33,50.00,7.06,1.92,0
Metal,315.00,15.38,10.20,1.69,0
Metal,332.00,57.69,10.20,2.00,0
Metal,226.15,59.09,8.63,1.96,0
Metal,356.25,42.11,14.90,2.03,0
Metal,233.33,50.00,7.06,1.81,0
Metal,270.00,16.00,9.80,1.69,0
Metal,340.00,60.00,11.76,1.65,0
Metal,230.00,57.14,8.24,1.47,0
Metal,352.00,40.54,14.51,1.65,220
Metal,233.33,50.00,7.06,1.37,0
Metal,240.00,20.00,9.80,1.33,0
Metal,342.00,62.50,12.55,1.28,0
Metal,234.55,55.00,7.84,1.05,0
Metal,352.00,40.54,14.51,1.11,0
Metal,233.33,50.00,7.06,1.06,0
Metal,217.50,32.00,9.80,1.04,0
Metal,348.57,60.00,13.73,1.10,880
Metal,234.00,52.63,7.45,1.26,0
Metal,355.38,36.11,14.12,1.27,0
Metal,247.50,44.44,7.06,1.44,3055
Metal,216.00,41.67,9.41,1.40,0
Metal,351.43,58.33,14.12,1.44,0
Metal,233.33,50.00,7.06,1.32,0
Metal,345.00,35.29,13.33,1.21,0
Metal,255.00,44.44,7.06,1.22,0
Metal,216.92,52.00,9.80,1.32,0
Metal,354.29,55.26,14.90,1.33,0
Metal,233.33,50.00,7.06,1.24,0
Metal,342.00,30.30,12.94,1.26,0
Metal,277.50,44.44,7.06,1.47,0
Metal,214.29,58.33,9.41,1.42,0
Metal,0.00,50.00,14.90,1.54,0
Metal,233.33,50.00,7.06,1.53,0
Metal,333.33,29.03,12.16,1.29,0
Metal,300.00,44.44,7.06,1.33,0
Metal,218.57,60.87,9.02,1.38,0
Metal,356.67,47.37,14.90,1.34,0
Metal,233.33,50.00,7.06,1.34,0
Metal,334.29,24.14,11.37,1.52,1836
Metal,323.08,56.52,9.02,1.42,3054
Metal,221.54,59.09,8.63,1.52,3072
Metal,356.47,44.74,14.90,1.57,3053
Metal,233.33,50.00,7.06,1.61,3055
Metal,300.00,12.00,9.80,1.52,3054
Metal,333.75,59.26,10.59,1.52,3058
Metal,226.15,59.09,8.63,1.59,3057
Metal,0.00,42.11,14.90,1.54,3076
Metal,233.33,50.00,7.06,1.44,3055
Metal,270.00,16.00,9.80,1.41,3050
Metal,338.82,58.62,11.37,1.33,3059
Metal,229.09,55.00,7.84,1.43,3081
Metal,0.00,37.84,14.51,1.44,3055
Metal,233.33,50.00,7.06,1.56,3053
Metal,230.00,24.00,9.80,1.50,3058
Metal,345.00,60.61,12.94,1.63,3059
Metal,234.55,55.00,7.84,1.68,3055
Metal,348.00,40.54,14.51,1.66,3050
Metal,240.00,44.44,7.06,1.53,3055
Metal,225.00,32.00,9.80,1.56,3060
Metal,349.09,61.11,14.12,1.54,3056
Metal,234.00,52.63,7.45,1.42,3055
Metal,351.43,38.89,14.12,1.49,3056
Metal,247.50,44.44,7.06,1.38,3055
Metal,215.00,48.00,9.80,1.23,3053
Metal,349.09,59.46,14.51,1.41,3041
Metal,234.00,52.63,7.45,1.44,3057
Metal,347.14,38.89,14.12,1.37,3057
Metal,255.00,44.44,7.06,1.29,3055
Metal,216.92,52.00,9.80,1.33,3046
Metal,354.29,55.26,14.90,1.44,3056
Metal,233.33,50.00,7.06,1.48,3055
Metal,345.00,35.29,13.33,1.71,3057
Metal,262.50,44.44,7.06,1.75,3054
Metal,216.92,54.17,9.41,1.67,3055
Metal,357.00,52.63,14.90,1.53,3044
Metal,233.33,50.00,7.06,1.63,3057
Metal,348.00,30.30,12.94,1.62,3073
Metal,282.86,41.18,6.67,1.49,3055
Metal,218.57,58.33,9.41,1.31,3058
Metal,356.84,50.00,14.90,1.14,3058
Metal,233.33,50.00,7.06,1.10,3060
Metal,342.00,31.25,12.55,0.96,3060
Metal,292.50,44.44,7.06,4.42,3058
Metal,216.00,62.50,9.41,3.81,3057
Metal,0.00,48.72,15.29,4.08,3056
Metal,233.33,50.00,7.06,4.22,3053
Metal,337.50,26.67,11.76,3.60,3056
Metal,306.67,47.37,7.45,3.37,3059
Metal,222.86,60.87,9.02,3.21,3055
Metal,0.00,47.37,14.90,3.17,3058
Metal,233.33,50.00,7.06,3.16,3062
Metal,337.50,26.67,11.76,3.64,3058
Metal,316.36,52.38,8.24,3.86,3061
Metal,218.57,60.87,9.02,3.35,3080
Metal,356.67,47.37,14.90,3.46,3055
Metal,233.33,50.00,7.06,3.41,3054
Metal,330.00,21.43,10.98,3.10,3048
Metal,318.00,47.62,8.24,2.97,3064
Metal,226.15,59.09,8.63,3.36,3055
Metal,3.53,44.74,14.90,3.14,3038
Metal,234.00,52.63,7.45,2.72,3058
Metal,350.77,36.11,14.12,2.26,3054
Metal,247.50,44.44,7.06,2.00,3056
Metal,218.18,44.00,9.80,1.97,3074
Metal,354.29,56.76,14.51,1.96,3072
Metal,234.00,52.63,7.45,2.23,3054
Metal,350.00,34.29,13.73,2.52,3056
Metal,255.00,44.44,7.06,2.54,3076
Metal,215.00,50.00,9.41,2.30,3082
Metal,351.82,57.89,14.90,2.93,3062
Metal,233.33,50.00,7.06,3.47,3056
Metal,346.15,37.14,13.73,3.18,3039
Metal,262.50,44.44,7.06,2.77,3055
Metal,214.29,56.00,9.80,2.79,3055
Metal,354.29,55.26,14.90,2.61,3057
Metal,233.33,50.00,7.06,2.80,3054
Metal,349.09,32.35,13.33,2.96,3037
Metal,285.00,44.44,7.06,4.31,3073
Metal,214.29,58.33,9.41,4.32,3055
Metal,354.00,52.63,14.90,4.61,3055
Metal,233.33,50.00,7.06,3.85,3055
Metal,342.00,31.25,12.55,5.64,3062
Metal,292.50,44.44,7.06,6.98,3042
Metal,214.29,60.87,9.02,6.06,3051
Metal,356.84,50.00,14.90,6.04,3072
Metal,233.33,50.00,7.06,4.92,3059
Metal,334.29,24.14,11.37,4.33,3055
Metal,312.00,50.00,7.84,4.26,3051
Metal,222.86,60.87,9.02,3.71,3059
Metal,0.00,44.74,14.90,3.78,3055
Metal,233.33,50.00,7.06,3.83,3036
Metal,324.00,18.52,10.59,3.64,3055
Metal,321.82,50.00,8.63,3.59,3072
Metal,226.15,59.09,8.63,3.57,3108
Metal,0.00,44.74,14.90,3.09,3044
Metal,233.33,50.00,7.06,2.83,3055
Metal,300.00,12.00,9.80,2.48,3056
Metal,327.69,54.17,9.41,2.28,3061
Metal,226.15,59.09,8.63,2.08,3055
Metal,356.47,44.74,14.90,2.07,3049
Metal,233.33,50.00,7.06,2.62,3038
Metal,260.00,12.00,9.80,2.47,3060
Metal,334.29,53.85,10.20,3.38,3073
Metal,230.00,57.14,8.24,3.56,3072
Metal,356.25,42.11,14.90,3.41,3055
Metal,233.33,50.00,7.06,3.04,3039
Metal,240.00,16.00,9.80,3.53,3055
Metal,341.05,61.29,12.16,3.51,3056
Metal,234.55,55.00,7.84,4.18,3092
Metal,356.00,40.54,14.51,4.64,3056
Metal,233.33,50.00,7.06,4.39,3046
Metal,222.86,28.00,9.80,4.02,3061
Metal,345.00,62.50,12.55,3.87,3075
Metal,234.00,52.63,7.45,3.36,3055
Metal,352.00,40.54,14.51,3.37,3055
Metal,233.33,50.00,7.06,3.04,3055
Metal,330.00,21.43,10.98,2.48,3053
Metal,316.36,52.38,8.24,3.06,3053
Metal,221.54,59.09,8.63,3.11,3055
Metal,0.00,44.74,14.90,3.03,3057
Metal,233.33,50.00,7.06,2.97,3058
Metal,312.00,19.23,10.20,2.46,3056
Metal,328.00,60.00,9.80,2.44,3045
Metal,225.00,57.14,8.24,2.75,3049
Metal,356.47,44.74,14.90,2.64,3044
Metal,233.33,50.00,7.06,2.45,3058
Metal,270.00,16.00,9.80,2.56,3054
Metal,335.29,60.71,10.98,2.77,3064
Metal,229.09,55.00,7.84,3.04,3055
Metal,356.25,42.11,14.90,3.34,3057
Metal,232.50,47.06,6.67,3.06,3056
Metal,228.00,20.00,9.80,3.61,3055
Metal,345.00,62.50,12.55,3.36,3058
Metal,228.00,52.63,7.45,3.62,3062
Metal,355.71,37.84,14.51,3.44,3049
Metal,240.00,44.44,7.06,3.30,3053
Metal,231.43,28.00,9.80,3.37,3056
Metal,351.43,58.33,14.12,2.90,3050
Metal,234.00,52.63,7.45,2.94,3055
Metal,350.77,36.11,14.12,2.70,3053
Metal,247.50,44.44,7.06,2.87,3039
Metal,222.00,40.00,9.80,3.44,3051
Metal,354.29,56.76,14.51,3.28,3051
Metal,234.00,52.63,7.45,4.39,3076
Metal,346.15,37.14,13.73,4.10,3052
Metal,262.50,44.44,7.06,4.14,3058
Metal,215.00,50.00,9.41,3.59,3023
Metal,357.00,52.63,14.90,3.94,2867
Metal,233.33,50.00,7.06,3.55,1686
Metal,348.00,30.30,12.94,3.58,3092
Metal,277.50,44.44,7.06,3.71,3348
Metal,220.00,52.17,9.02,3.54,3157
Metal,357.00,51.28,15.29,2.95,3055
Metal,233.33,50.00,7.06,2.67,3072
Metal,337.50,26.67,11.76,2.95,3055
Metal,312.00,50.00,7.84,2.53,3055
Metal,216.92,59.09,8.63,2.33,3048
Metal,0.00,46.15,15.29,2.27,3062
Metal,233.33,50.00,7.06,1.88,3054
Metal,320.00,22.22,10.59,2.57,3057
Metal,327.69,54.17,9.41,2.60,3055
Metal,226.15,59.09,8.63,3.03,3055
Metal,0.00,42.11,14.90,3.72,3072
Metal,233.33,50.00,7.06,4.58,3074
Metal,285.00,16.00,9.80,3.86,3061
Metal,340.00,60.00,11.76,4.26,3097
Metal,229.09,55.00,7.84,3.78,3055
Metal,356.25,42.11,14.90,4.10,3053
Metal,233.33,50.00,7.06,4.32,3022
Metal,230.00,24.00,9.80,3.98,3073
Metal,345.00,60.61,12.94,4.26,3060
Metal,234.55,55.00,7.84,3.87,3094
Metal,352.50,42.11,14.90,3.38,3061
Metal,240.00,44.44,7.06,3.18,3053
Metal,216.00,40.00,9.80,4.14,3055
Metal,349.09,61.11,14.12,4.86,3054
Metal,234.00,52.63,7.45,4.38,3072
Metal,348.00,40.54,14.51,4.21,3055
Metal,247.50,44.44,7.06,3.94,3073
Metal,315.00,15.38,10.20,3.74,3064
Metal,330.00,56.00,9.80,3.67,3056
Metal,225.00,57.14,8.24,3.26,3058
Metal,356.25,42.11,14.90,3.40,3055
Metal,233.33,50.00,7.06,3.27,3072
Metal,264.00,19.23,10.20,3.29,3050
Metal,340.00,60.00,11.76,3.44,3549
Metal,229.09,55.00,7.84,4.35,3290
Metal,356.25,42.11,14.90,5.81,3372
Metal,233.33,50.00,7.06,5.00,2890
Metal,240.00,20.00,9.80,4.54,3087
Metal,344.21,59.38,12.55,4.12,3008
Metal,234.55,55.00,7.84,3.83,3053
Metal,355.71,37.84,14.51,3.59,3053
Metal,240.00,44.44,7.06,4.07,3130
Metal,216.00,40.00,9.80,4.72,3055
Metal,351.43,58.33,14.12,4.21,3055
Metal,234.00,52.63,7.45,4.00,3042
Metal,350.77,36.11,14.12,4.66,3099
Metal,255.00,44.44,7.06,4.43,3072
Metal,220.00,48.00,9.80,5.31,3054
Metal,354.29,55.26,14.90,6.50,3058
Metal,233.33,50.00,7.06,5.52,3056
Metal,349.09,32.35,13.33,10.65,3052
Metal,270.00,44.44,7.06,10.27,3044
Metal,214.29,58.33,9.41,8.83,3072
Metal,356.84,50.00,14.90,7.43,3056
Metal,233.33,50.00,7.06,6.86,3483
Metal,345.00,25.81,12.16,6.16,3046
Metal,300.00,38.89,7.06,5.35,3038
Metal,218.57,60.87,9.02,5.27,3057
Metal,0.00,44.74,14.90,5.73,3023
Metal,233.33,50.00,7.06,5.12,3042
Metal,312.00,18.52,10.59,5.33,3030
Metal,321.82,50.00,8.63,5.29,3055
Metal,226.15,59.09,8.63,4.48,3094
Metal,356.47,44.74,14.90,4.10,3060
Metal,233.33,50.00,7.06,3.51,3056
Metal,270.00,16.00,9.80,3.32,3057
Metal,336.67,62.07,11.37,3.32,3081
Metal,230.00,57.14,8.24,3.00,3037
Metal,356.25,42.11,14.90,2.86,3040
Metal,233.33,50.00,7.06,2.86,3055
Metal,240.00,20.00,9.80,2.52,3053
Metal,341.05,61.29,12.16,2.29,3061
Metal,234.55,55.00,7.84,2.07,3060
Metal,352.00,40.54,14.51,1.96,3053
Metal,233.33,50.00,7.06,1.82,3058
Metal,330.00,26.67,11.76,1.88,3072
Metal,300.00,44.44,7.06,1.67,3072
Metal,222.86,60.87,9.02,1.57,3056
Metal,356.67,47.37,14.90,1.49,3055
Metal,233.33,50.00,7.06,1.36,3072
Metal,324.00,18.52,10.59,1.86,3072
Metal,321.82,50.00,8.63,2.03,3049
Metal,226.15,59.09,8.63,2.11,3060
Metal,356.47,44.74,14.90,2.86,3055
Metal,234.00,52.63,7.45,7.06,3060
Metal,315.00,15.38,10.20,10.82,3060
Metal,333.75,59.26,10.59,8.69,3059
Metal,226.15,59.09,8.63,7.40,3050
Metal,0.00,42.11,14.90,6.61,3059
Metal,233.33,50.00,7.06,7.11,3057
Metal,255.00,16.00,9.80,6.68,3053
Metal,340.00,60.00,11.76,5.76,3032
Metal,230.00,57.14,8.24,5.66,3057
Metal,356.25,42.11,14.90,4.79,3055
Metal,233.33,50.00,7.06,4.29,3055
Metal,255.00,16.00,9.80,3.77,3055
Metal,341.05,61.29,12.16,5.17,3046
Metal,229.09,55.00,7.84,4.59,3072
Metal,355.71,37.84,14.51,6.13,3081
Metal,233.33,50.00,7.06,6.47,3060
Metal,222.86,28.00,9.80,6.49,3056
Metal,345.00,60.61,12.94,5.50,3058
Metal,234.55,55.00,7.84,4.82,3076
Metal,352.00,40.54,14.51,4.63,3078
Metal,240.00,44.44,7.06,4.25,3056
Metal,220.00,36.00,9.80,3.97,3078
Metal,348.57,60.00,13.73,3.62,3044
Metal,234.00,52.63,7.45,3.13,3057
Metal,351.43,37.84,14.51,3.21,3055
Metal,247.50,44.44,7.06,3.31,3072
Metal,226.67,36.00,9.80,3.17,3051
Metal,351.43,58.33,14.12,2.86,3054
Metal,234.00,52.63,7.45,5.15,3058
Metal,348.00,40.54,14.51,4.46,3057
Metal,174.19,20.95,58.04,1.04,0
Metal,150.00,8.81,62.35,1.49,0
Metal,128.57,4.37,62.75,2.07,0
Metal,120.00,4.37,62.75,2.35,0
Metal,144.00,6.37,61.57,2.77,0
Metal,171.00,13.33,58.82,3.22,0
Metal,177.86,19.18,57.25,3.36,0
Metal,177.86,19.18,57.25,3.46,2218
Metal,176.00,20.41,57.65,3.08,0
Metal,177.93,19.86,57.25,2.70,0
Metal,165.88,11.04,60.39,3.62,0
Metal,145.00,7.50,62.75,4.23,0
Metal,138.00,6.25,62.75,6.07,0
Metal,112.50,5.00,62.75,5.59,0
Metal,165.00,7.79,60.39,5.58,2251
Metal,175.00,16.22,58.04,7.03,0
Metal,180.00,17.93,56.86,6.57,0
Metal,182.22,18.62,56.86,7.46,0
Metal,177.86,19.18,57.25,6.35,0
Metal,170.00,16.11,58.43,5.69,0
Metal,164.00,9.68,60.78,4.77,0
Metal,147.27,6.87,62.75,4.55,0
Metal,137.14,4.37,62.75,5.10,0
Metal,135.00,5.00,62.75,4.62,0
Metal,168.75,10.46,60.00,3.96,0
Metal,173.57,18.92,58.04,3.76,0
Metal,176.00,20.41,57.65,4.05,0
Metal,174.00,20.27,58.04,4.13,0
Metal,174.19,20.95,58.04,5.77,0
Metal,169.57,15.23,59.22,5.69,0
Metal,153.75,10.13,61.96,5.15,0
Metal,120.00,4.37,62.75,5.97,0
Metal,135.00,5.00,62.75,5.09,0
Metal,158.18,6.96,61.96,4.36,0
Metal,180.00,12.75,58.43,4.89,0
Metal,172.00,20.13,58.43,6.31,0
Metal,175.86,19.73,57.65,5.96,0
Metal,176.00,20.41,57.65,6.24,0
Metal,177.93,19.86,57.25,6.18,3056
Metal,174.00,20.27,58.04,5.35,3056
Metal,173.33,11.84,59.61,4.76,3055
Metal,147.69,8.18,62.35,5.13,3056
Metal,135.00,5.00,62.75,5.35,3055
Metal,127.50,4.97,63.14,7.24,3055
Metal,150.00,6.37,61.57,6.91,3056
Metal,177.00,13.42,58.43,6.26,3053
Metal,174.19,20.95,58.04,6.70,3055
Metal,177.93,19.86,57.25,7.03,3055
Metal,174.19,20.95,58.04,5.94,3055
Metal,173.57,18.92,58.04,5.45,3058
Metal,169.41,11.11,60.00,4.77,3055
Metal,136.36,6.87,62.75,3.96,3055
Metal,133.33,5.62,62.75,4.72,3055
Metal,120.00,4.37,62.75,4.07,3052
Metal,156.92,8.33,61.18,4.36,3053
Metal,174.55,14.86,58.04,4.40,3056
Metal,177.93,19.86,57.25,4.49,3055
Metal,176.00,20.41,57.65,5.84,3055
Metal,174.19,20.95,58.04,6.03,3055
Metal,177.93,19.86,57.25,6.10,3057
Metal,173.33,18.24,58.04,5.16,3055
Metal,172.00,9.87,59.61,4.23,3055
Metal,152.31,8.12,62.75,3.90,3058
Metal,128.57,4.37,62.75,3.71,3055
Metal,128.57,4.37,62.75,3.32,3055
Metal,158.57,8.97,61.18,3.07,3055
Metal,175.00,16.11,58.43,2.93,3056
Metal,177.93,19.86,57.25,2.73,3055
Metal,174.19,20.95,58.04,2.85,3055
Metal,176.00,20.41,57.65,2.99,3055
Metal,174.00,20.27,58.04,3.70,3050
Metal,173.08,17.57,58.04,3.29,3055
Metal,167.14,9.09,60.39,3.54,3055
Metal,152.73,6.87,62.75,3.14,3055
Metal,127.50,5.00,62.75,2.95,3055
Metal,137.14,4.37,62.75,2.80,3056
Metal,167.14,9.09,60.39,2.62,3055
Metal,170.40,16.78,58.43,3.71,3054
Metal,177.93,19.86,57.25,4.45,3055
Metal,174.00,20.27,58.04,4.09,3056
Metal,174.19,20.95,58.04,4.04,3052
Metal,170.40,16.78,58.43,4.44,3056
Metal,158.57,9.03,60.78,3.81,3055
Metal,144.00,6.25,62.75,3.73,3056
Metal,127.50,5.00,62.75,4.62,3056
Metal,142.50,5.03,62.35,4.32,3055
Metal,168.75,10.46,60.00,4.11,3055
Metal,171.43,18.79,58.43,4.35,3056
Metal,174.00,20.27,58.04,3.72,3057
Metal,177.93,19.86,57.25,3.68,3058
Metal,176.00,20.41,57.65,3.19,3054
Metal,176.00,20.41,57.65,2.78,3055
Metal,165.71,13.91,59.22,2.78,3055
Metal,152.31,8.28,61.57,3.42,3055
Metal,106.67,5.62,62.75,3.33,3055
Metal,128.57,4.37,62.75,4.43,3055
Metal,140.00,5.66,62.35,4.10,3053
Metal,173.33,11.92,59.22,4.51,3050
Metal,174.00,20.27,58.04,4.51,3053
Metal,176.00,20.41,57.65,3.89,3056
Metal,177.93,19.86,57.25,5.09,3055
Metal,169.41,11.11,60.00,4.51,3056
Metal,150.00,8.75,62.75,4.84,3055
Metal,135.00,5.00,62.75,4.29,3053
Metal,128.57,4.37,62.75,3.53,3055
Metal,161.54,8.39,60.78,3.57,3054
Metal,172.17,15.44,58.43,4.34,3055
Metal,177.93,19.86,57.25,4.26,3055
Metal,176.00,20.41,57.65,4.26,3054
Metal,177.86,19.18,57.25,4.16,3055
Metal,173.57,18.79,58.43,5.22,3055
Metal,161.25,10.32,60.78,5.46,3055
Metal,132.00,6.25,62.75,4.86,3051
Metal,133.33,5.62,62.75,4.74,3054
Metal,135.00,5.00,62.75,5.23,3056
Metal,162.86,9.03,60.78,7.03,3056
Metal,177.50,16.22,58.04,7.67,3055
Metal,176.00,20.41,57.65,9.31,3055
Metal,177.93,19.86,57.25,8.21,3055
Metal,174.19,20.95,58.04,6.85,3055
Metal,173.08,17.57,58.04,6.17,3055
Metal,167.14,9.09,60.39,6.55,3055
Metal,147.27,6.87,62.75,6.02,3055
Metal,127.50,5.00,62.75,5.37,3053
Metal,120.00,5.00,62.75,5.02,3055
Metal,168.00,9.80,60.00,4.59,3056
Metal,173.08,17.57,58.04,4.65,3055
Metal,176.00,20.41,57.65,4.89,3056
Metal,180.00,19.31,56.86,4.70,3048
Metal,174.19,20.95,58.04,4.52,3054
Metal,172.17,15.33,58.82,4.18,3056
Metal,156.92,8.33,61.18,4.13,3055
Metal,144.00,6.25,62.75,4.61,3055
Metal,135.00,5.00,62.75,4.21,3055
Metal,156.00,6.33,61.96,4.10,3054
Metal,176.47,11.26,59.22,4.15,3055
Metal,176.00,20.27,58.04,3.99,3055
Metal,176.00,20.41,57.65,3.61,3055
Metal,176.00,20.41,57.65,3.14,3055
Metal,174.19,20.95,58.04,2.91,3055
Metal,174.19,20.95,58.04,2.79,3055
Metal,169.09,14.57,59.22,3.22,3055
Metal,154.29,8.92,61.57,4.48,3055
Metal,126.67,5.62,62.75,3.61,3057
Metal,120.00,4.37,62.75,4.83,3055
Metal,150.00,7.55,62.35,4.18,3056
Metal,169.41,11.26,59.22,3.73,3052
Metal,175.71,19.05,57.65,3.88,3055
Metal,177.93,19.86,57.25,5.82,3054
Metal,177.93,19.86,57.25,6.51,3053
Metal,177.93,19.86,57.25,5.69,3055
Metal,176.84,12.58,59.22,5.36,3055
Metal,150.00,8.86,61.96,5.27,3055
Metal,128.57,4.37,62.75,4.95,3055
Metal,140.00,5.62,62.75,4.37,3056
Metal,147.27,6.96,61.96,3.71,3057
Metal,176.47,11.41,58.43,5.21,3056
Metal,175.86,19.73,57.65,4.57,3055
Metal,177.93,19.86,57.25,4.74,3049
Metal,176.00,20.41,57.65,4.25,3055
Metal,174.19,20.95,58.04,3.91,3057
Metal,176.00,20.41,57.65,3.77,3055
Metal,170.53,12.58,59.22,4.19,3055
Metal,154.29,8.86,61.96,3.98,3057
Metal,135.00,5.00,62.75,4.49,3055
Metal,112.50,5.00,62.75,3.97,3056
Metal,152.73,7.01,61.57,4.43,3055
Metal,174.29,13.91,59.22,4.04,3056
Metal,175.71,19.05,57.65,3.92,3055
Metal,177.86,19.18,57.25,3.61,3055
Metal,177.93,19.86,57.25,3.79,3055
Metal,173.79,19.59,58.04,3.85,3053
Metal,168.00,9.87,59.61,3.49,3055
Metal,138.46,8.12,62.75,4.41,3055
Metal,140.00,5.62,62.75,5.23,3055
Metal,128.57,4.37,62.75,7.40,3055
Metal,158.18,7.10,60.78,6.38,3055
Metal,174.55,14.77,58.43,5.60,3055
Metal,176.00,20.41,57.65,4.81,3055
Metal,177.93,19.86,57.25,4.30,3055
Metal,177.93,19.86,57.25,3.82,3055
Metal,173.08,17.57,58.04,3.59,3052
Metal,164.00,9.68,60.78,3.64,3055
Metal,144.00,6.25,62.75,3.15,3055
Metal,137.14,4.37,62.75,3.40,3055
Metal,130.00,3.77,62.35,5.28,3057
Metal,176.00,9.93,59.22,5.33,3056
Metal,173.79,19.59,58.04,4.72,3053
Metal,174.19,20.95,58.04,4.85,3055
Metal,174.19,20.95,58.04,4.34,3055
Metal,176.00,20.41,57.65,4.20,3055
Metal,171.43,14.00,58.82,3.81,3056
Metal,152.31,8.28,61.57,3.11,3055
Metal,135.00,5.00,62.75,3.89,3055
Metal,128.57,4.37,62.75,3.43,3055
Metal,147.27,6.92,62.35,3.37,3055
Metal,176.47,11.26,59.22,3.37,3055
Metal,175.71,19.05,57.65,3.19,3055
Metal,176.00,20.41,57.65,3.53,3055
Metal,177.93,19.86,57.25,4.32,3055
Metal,177.93,19.86,57.25,3.77,3055
Metal,176.00,20.41,57.65,3.53,3052
Metal,169.41,11.26,59.22,3.58,3055
Metal,154.29,8.86,61.96,4.27,3055
Metal,128.57,4.37,62.75,3.71,3052
Metal,128.57,4.37,62.75,3.48,3055
Metal,150.00,6.37,61.57,3.13,3055
Metal,171.00,13.33,58.82,3.11,3054
Metal,177.93,19.86,57.25,2.57,3054
Metal,176.00,20.41,57.65,2.58,3055
Metal,177.93,19.86,57.25,2.56,3054
Metal,177.93,19.86,57.25,2.80,3054
Metal,175.86,19.73,57.65,4.53,3053
Metal,165.00,10.46,60.00,4.48,3055
Metal,130.91,6.87,62.75,4.41,3055
Metal,127.50,5.00,62.75,4.62,3055
Metal,128.57,4.37,62.75,5.04,3055
Metal,156.00,9.55,61.57,4.46,3049
Metal,172.80,16.78,58.43,4.23,3055
Metal,177.93,19.86,57.25,4.43,3052
Metal,177.93,19.86,57.25,4.00,3055
Metal,176.00,20.41,57.65,3.55,3055
Metal,177.93,19.86,57.25,3.98,3053
Metal,175.00,16.22,58.04,3.42,3053
Metal,161.54,8.39,60.78,2.84,3055
Metal,113.33,5.62,62.75,2.66,3055
Metal,128.57,4.37,62.75,2.38,3055
Metal,135.00,5.03,62.35,2.29,3051
Metal,172.50,10.46,60.00,1.94,3055
Metal,173.33,18.24,58.04,2.19,3054
Metal,177.93,19.86,57.25,2.52,3060
Metal,176.00,20.41,57.65,2.58,3057
Metal,177.93,19.86,57.25,2.58,3055
Metal,171.43,13.91,59.22,3.06,3055
Metal,152.31,8.23,61.96,4.93,3053
Metal,128.57,4.37,62.75,4.18,3054
Metal,137.14,4.37,62.75,4.11,3055
Metal,150.00,6.33,61.96,3.83,3053
Metal,177.00,13.33,58.82,3.62,3055
Metal,177.86,19.18,57.25,4.05,3052
Metal,177.93,19.86,57.25,3.41,3055
Metal,174.19,20.95,58.04,3.02,3050
Metal,174.19,20.95,58.04,2.64,3053
Metal,175.71,19.05,57.65,2.48,3054
Metal,169.41,11.11,60.00,2.72,3053
Metal,147.27,6.92,62.35,3.01,3055
Metal,137.14,4.37,62.75,3.27,3055
Metal,120.00,4.37,62.75,3.48,3056
Metal,163.64,7.10,60.78,3.07,3055
Metal,169.09,14.77,58.43,2.94,3055
Metal,180.00,19.31,56.86,4.16,3054
Metal,176.00,20.41,57.65,4.27,3055
Metal,174.19,20.95,58.04,4.08,3055
Metal,175.38,17.57,58.04,4.32,3056
Metal,164.00,9.68,60.78,4.69,3056
Metal,126.67,5.62,62.75,4.17,3055
Metal,128.57,4.37,62.75,3.74,3052
Metal,128.57,4.37,62.75,3.71,3055
Metal,172.00,9.87,59.61,3.17,3055
Metal,173.33,18.24,58.04,2.89,3056
Metal,176.00,20.41,57.65,2.52,3055
Metal,176.00,20.41,57.65,2.63,3054
Metal,174.19,20.95,58.04,3.08,3055
Metal,171.00,13.33,58.82,2.77,3055
Metal,154.29,8.86,61.96,2.83,3055
Metal,126.67,5.62,62.75,2.77,3051
Metal,128.57,4.37,62.75,4.49,3055
Metal,152.73,6.96,61.96,3.81,3055
Metal,180.00,12.08,58.43,4.93,3055
Metal,176.00,20.41,57.65,4.85,3055
Metal,176.00,20.41,57.65,4.89,3055
Metal,177.93,19.86,57.25,4.23,3055
Metal,177.93,19.86,57.25,4.07,3055
Metal,173.79,19.59,58.04,4.71,3055
Metal,166.67,11.61,60.78,4.87,3052
Metal,141.82,6.92,62.35,4.53,3055
Metal,112.50,5.00,62.75,4.05,3055
Metal,145.71,4.37,62.75,3.82,3055
Metal,161.54,8.39,60.78,3.33,3055
Metal,174.78,15.54,58.04,3.36,3054
Metal,176.00,20.41,57.65,3.31,3055
Metal,174.19,20.95,58.04,2.97,3055
Metal,177.93,19.86,57.25,3.14,3054
Metal,176.00,20.41,57.65,3.33,3050
Metal,173.08,17.57,58.04,3.24,3057
Metal,161.25,10.32,60.78,3.21,3055
Metal,138.00,6.25,62.75,3.79,3056
Metal,145.71,4.37,62.75,3.44,3055
Metal,128.57,4.37,62.75,3.70,3055
Metal,175.00,7.89,59.61,3.67,3058
Metal,171.11,18.12,58.43,3.63,3055
Metal,177.93,19.86,57.25,3.53,3055
Metal,174.19,20.95,58.04,3.28,3055
Metal,177.93,19.86,57.25,3.08,3054
Metal,180.00,19.31,56.86,3.04,3053
Metal,170.40,16.78,58.43,2.82,3055
Metal,162.86,9.03,60.78,6.44,3055
Metal,120.00,4.37,62.75,5.67,3054
Metal,128.57,4.37,62.75,5.21,3050
Metal,135.00,5.00,62.75,4.52,3055
Metal,172.50,10.53,59.61,3.96,3054
Metal,173.79,19.59,58.04,3.47,3055
Metal,180.00,19.31,56.86,3.00,3055
Metal,177.93,19.86,57.25,4.79,3055
Metal,176.00,20.41,57.65,4.82,3055
Metal,177.93,19.86,57.25,6.43,3055
Metal,174.55,14.57,59.22,6.10,3056
Metal,156.92,8.28,61.57,5.57,3055
Metal,128.57,4.37,62.75,5.98,3052
Metal,120.00,4.97,63.14,6.00,3055
Metal,156.00,6.37,61.57,5.91,3052
Metal,167.37,12.75,58.43,5.07,3055
Metal,174.19,20.95,58.04,4.94,3055
Metal,177.93,19.86,57.25,4.68,3053
Metal,182.07,19.33,58.82,4.27,3055
Metal,141.82,6.87,62.75,3.88,3054
Metal,128.57,4.37,62.75,3.65,3055
Metal,127.50,5.00,62.75,3.40,3053
Metal,168.75,10.46,60.00,2.97,3053
Metal,173.57,18.92,58.04,2.85,3055
Metal,177.86,19.18,57.25,2.64,3055
Metal,176.00,20.41,57.65,2.56,3055
Metal,177.93,19.86,57.25,2.87,3055
Metal,176.00,20.41,57.65,3.29,3050
Metal,169.09,14.57,59.22,3.48,3055
Metal,150.00,8.86,61.96,3.00,3053
Metal,133.33,5.62,62.75,2.87,3055
Metal,128.57,4.37,62.75,2.58,3055
Metal,152.73,6.96,61.96,3.32,3055
Metal,166.67,12.08,58.43,6.04,3055
Metal,177.93,19.86,57.25,5.76,3050
Metal,174.19,20.95,58.04,5.18,3054
Metal,176.00,20.41,57.65,4.92,3054
Metal,165.00,10.32,60.78,4.26,3054
Metal,132.00,6.25,62.75,5.05,3054
Metal,128.57,4.37,62.75,5.16,3055
Metal,135.00,5.00,62.75,5.25,3055
Metal,171.43,9.21,59.61,4.33,3055
Metal,173.79,19.59,58.04,3.83,3054
Metal,176.00,20.41,57.65,4.09,3052
Metal,177.93,19.86,57.25,3.76,3057
Metal,176.00,20.41,57.65,3.46,3054
Metal,176.00,20.41,57.65,3.18,3055
Metal,170.53,12.58,59.22,3.41,3055
Metal,155.00,7.59,61.96,3.68,3055
Metal,128.57,4.37,62.75,3.65,3055
Metal,128.57,4.37,62.75,3.39,3055
Metal,156.92,8.33,61.18,2.88,3054
Metal,174.78,15.44,58.43,2.38,3053
Metal,180.00,19.31,56.86,2.61,3055
Metal,177.93,19.86,57.25,2.49,3055
Metal,178.00,20.41,57.65,2.44,3053
Metal,152.31,8.28,61.57,3.14,3055
Metal,127.50,5.00,62.75,2.89,3055
Metal,120.00,4.37,62.75,2.66,3053
Metal,140.00,7.50,62.75,2.51,3051
Metal,168.00,13.25,59.22,2.65,3055
Metal,177.93,19.86,57.25,2.58,3055
Metal,177.93,19.86,57.25,2.30,3055
Metal,177.93,19.86,57.25,2.30,3054
Metal,177.93,19.86,57.25,2.64,3055
Metal,165.00,10.32,60.78,2.78,3053
Metal,150.00,6.25,62.75,2.68,3056
Metal,120.00,4.37,62.75,3.28,3054
Metal,135.00,5.00,62.75,2.96,3051
Metal,176.00,9.93,59.22,3.46,3055
Metal,173.57,18.92,58.04,2.90,3055
Metal,177.93,19.86,57.25,2.79,3057
Metal,177.93,19.86,57.25,2.59,3053
Metal,180.00,19.31,56.86,2.36,3055
Metal,174.00,20.27,58.04,4.02,3055
Metal,165.88,11.04,60.39,4.00,3055
Metal,145.00,7.50,62.75,3.90,3054
Metal,127.50,5.00,62.75,3.74,3055
Metal,137.14,4.37,62.75,3.39,3054
Metal,176.00,9.87,59.61,3.13,3054
Metal,175.71,19.05,57.65,3.33,3055
Metal,177.93,19.86,57.25,2.92,3055
Metal,176.00,20.41,57.65,3.04,3057
Metal,174.19,20.95,58.04,2.66,3054
Metal,173.79,19.59,58.04,2.77,3055
Metal,164.21,12.26,60.78,2.33,3055
Metal,140.00,7.50,62.75,2.28,3054
Metal,128.57,4.37,62.75,2.22,3055
Metal,128.57,4.37,62.75,2.06,3054
Metal,172.00,9.87,59.61,2.40,3052
Metal,173.79,19.59,58.04,2.56,3056
Metal,176.00,20.41,57.65,2.40,3055
Metal,177.93,19.86,57.25,2.72,3054
Metal,177.93,19.86,57.25,2.62,3055
Metal,175.71,19.05,57.65,2.79,3055
Metal,169.41,11.11,60.00,2.70,3055
Metal,143.08,8.12,62.75,2.63,3055
Metal,112.50,5.00,62.75,2.42,3054
Metal,128.57,4.37,62.75,2.14,3052
Metal,168.75,10.39,60.39,2.05,3052
Metal,177.69,17.81,57.25,1.83,3057
Metal,177.93,19.86,57.25,1.75,3055
Metal,177.93,19.86,57.25,1.97,3055
Metal,174.19,20.95,58.04,1.75,3055
Metal,166.67,11.76,60.00,1.87,3053
Metal,143.08,8.18,62.35,2.23,3055
Metal,120.00,4.37,62.75,3.06,3055
Metal,128.57,4.37,62.75,6.86,3052
Metal,167.14,9.09,60.39,7.08,3055
Metal,173.08,17.57,58.04,6.00,3054
Metal,177.93,19.86,57.25,5.15,3055
Metal,177.93,19.86,57.25,4.50,3054
Metal,177.93,19.86,57.25,4.23,3055
Metal,182.00,20.41,57.65,4.62,3054
Metal,145.00,7.55,62.35,4.34,3054
Metal,128.57,4.37,62.75,4.06,3057
Metal,128.57,4.37,62.75,4.72,3054
Metal,164.00,9.68,60.78,4.54,3055
Metal,177.69,17.69,57.65,3.86,3054
Metal,177.86,19.18,57.25,3.96,3055
Metal,176.00,20.41,57.65,4.78,3056
Metal,177.86,19.18,57.25,4.47,3055
Metal,170.00,11.84,59.61,4.83,3055
Metal,141.82,6.96,61.96,4.77,3055
Metal,140.00,5.62,62.75,4.38,3054
Metal,120.00,4.37,62.75,3.85,3055
Metal,160.00,9.68,60.78,3.97,3055
Metal,173.33,18.24,58.04,3.64,3053
Metal,177.93,19.86,57.25,3.21,3055
Metal,176.00,20.41,57.65,3.65,3053
Metal,177.93,19.86,57.25,3.77,3055
Metal,177.78,18.49,57.25,3.14,3052
Metal,172.94,11.18,59.61,3.23,3054
Metal,140.00,7.55,62.35,2.80,3055
Metal,127.50,5.00,62.75,2.39,3053
Metal,138.00,6.25,62.75,3.60,3053
Metal,172.50,10.46,60.00,3.58,3055
Metal,175.71,19.05,57.65,3.44,3055
Metal,175.86,19.73,57.65,3.79,3046
Metal,182.14,19.31,56.86,3.75,3055
Metal,177.86,19.18,57.25,3.62,3056
Metal,165.88,11.11,60.00,3.21,3052
Metal,141.82,6.87,62.75,3.17,3055
Metal,126.67,5.62,62.75,3.47,3055
Metal,146.67,5.62,62.75,5.26,3054
Metal,172.00,9.87,59.61,5.78,3054
Metal,175.71,19.05,57.65,5.62,3055
Metal,180.00,19.31,56.86,5.07,3055
Metal,177.86,19.18,57.25,4.33,3055
Metal,174.00,20.27,58.04,4.32,3055
Metal,172.00,9.80,60.00,4.37,3056
Metal,136.36,6.87,62.75,4.32,3055
Metal,135.00,5.00,62.75,4.19,3051
Metal,140.00,5.62,62.75,3.77,3054
Metal,173.68,12.50,59.61,4.40,3055
Metal,174.00,20.27,58.04,4.94,3055
Metal,176.00,20.41,57.65,4.40,3053
Metal,177.93,19.86,57.25,5.07,3055
Metal,175.38,17.69,57.65,5.09,3053
Metal,164.00,9.74,60.39,4.71,3053
Metal,120.00,5.62,62.75,3.93,3052
Metal,120.00,4.37,62.75,3.78,3053
Metal,140.00,5.66,62.35,3.45,3055
Metal,176.67,11.92,59.22,4.50,3054
Metal,177.93,19.86,57.25,4.31,3055
Metal,174.19,20.95,58.04,3.62,3055
Metal,177.93,19.86,57.25,3.29,3055
Metal,177.93,19.86,57.25,2.88,3055
Metal,184.29,18.54,59.22,3.04,3053
Metal,133.33,5.62,62.75,2.76,3055
Metal,128.57,4.37,62.75,3.16,3055
Metal,138.00,6.33,61.96,2.83,3055
Metal,177.00,13.33,58.82,3.59,3052
Metal,177.86,19.18,57.25,3.85,3055
Metal,177.93,19.86,57.25,3.61,3055
Metal,177.93,19.86,57.25,4.04,3055
Metal,180.00,19.86,57.25,3.49,3053
Metal,161.54,8.39,60.78,3.39,3055
Metal,150.00,6.25,62.75,3.16,3054
Metal,128.57,4.37,62.75,3.66,3055
Metal,152.73,7.01,61.57,3.48,3055
Metal,176.84,12.75,58.43,3.81,3054
Metal,177.86,19.18,57.25,5.47,3055
Metal,177.93,19.86,57.25,5.17,3055
Metal,177.93,19.86,57.25,4.45,3055
Metal,176.00,20.41,57.65,4.19,3055
Metal,184.44,17.88,59.22,3.86,3056
Metal,144.00,6.25,62.75,4.35,3055
Metal,128.57,4.37,62.75,4.47,2926
Metal,158.18,7.01,61.57,5.15,3054
Metal,177.14,14.09,58.43,6.01,1165
Metal,177.93,19.86,57.25,5.52,3055
Metal,174.19,20.95,58.04,6.27,3053
Metal,177.93,19.86,57.25,5.81,3055
Metal,177.93,19.86,57.25,5.20,3054
Metal,170.00,16.00,58.82,4.94,3050
Metal,153.75,10.13,61.96,4.25,3052
Metal,112.50,5.00,62.75,3.85,3052
Metal,135.00,5.00,62.75,4.29,3054
Metal,150.00,7.64,61.57,4.04,3053
Metal,174.78,15.44,58.43,3.40,3055
Metal,180.00,18.62,56.86,3.68,3056
Metal,175.86,19.73,57.65,3.27,3056
Metal,175.86,19.73,57.65,3.43,3055
Metal,0.00,0.00,100.00,1.33,0
Metal,172.50,12.75,98.43,1.87,0
Metal,171.72,11.55,98.43,2.56,0
Metal,171.43,11.16,98.43,2.75,0
Metal,158.57,5.53,99.22,2.83,0
Metal,97.50,3.14,100.00,3.39,0
Metal,90.00,2.37,99.22,3.63,0
Metal,97.50,3.14,100.00,3.75,0
Metal,170.00,9.56,98.43,3.61,0
Metal,172.50,12.75,98.43,3.69,0
Metal,173.14,13.94,98.43,3.50,0
Metal,171.72,11.55,98.43,3.72,0
Metal,172.26,12.35,98.43,3.72,0
Metal,156.00,5.93,99.22,3.61,0
Metal,97.50,3.14,100.00,3.69,0
Metal,180.00,1.57,100.00,3.33,0
Metal,0.00,0.00,100.00,3.45,0
Metal,161.54,5.10,100.00,3.13,269
Metal,170.00,9.56,98.43,3.21,0
Metal,172.50,12.75,98.43,3.24,0
Metal,164.57,13.94,98.43,2.84,0
Metal,160.71,11.48,95.69,2.69,0
Metal,168.57,8.37,98.43,2.59,0
Metal,180.00,1.96,100.00,2.39,0
Metal,0.00,0.00,100.00,2.47,308
Metal,0.00,0.00,100.00,2.36,0
Metal,180.00,1.96,100.00,2.25,0
Metal,180.00,6.27,100.00,2.67,0
Metal,180.00,10.59,100.00,2.65,0
Metal,180.00,9.41,100.00,2.99,0
Metal,180.00,7.84,100.00,3.11,0
Metal,180.00,8.24,100.00,2.95,0
Metal,180.00,1.96,100.00,2.60,0
Metal,0.00,0.00,100.00,3.06,0
Metal,0.00,0.00,100.00,6.06,0
Metal,180.00,1.96,100.00,5.57,0
Metal,170.53,7.57,98.43,6.47,3045
Metal,170.00,9.56,98.43,5.45,0
Metal,171.11,10.76,98.43,4.61,0
Metal,171.72,11.55,98.43,4.35,0
Metal,170.77,10.36,98.43,4.10,3054
Metal,170.77,5.10,100.00,3.87,3049
Metal,0.00,0.00,100.00,3.79,3050
Metal,0.00,0.00,100.00,3.77,2400
Metal,0.00,0.00,100.00,4.05,0
Metal,171.43,5.49,100.00,3.67,0
Metal,170.00,9.56,98.43,3.23,0
Metal,170.00,9.56,98.43,3.06,0
Metal,170.77,10.36,98.43,3.83,0
Metal,170.77,10.36,98.43,3.79,0
Metal,168.57,8.37,98.43,5.21,0
Metal,127.50,3.14,100.00,5.69,0
Metal,90.00,1.57,100.00,4.96,0
Metal,180.00,0.78,100.00,4.09,0
Metal,150.00,3.92,100.00,3.62,0
Metal,170.77,10.36,98.43,3.37,0
Metal,171.72,11.55,98.43,2.77,0
Metal,168.75,12.75,98.43,2.94,0
Metal,171.72,11.55,98.43,5.09,0
Metal,169.57,9.16,98.43,4.30,0
Metal,156.92,5.10,100.00,5.65,0
Metal,97.50,3.14,100.00,4.76,0
Metal,120.00,1.57,100.00,3.86,0
Metal,145.71,2.75,100.00,5.28,0
Metal,169.57,9.16,98.43,4.64,0
Metal,172.73,13.15,98.43,3.94,0
Metal,166.87,12.75,98.43,3.56,0
Metal,169.09,13.15,98.43,3.19,0
Metal,172.26,12.35,98.43,2.95,3053
Metal,150.00,6.27,100.00,2.57,0
Metal,0.00,0.00,100.00,2.34,0
Metal,0.00,0.00,100.00,2.11,0
Metal,0.00,0.00,100.00,1.79,3050
Metal,167.37,7.57,98.43,1.73,3052
Metal,169.09,13.15,98.43,1.89,3048
Metal,168.75,12.75,98.43,2.19,3050
Metal,172.73,13.15,98.43,2.04,3054
Metal,172.73,13.15,98.43,2.29,3050
Metal,161.54,5.18,98.43,2.35,0
Metal,120.00,1.96,100.00,2.24,0
Metal,0.00,0.00,100.00,2.02,0
Metal,120.00,0.78,100.00,1.85,0
Metal,164.00,5.98,98.43,2.98,0
Metal,170.77,10.36,98.43,3.32,0
Metal,170.00,9.56,98.43,3.00,0
Metal,175.20,9.92,98.82,2.86,0
Metal,169.29,10.98,100.00,3.13,0
Metal,180.00,3.92,100.00,3.07,0
Metal,0.00,0.00,100.00,2.89,0
Metal,0.00,0.00,100.00,2.59,0
Metal,0.00,0.00,100.00,2.53,3417
Metal,155.29,6.67,100.00,2.63,0
Metal,180.00,9.02,100.00,2.39,0
Metal,180.00,1.96,100.00,2.52,0
Metal,0.00,0.00,100.00,2.31,0
Metal,0.00,0.00,100.00,3.02,0
Metal,0.00,0.00,100.00,3.25,0
Metal,0.00,0.00,100.00,2.81,0
Metal,0.00,0.00,100.00,3.52,0
Metal,0.00,0.00,100.00,3.74,0
Metal,0.00,0.00,100.00,4.64,0
Metal,0.00,0.00,100.00,4.92,0
Metal,0.00,0.00,100.00,4.33,0
Metal,0.00,0.00,100.00,5.33,0
Metal,0.00,0.00,100.00,5.59,0
Metal,0.00,0.00,100.00,5.47,0
Metal,0.00,0.00,100.00,4.70,0
Metal,0.00,0.00,100.00,4.88,0
Metal,0.00,0.00,100.00,4.51,0
Metal,0.00,0.00,100.00,3.94,3048
Metal,0.00,0.00,100.00,3.27,0
Metal,0.00,0.00,100.00,3.17,3054
Metal,0.00,0.00,100.00,2.80,3050
Metal,0.00,0.00,100.00,2.58,3053
Metal,0.00,0.00,100.00,2.35,0
Metal,0.00,0.00,100.00,2.34,751
Metal,0.00,0.00,100.00,3.14,0
Metal,0.00,0.00,100.00,2.87,0
Metal,0.00,0.00,100.00,2.68,0
Metal,0.00,0.00,100.00,3.08,0
Metal,0.00,0.00,100.00,3.12,943
Metal,0.00,0.00,100.00,2.74,0
Metal,0.00,0.00,100.00,3.37,3052
Metal,0.00,0.00,100.00,3.16,3046
Metal,0.00,0.00,100.00,3.75,3052
Metal,0.00,0.00,100.00,4.83,3050
Metal,0.00,0.00,100.00,4.66,3050
Metal,0.00,0.00,100.00,5.52,3051
Metal,0.00,0.00,100.00,4.71,3046
Metal,0.00,0.00,100.00,4.10,3052
Metal,0.00,0.00,100.00,5.31,3049
Metal,0.00,0.00,100.00,4.75,3045
Metal,0.00,0.00,100.00,4.16,3052
Metal,0.00,0.00,100.00,3.87,3053
Metal,0.00,0.00,100.00,3.61,3049
Metal,0.00,0.00,100.00,3.82,3054
Metal,0.00,0.00,100.00,5.14,3051
Metal,0.00,0.00,100.00,4.48,0
Metal,0.00,0.00,100.00,3.76,0
Metal,0.00,0.00,100.00,3.30,3051
Metal,0.00,0.00,100.00,2.95,528
Metal,0.00,0.00,100.00,2.52,3052
Metal,0.00,0.00,100.00,3.10,3051
Metal,0.00,0.00,100.00,3.49,3044
Metal,0.00,0.00,100.00,3.67,0
Metal,0.00,0.00,100.00,3.70,0
Metal,0.00,0.00,100.00,3.41,0
Metal,0.00,0.00,100.00,2.95,0
Metal,0.00,0.00,100.00,2.63,1572
Metal,0.00,0.00,100.00,2.40,0
Metal,0.00,0.00,100.00,2.18,0
Metal,0.00,0.00,100.00,2.16,0
Metal,0.00,0.00,100.00,2.03,0
Metal,0.00,0.00,100.00,4.29,0
Metal,0.00,0.00,100.00,5.56,0
Metal,0.00,0.00,100.00,8.09,0
Metal,0.00,0.00,100.00,7.81,0
Metal,0.00,0.00,100.00,7.59,0
Metal,0.00,0.00,100.00,6.52,0
Metal,0.00,0.00,100.00,5.77,0
Metal,0.00,0.00,100.00,5.11,0
Metal,0.00,0.00,100.00,4.98,0
Metal,0.00,0.00,100.00,4.42,0
Metal,0.00,0.00,100.00,3.58,3055
Metal,0.00,0.00,100.00,3.89,3049
Metal,0.00,0.00,100.00,3.28,0
Metal,0.00,0.00,100.00,3.03,0
Metal,0.00,0.00,100.00,3.81,0
Metal,0.00,0.00,100.00,4.01,0
Metal,0.00,0.00,100.00,3.69,0
Metal,0.00,0.00,100.00,4.58,0
Metal,0.00,0.00,100.00,4.09,0
Metal,0.00,0.00,100.00,3.75,0
Metal,0.00,0.00,100.00,4.19,0
Metal,0.00,0.00,100.00,5.22,0
Metal,0.00,0.00,100.00,6.26,0
Metal,0.00,0.00,100.00,6.11,0
Metal,0.00,0.00,100.00,6.34,0
Metal,0.00,0.00,100.00,5.92,0
Metal,0.00,0.00,100.00,5.99,3050
Metal,0.00,0.00,100.00,5.15,3052
Metal,0.00,0.00,100.00,4.32,3054
Metal,0.00,0.00,100.00,4.31,0
Metal,0.00,0.00,100.00,4.14,0
Metal,0.00,0.00,100.00,6.93,0
Metal,0.00,0.00,100.00,11.04,0
Metal,0.00,0.00,100.00,9.91,0
Metal,0.00,0.00,100.00,9.00,0
Metal,0.00,0.00,100.00,8.34,0
Metal,0.00,0.00,100.00,8.57,0
Metal,0.00,0.00,100.00,8.35,0
Metal,0.00,0.00,100.00,9.68,0
Metal,0.00,0.00,100.00,9.68,0
Metal,0.00,0.00,100.00,9.03,0
Metal,0.00,0.00,100.00,8.94,0
Metal,0.00,0.00,100.00,7.43,0
Metal,0.00,0.00,100.00,6.33,0
Metal,0.00,0.00,100.00,5.56,0
Metal,0.00,0.00,100.00,5.19,0
Metal,0.00,0.00,100.00,4.60,0
Metal,0.00,0.00,100.00,3.98,0
Metal,0.00,0.00,100.00,4.67,0
Metal,0.00,0.00,100.00,4.02,0
Metal,0.00,0.00,100.00,4.94,0
Metal,0.00,0.00,100.00,4.10,230
Metal,0.00,0.00,100.00,4.53,0
Metal,0.00,0.00,100.00,3.94,0
Metal,0.00,0.00,100.00,4.26,0
Metal,0.00,0.00,100.00,3.62,0
Metal,0.00,0.00,100.00,4.57,0
Metal,0.00,0.00,100.00,7.57,3051
Metal,0.00,0.00,100.00,7.01,0
Metal,0.00,0.00,100.00,5.92,0
Metal,0.00,0.00,100.00,5.46,0
Metal,0.00,0.00,100.00,4.54,0
Metal,0.00,0.00,100.00,4.37,0
Metal,0.00,0.00,100.00,3.97,0
Metal,0.00,0.00,100.00,3.79,0
Metal,0.00,0.00,100.00,3.48,0
Metal,0.00,0.00,100.00,3.18,0
Metal,0.00,0.00,100.00,3.50,0
Metal,0.00,0.00,100.00,3.32,0
Metal,0.00,0.00,100.00,3.02,0
Metal,0.00,0.00,100.00,3.59,0
Metal,0.00,0.00,100.00,3.68,0
Metal,0.00,0.00,100.00,3.65,0
Metal,0.00,0.00,100.00,3.63,0
Metal,0.00,0.00,100.00,3.91,0
Metal,0.00,0.00,100.00,3.55,0
Metal,0.00,0.00,100.00,3.10,0
Metal,0.00,0.00,100.00,4.75,0
Metal,0.00,0.00,100.00,3.98,0
Metal,0.00,0.00,100.00,7.48,0
Metal,0.00,0.00,100.00,7.10,0
Metal,0.00,0.00,100.00,7.88,0
Metal,0.00,0.00,100.00,8.25,0
Metal,0.00,0.00,100.00,8.36,0
Metal,0.00,0.00,100.00,9.89,0
Metal,0.00,0.00,100.00,8.37,3049
Metal,0.00,0.00,100.00,7.82,0
Metal,0.00,0.00,100.00,7.43,0
Metal,0.00,0.00,100.00,8.01,0
Metal,0.00,0.00,100.00,7.05,0
Metal,0.00,0.00,100.00,6.11,0
Metal,0.00,0.00,100.00,5.41,3052
Metal,0.00,0.00,100.00,4.95,0
Metal,0.00,0.00,100.00,4.36,0
Metal,0.00,0.00,100.00,4.00,0
Metal,0.00,0.00,100.00,3.80,0
Metal,0.00,0.00,100.00,3.77,0
Metal,0.00,0.00,100.00,3.46,0
Metal,0.00,0.00,100.00,3.24,0
Metal,0.00,0.00,100.00,2.76,0
Metal,0.00,0.00,100.00,2.55,0
Metal,0.00,0.00,100.00,2.45,0
Metal,0.00,0.00,100.00,2.11,0
Metal,0.00,0.00,100.00,2.46,0
Metal,0.00,0.00,100.00,3.36,0
Metal,0.00,0.00,100.00,4.45,0
Metal,0.00,0.00,100.00,4.04,0
Metal,0.00,0.00,100.00,3.59,0
Metal,0.00,0.00,100.00,3.18,0
Metal,0.00,0.00,100.00,5.12,0
Metal,0.00,0.00,100.00,5.86,0
Metal,0.00,0.00,100.00,5.02,0
Metal,0.00,0.00,100.00,4.91,0
Metal,0.00,0.00,100.00,4.18,0
Metal,0.00,0.00,100.00,3.95,0
Metal,0.00,0.00,100.00,5.55,0
Metal,0.00,0.00,100.00,5.50,0
Metal,0.00,0.00,100.00,5.09,0
Metal,0.00,0.00,100.00,4.84,0
Metal,0.00,0.00,100.00,4.79,0
Metal,0.00,0.00,100.00,4.77,0
Metal,0.00,0.00,100.00,4.62,0
Metal,0.00,0.00,100.00,5.39,0
Metal,0.00,0.00,100.00,5.46,0
Metal,0.00,0.00,100.00,4.80,0
Metal,0.00,0.00,100.00,4.45,0
Metal,0.00,0.00,100.00,5.87,0
Metal,0.00,0.00,100.00,5.05,0
Metal,0.00,0.00,100.00,7.42,0
Metal,0.00,0.00,100.00,6.30,0
Metal,0.00,0.00,100.00,5.60,0
Metal,0.00,0.00,100.00,6.21,0
Metal,0.00,0.00,100.00,8.44,0
Metal,0.00,0.00,100.00,7.87,0
Metal,0.00,0.00,100.00,6.71,0
Metal,0.00,0.00,100.00,6.39,0
Metal,0.00,0.00,100.00,5.55,0
Metal,0.00,0.00,100.00,5.33,0
Metal,0.00,0.00,100.00,4.61,0
Metal,0.00,0.00,100.00,4.17,0
Metal,0.00,0.00,100.00,4.45,0
Metal,0.00,0.00,100.00,4.52,0
Metal,0.00,0.00,100.00,4.80,0
Metal,0.00,0.00,100.00,4.47,0
Metal,0.00,0.00,100.00,3.89,0
Metal,0.00,0.00,100.00,3.50,0
Metal,0.00,0.00,100.00,3.06,0
Metal,0.00,0.00,100.00,2.78,0
Metal,0.00,0.00,100.00,2.42,20
Metal,0.00,0.00,100.00,2.18,0
Metal,0.00,0.00,100.00,1.93,2130
Metal,0.00,0.00,100.00,1.96,0
Metal,0.00,0.00,100.00,1.74,0
Metal,0.00,0.00,100.00,1.74,0
Metal,0.00,0.00,100.00,1.64,0
Metal,0.00,0.00,100.00,1.69,0
Metal,0.00,0.00,100.00,1.87,0
Metal,0.00,0.00,100.00,2.32,0
Metal,0.00,0.00,100.00,2.30,0
Metal,0.00,0.00,100.00,2.56,0
Metal,0.00,0.00,100.00,3.19,0
Metal,0.00,0.00,100.00,2.87,0
Metal,0.00,0.00,100.00,2.88,0
Metal,0.00,0.00,100.00,3.06,0
Metal,0.00,0.00,100.00,4.57,0
Metal,0.00,0.00,100.00,5.30,0
Metal,0.00,0.00,100.00,4.97,0
Metal,0.00,0.00,100.00,7.65,0
Metal,0.00,0.00,100.00,6.94,0
Metal,0.00,0.00,100.00,6.20,0
Metal,0.00,0.00,100.00,9.02,0
Metal,0.00,0.00,100.00,8.48,0
Metal,0.00,0.00,100.00,7.10,0
Metal,0.00,0.00,100.00,6.25,0
Metal,0.00,0.00,100.00,5.27,0
Metal,0.00,0.00,100.00,5.33,0
Metal,0.00,0.00,100.00,4.59,0
Metal,0.00,0.00,100.00,4.12,0
Metal,0.00,0.00,100.00,3.76,0
Metal,0.00,0.00,100.00,4.38,0
Metal,0.00,0.00,100.00,3.80,0
Metal,0.00,0.00,100.00,3.97,0
Metal,0.00,0.00,100.00,3.98,0
Metal,0.00,0.00,100.00,3.50,0
Metal,0.00,0.00,100.00,3.10,0
Metal,0.00,0.00,100.00,3.24,0
Metal,0.00,0.00,100.00,2.94,0
Metal,0.00,0.00,100.00,2.62,0
Metal,0.00,0.00,100.00,2.37,0
Metal,0.00,0.00,100.00,2.81,0
Metal,0.00,0.00,100.00,2.67,0
Metal,0.00,0.00,100.00,2.31,0
Metal,0.00,0.00,100.00,2.17,0
Metal,0.00,0.00,100.00,1.89,0
Metal,0.00,0.00,100.00,1.94,0
Metal,0.00,0.00,100.00,3.09,0
Metal,0.00,0.00,100.00,2.93,0
Metal,0.00,0.00,100.00,5.84,0
Metal,0.00,0.00,100.00,5.59,0
Metal,0.00,0.00,100.00,5.30,0
Metal,0.00,0.00,100.00,6.82,0
Metal,0.00,0.00,100.00,6.47,0
Metal,0.00,0.00,100.00,5.81,0
Metal,0.00,0.00,100.00,6.07,0
Metal,0.00,0.00,100.00,7.94,0
Metal,0.00,0.00,100.00,8.39,0
Metal,0.00,0.00,100.00,7.01,0
Metal,0.00,0.00,100.00,7.51,0
Metal,0.00,0.00,100.00,8.08,0
Metal,0.00,0.00,100.00,16.60,0
Metal,0.00,0.00,100.00,21.21,0
Metal,0.00,0.00,100.00,18.29,0
Metal,0.00,0.00,100.00,15.95,0
Metal,0.00,0.00,100.00,16.36,0
Metal,0.00,0.00,100.00,13.63,3050
Metal,0.00,0.00,100.00,11.43,0
Metal,0.00,0.00,100.00,9.88,0
Metal,0.00,0.00,100.00,8.48,0
Metal,0.00,0.00,100.00,7.88,0
Metal,0.00,0.00,100.00,7.05,0
Metal,0.00,0.00,100.00,7.25,0
Metal,0.00,0.00,100.00,7.64,0
Metal,0.00,0.00,100.00,7.09,3048
Metal,0.00,0.00,100.00,10.09,0
Metal,0.00,0.00,100.00,8.99,0
Metal,0.00,0.00,100.00,7.96,0
Metal,0.00,0.00,100.00,8.15,0
Metal,0.00,0.00,100.00,8.61,3048
Metal,0.00,0.00,100.00,7.91,3051
Metal,0.00,0.00,100.00,6.78,3049
Metal,0.00,0.00,100.00,5.74,3052
Metal,0.00,0.00,100.00,4.80,3050
Metal,0.00,0.00,100.00,4.30,3049
Metal,0.00,0.00,100.00,5.15,3049
Metal,0.00,0.00,100.00,6.48,3050
Metal,0.00,0.00,100.00,9.46,3049
Metal,0.00,0.00,100.00,10.20,3050
Metal,0.00,0.00,100.00,11.68,3053
Metal,0.00,0.00,100.00,10.32,3046
Metal,0.00,0.00,100.00,8.69,3050
Metal,0.00,0.00,100.00,7.95,3049
Metal,0.00,0.00,100.00,8.70,3045
Metal,0.00,0.00,100.00,7.88,3049
Metal,0.00,0.00,100.00,7.11,3050
Metal,0.00,0.00,100.00,5.84,3047
Metal,0.00,0.00,100.00,5.44,3044
Metal,0.00,0.00,100.00,6.29,3049
Metal,0.00,0.00,100.00,6.24,3049
Metal,0.00,0.00,100.00,5.52,3052
Metal,0.00,0.00,100.00,5.12,3048
Metal,0.00,0.00,100.00,4.62,3050
Metal,0.00,0.00,100.00,4.26,3049
Metal,0.00,0.00,100.00,4.09,3045
Metal,0.00,0.00,100.00,3.39,3049
Metal,0.00,0.00,100.00,3.23,3046
Metal,0.00,0.00,100.00,3.17,3052
Metal,0.00,0.00,100.00,3.05,3048
Metal,0.00,0.00,100.00,2.66,3052
Metal,0.00,0.00,100.00,2.40,3053
Metal,0.00,0.00,100.00,2.10,3051
Metal,0.00,0.00,100.00,2.85,3050
Metal,0.00,0.00,100.00,3.00,3046
Metal,0.00,0.00,100.00,2.54,3049
Metal,0.00,0.00,100.00,4.29,3050
Metal,0.00,0.00,100.00,5.97,3050
Metal,0.00,0.00,100.00,7.60,3052
Metal,0.00,0.00,100.00,9.04,3044
Metal,0.00,0.00,100.00,9.04,3050
Metal,0.00,0.00,100.00,8.02,3048
Metal,0.00,0.00,100.00,7.36,3049
Metal,0.00,0.00,100.00,6.45,3049
Metal,0.00,0.00,100.00,5.60,3050
Metal,0.00,0.00,100.00,8.25,3050
Metal,0.00,0.00,100.00,7.46,3046
Metal,0.00,0.00,100.00,7.61,3050
Metal,0.00,0.00,100.00,7.81,3048
Metal,0.00,0.00,100.00,7.44,3049
Metal,0.00,0.00,100.00,7.01,3044
Metal,0.00,0.00,100.00,6.29,3050
Metal,0.00,0.00,100.00,5.54,3051
Metal,0.00,0.00,100.00,4.94,3053
Metal,0.00,0.00,100.00,7.10,3050
Metal,0.00,0.00,100.00,5.82,3053
Metal,0.00,0.00,100.00,4.93,0
Metal,0.00,0.00,100.00,4.48,0
Metal,0.00,0.00,100.00,3.59,248
Metal,0.00,0.00,100.00,2.98,1233
Metal,0.00,0.00,100.00,2.49,1400
Metal,0.00,0.00,100.00,2.23,0
Metal,0.00,0.00,100.00,3.76,0
Metal,0.00,0.00,100.00,6.44,0
Metal,0.00,0.00,100.00,5.67,0
Metal,0.00,0.00,100.00,4.95,0
Metal,0.00,0.00,100.00,4.40,0
Metal,0.00,0.00,100.00,3.82,0
Metal,0.00,0.00,100.00,6.22,0
Metal,0.00,0.00,100.00,6.64,0
Metal,0.00,0.00,100.00,6.77,0
Metal,0.00,0.00,100.00,8.01,0
Metal,0.00,0.00,100.00,6.80,0
Metal,0.00,0.00,100.00,5.67,740
Metal,0.00,0.00,100.00,5.81,3048
Metal,0.00,0.00,100.00,4.95,3048
Metal,0.00,0.00,100.00,4.43,3048
Metal,0.00,0.00,100.00,3.97,3050
Metal,0.00,0.00,100.00,3.38,3049
Metal,0.00,0.00,100.00,3.54,3052
Metal,0.00,0.00,100.00,3.53,3045
Metal,0.00,0.00,100.00,3.19,3048
Metal,0.00,0.00,100.00,3.24,3048
Metal,0.00,0.00,100.00,3.24,3050
Metal,0.00,0.00,100.00,4.36,3051
Metal,0.00,0.00,100.00,7.43,3051
Metal,0.00,0.00,100.00,5.99,3049
Metal,0.00,0.00,100.00,5.55,3050
Metal,0.00,0.00,100.00,5.98,3048
Metal,0.00,0.00,100.00,5.13,3048
Metal,0.00,0.00,100.00,6.80,3047
Metal,0.00,0.00,100.00,6.42,3050
Metal,0.00,0.00,100.00,7.83,3049
Metal,0.00,0.00,100.00,7.14,3050
Metal,0.00,0.00,100.00,7.67,3049
Metal,0.00,0.00,100.00,8.98,3048
Metal,0.00,0.00,100.00,8.57,3034
Metal,0.00,0.00,100.00,7.06,3050
Metal,0.00,0.00,100.00,6.21,3048
Metal,0.00,0.00,100.00,6.27,3050
Metal,0.00,0.00,100.00,6.74,3046
Metal,0.00,0.00,100.00,6.95,3046
Metal,0.00,0.00,100.00,5.59,3048
Metal,0.00,0.00,100.00,5.85,3051
Metal,0.00,0.00,100.00,4.47,3049
Metal,0.00,0.00,100.00,4.82,3050
Metal,0.00,0.00,100.00,4.79,3048
Metal,0.00,0.00,100.00,3.52,1231
Metal,0.00,0.00,100.00,3.43,0
Metal,0.00,0.00,100.00,2.93,0
Metal,0.00,0.00,100.00,2.55,1153
Metal,0.00,0.00,100.00,3.31,2625
Metal,0.00,0.00,100.00,4.79,0
Metal,0.00,0.00,100.00,4.08,0
Metal,0.00,0.00,100.00,5.60,0
Metal,0.00,0.00,100.00,5.76,0
Metal,0.00,0.00,100.00,6.85,0
Metal,0.00,0.00,100.00,7.92,1090
Metal,0.00,0.00,100.00,7.01,921
Metal,0.00,0.00,100.00,7.72,0
Metal,171.00,14.81,52.94,1.34,0
Metal,156.67,12.08,58.43,2.23,0
Metal,171.43,14.79,55.69,2.81,0
Metal,177.86,20.74,52.94,3.44,0
Metal,180.00,22.39,52.55,3.72,0
Metal,180.00,22.39,52.55,3.86,0
Metal,172.17,16.20,55.69,4.11,0
Metal,157.89,12.93,57.65,4.16,3302
Metal,160.00,12.16,58.04,3.69,0
Metal,163.64,15.71,54.90,3.68,0
Metal,180.00,22.39,52.55,3.69,0
Metal,180.00,22.39,52.55,3.52,0
Metal,180.00,22.39,52.55,3.30,0
Metal,175.86,21.32,53.33,3.33,0
Metal,168.57,14.69,56.08,3.28,3081
Metal,164.21,12.93,57.65,3.39,3110
Metal,163.33,12.33,57.25,3.28,0
Metal,170.00,17.39,54.12,3.12,0
Metal,180.00,22.39,52.55,2.87,0
Metal,180.00,23.13,52.55,3.02,0
Metal,180.00,19.12,53.33,2.65,0
Metal,168.00,13.99,56.08,2.37,0
Metal,153.00,13.42,58.43,2.31,0
Metal,148.24,11.49,58.04,2.08,0
Metal,175.20,18.38,53.33,1.97,3037
Metal,180.00,22.39,52.55,2.45,0
Metal,180.00,23.13,52.55,2.36,0
Metal,175.20,18.12,54.12,2.52,0
Metal,171.00,13.89,56.47,2.39,3302
Metal,157.50,10.88,57.65,2.52,0
Metal,171.00,14.08,55.69,2.27,116
Metal,175.71,20.44,53.73,2.93,3053
Metal,180.00,22.39,52.55,2.78,0
Metal,180.00,22.39,52.55,2.55,0
Metal,177.60,17.99,54.51,2.49,0
Metal,158.18,14.97,57.65,2.67,2822
Metal,162.86,9.66,56.86,3.93,0
Metal,153.75,10.88,57.65,3.58,0
Metal,169.09,15.38,56.08,3.76,0
Metal,177.93,21.48,52.94,3.43,0
Metal,180.00,22.39,52.55,3.15,3050
Metal,180.00,22.39,52.55,2.95,0
Metal,187.06,24.46,54.51,3.18,3548
Metal,163.33,12.41,56.86,2.89,0
Metal,158.82,11.56,57.65,2.56,0
Metal,174.78,16.31,55.29,2.22,0
Metal,177.93,21.48,52.94,2.10,0
Metal,180.00,22.39,52.55,1.90,3054
Metal,180.00,22.39,52.55,2.18,3052
Metal,172.17,16.20,55.69,2.29,3584
Metal,158.82,11.64,57.25,2.06,0
Metal,156.67,12.16,58.04,1.92,3056
Metal,157.89,13.01,57.25,1.80,0
Metal,177.39,16.43,54.90,2.22,2946
Metal,180.00,21.64,52.55,2.01,3045
Metal,180.00,22.39,52.55,1.97,3072
Metal,185.62,23.02,54.51,1.79,3115
Metal,163.33,12.33,57.25,1.79,3055
Metal,165.00,11.11,56.47,1.90,3043
Metal,180.00,17.27,54.51,1.75,2959
Metal,180.00,22.39,52.55,1.84,3035
Metal,180.00,22.39,52.55,1.68,3016
Metal,180.00,22.39,52.55,1.63,3059
Metal,166.36,15.28,56.47,1.82,3055
Metal,153.00,13.51,58.04,1.69,3076
Metal,155.29,11.49,58.04,1.50,3056
Metal,162.86,14.38,57.25,1.42,3049
Metal,177.50,17.39,54.12,1.23,3041
Metal,180.00,22.39,52.55,1.71,3083
Metal,180.00,22.39,52.55,1.87,3055
Metal,182.00,21.58,54.51,1.84,3050
Metal,154.74,12.75,58.43,2.08,3049
Metal,148.42,12.75,58.43,2.37,3026
Metal,162.86,14.48,56.86,2.35,3046
Metal,170.77,18.84,54.12,2.10,3050
Metal,180.00,22.39,52.55,1.74,440
Metal,181.87,23.70,52.94,1.69,3528
Metal,163.64,15.17,56.86,1.81,0
Metal,148.24,11.49,58.04,1.64,0
Metal,148.24,11.49,58.04,1.65,0
Metal,157.89,13.19,56.47,1.80,0
Metal,180.00,22.39,52.55,1.47,0
Metal,180.00,22.39,52.55,1.55,0
Metal,182.14,20.14,54.51,1.50,0
Metal,161.25,10.96,57.25,1.24,3513
Metal,165.00,13.89,56.47,1.22,0
Metal,168.89,19.42,54.51,1.18,0
Metal,180.00,22.39,52.55,1.18,0
Metal,181.94,22.96,52.94,1.12,0
Metal,168.57,14.58,56.47,0.96,0
Metal,155.29,11.56,57.65,1.05,1348
Metal,151.76,11.49,58.04,0.89,0
Metal,157.89,13.19,56.47,0.88,0
Metal,180.00,22.39,52.55,1.12,0
Metal,180.00,22.39,52.55,1.38,0
Metal,180.00,18.71,54.51,1.16,0
Metal,156.67,12.16,58.04,1.25,0
Metal,155.29,11.49,58.04,1.23,3113
Metal,159.00,13.89,56.47,1.49,0
Metal,180.00,22.39,52.55,1.97,0
Metal,180.00,22.39,52.55,2.18,0
Metal,175.56,19.42,54.51,2.52,0
Metal,165.00,13.89,56.47,2.08,0
Metal,164.00,10.34,56.86,2.09,0
Metal,152.00,10.27,57.25,2.11,0
Metal,175.56,19.85,53.33,2.08,0
Metal,180.00,22.39,52.55,2.24,0
Metal,180.00,22.39,52.55,2.07,0
Metal,177.50,17.14,54.90,2.32,0
Metal,151.76,11.49,58.04,2.52,0
Metal,152.00,10.27,57.25,2.29,492
Metal,175.71,20.59,53.33,2.46,0
Metal,180.00,22.39,52.55,2.38,0
Metal,180.00,22.39,52.55,3.04,0
Metal,178.06,22.96,52.94,4.42,0
Metal,175.00,17.02,55.29,4.57,0
Metal,165.00,13.70,57.25,5.30,0
Metal,155.29,11.49,58.04,5.11,198
Metal,169.57,16.08,56.08,4.33,0
Metal,177.93,21.48,52.94,3.99,0
Metal,180.00,22.39,52.55,3.65,0
Metal,187.06,24.46,54.51,3.31,0
Metal,156.67,12.33,57.25,3.01,0
Metal,155.29,11.49,58.04,2.50,0
Metal,155.29,11.56,57.65,2.30,15
Metal,174.55,15.60,55.29,2.28,0
Metal,178.00,22.22,52.94,2.12,0
Metal,180.00,22.39,52.55,1.97,0
Metal,180.00,22.39,52.55,1.91,0
Metal,176.00,22.06,53.33,2.67,0
Metal,171.82,15.49,55.69,3.67,0
Metal,160.00,12.33,57.25,3.43,0
Metal,155.29,11.49,58.04,3.35,0
Metal,155.29,11.64,57.25,3.30,0
Metal,177.27,15.83,54.51,2.99,0
Metal,180.00,22.39,52.55,2.79,0
Metal,180.00,22.39,52.55,2.92,0
Metal,180.00,22.39,52.55,2.68,0
Metal,183.87,22.30,54.51,2.40,0
Metal,154.74,12.93,57.65,2.33,0
Metal,162.35,11.56,57.65,2.08,0
Metal,162.00,13.70,57.25,2.27,0
Metal,177.60,17.99,54.51,2.36,0
Metal,180.00,22.39,52.55,2.16,0
Metal,180.00,22.39,52.55,2.12,0
Metal,180.00,22.39,52.55,2.09,0
Metal,181.94,22.96,52.94,2.19,0
Metal,165.00,13.89,56.47,2.00,0
Metal,151.76,11.49,58.04,2.02,0
Metal,165.00,13.89,56.47,2.33,0
Metal,173.33,19.71,53.73,2.16,0
Metal,180.00,22.39,52.55,1.96,0
Metal,185.45,24.09,53.73,2.97,0
Metal,160.91,15.07,57.25,2.96,0
Metal,156.67,12.16,58.04,2.94,0
Metal,153.75,10.88,57.65,2.91,0
Metal,169.09,15.38,56.08,2.44,0
Metal,177.86,20.74,52.94,2.51,0
Metal,180.00,22.39,52.55,2.64,0
Metal,180.00,23.13,52.55,2.37,0
Metal,172.17,16.31,55.29,2.38,1092
Metal,164.21,13.01,57.25,2.27,0
Metal,157.89,12.84,58.04,2.43,0
Metal,172.17,16.20,55.69,2.32,0
Metal,178.00,22.22,52.94,2.16,0
Metal,180.00,22.39,52.55,2.05,0
Metal,180.00,22.39,52.55,1.86,1551
Metal,177.93,21.48,52.94,1.71,0
Metal,174.29,14.89,55.29,1.73,0
Metal,146.67,12.08,58.43,1.58,0
Metal,177.39,16.43,54.90,1.64,3003
Metal,180.00,21.64,52.55,1.66,3039
Metal,180.00,23.13,52.55,1.57,3045
Metal,180.00,22.39,52.55,1.63,3050
Metal,173.79,21.17,53.73,1.98,3054
Metal,168.57,14.69,56.08,2.04,3055
Metal,156.67,12.24,57.65,1.91,3049
Metal,150.00,12.16,58.04,1.67,3082
Metal,164.21,13.19,56.47,1.40,3042
Metal,170.00,17.39,54.12,1.44,3054
Metal,180.00,22.39,52.55,1.42,3059
Metal,180.00,22.39,52.55,1.50,3049
Metal,171.43,14.58,56.47,1.52,3039
Metal,154.74,12.75,58.43,1.45,3054
Metal,165.00,13.89,56.47,1.36,3049
Metal,182.31,18.98,53.73,1.36,3053
Metal,180.00,22.39,52.55,1.16,3055
Metal,180.00,22.39,52.55,1.44,3052
Metal,180.00,22.39,52.55,1.34,3055
Metal,180.00,17.99,54.51,1.25,3056
Metal,151.76,11.56,57.65,1.22,3049
Metal,153.33,12.16,58.04,1.54,3055
Metal,160.00,14.69,56.08,1.59,3055
Metal,180.00,22.39,52.55,1.57,3050
Metal,180.00,23.13,52.55,1.88,3038
Metal,187.06,24.64,54.12,2.84,3391
Metal,165.00,13.70,57.25,2.70,3007
Metal,153.33,12.16,58.04,2.35,3055
Metal,171.82,15.49,55.69,2.31,3051
Metal,177.86,20.74,52.94,2.00,3049
Metal,180.00,22.39,52.55,1.98,3057
Metal,180.00,22.39,52.55,2.02,3033
Metal,185.29,24.64,54.12,2.09,3049
Metal,165.88,11.81,56.47,2.15,3056
Metal,150.00,12.08,58.43,1.93,3088
Metal,156.67,12.24,57.65,1.62,3034
Metal,174.55,15.60,55.29,1.44,2976
Metal,177.93,21.48,52.94,1.53,3053
Metal,180.00,22.39,52.55,1.56,3056
Metal,180.00,22.39,52.55,1.68,3048
Metal,187.27,23.74,54.51,1.43,3040
Metal,157.89,13.01,57.25,1.79,3055
Metal,153.75,10.96,57.25,1.70,3072
Metal,157.89,12.84,58.04,1.63,3028
Metal,177.27,15.71,54.90,1.64,3050
Metal,178.06,22.96,52.94,1.68,3108
Metal,180.00,22.39,52.55,1.70,2976
Metal,180.00,22.39,52.55,2.22,0
Metal,176.00,22.06,53.33,2.60,2953
Metal,170.00,16.78,56.08,2.31,0
Metal,154.74,12.93,57.65,2.45,3054
Metal,155.29,11.56,57.65,2.53,3114
Metal,161.05,13.01,57.25,2.56,3055
Metal,180.00,17.99,54.51,2.78,3055
Metal,180.00,22.39,52.55,2.52,3053
Metal,180.00,22.39,52.55,2.22,3045
Metal,180.00,22.39,52.55,2.27,3046
Metal,185.81,22.30,54.51,2.15,3047
Metal,153.00,13.51,58.04,2.68,3050
Metal,151.76,11.49,58.04,2.58,3055
Metal,165.00,13.89,56.47,2.42,3050
Metal,177.60,18.12,54.12,2.19,3054
Metal,180.00,22.39,52.55,2.28,3055
Metal,180.00,22.39,52.55,2.22,3053
Metal,180.00,22.39,52.55,2.15,3055
Metal,177.78,19.71,53.73,2.08,3052
Metal,165.71,14.58,56.47,1.99,3054
Metal,160.00,12.16,58.04,2.49,3054
Metal,160.00,10.27,57.25,2.51,3005
Metal,156.00,13.89,56.47,2.56,3183
Metal,180.00,22.39,52.55,2.60,2846
Metal,180.00,22.39,52.55,2.42,0
Metal,177.69,18.84,54.12,2.18,0
Metal,165.00,13.89,56.47,1.94,0
Metal,154.74,12.84,58.04,2.26,0
Metal,165.71,14.58,56.47,2.85,0
Metal,175.71,20.59,53.33,2.87,2479
Metal,180.00,23.13,52.55,2.59,3526
Metal,180.00,22.39,52.55,2.23,3560
Metal,175.20,17.86,54.90,2.17,3193
Metal,168.00,13.89,56.47,1.93,3565
Metal,156.67,12.16,58.04,2.32,0
Metal,160.00,10.27,57.25,2.86,2117
Metal,171.00,14.08,55.69,2.53,2596
Metal,177.78,20.00,52.94,2.49,3013
Metal,180.00,22.39,52.55,2.58,3289
Metal,178.12,23.70,52.94,2.49,2009
Metal,177.39,16.55,54.51,2.32,1887
Metal,161.05,13.10,56.86,2.11,2959
Metal,166.15,9.03,56.47,2.02,2804
Metal,169.09,15.38,56.08,1.99,3025
Metal,175.86,21.32,53.33,2.03,3036
Metal,180.00,22.39,52.55,2.00,3232
Metal,180.00,22.39,52.55,2.08,3535
Metal,185.45,24.09,53.73,2.24,0
Metal,162.00,13.79,56.86,2.25,0
Metal,155.29,11.56,57.65,2.13,0
Metal,153.33,12.16,58.04,2.40,0
Metal,156.00,14.08,55.69,2.27,3549
Metal,180.00,22.39,52.55,2.02,3144
Metal,180.00,22.39,52.55,2.05,3052
Metal,187.06,24.64,54.12,2.02,3060
Metal,162.00,13.79,56.86,1.91,2992
Metal,158.82,11.56,57.65,1.91,3018
Metal,168.57,14.69,56.08,2.30,3054
Metal,173.79,21.17,53.73,2.69,3109
Metal,180.00,22.39,52.55,2.52,3023
Metal,180.00,22.39,52.55,2.49,3048
Metal,172.80,17.99,54.51,2.34,3049
Metal,165.00,13.89,56.47,2.21,3088
Metal,154.74,12.75,58.43,2.29,3027
Metal,153.75,10.88,57.65,2.34,3048
Metal,159.00,14.08,55.69,2.54,3072
Metal,180.00,22.39,52.55,2.51,2198
Metal,180.00,22.39,52.55,2.62,0
Metal,180.00,22.39,52.55,2.45,0
Metal,173.08,18.71,54.51,2.06,0
Metal,164.21,13.19,56.47,1.95,0
Metal,153.33,12.16,58.04,1.90,0
Metal,168.57,14.69,56.08,2.07,0
Metal,177.78,20.00,52.94,2.20,0
Metal,180.00,22.39,52.55,2.50,0
Metal,185.29,24.82,53.73,2.40,0
Metal,157.89,13.01,57.25,2.27,3032
Metal,156.67,12.16,58.04,2.01,3057
Metal,153.33,12.16,58.04,1.86,3050
Metal,172.17,16.20,55.69,1.82,3055
Metal,177.86,20.74,52.94,1.59,3052
Metal,180.00,22.39,52.55,1.65,3041
Metal,180.00,21.64,52.55,1.94,3055
Metal,170.00,16.90,55.69,2.08,3055
Metal,160.00,12.41,56.86,2.27,3060
Metal,150.00,10.88,57.65,2.15,3053
Metal,174.55,15.60,55.29,2.38,3056
Metal,178.00,22.22,52.94,2.24,3058
Metal,180.00,23.13,52.55,2.51,3055
Metal,180.00,22.39,52.55,2.50,2959
Metal,172.17,16.20,55.69,2.46,3040
Metal,161.05,13.01,57.25,2.29,3041
Metal,158.82,11.64,57.25,2.23,3053
Metal,174.55,15.60,55.29,2.02,3058
Metal,180.00,21.64,52.55,2.08,3072
Metal,180.00,22.39,52.55,1.98,3045
Metal,188.82,24.46,54.51,1.75,3041
Metal,164.21,13.01,57.25,1.78,3057
Metal,154.74,12.84,58.04,2.21,3055
Metal,169.57,16.08,56.08,2.10,3044
Metal,177.93,21.48,52.94,1.89,3045
Metal,180.00,22.39,52.55,2.27,3024
Metal,180.00,22.39,52.55,2.14,3054
Metal,172.50,17.14,54.90,1.90,3042
Metal,163.33,12.41,56.86,1.77,3072
Metal,154.74,12.75,58.43,2.65,3055
Metal,159.00,14.18,55.29,2.53,3110
Metal,180.00,22.39,52.55,2.55,3083
Metal,180.00,22.39,52.55,2.17,3055
Metal,174.55,15.83,54.51,1.98,3049
Metal,161.05,13.10,56.86,1.88,3055
Metal,156.67,12.16,58.04,2.46,3040
Metal,155.29,11.56,57.65,2.20,2997
Metal,171.43,14.79,55.69,2.04,3054
Metal,177.86,20.74,52.94,2.09,3072
Metal,180.00,22.39,52.55,2.44,3055
Metal,188.57,25.18,54.51,2.62,3053
Metal,162.00,13.79,56.86,2.61,3052
Metal,157.50,10.96,57.25,2.72,3055
Metal,174.29,14.89,55.29,2.43,3060
Metal,177.93,21.48,52.94,2.20,3054
Metal,180.00,22.39,52.55,2.04,3055
Metal,180.00,22.39,52.55,2.14,3049
Metal,180.00,15.83,54.51,2.25,3055
Metal,162.00,13.79,56.86,2.01,3052
Metal,154.74,12.93,57.65,1.89,3055
Metal,156.67,12.24,57.65,1.89,3050
Metal,172.17,16.20,55.69,1.80,3052
Metal,177.93,21.48,52.94,1.69,3055
Metal,180.00,22.39,52.55,1.59,2757
Metal,180.00,22.39,52.55,1.42,2449
Metal,174.78,16.31,55.29,1.20,2129
Metal,161.05,13.01,57.25,1.36,1885
Metal,151.76,11.49,58.04,1.21,0
Metal,161.74,16.31,55.29,1.15,0
Metal,180.00,23.13,52.55,1.56,0
Metal,180.00,23.13,52.55,1.97,0
Metal,185.29,24.46,54.51,2.13,0
Metal,161.05,13.01,57.25,2.05,0
Metal,156.67,12.16,58.04,1.85,0
Metal,158.82,11.72,56.86,1.77,0
Metal,178.00,22.22,52.94,1.87,0
Metal,180.00,22.39,52.55,1.76,0
Metal,180.00,22.39,52.55,1.70,0
Metal,187.27,23.74,54.51,1.67,0
Metal,158.82,11.72,56.86,2.01,3052
Metal,146.67,12.08,58.43,2.00,3061
Metal,166.36,15.83,54.51,1.85,3037
Metal,180.00,22.39,52.55,1.90,3055
Metal,180.00,22.39,52.55,1.96,3054
Metal,180.00,22.39,52.55,2.16,3048
Metal,168.57,14.69,56.08,2.14,3051
Metal,156.00,13.51,58.04,1.95,3055
Metal,148.24,11.49,58.04,2.15,3060
Metal,180.00,16.55,54.51,2.07,3057
Metal,180.00,22.39,52.55,2.17,3046
Metal,180.00,22.39,52.55,2.52,3049
Metal,180.00,22.39,52.55,2.32,2993
Metal,185.62,23.02,54.51,2.20,3041
Metal,156.67,12.33,57.25,2.22,3036
Metal,156.00,10.27,57.25,2.13,3076
Metal,151.76,11.64,57.25,3.22,3054
Metal,178.00,22.22,52.94,3.09,794
Metal,180.00,22.39,52.55,2.97,825
Metal,180.00,22.39,52.55,3.02,3024
Metal,185.62,23.02,54.51,2.81,3028
Metal,155.29,11.64,57.25,2.62,3036
Metal,161.05,13.01,57.25,2.39,3054
Metal,174.78,16.55,54.51,2.13,3053
Metal,180.00,22.39,52.55,1.93,3058
Metal,180.00,23.13,52.55,2.00,3049
Metal,181.94,22.96,52.94,1.92,3044
Metal,168.57,14.69,56.08,1.90,3053
Metal,153.75,10.96,57.25,1.82,3083
Metal,157.89,13.01,57.25,1.68,3053
Metal,180.00,18.71,54.51,1.89,3055
Metal,180.00,22.39,52.55,2.85,3053
Metal,180.00,22.39,52.55,3.15,3072
Metal,175.56,19.71,53.73,2.79,3045
Metal,165.71,14.58,56.47,2.61,3048
Metal,166.15,9.03,56.47,2.79,3102
Metal,152.00,10.27,57.25,2.59,3055
Metal,175.38,19.12,53.33,3.56,3033
Metal,180.00,23.13,52.55,3.48,3054
Metal,187.06,24.64,54.12,2.93,3044
Metal,165.00,13.89,56.47,2.75,3060
Metal,157.50,10.96,57.25,2.54,3052
Metal,152.00,10.27,57.25,2.12,3101
Metal,175.86,21.32,53.33,1.83,3060
Metal,180.00,22.39,52.55,1.93,3048
Metal,180.00,22.39,52.55,1.71,3055
Metal,187.06,24.64,54.12,2.21,3096
Metal,162.86,14.38,57.25,1.93,3048
Metal,161.25,10.96,57.25,1.85,3050
Metal,148.42,12.75,58.43,1.82,3087
Metal,174.29,14.89,55.29,2.22,3054
Metal,175.86,21.32,53.33,2.88,3055
Metal,180.00,22.39,52.55,2.59,3051
Metal,180.00,22.39,52.55,2.94,0
Metal,174.78,16.08,56.08,3.07,0
Metal,156.00,10.27,57.25,3.03,0
Metal,158.82,11.64,57.25,2.65,0
Metal,177.27,15.71,54.90,3.33,2128
Metal,180.00,21.64,52.55,3.00,0
Metal,180.00,22.39,52.55,2.69,0
Metal,180.00,23.13,52.55,2.39,0
Metal,169.09,15.38,56.08,2.14,0
Metal,155.29,11.56,57.65,2.33,0
Metal,158.82,11.72,56.86,2.36,0
Metal,180.00,16.55,54.51,2.69,0
Metal,180.00,22.39,52.55,2.63,0
Metal,180.00,22.39,52.55,2.64,0
Metal,181.94,22.96,52.94,2.32,0
Metal,168.57,14.69,56.08,2.14,3033
Metal,153.33,12.16,58.04,2.37,2944
Metal,157.50,10.88,57.65,2.07,3113
Metal,162.00,13.79,56.86,1.82,3055
Metal,175.20,17.99,54.51,1.79,3072
Metal,180.00,23.13,52.55,1.81,3038
Metal,180.00,22.39,52.55,1.53,3055
Metal,180.00,22.39,52.55,1.57,3007
Metal,167.37,13.29,56.08,1.56,3049
Metal,161.25,10.96,57.25,1.61,3055
Metal,165.00,13.89,56.47,1.52,3055
Metal,177.69,18.84,54.12,1.41,3073
Metal,180.00,22.39,52.55,1.60,3022
Metal,180.00,22.39,52.55,1.54,3030
Metal,185.45,24.09,53.73,1.44,3054
Metal,168.00,13.89,56.47,1.64,3074
Metal,157.50,10.88,57.65,1.98,3057
Metal,150.00,12.08,58.43,1.99,3054
Metal,171.43,14.79,55.69,2.49,3049
Metal,177.78,20.00,52.94,2.91,3020
Metal,180.00,22.39,52.55,2.54,3051
Metal,180.00,22.39,52.55,2.38,3055
Metal,172.17,16.43,54.90,2.08,3058
Metal,163.33,12.41,56.86,2.10,3083
Metal,153.75,10.88,57.65,2.06,3058
Metal,156.67,12.16,58.04,1.90,3052
Metal,160.91,15.60,55.29,2.15,3072
Metal,180.00,22.39,52.55,1.90,3023
Metal,180.00,22.39,52.55,2.06,3057
Metal,172.17,16.20,55.69,2.22,3057
Metal,155.29,11.56,57.65,2.11,3072
Metal,153.75,10.88,57.65,2.07,3077
Metal,166.96,16.55,54.51,2.30,3007
Metal,180.00,22.39,52.55,2.20,3055
Metal,180.00,22.39,52.55,2.54,3055
Metal,185.62,23.02,54.51,2.87,3054
Metal,154.74,12.84,58.04,2.59,3055
Metal,165.88,11.81,56.47,2.50,3059
Metal,174.78,16.55,54.51,2.28,3051
Metal,180.00,23.13,52.55,2.61,3061
Metal,180.00,22.39,52.55,3.07,3074
Metal,180.00,19.12,53.33,2.86,3055
Metal,168.00,13.99,56.08,2.65,3007
Metal,158.82,11.56,57.65,2.55,3072
Metal,155.29,11.49,58.04,2.35,3278
Metal,165.00,13.89,56.47,3.07,3072
Metal,175.38,18.84,54.12,2.84,3073
Metal,180.00,22.39,52.55,2.43,2991
Metal,180.00,22.39,52.55,2.20,2958
Metal,182.31,18.71,54.51,2.21,2969
Metal,156.67,12.16,58.04,2.06,2998
Metal,151.76,11.49,58.04,2.14,3045
Metal,167.37,13.29,56.08,2.20,3048
Metal,177.78,19.85,53.33,2.03,3056
Metal,180.00,22.39,52.55,1.81,3060
Metal,180.00,22.39,52.55,1.84,3018
Metal,174.78,16.55,54.51,1.82,3023
Metal,162.00,13.79,56.86,1.71,3051
Metal,156.67,12.16,58.04,1.84,3061
Metal,174.00,14.18,55.29,1.65,3060
Metal,177.93,21.48,52.94,1.70,3056
Metal,180.00,23.13,52.55,1.67,3054
Metal,187.27,23.91,54.12,1.69,3053
Metal,161.05,13.01,57.25,2.78,2891
Metal,156.67,12.16,58.04,2.50,3158
Metal,174.55,15.60,55.29,2.35,3167
Metal,178.00,22.22,52.94,2.23,3378
Metal,180.00,22.39,52.55,2.02,3192
Metal,180.00,22.39,52.55,1.96,3119
Metal,169.57,16.08,56.08,1.92,2700
Metal,189.60,21.37,45.88,1.34,0
Metal,111.43,5.38,50.98,2.23,0
Metal,120.00,5.43,50.59,2.88,0
Metal,187.83,19.83,45.49,3.10,0
Metal,193.55,25.62,47.45,3.24,0
Metal,145.71,5.51,49.80,3.56,0
Metal,127.50,6.15,50.98,4.08,0
Metal,188.57,18.10,45.49,4.05,0
Metal,195.48,25.62,47.45,3.81,0
Metal,154.29,5.56,49.41,3.69,0
Metal,111.43,5.38,50.98,3.67,0
Metal,180.00,14.66,45.49,3.60,0
Metal,186.92,22.41,45.49,3.43,0
Metal,193.04,18.70,48.24,3.43,0
Metal,120.00,5.38,50.98,3.39,0
Metal,112.50,6.30,49.80,3.50,0
Metal,188.89,23.08,45.88,3.21,0
Metal,192.73,26.83,48.24,3.08,0
Metal,128.57,5.43,50.59,3.13,0
Metal,128.57,5.47,50.20,2.59,0
Metal,185.00,20.87,45.10,2.57,0
Metal,193.55,25.62,47.45,2.29,0
Metal,137.14,5.47,50.20,3.01,0
Metal,111.43,5.38,50.98,2.97,0
Metal,146.67,7.32,48.24,2.78,0
Metal,186.92,22.41,45.49,2.56,2948
Metal,194.00,25.00,47.06,2.41,0
Metal,166.67,7.20,49.02,2.59,0
Metal,127.50,6.15,50.98,3.55,0
Metal,105.00,6.30,49.80,3.02,0
Metal,184.80,21.74,45.10,2.97,0
Metal,186.92,22.41,45.49,3.91,0
Metal,182.07,23.58,48.24,4.53,0
Metal,150.00,3.20,49.02,4.10,0
Metal,171.43,11.67,47.06,5.28,3051
Metal,184.80,21.74,45.10,5.87,2472
Metal,186.92,22.41,45.49,5.60,0
Metal,189.00,16.26,48.24,4.83,0
Metal,165.00,6.40,49.02,4.22,2873
Metal,168.00,12.50,47.06,4.26,0
Metal,184.80,21.74,45.10,7.20,0
Metal,191.61,25.62,47.45,6.41,0
Metal,185.45,8.94,48.24,5.58,0
Metal,160.00,9.76,48.24,5.83,0
Metal,184.80,21.74,45.10,5.57,0
Metal,188.89,23.08,45.88,5.32,0
Metal,188.00,24.59,47.84,4.52,0
Metal,185.00,9.84,47.84,4.12,0
Metal,183.53,14.41,46.27,3.53,0
Metal,186.92,22.41,45.49,3.83,0
Metal,188.28,24.37,46.67,3.48,0
Metal,190.91,18.49,46.67,3.50,0
Metal,185.45,18.97,45.49,3.19,0
Metal,192.41,24.37,46.67,2.87,0
Metal,188.89,23.08,45.88,3.12,0
Metal,192.00,21.01,46.67,4.29,3548
Metal,195.65,19.33,46.67,4.41,0
Metal,189.60,21.37,45.88,4.02,0
Metal,186.92,22.41,45.49,3.77,2756
Metal,184.80,21.74,45.10,4.27,3053
Metal,194.40,21.01,46.67,3.91,0
Metal,193.04,19.49,46.27,4.75,3055
Metal,188.89,23.08,45.88,5.38,0
Metal,186.92,22.41,45.49,5.25,0
Metal,191.54,21.85,46.67,4.34,0
Metal,185.45,18.49,46.67,4.11,0
Metal,192.00,21.19,46.27,4.28,3057
Metal,186.92,22.41,45.49,3.81,3044
Metal,190.00,20.17,46.67,3.74,3055
Metal,184.29,11.48,47.84,4.09,3046
Metal,156.92,10.48,48.63,6.74,3040
Metal,186.92,22.41,45.49,6.04,3055
Metal,188.89,23.08,45.88,5.80,3048
Metal,186.00,24.39,48.24,5.40,3072
Metal,165.00,6.40,49.02,4.93,3065
Metal,167.14,11.76,46.67,4.92,3052
Metal,184.80,21.74,45.10,4.35,3043
Metal,192.41,24.37,46.67,4.28,3044
Metal,175.00,9.68,48.63,4.00,3054
Metal,154.29,5.60,49.02,3.78,3055
Metal,176.67,15.52,45.49,3.21,3055
Metal,187.20,21.74,45.10,2.91,3065
Metal,195.56,22.13,47.84,3.95,0
Metal,165.00,6.40,49.02,4.17,0
Metal,142.50,6.45,48.63,3.53,0
Metal,185.22,20.18,44.71,3.21,0
Metal,186.92,22.41,45.49,3.05,0
Metal,189.47,15.45,48.24,3.40,0
Metal,144.00,3.97,49.41,4.20,2674
Metal,156.92,10.66,47.84,3.98,0
Metal,184.80,21.74,45.10,3.57,0
Metal,192.86,23.73,46.27,4.05,0
Metal,186.00,16.81,46.67,3.72,0
Metal,183.33,15.25,46.27,3.22,0
Metal,185.45,18.97,45.49,2.93,0
Metal,186.92,22.41,45.49,2.82,0
Metal,191.54,21.85,46.67,2.70,0
Metal,165.00,6.40,49.02,2.94,0
Metal,135.00,3.20,49.02,2.64,0
Metal,185.22,20.00,45.10,3.64,0
Metal,189.23,22.41,45.49,3.59,0
Metal,194.48,24.37,46.67,3.49,3057
Metal,180.00,8.13,48.24,3.08,2849
Metal,165.00,6.40,49.02,3.48,0
Metal,192.63,16.38,45.49,3.08,0
Metal,191.54,22.41,45.49,3.35,0
Metal,192.50,20.17,46.67,4.61,0
Metal,189.47,16.38,45.49,6.09,3055
Metal,184.80,21.74,45.10,5.80,3052
Metal,184.80,21.74,45.10,5.26,3053
Metal,190.91,18.49,46.67,4.71,0
Metal,180.00,13.45,46.67,4.06,0
Metal,183.33,15.25,46.27,3.92,0
Metal,187.20,21.74,45.10,3.67,3055
Metal,190.71,23.73,46.27,3.08,180
Metal,186.32,15.97,46.67,2.92,0
Metal,180.00,12.61,46.67,3.72,0
Metal,186.00,17.24,45.49,4.29,0
Metal,187.20,21.74,45.10,4.59,0
Metal,192.41,24.37,46.67,4.39,0
Metal,186.32,15.97,46.67,4.29,0
Metal,192.63,16.38,45.49,4.36,3524
Metal,186.92,22.41,45.49,3.97,0
Metal,185.00,20.17,46.67,3.65,0
Metal,186.32,15.97,46.67,3.35,0
Metal,187.83,20.00,45.10,3.11,0
Metal,184.80,21.74,45.10,2.97,0
Metal,186.67,22.69,46.67,3.11,0
Metal,186.32,15.97,46.67,3.14,0
Metal,185.71,18.10,45.49,3.60,0
Metal,191.11,23.08,45.88,4.40,0
Metal,188.57,23.53,46.67,3.91,0
Metal,183.33,15.25,46.27,3.30,0
Metal,185.00,20.87,45.10,3.60,0
Metal,184.80,21.74,45.10,4.71,1397
Metal,189.60,21.01,46.67,5.76,0
Metal,188.57,17.65,46.67,5.54,0
Metal,185.22,20.00,45.10,6.30,0
Metal,186.92,22.41,45.49,5.36,0
Metal,190.71,23.73,46.27,5.29,0
Metal,188.57,17.65,46.67,5.91,0
Metal,187.83,19.66,45.88,5.62,0
Metal,186.92,22.41,45.49,6.75,0
Metal,190.71,23.53,46.67,5.60,0
Metal,188.18,18.49,46.67,4.88,2817
Metal,186.00,17.39,45.10,4.42,0
Metal,186.92,22.41,45.49,3.87,0
Metal,190.71,23.73,46.27,3.32,1109
Metal,187.06,14.29,46.67,3.39,1103
Metal,183.75,13.45,46.67,4.34,0
Metal,185.45,19.13,45.10,5.01,0
Metal,189.23,22.41,45.49,4.63,0
Metal,189.23,22.41,45.49,4.70,0
Metal,190.91,18.49,46.67,4.56,0
Metal,186.67,15.25,46.27,4.32,0
Metal,184.80,21.74,45.10,4.24,0
Metal,186.92,22.41,45.49,3.73,3051
Metal,190.91,18.64,46.27,3.36,3057
Metal,186.32,15.97,46.67,2.84,3048
Metal,180.00,14.41,46.27,2.68,3054
Metal,186.92,22.41,45.49,2.85,3055
Metal,186.92,22.41,45.49,3.35,3050
Metal,190.43,19.33,46.67,4.03,3054
Metal,188.00,12.20,48.24,4.03,3054
Metal,174.00,8.26,47.45,3.46,3053
Metal,180.00,14.66,45.49,3.71,3048
Metal,189.23,22.41,45.49,3.13,3055
Metal,182.00,24.39,48.24,3.08,3055
Metal,144.00,3.97,49.41,3.03,3053
Metal,170.00,10.00,47.06,2.95,3046
Metal,186.92,22.41,45.49,3.09,3053
Metal,192.41,24.37,46.67,2.58,3054
Metal,154.29,5.56,49.41,3.00,3052
Metal,128.57,5.43,50.59,3.27,3053
Metal,180.00,14.78,45.10,3.54,3052
Metal,187.20,21.74,45.10,5.04,3055
Metal,192.86,23.73,46.27,4.33,3055
Metal,166.67,7.20,49.02,4.29,3050
Metal,94.29,5.38,50.98,5.34,3052
Metal,164.00,12.50,47.06,4.58,3053
Metal,187.20,21.74,45.10,4.32,3054
Metal,198.00,24.39,48.24,4.07,3048
Metal,128.57,5.43,50.59,3.87,3053
Metal,100.00,4.65,50.59,3.79,3048
Metal,153.33,7.38,47.84,3.79,3055
Metal,184.80,21.74,45.10,3.75,3054
Metal,187.20,21.74,45.10,5.38,3054
Metal,191.43,17.07,48.24,5.33,3053
Metal,111.43,5.38,50.98,4.65,3055
Metal,110.00,4.80,49.02,4.48,3055
Metal,188.89,23.08,45.88,4.97,3054
Metal,190.71,23.73,46.27,4.51,3051
Metal,173.33,7.26,48.63,4.24,3051
Metal,102.86,5.38,50.98,4.68,3054
Metal,130.00,4.69,50.20,4.56,3054
Metal,155.00,10.00,47.06,3.87,3059
Metal,186.92,22.41,45.49,3.72,3054
Metal,195.00,26.23,47.84,4.19,3053
Metal,127.50,6.15,50.98,3.90,3052
Metal,90.00,4.65,50.59,4.26,3055
Metal,190.91,18.97,45.49,3.83,3054
Metal,195.48,25.62,47.45,3.28,3055
Metal,150.00,6.30,49.80,2.94,3055
Metal,90.00,4.65,50.59,2.78,3053
Metal,180.00,15.52,45.49,2.93,3054
Metal,184.80,21.74,45.10,2.77,3051
Metal,195.65,18.70,48.24,2.54,3052
Metal,110.00,4.65,50.59,2.82,3055
Metal,102.86,5.38,50.98,2.71,3051
Metal,162.86,11.76,46.67,2.61,3055
Metal,185.00,21.05,44.71,3.26,3054
Metal,198.00,24.39,48.24,4.05,3054
Metal,120.00,3.91,50.20,5.97,3054
Metal,100.00,4.65,50.59,5.09,3051
Metal,185.71,18.10,45.49,4.17,3051
Metal,182.50,21.05,44.71,3.57,3055
Metal,183.64,26.83,48.24,3.55,3055
Metal,102.86,5.38,50.98,3.57,3053
Metal,120.00,4.07,48.24,3.27,3053
Metal,189.23,22.41,45.49,2.93,3055
Metal,190.91,26.83,48.24,2.68,3053
Metal,102.86,5.38,50.98,3.79,3054
Metal,110.00,4.76,49.41,5.25,3051
Metal,189.23,22.41,45.49,5.24,3055
Metal,196.36,26.83,48.24,4.68,3053
Metal,110.00,4.65,50.59,4.59,3055
Metal,130.00,4.69,50.20,4.54,3055
Metal,162.86,11.67,47.06,3.98,3054
Metal,184.80,21.74,45.10,3.51,3053
Metal,181.94,25.20,48.24,3.92,3054
Metal,102.86,5.38,50.98,3.48,3052
Metal,150.00,9.76,48.24,3.45,3054
Metal,189.23,22.41,45.49,3.61,3054
Metal,184.80,21.74,45.10,3.24,3053
Metal,190.00,14.63,48.24,3.23,3054
Metal,111.43,5.38,50.98,3.38,3054
Metal,140.00,7.20,49.02,3.53,3054
Metal,187.20,21.74,45.10,3.32,3055
Metal,190.71,23.73,46.27,3.24,3054
Metal,160.00,7.14,49.41,3.07,3050
Metal,102.86,5.38,50.98,3.60,3054
Metal,172.50,13.56,46.27,3.14,3055
Metal,186.92,22.41,45.49,2.94,3054
Metal,195.00,22.76,48.24,4.01,3052
Metal,110.00,4.65,50.59,4.14,3055
Metal,94.29,5.38,50.98,3.60,3054
Metal,162.86,11.67,47.06,3.48,3055
Metal,187.20,21.74,45.10,3.78,3054
Metal,186.92,22.41,45.49,3.71,3054
Metal,184.29,11.38,48.24,3.56,3053
Metal,102.86,5.38,50.98,3.30,3054
Metal,155.00,9.84,47.84,3.12,3055
Metal,189.23,22.41,45.49,2.61,3054
Metal,196.00,25.00,47.06,2.64,3053
Metal,145.71,5.51,49.80,2.25,3054
Metal,102.86,5.38,50.98,2.30,3055
Metal,180.00,15.65,45.10,2.30,3055
Metal,182.50,21.05,44.71,2.66,3053
Metal,189.09,26.83,48.24,2.86,3055
Metal,111.43,5.38,50.98,2.73,3054
Metal,94.29,5.38,50.98,2.51,3050
Metal,173.33,15.25,46.27,2.49,3053
Metal,186.92,22.41,45.49,2.72,3055
Metal,194.40,20.33,48.24,3.37,3053
Metal,111.43,5.38,50.98,3.16,3055
Metal,102.86,5.51,49.80,2.90,3052
Metal,186.92,22.41,45.49,2.70,3053
Metal,186.92,22.41,45.49,4.23,3055
Metal,180.00,8.13,48.24,4.38,3053
Metal,111.43,5.38,50.98,4.82,3050
Metal,163.64,9.17,47.06,4.13,3054
Metal,184.80,21.74,45.10,3.91,3054
Metal,195.48,25.62,47.45,3.53,3053
Metal,137.14,5.47,50.20,3.07,3055
Metal,100.00,4.65,50.59,3.34,3053
Metal,185.71,18.26,45.10,4.23,3055
Metal,195.48,25.62,47.45,3.97,3054
Metal,150.00,6.30,49.80,3.70,3055
Metal,127.50,6.15,50.98,3.51,3055
Metal,94.29,5.38,50.98,3.05,3055
Metal,128.57,5.60,49.02,3.17,3055
Metal,186.92,22.41,45.49,3.26,3054
Metal,190.91,26.83,48.24,2.88,3054
Metal,127.50,6.15,50.98,2.67,3054
Metal,120.00,5.56,49.41,4.44,3055
Metal,189.23,22.41,45.49,4.36,3055
Metal,187.20,21.74,45.10,4.48,3052
Metal,199.29,22.76,48.24,5.28,3054
Metal,128.57,5.43,50.59,4.98,3055
Metal,96.00,7.75,50.59,4.42,3054
Metal,187.20,21.55,45.49,4.12,3055
Metal,182.50,21.05,44.71,3.69,3053
Metal,195.48,25.41,47.84,3.75,3053
Metal,128.57,5.43,50.59,3.53,3055
Metal,94.29,5.38,50.98,2.96,3053
Metal,153.33,7.44,47.45,2.73,3053
Metal,182.50,21.05,44.71,3.46,3054
Metal,187.27,26.83,48.24,3.14,3055
Metal,111.43,5.38,50.98,3.07,3055
Metal,172.50,6.45,48.63,2.87,3055
Metal,190.00,15.52,45.49,2.96,3055
Metal,188.89,23.08,45.88,3.07,3055
Metal,162.00,7.94,49.41,3.28,3054
Metal,111.43,5.38,50.98,3.28,3054
Metal,111.43,5.56,49.41,3.51,3051
Metal,184.80,21.74,45.10,4.38,3049
Metal,192.73,26.83,48.24,6.37,3055
Metal,128.57,5.43,50.59,6.20,3053
Metal,111.43,5.38,50.98,5.20,3055
Metal,102.86,5.47,50.20,4.47,3054
Metal,185.00,20.87,45.10,3.95,3054
Metal,186.92,22.41,45.49,3.60,3054
Metal,195.48,25.41,47.84,3.37,3055
Metal,130.00,4.69,50.20,3.07,3055
Metal,110.00,4.65,50.59,3.07,3053
Metal,155.00,9.76,48.24,2.74,3054
Metal,189.23,22.41,45.49,2.91,3052
Metal,191.54,22.41,45.49,2.61,3055
Metal,190.00,14.63,48.24,2.52,3051
Metal,111.43,5.38,50.98,2.45,3055
Metal,135.00,6.45,48.63,2.70,3055
Metal,184.80,21.74,45.10,2.93,3055
Metal,192.41,24.37,46.67,3.44,3053
Metal,162.00,7.94,49.41,3.80,3054
Metal,102.86,5.38,50.98,3.45,3054
Metal,172.94,14.41,46.27,3.33,3055
Metal,187.20,21.74,45.10,3.10,3055
Metal,188.89,23.08,45.88,3.03,3055
Metal,180.00,7.32,48.24,2.64,3056
Metal,94.29,5.38,50.98,2.59,3055
Metal,94.29,5.47,50.20,2.21,3053
Metal,185.45,19.13,45.10,2.19,3055
Metal,187.20,21.74,45.10,1.96,3051
Metal,183.75,26.02,48.24,2.32,3055
Metal,111.43,5.38,50.98,3.47,3052
Metal,146.67,7.32,48.24,3.88,3055
Metal,191.54,22.41,45.49,4.59,3047
Metal,192.41,24.37,46.67,5.14,3055
Metal,154.29,5.56,49.41,4.91,3054
Metal,102.86,5.38,50.98,5.10,3055
Metal,176.47,14.53,45.88,4.35,3052
Metal,185.00,21.05,44.71,3.90,3055
Metal,177.69,20.97,48.63,3.66,3053
Metal,120.00,5.38,50.98,3.53,3054
Metal,102.86,5.38,50.98,4.02,3055
Metal,130.00,4.69,50.20,3.63,3054
Metal,162.86,11.67,47.06,3.16,3055
Metal,187.50,21.05,44.71,4.58,3054
Metal,182.00,24.39,48.24,3.86,3055
Metal,100.00,4.65,50.59,3.41,3055
Metal,156.00,8.20,47.84,2.94,3053
Metal,189.23,22.41,45.49,3.02,3050
Metal,187.20,21.74,45.10,2.57,3054
Metal,194.12,13.82,48.24,2.21,3054
Metal,94.29,5.38,50.98,2.21,3054
Metal,94.29,5.38,50.98,2.11,3055
Metal,128.57,5.60,49.02,2.65,3055
Metal,187.20,21.74,45.10,2.71,3055
Metal,190.71,23.73,46.27,3.53,3055
Metal,166.67,7.20,49.02,2.97,3055
Metal,111.43,5.38,50.98,2.68,3054
Metal,175.71,11.97,45.88,3.14,3055
Metal,186.92,22.41,45.49,3.23,3053
Metal,190.71,23.73,46.27,2.87,3051
Metal,180.00,9.76,48.24,2.95,3055
Metal,111.43,5.38,50.98,2.59,3055
Metal,93.33,6.92,50.98,3.55,3055
Metal,180.00,18.26,45.10,3.02,3053
Metal,186.92,22.41,45.49,3.16,3048
Metal,196.00,25.00,47.06,2.98,3050
Metal,150.00,4.76,49.41,3.00,3052
Metal,102.86,5.38,50.98,3.04,3052
Metal,176.47,14.66,45.49,2.78,3054
Metal,187.20,21.74,45.10,3.52,3054
Metal,190.71,23.73,46.27,3.67,3052
Metal,173.33,7.26,48.63,3.95,3057
Metal,102.86,5.38,50.98,3.61,3054
Metal,162.86,11.67,47.06,3.21,3054
Metal,184.80,21.74,45.10,2.96,3054
Metal,181.94,25.20,48.24,3.39,3054
Metal,102.86,5.38,50.98,3.38,3055
Metal,158.18,9.02,47.84,3.33,3053
Metal,187.20,21.74,45.10,2.96,3053
Metal,184.80,21.74,45.10,2.55,3055
Metal,194.29,17.07,48.24,2.37,3050
Metal,94.29,5.38,50.98,2.59,3053
Metal,110.00,4.80,49.02,2.71,3055
Metal,189.23,22.41,45.49,3.07,3062
Metal,188.89,23.08,45.88,2.67,3052
Metal,175.00,9.68,48.63,3.96,3051
Metal,102.86,5.38,50.98,5.01,3053
Metal,110.00,4.65,50.59,4.38,3055
Metal,158.18,9.17,47.06,3.78,3055
Metal,184.80,21.74,45.10,3.73,3053
Metal,194.48,24.17,47.06,3.28,3054
Metal,140.00,4.72,49.80,3.20,3056
Metal,102.86,5.38,50.98,3.30,3055
Metal,137.14,5.65,48.63,2.92,3055
Metal,187.20,21.74,45.10,3.41,3044
Metal,190.71,23.73,46.27,5.52,3051
Metal,171.43,5.65,48.63,5.62,3052
Metal,102.86,5.38,50.98,5.01,3052
Metal,160.00,12.61,46.67,4.33,3051
Metal,187.20,21.74,45.10,4.21,3055
Metal,195.00,26.23,47.84,3.77,3055
Metal,130.00,4.69,50.20,3.26,3050
Metal,111.43,5.38,50.98,3.35,3053
Metal,110.00,4.65,50.59,4.22,3055
Metal,180.00,17.39,45.10,3.80,3055
Metal,185.00,21.05,44.71,3.85,3054
Metal,194.48,24.37,46.67,3.65,3054
Metal,160.00,4.80,49.02,3.39,3055
Metal,90.00,4.65,50.59,2.91,3052
Metal,176.25,13.79,45.49,2.75,3053
Metal,186.92,22.41,45.49,3.08,3050
Metal,198.46,21.14,48.24,2.90,3055
Metal,120.00,4.65,50.59,2.63,3054
Metal,100.00,4.72,49.80,2.85,3052
Metal,189.23,22.22,45.88,3.38,3055
Metal,186.92,22.41,45.49,3.51,3052
Metal,180.00,11.38,48.24,3.03,3055
Metal,102.86,5.38,50.98,2.98,3054
Metal,153.33,7.38,47.84,3.11,3054
Metal,184.80,21.74,45.10,2.67,3055
Metal,194.00,25.00,47.06,2.25,3055
Metal,154.29,5.56,49.41,2.37,3050
Metal,102.86,5.38,50.98,2.70,3055
Metal,120.00,4.80,49.02,2.88,3054
Metal,186.92,22.41,45.49,2.60,3054
Metal,192.86,23.73,46.27,3.33,3055
Metal,170.00,9.60,49.02,3.43,3055
Metal,94.29,5.38,50.98,3.21,3055
Metal,170.77,10.92,46.67,2.97,3054
Metal,186.92,22.41,45.49,4.22,3055
Metal,187.20,21.74,45.10,3.78,3054
Metal,189.23,10.57,48.24,3.79,3055
Metal,94.29,5.38,50.98,3.33,3055
Metal,144.00,8.20,47.84,3.57,3054
Metal,187.20,21.74,45.10,3.27,3055
Metal,195.48,25.62,47.45,3.04,3054
Metal,145.71,5.51,49.80,2.62,3054
Metal,85.71,5.43,50.59,2.25,3052
Metal,180.00,14.78,45.10,2.72,3055
Metal,184.80,21.74,45.10,2.55,3055
Metal,190.91,26.83,48.24,2.67,3053
Metal,111.43,5.38,50.98,2.26,3054
Metal,126.67,7.09,49.80,3.20,3055
Metal,186.92,22.41,45.49,3.56,3052
Metal,194.48,24.37,46.67,3.28,3052
Metal,172.50,6.45,48.63,3.65,3055
Metal,102.86,5.38,50.98,3.21,3052
Metal,160.00,12.61,46.67,2.85,3055
Metal,189.23,22.41,45.49,3.00,3053
Metal,178.00,24.19,48.63,2.95,3054
Metal,102.86,5.38,50.98,2.83,3052
Metal,110.00,4.69,50.20,2.57,3053
Metal,182.73,19.13,45.10,2.77,3052
Metal,184.80,21.74,45.10,2.39,3055
Metal,187.50,13.01,48.24,2.36,3053
Metal,110.00,4.65,50.59,4.45,3052
Metal,146.67,7.32,48.24,4.05,3055
Metal,186.92,22.41,45.49,3.61,3055
Metal,196.00,25.00,47.06,3.18,3054
Metal,162.86,5.60,49.02,3.48,3055
Metal,102.86,5.38,50.98,3.88,3053
Metal,130.00,4.84,48.63,3.59,3053
Metal,186.92,22.41,45.49,3.72,3054
Metal,194.48,24.37,46.67,3.36,3055
Metal,174.00,8.06,48.63,5.14,3053
Metal,102.86,5.38,50.98,5.21,3054
Metal,167.14,11.76,46.67,4.44,3055
Metal,184.80,21.74,45.10,4.89,3054
Metal,190.71,23.73,46.27,4.36,3055
Metal,180.00,11.38,48.24,4.65,3053
Metal,110.00,4.65,50.59,4.13,3055
Metal,97.50,6.15,50.98,3.85,3053
Metal,185.45,18.97,45.49,4.53,3053
Metal,186.92,22.41,45.49,4.05,3054
Metal,187.06,13.82,48.24,4.06,3055
Metal,111.43,5.38,50.98,3.84,3055
Metal,102.86,5.38,50.98,3.36,3052
Metal,176.47,14.78,45.10,2.96,3055
Metal,189.23,22.41,45.49,3.63,3055
Metal,194.48,24.37,46.67,3.36,3055
Metal,171.43,5.65,48.63,3.02,3055
Metal,102.86,5.38,50.98,2.67,3055
Metal,172.50,13.68,45.88,2.79,3054
Metal,184.62,22.61,45.10,2.66,3054
Metal,193.85,21.31,47.84,2.88,3051
Metal,111.43,5.38,50.98,2.70,3053
Metal,128.57,5.43,50.59,2.81,3055
Metal,170.77,11.02,46.27,2.48,3053
Metal,186.92,22.41,45.49,3.56,3055
Metal,180.00,22.76,48.24,3.34,3054
Metal,100.00,4.65,50.59,3.37,3054
Metal,165.00,10.00,47.06,3.99,3054
Metal,191.11,23.08,45.88,3.40,3054
Metal,183.87,25.20,48.24,2.91,3055
Metal,90.00,4.65,50.59,3.75,3055
Metal,150.00,8.26,47.45,3.66,3052
Metal,40.00,38.61,39.61,1.17,0
Metal,43.90,42.27,38.04,1.85,0
Metal,53.14,35.35,38.82,2.52,0
Metal,33.70,54.48,52.55,3.03,0
Metal,43.90,42.27,38.04,3.23,0
Metal,37.20,43.86,44.71,3.48,0
Metal,33.24,54.81,52.94,3.74,0
Metal,42.86,42.86,38.43,3.82,0
Metal,42.16,37.76,38.43,4.05,0
Metal,32.24,50.38,52.16,3.92,0
Metal,40.00,47.66,41.96,4.05,3047
Metal,43.90,42.27,38.04,4.17,3054
Metal,34.58,47.58,48.63,3.92,3059
Metal,33.80,54.62,50.98,3.95,3046
Metal,42.86,42.86,38.43,3.82,3048
Metal,34.29,46.28,47.45,3.85,402
Metal,33.33,54.55,51.76,3.60,3054
Metal,41.43,42.42,38.82,3.75,3041
Metal,41.05,38.00,39.22,3.49,3048
Metal,32.17,51.49,52.55,3.04,3055
Metal,42.27,44.00,39.22,2.97,3054
Metal,42.44,41.84,38.43,2.83,3482
Metal,33.87,48.44,50.20,2.61,2176
Metal,36.00,53.28,47.84,2.78,3055
Metal,42.86,42.86,38.43,2.71,3049
Metal,37.33,40.91,43.14,3.16,3055
Metal,32.88,54.07,52.94,3.17,168
Metal,43.90,42.27,38.04,2.80,0
Metal,40.50,40.40,38.82,3.22,0
Metal,31.76,50.75,52.55,4.02,0
Metal,37.50,50.00,43.92,4.40,0
Metal,43.90,42.27,38.04,4.52,0
Metal,35.36,46.28,47.45,4.08,193
Metal,33.33,54.55,51.76,5.60,3055
Metal,43.90,42.27,38.04,4.74,0
Metal,42.16,37.00,39.22,4.16,0
Metal,31.71,51.85,52.94,3.66,0
Metal,41.33,44.55,39.61,3.25,0
Metal,42.44,41.84,38.43,3.23,0
Metal,32.81,49.23,50.98,3.63,0
Metal,36.00,53.28,47.84,4.44,2361
Metal,42.44,41.84,38.43,4.44,2466
Metal,33.44,48.03,49.80,4.10,0
Metal,34.93,53.60,49.02,4.49,0
Metal,43.90,42.27,38.04,3.69,0
Metal,37.83,41.82,43.14,3.46,0
Metal,32.50,53.33,52.94,3.80,0
Metal,42.86,42.86,38.43,3.59,0
Metal,42.63,39.18,38.04,4.15,0
Metal,32.73,50.00,51.76,4.70,0
Metal,37.89,50.44,44.31,4.16,0
Metal,43.90,42.27,38.04,3.90,0
Metal,36.00,46.22,46.67,3.43,0
Metal,33.80,53.79,51.76,3.11,0
Metal,43.90,42.27,38.04,2.66,0
Metal,43.78,37.76,38.43,2.60,0
Metal,32.24,50.38,52.16,2.94,3215
Metal,40.85,45.63,40.39,3.01,2860
Metal,43.33,37.11,38.04,3.64,0
Metal,32.24,50.38,52.16,4.89,2693
Metal,38.82,47.66,41.96,4.31,3513
Metal,43.90,42.27,38.04,4.18,0
Metal,33.00,48.00,49.02,3.86,0
Metal,33.91,53.91,50.20,3.44,0
Metal,43.90,42.27,38.04,3.17,0
Metal,40.98,39.42,40.78,3.70,0
Metal,32.11,52.59,52.94,4.30,0
Metal,42.86,42.86,38.43,3.62,0
Metal,46.29,36.08,38.04,4.17,0
Metal,31.71,51.85,52.94,4.23,0
Metal,43.26,43.43,38.82,3.82,0
Metal,44.57,36.08,38.04,4.00,0
Metal,31.71,51.85,52.94,3.67,0
Metal,41.33,44.55,39.61,3.49,0
Metal,42.44,41.84,38.43,3.21,0
Metal,32.90,48.44,50.20,3.19,0
Metal,34.55,53.23,48.63,3.62,0
Metal,42.86,42.86,38.43,5.15,0
Metal,37.83,41.82,43.14,4.57,0
Metal,32.88,54.07,52.94,4.34,0
Metal,44.29,43.30,38.04,3.82,0
Metal,41.54,39.80,38.43,3.40,0
Metal,31.82,50.00,51.76,3.11,0
Metal,37.89,50.44,44.31,2.73,0
Metal,42.86,42.86,38.43,3.73,0
Metal,36.23,44.92,46.27,3.68,0
Metal,32.43,55.22,52.55,3.76,3567
Metal,43.90,42.27,38.04,3.48,0
Metal,42.86,35.71,38.43,4.13,2382
Metal,32.65,51.13,52.16,6.46,3055
Metal,39.57,45.63,40.39,6.60,3076
Metal,43.50,41.24,38.04,6.22,3062
Metal,33.44,48.03,49.80,5.78,3057
Metal,35.82,54.03,48.63,5.07,3514
Metal,43.90,42.27,38.04,4.27,3030
Metal,38.67,41.67,42.35,4.71,3040
Metal,33.43,52.63,52.16,4.19,3056
Metal,43.90,42.27,38.04,3.63,0
Metal,39.07,40.19,41.96,3.49,3538
Metal,32.05,53.68,53.33,3.41,3495
Metal,42.86,42.86,38.43,3.19,512
Metal,40.00,39.80,38.43,3.62,3535
Metal,32.24,50.38,52.16,3.63,2028
Metal,37.63,51.30,45.10,3.09,2415
Metal,42.00,40.82,38.43,2.69,3561
Metal,32.31,49.62,51.37,2.47,3072
Metal,36.61,50.86,45.49,2.28,2080
Metal,43.90,42.27,38.04,2.69,2720
Metal,35.09,44.92,46.27,2.64,2206
Metal,32.43,54.81,52.94,3.31,2658
Metal,42.86,42.86,38.43,4.07,2735
Metal,54.55,33.67,38.43,3.79,2222
Metal,33.24,54.81,52.94,4.00,2570
Metal,44.29,42.86,38.43,3.38,2901
Metal,37.50,42.86,43.92,3.13,3075
Metal,33.33,53.73,52.55,3.19,3072
Metal,43.90,42.27,38.04,3.50,3511
Metal,44.21,39.18,38.04,3.10,3072
Metal,31.30,51.11,52.94,2.77,2595
Metal,39.23,48.15,42.35,2.83,3072
Metal,43.90,42.27,38.04,3.13,0
Metal,33.10,46.77,48.63,2.90,2927
Metal,34.65,54.62,50.98,2.63,3372
Metal,43.90,42.27,38.04,3.30,3075
Metal,42.00,39.22,40.00,3.23,3061
Metal,32.11,52.59,52.94,3.02,3064
Metal,42.86,42.86,38.43,3.89,3072
Metal,42.86,42.86,38.43,4.71,3061
Metal,32.81,49.23,50.98,4.27,3064
Metal,37.00,51.28,45.88,4.07,3072
Metal,43.90,42.27,38.04,4.64,3059
Metal,35.29,43.97,45.49,5.59,3061
Metal,33.24,54.81,52.94,8.78,3072
Metal,43.90,42.27,38.04,7.52,3064
Metal,52.94,34.69,38.43,6.52,3072
Metal,32.43,54.41,53.33,5.63,3060
Metal,43.90,42.27,38.04,5.32,3072
Metal,41.67,37.11,38.04,5.96,3062
Metal,31.30,51.11,52.94,5.91,3062
Metal,38.49,48.62,42.75,5.98,3072
Metal,41.05,38.78,38.43,6.34,3064
Metal,31.30,51.11,52.94,7.75,3073
Metal,38.89,49.09,43.14,6.43,3060
Metal,43.90,42.27,38.04,5.90,3072
Metal,35.36,46.28,47.45,6.88,3072
Metal,33.33,54.55,51.76,5.87,3072
Metal,42.86,42.86,38.43,4.88,3072
Metal,42.63,38.00,39.22,4.26,3064
Metal,32.57,52.24,52.55,5.05,3072
Metal,41.33,44.55,39.61,4.76,3072
Metal,42.00,41.24,38.04,5.24,3072
Metal,31.87,49.23,50.98,4.57,3073
Metal,35.24,52.07,47.45,4.23,3072
Metal,43.90,42.27,38.04,4.77,3064
Metal,36.00,43.86,44.71,4.30,3060
Metal,33.33,53.73,52.55,3.78,3062
Metal,42.86,42.86,38.43,3.86,3061
Metal,42.63,39.18,38.04,3.29,3065
Metal,32.24,50.38,52.16,4.75,3064
Metal,39.23,48.15,42.35,3.96,3072
Metal,42.63,39.18,38.04,4.65,3072
Metal,33.13,50.76,51.76,4.81,3072
Metal,38.57,50.00,43.92,4.88,3072
Metal,43.90,42.27,38.04,4.25,3064
Metal,35.36,46.28,47.45,5.80,3062
Metal,33.33,54.55,51.76,5.08,3062
Metal,42.86,42.86,38.43,4.26,3072
Metal,53.33,36.00,39.22,4.84,3072
Metal,32.88,54.48,52.55,5.21,3064
Metal,42.86,42.86,38.43,5.92,3065
Metal,53.14,35.35,38.82,5.14,3065
Metal,33.24,54.81,52.94,4.28,3072
Metal,43.90,42.27,38.04,3.83,3062
Metal,52.94,34.69,38.43,3.46,3072
Metal,32.88,54.07,52.94,3.11,3072
Metal,43.90,42.27,38.04,3.07,3072
Metal,51.43,35.71,38.43,3.09,3072
Metal,32.11,52.59,52.94,2.79,3061
Metal,43.90,42.27,38.04,2.53,3064
Metal,42.16,38.14,38.04,2.69,3072
Metal,33.13,50.76,51.76,2.86,3072
Metal,39.27,49.55,43.53,3.46,3062
Metal,46.15,40.21,38.04,3.40,3061
Metal,32.73,50.00,51.76,4.16,3064
Metal,37.63,51.30,45.10,7.53,3072
Metal,43.90,42.27,38.04,6.96,3060
Metal,35.77,44.44,45.88,6.35,3072
Metal,32.88,54.48,52.55,5.79,3072
Metal,45.37,42.27,38.04,5.63,3072
Metal,35.77,44.83,45.49,7.45,3072
Metal,33.80,53.38,52.16,11.74,3061
Metal,43.90,42.27,38.04,11.34,3072
Metal,42.16,37.76,38.43,9.63,3072
Metal,32.24,50.38,52.16,7.99,3072
Metal,39.18,46.67,41.18,6.99,3065
Metal,41.05,38.78,38.43,6.43,3062
Metal,32.24,50.38,52.16,5.67,3062
Metal,38.49,48.62,42.75,5.69,3062
Metal,42.86,42.86,38.43,5.24,3072
Metal,33.68,46.72,47.84,4.60,3064
Metal,34.29,54.26,50.59,4.23,3065
Metal,43.90,42.27,38.04,4.00,3060
Metal,38.05,39.81,40.39,4.75,3072
Metal,32.11,52.59,52.94,6.97,3072
Metal,43.26,43.43,38.82,6.62,3072
Metal,44.57,36.08,38.04,7.01,3072
Metal,32.24,50.38,52.16,6.03,3072
Metal,41.33,44.55,39.61,5.62,3062
Metal,45.00,37.11,38.04,6.17,3064
Metal,32.65,51.13,52.16,6.49,3072
Metal,40.00,46.15,40.78,6.89,3062
Metal,43.90,42.27,38.04,5.75,3064
Metal,34.00,48.00,49.02,5.37,3059
Metal,34.78,54.33,49.80,5.90,3064
Metal,42.86,42.86,38.43,5.73,3072
Metal,41.43,40.38,40.78,6.10,3061
Metal,32.11,52.59,52.94,6.07,3072
Metal,41.86,43.43,38.82,6.82,3072
Metal,46.29,36.08,38.04,6.39,3064
Metal,32.57,52.24,52.55,7.27,3062
Metal,43.26,43.43,38.82,6.34,3072
Metal,43.08,40.21,38.04,6.37,3060
Metal,32.31,49.62,51.37,5.53,3072
Metal,35.41,51.69,46.27,5.15,3072
Metal,42.44,42.27,38.04,5.46,3062
Metal,34.62,44.83,45.49,4.89,3072
Metal,33.24,54.81,52.94,5.39,3072
Metal,43.90,42.27,38.04,5.81,3072
Metal,52.94,34.69,38.43,4.88,3064
Metal,32.88,54.07,52.94,4.46,3072
Metal,43.90,42.27,38.04,3.91,3064
Metal,52.94,35.05,38.04,3.51,3072
Metal,32.50,53.33,52.94,5.76,3062
Metal,43.90,42.27,38.04,7.33,3062
Metal,52.73,34.02,38.04,6.52,3064
Metal,32.88,54.07,52.94,5.50,3072
Metal,44.29,42.86,38.43,6.55,3074
Metal,42.63,39.18,38.04,5.42,3061
Metal,32.24,50.38,52.16,4.78,3062
Metal,38.18,49.55,43.53,5.07,3060
Metal,43.90,42.27,38.04,6.31,3061
Metal,33.82,45.45,47.45,5.80,3072
Metal,33.80,54.62,50.98,5.91,3058
Metal,43.90,42.27,38.04,6.08,3061
Metal,53.33,36.00,39.22,6.91,3064
Metal,33.70,54.89,52.16,7.10,3057
Metal,43.90,42.27,38.04,6.09,3061
Metal,43.78,37.76,38.43,5.71,3072
Metal,32.65,51.13,52.16,4.94,3064
Metal,42.67,44.55,39.61,6.51,3060
Metal,43.90,42.27,38.04,6.06,3063
Metal,33.87,48.82,49.80,5.20,3072
Metal,34.55,53.23,48.63,5.40,3072
Metal,43.90,42.27,38.04,5.21,3072
Metal,33.10,46.77,48.63,8.55,3058
Metal,33.91,53.91,50.20,7.54,3072
Metal,42.44,42.27,38.04,7.25,3064
Metal,42.86,40.38,40.78,9.09,3072
Metal,32.96,52.99,52.55,9.65,3072
Metal,42.86,42.86,38.43,8.07,3062
Metal,42.44,41.84,38.43,6.48,3062
Metal,32.73,50.00,51.76,6.98,3062
Metal,38.00,51.72,45.49,6.63,3062
Metal,42.86,42.86,38.43,6.85,3057
Metal,35.09,44.92,46.27,6.24,3061
Metal,34.17,54.14,52.16,7.11,3065
Metal,43.90,42.27,38.04,7.85,3072
Metal,36.47,44.35,45.10,8.17,3062
Metal,33.80,53.38,52.16,7.72,3063
Metal,43.90,42.27,38.04,7.26,3062
Metal,43.33,37.11,38.04,6.38,3072
Metal,32.24,50.38,52.16,6.10,3061
Metal,39.60,47.17,41.57,6.19,3064
Metal,42.86,42.86,38.43,6.26,3072
Metal,34.00,48.00,49.02,6.04,3061
Metal,35.45,52.80,49.02,6.15,3072
Metal,43.90,42.27,38.04,6.08,3062
Metal,39.07,40.57,41.57,9.63,3057
Metal,33.43,52.63,52.16,8.85,3072
Metal,42.86,42.86,38.43,7.98,3064
Metal,40.50,40.82,38.43,7.64,3064
Metal,34.03,51.15,51.37,6.40,3072
Metal,37.00,51.72,45.49,5.79,3064
Metal,43.90,42.27,38.04,5.60,3064
Metal,34.62,44.44,45.88,5.20,3061
Metal,32.80,55.56,52.94,4.95,3072
Metal,42.86,42.86,38.43,4.36,3060
Metal,54.71,34.69,38.43,4.89,3060
Metal,32.88,54.07,52.94,5.72,3072
Metal,43.90,42.27,38.04,5.85,3064
Metal,43.33,37.11,38.04,5.54,3061
Metal,32.24,50.38,52.16,4.99,3061
Metal,40.00,48.11,41.57,5.09,3072
Metal,44.29,42.86,38.43,5.43,3064
Metal,33.56,47.20,49.02,5.65,3062
Metal,33.43,54.26,50.59,7.16,3061
Metal,43.90,42.27,38.04,5.93,3062
Metal,41.54,38.24,40.00,5.08,3060
Metal,33.04,51.88,52.16,6.03,3060
Metal,42.86,42.86,38.43,6.24,3072
Metal,46.29,36.08,38.04,5.62,3062
Metal,32.11,52.59,52.94,4.86,3062
Metal,43.26,43.43,38.82,5.72,3060
Metal,44.57,36.08,38.04,5.04,3065
Metal,32.17,51.49,52.55,4.75,3072
Metal,40.43,45.10,40.00,4.97,3060
Metal,43.90,42.27,38.04,5.95,3062
Metal,33.44,48.03,49.80,5.30,3064
Metal,35.63,52.46,47.84,5.31,3072
Metal,43.90,42.27,38.04,6.13,3060
Metal,39.13,42.20,42.75,7.96,3072
Metal,32.50,53.33,52.94,6.91,3062
Metal,45.71,42.86,38.43,6.16,3060
Metal,41.54,39.80,38.43,5.67,3057
Metal,33.23,49.62,51.37,5.55,3072
Metal,37.00,51.72,45.49,4.70,3072
Metal,43.90,42.27,38.04,3.98,3072
Metal,35.09,44.92,46.27,3.52,3072
Metal,32.43,54.81,52.94,3.09,3062
Metal,45.37,42.27,38.04,2.70,3072
Metal,37.20,43.86,44.71,2.32,3062
Metal,32.88,54.07,52.94,3.93,3060
Metal,42.44,42.27,38.04,5.06,3062
Metal,41.54,39.80,38.43,4.51,3072
Metal,31.30,51.11,52.94,4.09,3064
Metal,38.89,49.09,43.14,3.65,3072
Metal,41.54,39.80,38.43,3.80,3062
Metal,33.23,49.62,51.37,3.42,3060
Metal,37.24,50.88,44.71,2.99,3072
Metal,43.90,42.27,38.04,3.06,3064
Metal,34.62,44.44,45.88,3.38,3072
Metal,33.33,54.14,52.16,3.65,3061
Metal,40.98,42.27,38.04,3.43,3062
Metal,41.67,36.73,38.43,2.97,3060
Metal,31.71,51.85,52.94,3.70,3064
Metal,40.00,46.15,40.78,3.77,3061
Metal,43.78,38.14,38.04,3.70,3056
Metal,32.65,51.13,52.16,3.93,3063
Metal,39.23,48.15,42.35,3.41,3060
Metal,43.90,42.27,38.04,2.96,3062
Metal,34.14,46.77,48.63,3.40,3072
Metal,34.29,54.26,50.59,5.40,3062
Metal,43.90,42.27,38.04,5.64,3061
Metal,40.50,38.83,40.39,5.94,3060
Metal,33.04,51.88,52.16,5.59,3065
Metal,43.26,43.43,38.82,5.14,3060
Metal,43.50,41.24,38.04,4.80,3064
Metal,31.38,49.62,51.37,5.27,3064
Metal,35.81,52.10,46.67,4.36,3072
Metal,43.90,42.27,38.04,4.06,3060
Metal,35.29,43.97,45.49,4.04,3062
Metal,33.33,53.73,52.55,3.72,3060
Metal,42.44,42.27,38.04,3.56,3072
Metal,42.16,37.76,38.43,3.51,3061
Metal,32.17,51.49,52.55,5.96,3072
Metal,40.41,46.67,41.18,4.94,3058
Metal,42.16,38.14,38.04,4.81,3064
Metal,32.24,50.38,52.16,6.43,3061
Metal,39.23,48.15,42.35,6.61,3062
Metal,42.86,42.86,38.43,5.65,3062
Metal,33.56,47.58,48.63,5.07,3061
Metal,33.43,53.85,50.98,4.54,3072
Metal,43.90,42.27,38.04,4.23,3062
Metal,40.50,39.22,40.00,4.17,3072
Metal,32.11,52.59,52.94,3.58,3061
Metal,44.29,42.86,38.43,4.90,3072
Metal,43.50,41.24,38.04,4.91,3063
Metal,32.31,49.62,51.37,4.51,3064
Metal,36.39,51.69,46.27,8.28,3061
Metal,43.90,42.27,38.04,9.42,3072
Metal,36.47,44.35,45.10,8.22,3080
Metal,33.80,53.38,52.16,7.95,3064
Metal,43.90,42.27,38.04,7.42,3062
Metal,43.78,38.14,38.04,6.68,3072
Metal,32.24,50.38,52.16,5.91,3072
Metal,38.08,48.15,42.35,5.89,3072
Metal,43.90,42.27,38.04,4.95,3060
Metal,33.56,47.58,48.63,5.54,3057
Metal,34.78,53.91,50.20,5.08,3056
Metal,42.86,42.86,38.43,5.70,3062
Metal,42.63,38.00,39.22,6.83,3064
Metal,32.65,51.13,52.16,10.79,3072
Metal,43.26,43.43,38.82,10.45,3063
Metal,42.86,36.08,38.04,9.16,3060
Metal,32.17,51.49,52.55,7.91,3064
Metal,40.43,45.10,40.00,6.88,3062
Metal,43.90,42.27,38.04,5.75,3063
Metal,32.81,49.61,50.59,5.35,3058
Metal,34.55,53.23,48.63,4.77,3062
Metal,43.90,42.27,38.04,7.04,3060
Metal,37.33,41.28,42.75,8.41,3060
Metal,32.96,52.99,52.55,7.52,3063
Metal,43.90,42.27,38.04,6.25,3057
Metal,42.63,39.18,38.04,6.18,3062
Metal,32.73,50.00,51.76,5.92,3072
Metal,38.57,50.00,43.92,7.47,3072
Metal,45.37,42.27,38.04,6.46,3072
Metal,35.79,47.11,47.45,8.43,3060
Metal,33.33,54.55,51.76,7.23,3064
Metal,43.90,42.27,38.04,7.03,3062
Metal,39.47,38.38,38.82,7.37,3072
Metal,32.11,52.59,52.94,7.04,3062
Metal,42.67,44.55,39.61,9.51,3060
Metal,45.00,37.11,38.04,8.66,3060
Metal,32.24,50.38,52.16,7.98,3064
Metal,40.85,45.63,40.39,7.32,3072
Metal,43.90,42.27,38.04,6.14,3059
Metal,33.00,47.62,49.41,5.27,3064
Metal,34.03,53.17,49.41,4.94,3061
Metal,42.86,42.86,38.43,5.37,3064
Metal,40.91,41.51,41.57,5.88,3072
Metal,33.80,53.38,52.16,4.96,3056
Metal,43.90,42.27,38.04,7.51,3061
Metal,43.08,38.61,39.61,6.18,3061
Metal,33.04,51.88,52.16,5.41,3072
Metal,42.27,44.00,39.22,4.87,3062
Metal,43.50,41.24,38.04,4.63,3060
Metal,33.23,50.00,50.98,4.46,3072
Metal,35.24,52.07,47.45,4.03,3060
Metal,43.90,42.27,38.04,3.96,3064
Metal,36.25,42.86,43.92,4.22,3062
Metal,32.50,53.33,52.94,3.79,3057
Metal,43.90,42.27,38.04,3.52,3072
Metal,51.18,35.05,38.04,3.46,3063
Metal,32.50,53.33,52.94,3.92,3072
Metal,42.86,42.86,38.43,3.83,3062
Metal,43.08,40.21,38.04,4.95,3062
Metal,31.82,50.00,51.76,5.41,3064
Metal,36.61,50.86,45.49,5.00,3072
Metal,42.86,42.86,38.43,5.47,3072
Metal,33.96,44.92,46.27,5.34,3072
Metal,31.67,53.33,52.94,4.91,3061
Metal,43.90,42.27,38.04,4.36,3058
Metal,38.92,37.76,38.43,4.41,3061
Metal,32.24,50.38,52.16,6.15,3061
Metal,39.60,47.17,41.57,9.57,3062
Metal,43.90,42.27,38.04,8.56,3058
Metal,33.56,47.58,48.63,8.01,3061
Metal,34.65,54.62,50.98,7.94,3060
Metal,43.90,42.27,38.04,7.95,3062
Metal,43.08,38.61,39.61,7.93,3062
Metal,32.17,51.49,52.55,6.77,3064
Metal,42.27,44.00,39.22,5.73,3072
Metal,43.50,41.24,38.04,5.88,3062
Metal,32.90,48.44,50.20,5.59,3072
Metal,35.63,52.46,47.84,4.98,3064
Metal,43.90,42.27,38.04,4.52,3060
Metal,40.00,41.67,42.35,4.21,3062
Metal,32.88,54.07,52.94,4.05,3061
Metal,44.29,42.86,38.43,4.86,3072
Metal,43.08,40.21,38.04,3.95,3061
Metal,31.82,50.00,51.76,4.21,3072
Metal,37.24,50.00,45.49,4.14,3064
Metal,43.90,42.27,38.04,4.03,3062
Metal,34.62,44.44,45.88,3.87,3060
Metal,33.24,54.81,52.94,5.94,3072
Metal,43.90,42.27,38.04,7.66,3062
Metal,42.63,38.78,38.43,7.31,3060
Metal,31.76,50.75,52.55,6.16,3064
Metal,39.23,48.15,42.35,5.32,3058
Metal,43.90,42.27,38.04,4.49,3061
Metal,34.74,46.72,47.84,4.27,3060
Metal,32.88,54.89,52.16,5.68,3060
Metal,43.90,42.27,38.04,4.92,3072
Metal,42.16,37.37,38.82,4.70,3072
Metal,31.71,51.85,52.94,4.18,3062
Metal,40.43,45.10,40.00,3.84,3062
Metal,42.86,42.86,38.43,3.85,3072
Metal,33.44,48.03,49.80,4.14,3055
Metal,34.41,53.54,49.80,3.86,3061
Metal,43.90,42.27,38.04,3.68,3061
Metal,40.00,40.00,41.18,5.04,3063
Metal,31.67,52.94,53.33,5.40,3060
Metal,41.86,43.43,38.82,4.88,3072
Metal,42.00,40.82,38.43,4.34,3064
Metal,32.81,49.23,50.98,4.13,3061
Metal,35.81,51.67,47.06,4.01,3060
Metal,45.00,41.24,38.04,5.31,3072
Metal,32.90,48.44,50.20,7.61,3064
Metal,34.55,52.80,49.02,8.89,3061
Metal,43.90,42.27,38.04,8.32,3063
Metal,40.00,41.67,42.35,7.03,3061
Metal,32.11,52.59,52.94,6.09,3061
Metal,41.86,43.43,38.82,5.16,3061
Metal,43.08,40.21,38.04,5.92,3060
Metal,32.73,50.00,51.76,5.23,3072
Metal,36.77,52.54,46.27,4.86,3061
Metal,43.50,41.24,38.04,5.53,3060
Metal,32.38,48.84,50.59,5.39,3060
Metal,34.55,53.23,48.63,6.38,3072
Metal,43.90,42.27,38.04,6.16,3062
Metal,39.13,42.20,42.75,5.88,3058
Metal,32.50,53.33,52.94,5.93,3061
Metal,42.86,42.86,38.43,6.05,3064
Metal,42.00,39.22,40.00,7.20,3060
Metal,32.57,52.24,52.55,7.39,3060
Metal,43.26,43.43,38.82,6.41,3059
Metal,43.50,41.24,38.04,6.31,3061
Metal,32.31,50.00,50.98,7.27,3072
Metal,35.63,52.46,47.84,6.07,3072
Metal,163.78,16.52,87.84,3.05,0
Metal,172.50,18.26,85.88,3.44,0
Metal,178.54,19.07,84.31,3.72,0
Metal,178.54,19.07,84.31,3.88,0
Metal,180.00,18.69,83.92,3.98,0
Metal,180.00,18.69,83.92,4.02,0
Metal,171.82,20.00,86.27,4.16,0
Metal,152.57,15.22,90.20,4.20,0
Metal,150.00,10.39,90.59,3.74,0
Metal,147.50,10.39,90.59,3.77,0
Metal,152.50,10.39,90.59,3.45,0
Metal,154.29,15.15,90.59,4.12,0
Metal,164.62,17.41,87.84,4.57,0
Metal,169.79,21.17,87.06,4.01,0
Metal,169.57,20.72,87.06,3.58,0
Metal,169.57,20.72,87.06,3.95,0
Metal,169.57,20.72,87.06,3.36,0
Metal,169.09,19.82,87.06,3.29,0
Metal,161.67,15.58,90.59,2.71,0
Metal,160.80,10.78,90.98,2.67,0
Metal,154.00,12.66,92.94,2.59,0
Metal,155.17,12.29,92.55,2.35,0
Metal,165.52,12.55,90.59,2.40,0
Metal,163.78,16.52,87.84,2.29,0
Metal,171.06,21.27,86.67,4.00,0
Metal,170.00,21.62,87.06,3.89,0
Metal,170.00,21.62,87.06,3.70,3058
Metal,169.79,21.17,87.06,3.16,0
Metal,169.79,21.17,87.06,2.74,3059
Metal,158.92,16.30,89.02,2.75,2895
Metal,153.75,13.68,91.76,2.52,0
Metal,155.17,12.29,92.55,2.99,0
Metal,152.90,13.03,93.33,2.94,3451
Metal,155.56,11.54,91.76,2.85,0
Metal,157.30,16.16,89.80,2.79,0
Metal,169.33,20.27,87.06,2.54,0
Metal,169.57,20.72,87.06,2.32,0
Metal,169.79,21.17,87.06,2.48,0
Metal,170.00,21.62,87.06,2.62,0
Metal,170.00,21.62,87.06,2.49,0
Metal,161.43,18.50,89.02,2.28,0
Metal,159.37,13.85,90.59,1.99,0
Metal,156.43,11.91,92.16,1.89,0
Metal,154.00,12.66,92.94,1.90,0
Metal,155.56,11.54,91.76,1.86,0
Metal,162.16,16.09,90.20,1.69,0
Metal,168.84,19.37,87.06,1.96,3057
Metal,170.67,20.36,86.67,1.83,0
Metal,169.57,20.72,87.06,2.00,0
Metal,169.79,21.17,87.06,4.89,0
Metal,169.57,20.72,87.06,4.08,3057
Metal,162.86,18.58,88.63,3.84,0
Metal,154.00,12.99,90.59,3.51,0
Metal,154.00,12.66,92.94,3.22,0
Metal,154.00,12.66,92.94,2.74,0
Metal,154.00,12.66,92.94,2.52,0
Metal,161.25,13.97,89.80,2.33,3059
Metal,169.09,19.82,87.06,2.76,3059
Metal,169.79,21.17,87.06,2.41,3061
Metal,170.00,21.62,87.06,2.07,3056
Metal,169.57,20.72,87.06,1.78,3061
Metal,169.79,21.17,87.06,1.79,3056
Metal,167.69,17.57,87.06,1.70,3055
Metal,158.18,14.29,90.59,1.63,3074
Metal,156.43,11.91,92.16,1.62,3056
Metal,150.91,13.75,94.12,2.20,3058
Metal,150.91,13.75,94.12,1.95,3060
Metal,159.37,13.91,90.20,1.95,3058
Metal,168.29,18.47,87.06,1.98,3058
Metal,171.06,21.27,86.67,3.63,3058
Metal,170.00,21.62,87.06,3.77,3060
Metal,170.00,21.62,87.06,3.28,3056
Metal,170.87,20.81,86.67,2.77,3057
Metal,168.29,18.47,87.06,2.51,3055
Metal,152.73,14.29,90.59,2.20,3062
Metal,153.10,12.29,92.55,2.12,3057
Metal,156.43,11.91,92.16,1.96,3056
Metal,150.00,12.66,92.94,2.04,3057
Metal,160.65,13.48,90.20,1.91,3055
Metal,167.69,17.57,87.06,1.99,3055
Metal,170.00,21.62,87.06,2.14,3061
Metal,169.79,21.17,87.06,3.52,3055
Metal,169.57,20.72,87.06,3.15,3056
Metal,170.00,21.62,87.06,3.90,3057
Metal,170.45,19.91,86.67,3.54,3056
Metal,153.53,14.72,90.59,3.24,1945
Metal,154.00,12.66,92.94,3.31,3058
Metal,155.17,12.29,92.55,3.01,3060
Metal,154.29,11.91,92.16,2.77,3054
Metal,158.71,13.42,90.59,2.79,0
Metal,167.69,17.57,87.06,2.60,2479
Metal,170.87,20.81,86.67,2.44,2680
Metal,169.57,20.72,87.06,2.33,0
Metal,169.57,20.72,87.06,2.33,3057
Metal,169.79,21.17,87.06,2.71,3059
Metal,166.36,19.64,87.84,3.01,3059
Metal,154.29,15.15,90.59,3.02,3056
Metal,151.20,10.78,90.98,3.07,3058
Metal,156.43,11.91,92.16,3.04,3061
Metal,155.17,12.29,92.55,2.70,3054
Metal,159.37,13.85,90.59,2.23,3060
Metal,167.69,17.57,87.06,2.22,3056
Metal,169.57,20.72,87.06,1.84,3055
Metal,169.57,20.72,87.06,2.02,3055
Metal,169.57,20.72,87.06,1.94,3055
Metal,169.79,21.17,87.06,1.85,3055
Metal,168.57,18.92,87.06,1.87,3056
Metal,156.36,14.29,90.59,2.57,3059
Metal,157.78,11.54,91.76,2.26,3056
Metal,149.09,13.75,94.12,2.00,3054
Metal,150.00,14.11,94.51,2.70,3056
Metal,156.00,12.99,90.59,2.41,2606
Metal,167.69,17.57,87.06,2.22,3055
Metal,170.67,20.36,86.67,2.26,3055
Metal,170.00,21.62,87.06,2.16,3057
Metal,171.06,21.27,86.67,2.19,3055
Metal,169.57,20.72,87.06,2.21,3054
Metal,168.84,19.37,87.06,2.20,3055
Metal,153.53,14.72,90.59,2.01,3056
Metal,152.00,12.66,92.94,2.22,3057
Metal,150.97,13.03,93.33,2.09,3055
Metal,152.90,13.03,93.33,1.72,3055
Metal,163.45,12.50,90.98,1.63,3057
Metal,162.27,19.30,89.41,1.88,3055
Metal,169.09,19.82,87.06,1.83,3055
Metal,169.79,21.17,87.06,1.69,3072
Metal,169.79,21.17,87.06,1.84,3055
Metal,169.57,20.72,87.06,2.01,3058
Metal,166.36,19.64,87.84,1.69,3056
Metal,158.18,14.29,90.59,1.98,3056
Metal,150.91,13.75,94.12,1.97,3055
Metal,150.00,14.11,94.51,2.75,3055
Metal,150.00,14.11,94.51,2.63,3055
Metal,163.12,13.79,90.98,2.54,3055
Metal,165.37,18.14,88.63,2.66,3055
Metal,168.29,18.47,87.06,2.92,3056
Metal,168.29,18.47,87.06,2.91,3074
Metal,168.57,18.92,87.06,2.75,3055
Metal,167.44,19.20,87.84,2.72,3057
Metal,163.64,19.38,89.02,2.73,3055
Metal,157.30,15.55,93.33,2.67,0
Metal,150.00,14.11,94.51,2.36,3056
Metal,150.00,14.11,94.51,2.17,3055
Metal,150.91,13.69,94.51,2.28,106
Metal,164.52,13.36,90.98,2.14,0
Metal,161.86,18.61,90.59,2.16,0
Metal,164.00,19.91,88.63,2.59,0
Metal,168.84,19.37,87.06,3.28,0
Metal,168.57,18.92,87.06,3.24,0
Metal,169.33,20.27,87.06,2.99,0
Metal,168.00,18.02,87.06,2.67,0
Metal,158.71,13.42,90.59,2.73,0
Metal,150.91,13.75,94.12,2.63,0
Metal,150.91,13.75,94.12,2.67,0
Metal,150.91,13.75,94.12,3.38,0
Metal,153.53,14.53,91.76,2.95,0
Metal,163.90,18.22,88.24,4.07,0
Metal,169.57,20.72,87.06,3.48,0
Metal,169.57,20.72,87.06,2.97,0
Metal,169.09,19.82,87.06,3.05,0
Metal,169.57,20.72,87.06,3.20,3050
Metal,165.00,17.86,87.84,3.25,3057
Metal,165.00,13.79,90.98,3.44,3054
Metal,150.00,14.11,94.51,3.42,0
Metal,150.00,14.11,94.51,3.84,0
Metal,150.00,14.11,94.51,3.92,3055
Metal,159.37,13.85,90.59,4.53,3056
Metal,165.37,18.30,87.84,4.12,3055
Metal,168.84,19.37,87.06,3.66,3052
Metal,168.84,19.37,87.06,3.58,3059
Metal,166.96,20.54,87.84,3.39,3055
Metal,168.57,18.92,87.06,3.04,3055
Metal,164.65,18.70,90.20,2.95,3055
Metal,158.18,13.98,92.55,2.55,3055
Metal,150.00,14.11,94.51,4.47,0
Metal,150.00,14.11,94.51,4.16,0
Metal,150.00,14.11,94.51,3.63,0
Metal,165.00,13.85,90.59,3.34,0
Metal,165.33,20.00,88.24,3.33,3058
Metal,169.09,19.82,87.06,2.93,3055
Metal,168.84,19.37,87.06,2.56,3055
Metal,168.84,19.37,87.06,2.44,3055
Metal,168.84,19.37,87.06,2.31,3055
Metal,162.86,18.26,90.20,2.14,3055
Metal,159.31,12.39,91.76,1.85,3055
Metal,150.00,14.11,94.51,2.59,3055
Metal,150.00,14.11,94.51,2.69,3056
Metal,152.90,13.03,93.33,2.31,3055
Metal,168.00,15.15,90.59,4.06,3056
Metal,166.36,19.64,87.84,3.41,3055
Metal,168.84,19.37,87.06,3.13,3055
Metal,169.33,20.27,87.06,3.29,3055
Metal,169.09,19.82,87.06,2.80,3054
Metal,168.57,18.92,87.06,2.98,3054
Metal,160.00,18.26,90.20,3.78,3055
Metal,158.57,11.97,91.76,3.51,3053
Metal,150.00,14.11,94.51,3.21,3048
Metal,150.00,14.11,94.51,2.88,3055
Metal,150.00,14.11,94.51,2.70,3055
Metal,157.06,14.72,90.59,2.41,3055
Metal,164.35,20.35,88.63,2.17,3055
Metal,169.33,20.27,87.06,2.36,3055
Metal,168.57,18.92,87.06,2.38,3056
Metal,168.29,18.47,87.06,2.76,3055
Metal,168.29,18.47,87.06,3.35,3054
Metal,161.05,16.45,90.59,3.16,3061
Metal,155.17,12.29,92.55,3.11,3055
Metal,150.00,14.11,94.51,2.54,3055
Metal,150.00,14.11,94.51,2.46,3054
Metal,152.90,13.03,93.33,4.52,3054
Metal,162.16,16.09,90.20,3.83,0
Metal,166.67,20.09,87.84,4.60,2030
Metal,169.33,20.27,87.06,4.17,3055
Metal,169.33,20.27,87.06,3.79,3055
Metal,168.84,19.37,87.06,4.28,3052
Metal,166.05,19.20,87.84,4.48,3208
Metal,165.00,15.58,90.59,3.94,0
Metal,150.00,14.11,94.51,3.63,0
Metal,149.09,13.69,94.51,3.65,3055
Metal,148.12,13.28,94.51,3.31,3055
Metal,152.90,13.03,93.33,2.71,3055
Metal,165.00,15.58,90.59,2.38,3055
Metal,163.04,20.26,89.02,2.20,3055
Metal,165.00,19.56,88.24,2.33,3056
Metal,165.00,19.56,88.24,2.18,0
Metal,166.05,19.20,87.84,2.60,0
Metal,177.27,19.56,88.24,3.66,0
Metal,168.33,15.58,90.59,3.20,0
Metal,150.00,14.11,94.51,2.78,3053
Metal,149.09,13.69,94.51,3.11,3052
Metal,149.09,13.69,94.51,3.06,3055
Metal,149.09,13.69,94.51,2.74,3053
Metal,162.16,15.74,92.16,2.54,3054
Metal,165.96,20.43,90.20,2.36,3052
Metal,170.67,19.91,88.63,2.30,3055
Metal,167.23,20.61,89.41,2.12,3055
Metal,166.25,20.96,89.80,1.73,3055
Metal,166.25,20.96,89.80,1.80,452
Metal,168.95,16.45,90.59,2.00,287
Metal,150.00,14.11,94.51,2.10,0
Metal,148.12,13.28,94.51,2.12,0
Metal,148.12,13.28,94.51,2.01,0
Metal,149.09,13.69,94.51,1.85,3055
Metal,164.57,15.09,90.98,1.85,3055
Metal,166.67,19.91,88.63,1.97,3055
Metal,165.33,20.00,88.24,1.96,3055
Metal,167.73,19.64,87.84,1.77,3053
Metal,167.73,19.56,88.24,1.71,3055
Metal,166.05,19.20,87.84,1.73,3055
Metal,164.21,16.52,90.20,1.63,3058
Metal,152.90,13.03,93.33,1.34,3053
Metal,150.00,14.11,94.51,1.35,3055
Metal,149.09,13.69,94.51,1.36,3055
Metal,150.00,14.11,94.51,1.53,3054
Metal,165.45,14.22,90.98,1.54,3054
Metal,162.50,20.87,90.20,1.72,3055
Metal,164.00,19.91,88.63,1.99,3055
Metal,170.45,19.56,88.24,2.32,3053
Metal,168.29,18.47,87.06,2.24,3055
Metal,166.67,19.91,88.63,2.28,3054
Metal,162.44,17.75,90.59,2.37,3053
Metal,153.75,13.45,93.33,2.30,3055
Metal,149.09,13.69,94.51,2.13,3054
Metal,148.12,13.28,94.51,2.04,3055
Metal,150.00,14.11,94.51,2.98,1775
Metal,161.67,15.32,92.16,2.78,1639
Metal,162.67,19.74,89.41,2.52,0
Metal,166.05,19.20,87.84,2.46,0
Metal,169.33,19.91,88.63,2.18,0
Metal,166.80,21.65,90.59,1.98,3055
Metal,167.73,19.56,88.24,1.91,944
Metal,161.43,18.34,89.80,1.81,3053
Metal,152.57,14.58,94.12,1.88,3052
Metal,149.09,13.69,94.51,1.69,3053
Metal,148.12,13.28,94.51,1.39,3055
Metal,148.12,13.28,94.51,1.33,3051
Metal,159.37,13.62,92.16,1.85,3055
Metal,164.65,18.70,90.20,2.31,3053
Metal,165.65,20.26,89.02,2.29,3054
Metal,168.51,20.61,89.41,2.19,3054
Metal,163.40,20.61,89.41,2.22,3055
Metal,165.65,20.26,89.02,2.18,3055
Metal,160.47,18.78,89.80,2.45,3055
Metal,157.71,14.77,92.94,2.29,3055
Metal,150.00,14.11,94.51,2.33,3055
Metal,150.91,13.69,94.51,2.50,3055
Metal,147.27,13.64,94.90,2.21,3054
Metal,154.05,15.42,94.12,2.30,3053
Metal,168.29,17.75,90.59,1.85,3054
Metal,162.86,21.30,90.20,1.66,3054
Metal,167.23,20.61,89.41,1.67,3055
Metal,164.68,20.61,89.41,1.62,3054
Metal,164.35,20.26,89.02,1.58,3055
Metal,163.04,20.09,89.80,1.44,3055
Metal,162.16,15.74,92.16,1.93,3053
Metal,150.00,14.11,94.51,1.74,3054
Metal,150.91,13.69,94.51,1.83,3053
Metal,144.44,11.20,94.51,2.09,3055
Metal,155.29,14.11,94.51,1.85,3055
Metal,167.03,15.95,90.98,1.85,3052
Metal,160.80,21.65,90.59,1.77,3055
Metal,169.57,20.26,89.02,1.78,3055
Metal,166.53,21.30,90.20,1.71,3055
Metal,166.53,21.30,90.20,1.53,3052
Metal,167.23,20.61,89.41,1.41,3055
Metal,167.03,15.95,90.98,1.46,3052
Metal,150.00,14.11,94.51,2.21,3055
Metal,147.10,12.86,94.51,2.39,3054
Metal,150.00,11.57,94.90,2.09,3054
Metal,154.55,13.69,94.51,2.36,3054
Metal,165.45,14.22,90.98,2.56,3055
Metal,166.96,20.18,89.41,2.27,3054
Metal,160.80,21.65,90.59,2.19,3055
Metal,164.68,20.61,89.41,2.15,3050
Metal,163.40,20.61,89.41,1.97,3053
Metal,169.33,19.91,88.63,1.93,3053
Metal,166.50,17.24,90.98,1.93,0
Metal,150.00,14.11,94.51,2.25,1648
Metal,144.83,11.98,94.90,2.43,2266
Metal,146.90,11.93,95.29,2.19,3051
Metal,144.00,12.40,94.90,2.04,3050
Metal,155.38,16.25,94.12,1.84,3055
Metal,167.44,18.86,89.41,1.86,3054
Metal,164.35,20.26,89.02,1.95,3055
Metal,170.87,20.26,89.02,1.72,3052
Metal,163.75,20.96,89.80,1.65,3054
Metal,166.80,21.65,90.59,2.01,3055
Metal,166.67,19.57,90.20,2.02,3052
Metal,153.16,15.77,94.51,2.63,3055
Metal,150.00,14.11,94.51,8.33,3048
Metal,159.31,12.03,94.51,7.30,3054
Metal,154.29,11.57,94.90,6.36,3055
Metal,150.00,14.11,94.51,5.23,3055
Metal,168.00,17.32,90.59,4.75,3051
Metal,166.25,20.96,89.80,3.92,3055
Metal,168.75,20.96,89.80,3.32,3055
Metal,172.50,20.96,89.80,3.08,3050
Metal,165.31,21.30,90.20,2.75,3057
Metal,162.50,20.96,89.80,2.48,3052
Metal,163.78,15.81,91.76,2.34,3055
Metal,150.00,14.11,94.51,2.14,3055
Metal,147.27,13.64,94.90,1.95,3052
Metal,140.77,10.79,94.51,1.94,3053
Metal,149.14,14.46,94.90,1.76,3053
Metal,165.45,14.22,90.98,2.01,3051
Metal,166.67,19.57,90.20,1.79,3052
Metal,165.31,21.30,90.20,1.64,3054
Metal,162.50,20.96,89.80,1.56,3054
Metal,166.25,20.96,89.80,1.63,3054
Metal,162.00,21.65,90.59,1.59,3049
Metal,167.14,18.18,90.59,1.59,3053
Metal,151.76,14.17,94.12,1.52,3055
Metal,149.14,14.40,95.29,1.75,3053
Metal,151.11,11.20,94.51,1.84,3053
Metal,148.00,12.35,95.29,1.84,3055
Metal,150.00,14.11,94.51,1.84,3053
Metal,168.57,18.10,90.98,1.61,3055
Metal,168.51,20.61,89.41,1.58,3053
Metal,167.23,20.61,89.41,1.50,3052
Metal,165.31,21.30,90.20,1.60,3052
Metal,162.86,21.30,90.20,1.51,3054
Metal,170.00,20.87,90.20,1.70,3054
Metal,157.30,15.55,93.33,1.55,3054
Metal,150.00,14.11,94.51,1.45,3053
Metal,143.23,12.60,96.47,1.47,3055
Metal,144.00,12.20,96.47,1.26,3055
Metal,149.09,13.69,94.51,2.33,3049
Metal,162.63,16.17,92.16,2.15,3053
Metal,169.79,20.35,90.59,2.17,3055
Metal,170.20,21.30,90.20,2.09,3051
Metal,167.23,20.52,89.80,2.09,3053
Metal,167.50,20.87,90.20,1.79,3055
Metal,167.76,21.30,90.20,1.91,3054
Metal,168.33,15.58,90.59,2.86,3052
Metal,150.00,14.11,94.51,2.58,3054
Metal,149.03,12.70,95.69,2.37,3052
Metal,145.45,13.41,96.47,2.34,3055
Metal,147.10,12.70,95.69,2.83,0
Metal,153.85,16.18,94.51,2.65,0
Metal,170.45,19.05,90.59,2.53,0
Metal,169.20,21.65,90.59,2.40,0
Metal,168.75,20.96,89.80,3.25,0
Metal,171.25,20.87,90.20,7.75,0
Metal,170.00,20.87,90.20,6.97,0
Metal,169.57,19.91,90.59,5.83,0
Metal,155.38,16.25,94.12,5.07,0
Metal,156.36,13.69,94.51,4.67,0
Metal,148.24,13.71,97.25,3.87,3052
Metal,146.25,13.01,96.47,3.71,3053
Metal,154.29,14.46,94.90,3.23,3055
Metal,163.78,15.81,91.76,3.17,3052
Metal,170.20,21.21,90.59,3.00,3051
Metal,170.00,20.87,90.20,4.68,3054
Metal,172.65,21.30,90.20,4.86,3050
Metal,172.34,20.61,89.41,4.08,3055
Metal,171.25,20.87,90.20,3.54,3051
Metal,165.00,19.05,90.59,3.09,3055
Metal,154.84,13.08,92.94,3.54,3054
Metal,151.76,14.11,94.51,2.92,3055
Metal,148.80,10.37,94.51,3.05,3053
Metal,150.00,11.62,94.51,2.66,3050
Metal,154.55,13.69,94.51,2.91,3050
Metal,166.67,15.52,90.98,2.65,3055
Metal,172.50,20.87,90.20,2.58,3054
Metal,168.75,20.96,89.80,2.83,3053
Metal,173.75,20.96,89.80,2.53,3052
Metal,174.89,20.61,89.41,3.73,3054
Metal,170.20,21.30,90.20,3.47,3054
Metal,168.00,17.32,90.59,3.18,3052
Metal,150.91,13.75,94.12,2.97,3053
Metal,154.84,12.86,94.51,3.62,3053
Metal,145.71,11.62,94.51,3.44,3052
Metal,154.62,10.79,94.51,3.20,3052
Metal,153.75,13.45,93.33,2.80,3053
Metal,168.00,17.32,90.59,2.45,3055
Metal,173.62,20.61,89.41,2.45,3055
Metal,172.50,20.96,89.80,2.66,3054
Metal,170.20,21.30,90.20,4.18,3050
Metal,172.34,20.61,89.41,5.68,3055
Metal,171.25,20.96,89.80,6.22,3054
Metal,162.16,15.74,92.16,5.96,3052
Metal,151.76,14.11,94.51,5.46,3051
Metal,149.03,12.70,95.69,5.23,3052
Metal,146.90,11.89,95.69,5.32,3055
Metal,155.17,11.98,94.90,4.73,3052
Metal,156.67,15.13,93.33,4.12,3055
Metal,170.67,19.48,90.59,3.65,3053
Metal,170.00,20.87,90.20,3.22,3055
Metal,172.65,21.30,90.20,3.14,3050
Metal,172.17,20.18,89.41,2.98,3055
Metal,172.17,20.09,89.80,3.00,3052
Metal,168.00,19.48,90.59,2.75,3052
Metal,152.57,14.58,94.12,2.47,3055
Metal,152.57,14.34,95.69,2.47,3053
Metal,152.90,12.70,95.69,2.35,3054
Metal,149.03,12.60,96.47,3.23,3053
Metal,160.00,13.69,94.51,3.16,3048
Metal,166.67,15.52,90.98,2.74,3050
Metal,168.98,21.21,90.59,2.73,3055
Metal,172.65,21.30,90.20,2.83,3055
Metal,171.25,20.96,89.80,3.72,3055
Metal,172.50,20.87,90.20,4.20,3053
Metal,170.40,21.65,90.59,4.55,3052
Metal,167.03,15.95,90.98,5.69,3053
Metal,150.00,14.11,94.51,6.48,3055
Metal,146.90,11.93,95.29,6.31,3054
Metal,156.43,11.62,94.51,5.26,3055
Metal,150.00,11.62,94.51,4.70,3054
Metal,159.43,14.83,92.55,4.19,3052
Metal,169.57,19.91,90.59,3.98,3052
Metal,171.60,21.65,90.59,5.37,3052
Metal,171.25,20.96,89.80,4.99,3052
Metal,171.43,21.30,90.20,5.50,3054
Metal,170.20,21.30,90.20,6.84,3052
Metal,170.67,19.57,90.20,6.70,3053
Metal,155.38,16.18,94.51,7.12,3054
Metal,162.58,12.86,94.51,6.22,3051
Metal,155.17,11.93,95.29,5.12,3055
Metal,151.03,11.89,95.69,4.61,3054
Metal,152.73,13.75,94.12,3.97,3053
Metal,166.50,17.24,90.98,3.91,3050
Metal,171.43,21.30,90.20,3.69,3055
Metal,171.06,20.52,89.80,3.31,3055
Metal,168.75,20.96,89.80,3.72,3054
Metal,166.25,20.96,89.80,4.74,3053
Metal,170.20,21.30,90.20,5.31,3054
Metal,164.62,16.67,91.76,4.52,3049
Metal,150.00,14.11,94.51,4.11,3054
Metal,152.00,12.40,94.90,6.41,3055
Metal,142.22,11.16,94.90,5.42,3055
Metal,151.87,13.22,94.90,5.21,3050
Metal,157.89,15.97,93.33,4.99,3052
Metal,170.00,18.18,90.59,5.44,3052
Metal,166.53,21.30,90.20,5.51,3054
Metal,165.60,21.65,90.59,7.10,3050
Metal,171.43,21.30,90.20,6.74,3055
Metal,170.40,21.65,90.59,6.18,3052
Metal,168.26,19.91,90.59,6.24,3054
Metal,151.76,14.17,94.12,6.04,3053
Metal,146.47,13.99,95.29,5.73,3052
Metal,150.00,13.77,96.86,5.13,3055
Metal,149.03,12.60,96.47,5.74,3053
Metal,157.06,14.11,94.51,5.04,3054
Metal,163.50,17.02,92.16,4.46,3052
Metal,166.53,21.21,90.59,3.98,3056
Metal,166.80,21.65,90.59,3.67,3052
Metal,170.20,21.21,90.59,3.56,3048
Metal,168.98,21.21,90.59,3.62,3052
Metal,171.43,21.21,90.59,3.69,3050
Metal,158.46,16.39,93.33,3.81,3055
Metal,156.36,13.69,94.51,3.69,3050
Metal,147.27,13.31,97.25,3.27,3054
Metal,150.91,13.36,96.86,2.72,3054
Metal,155.68,15.04,96.47,2.47,3053
Metal,155.71,17.43,94.51,2.50,3050
Metal,170.00,20.78,90.59,2.66,3053
Metal,168.98,21.21,90.59,2.44,3055
Metal,171.60,21.65,90.59,2.46,3055
Metal,170.40,21.65,90.59,2.34,3055
Metal,170.20,21.21,90.59,2.37,3052
