CLASSE,Hue,Saturation,Value,Vibration,Metal
Tecido,352.31,100.00,45.88,3.62,0
Tecido,353.59,100.00,51.37,4.00,0
Tecido,349.83,100.00,46.27,4.05,0
Tecido,355.74,92.76,59.61,4.44,0
Tecido,353.00,100.00,47.06,4.32,0
Tecido,351.28,98.32,46.67,4.57,0
Tecido,355.25,92.67,58.82,4.70,0
Tecido,353.23,100.00,48.63,4.36,0
Tecido,349.23,100.00,45.88,4.28,0
Tecido,356.22,93.46,60.00,3.96,0
Tecido,352.94,100.00,46.67,4.09,0
Tecido,350.92,97.54,47.84,4.14,0
Tecido,355.77,93.42,59.61,4.17,0
Tecido,353.00,100.00,47.06,4.55,0
Tecido,350.85,99.16,46.67,4.16,0
Tecido,355.74,92.76,59.61,4.79,0
Tecido,353.23,100.00,48.63,4.37,0
Tecido,348.81,100.00,46.27,4.32,0
Tecido,356.22,93.46,60.00,3.75,0
Tecido,352.94,100.00,46.67,3.63,0
Tecido,350.85,100.00,46.27,3.19,0
Tecido,355.25,92.67,58.82,2.93,0
Tecido,353.28,100.00,52.55,2.81,0
Tecido,351.36,100.00,46.27,2.49,0
Tecido,355.18,92.57,58.04,2.30,0
Tecido,354.71,98.55,54.12,3.33,0
Tecido,352.37,100.00,46.27,3.10,0
Tecido,354.63,93.06,56.47,3.78,0
Tecido,355.29,97.22,56.47,4.04,0
Tecido,352.88,100.00,46.27,4.82,0
Tecido,354.05,93.57,54.90,4.24,0
Tecido,355.74,95.92,57.65,3.67,0
Tecido,352.88,100.00,46.27,3.61,0
Tecido,353.59,94.24,54.51,3.36,0
Tecido,356.25,94.74,59.61,2.87,0
Tecido,352.82,100.00,45.88,2.33,0
Tecido,352.38,95.45,51.76,2.12,0
Tecido,356.22,93.46,60.00,1.99,0
Tecido,352.82,100.00,45.88,1.79,0
Tecido,351.57,96.80,49.02,2.03,0
Tecido,355.74,93.38,59.22,1.96,0
Tecido,352.94,100.00,46.67,1.81,0
Tecido,350.92,98.35,47.45,1.66,0
Tecido,355.77,92.81,60.00,3.04,0
Tecido,353.06,100.00,47.45,3.51,0
Tecido,350.92,100.00,46.67,4.42,0
Tecido,355.29,92.72,59.22,4.06,0
Tecido,353.39,100.00,49.80,3.72,0
Tecido,351.36,100.00,46.27,3.70,0
Tecido,355.25,92.67,58.82,3.26,0
Tecido,353.28,100.00,52.55,3.22,0
Tecido,351.86,100.00,46.27,3.61,0
Tecido,354.74,93.20,57.65,3.19,0
Tecido,355.15,97.84,54.51,3.16,0
Tecido,352.37,100.00,46.27,2.70,0
Tecido,354.59,93.01,56.08,2.47,0
Tecido,355.71,96.55,56.86,2.66,0
Tecido,352.88,100.00,46.27,2.60,0
Tecido,354.05,93.57,54.90,2.52,0
Tecido,355.77,95.30,58.43,3.20,0
Tecido,352.94,100.00,46.67,3.49,0
Tecido,353.02,94.85,53.33,5.66,0
Tecido,356.22,94.08,59.61,4.94,0
Tecido,352.88,100.00,46.27,4.72,0
Tecido,352.32,96.15,50.98,4.37,0
Tecido,356.20,93.42,59.61,3.95,0
Tecido,352.88,100.00,46.27,3.44,0
Tecido,351.50,97.56,48.24,3.03,0
Tecido,355.71,92.72,59.22,2.80,0
Tecido,352.94,100.00,46.67,2.53,0
Tecido,350.85,99.16,46.67,3.08,0
Tecido,355.35,92.81,60.00,2.93,0
Tecido,353.28,100.00,49.02,2.88,0
Tecido,350.92,100.00,46.67,2.54,0
Tecido,355.32,92.76,59.61,2.65,0
Tecido,353.59,100.00,51.37,4.42,0
Tecido,351.36,100.00,46.27,4.08,0
Tecido,355.18,92.57,58.04,4.54,0
Tecido,353.96,100.00,54.51,5.77,0
Tecido,350.34,100.00,46.27,5.19,0
Tecido,355.32,92.76,59.61,4.51,0
Tecido,353.28,100.00,49.02,4.67,0
Tecido,350.85,100.00,46.27,6.55,0
Tecido,355.25,92.67,58.82,6.20,0
Tecido,353.68,100.00,52.16,5.61,0
Tecido,351.43,100.00,46.67,4.75,0
Tecido,355.18,92.57,58.04,4.27,0
Tecido,354.35,98.57,54.90,3.95,0
Tecido,352.44,100.00,46.67,3.60,0
Tecido,354.18,93.71,56.08,3.22,0
Tecido,355.68,96.53,56.47,3.20,0
Tecido,352.82,100.00,45.88,2.94,0
Tecido,354.05,93.57,54.90,2.68,0
Tecido,355.80,95.33,58.82,2.39,0
Tecido,352.88,100.00,46.27,2.17,0
Tecido,353.02,94.85,53.33,2.63,0
Tecido,356.25,94.12,60.00,2.30,0
Tecido,352.94,100.00,46.67,2.03,0
Tecido,352.13,96.06,49.80,1.75,0
Tecido,355.80,93.46,60.00,1.75,0
Tecido,352.94,100.00,46.67,1.71,0
Tecido,350.92,98.35,47.45,1.86,0
Tecido,355.77,92.81,60.00,2.02,0
Tecido,353.11,100.00,47.84,2.37,0
Tecido,350.34,100.00,46.27,2.70,0
Tecido,355.25,92.67,58.82,3.30,0
Tecido,353.33,100.00,49.41,3.60,0
Tecido,350.85,100.00,46.27,3.01,0
Tecido,355.22,92.62,58.43,3.19,0
Tecido,353.73,100.00,52.55,2.94,0
Tecido,351.43,100.00,46.67,2.96,0
Tecido,355.15,92.52,57.65,3.28,0
Tecido,354.35,99.28,54.51,2.72,0
Tecido,350.34,100.00,46.27,2.26,0
Tecido,355.32,92.76,59.61,2.55,0
Tecido,353.44,100.00,50.20,2.16,0
Tecido,350.85,100.00,46.27,2.06,0
Tecido,354.82,92.67,58.82,2.08,0
Tecido,353.78,100.00,52.94,2.27,0
Tecido,351.79,100.00,45.88,2.17,0
Tecido,355.15,92.52,57.65,2.44,0
Tecido,354.39,99.29,54.90,2.69,0
Tecido,350.26,100.00,45.88,2.55,0
Tecido,355.29,92.72,59.22,2.79,0
Tecido,353.39,100.00,49.80,3.95,0
Tecido,350.92,100.00,46.67,3.46,0
Tecido,355.25,92.67,58.82,3.25,0
Tecido,353.78,100.00,52.94,2.89,0
Tecido,351.43,100.00,46.67,2.97,0
Tecido,354.71,92.52,57.65,3.84,0
Tecido,354.39,99.29,54.90,4.62,0
Tecido,350.34,100.00,46.27,4.96,0
Tecido,355.35,92.81,60.00,4.55,0
Tecido,352.91,100.00,49.80,4.43,0
Tecido,350.85,100.00,46.27,4.47,0
Tecido,355.25,92.67,58.82,3.99,0
Tecido,353.64,100.00,51.76,4.10,0
Tecido,351.86,100.00,46.27,4.50,0
Tecido,355.15,92.52,57.65,5.11,0
Tecido,353.91,100.00,54.12,4.50,0
Tecido,350.34,100.00,46.27,3.72,0
Tecido,355.25,92.67,58.82,3.37,0
Tecido,352.80,100.00,49.02,5.52,0
Tecido,350.85,100.00,46.27,5.10,0
Tecido,355.25,92.67,58.82,5.71,0
Tecido,353.18,100.00,51.76,5.15,0
Tecido,351.28,100.00,45.88,4.87,0
Tecido,355.18,92.57,58.04,4.22,0
Tecido,353.91,100.00,54.12,3.70,0
Tecido,350.26,100.00,45.88,3.80,0
Tecido,355.25,92.67,58.82,3.57,0
Tecido,353.28,100.00,49.02,3.07,0
Tecido,350.85,100.00,46.27,2.96,0
Tecido,355.32,92.76,59.61,3.14,0
Tecido,353.64,100.00,51.76,2.98,0
Tecido,351.43,100.00,46.67,3.10,0
Tecido,355.15,92.52,57.65,2.95,0
Tecido,354.39,99.29,54.90,3.61,0
Tecido,349.92,100.00,46.67,3.19,0
Tecido,355.74,92.16,60.00,3.70,0
Tecido,353.39,100.00,49.80,3.23,0
Tecido,350.85,100.00,46.27,3.82,0
Tecido,355.25,92.05,59.22,3.72,0
Tecido,354.14,99.25,52.55,3.52,0
Tecido,351.43,100.00,46.67,3.16,0
Tecido,354.78,92.62,58.43,2.71,0
Tecido,354.35,98.57,54.90,2.72,0
Tecido,352.31,100.00,45.88,2.70,0
Tecido,354.67,93.10,56.86,2.92,0
Tecido,355.80,97.28,57.65,2.67,0
Tecido,351.28,100.00,45.88,2.89,0
Tecido,355.25,92.67,58.82,3.18,0
Tecido,354.14,99.25,52.55,2.95,0
Tecido,351.36,100.00,46.27,2.82,0
Tecido,355.15,92.52,57.65,2.34,0
Tecido,354.39,99.29,54.90,2.38,0
Tecido,350.34,100.00,46.27,2.14,0
Tecido,355.29,92.72,59.22,2.93,0
Tecido,353.33,100.00,49.41,3.61,0
Tecido,350.77,100.00,45.88,3.11,0
Tecido,355.29,92.72,59.22,3.05,0
Tecido,353.64,100.00,51.76,3.46,0
Tecido,351.36,100.00,46.27,4.23,0
Tecido,355.18,92.57,58.04,5.73,0
Tecido,353.87,100.00,53.73,6.55,0
Tecido,349.74,100.00,45.88,6.88,0
Tecido,355.32,92.76,59.61,5.79,0
Tecido,353.28,100.00,49.02,5.65,0
Tecido,350.85,100.00,46.27,5.70,0
Tecido,355.29,92.72,59.22,4.75,0
Tecido,353.49,100.00,50.59,4.29,0
Tecido,351.36,100.00,46.27,3.60,0
Tecido,355.25,92.67,58.82,3.18,0
Tecido,353.78,100.00,52.94,3.16,0
Tecido,351.86,100.00,46.27,2.72,0
Tecido,355.15,92.52,57.65,2.43,0
Tecido,354.39,99.29,54.90,2.58,0
Tecido,350.42,100.00,46.67,2.39,0
Tecido,355.29,92.72,59.22,2.21,0
Tecido,352.91,100.00,49.80,2.12,0
Tecido,351.28,100.00,45.88,1.91,0
Tecido,355.25,92.67,58.82,1.89,0
Tecido,353.64,100.00,51.76,1.82,0
Tecido,351.36,100.00,46.27,1.86,0
Tecido,355.25,92.67,58.82,1.93,0
Tecido,353.87,100.00,53.73,1.83,0
Tecido,349.74,100.00,45.88,2.70,0
Tecido,355.74,92.76,59.61,2.57,0
Tecido,353.23,100.00,48.63,2.50,0
Tecido,350.34,100.00,46.27,2.63,0
Tecido,355.35,92.81,60.00,2.43,0
Tecido,353.39,100.00,49.80,2.24,0
Tecido,350.85,100.00,46.27,2.29,0
Tecido,355.25,92.67,58.82,2.13,0
Tecido,353.18,100.00,51.76,2.13,0
Tecido,351.36,100.00,46.27,2.15,0
Tecido,355.18,92.57,58.04,2.94,0
Tecido,353.87,100.00,53.73,2.86,0
Tecido,349.92,100.00,46.67,3.01,0
Tecido,355.25,92.67,58.82,2.83,0
Tecido,353.11,100.00,47.84,2.57,0
Tecido,350.92,100.00,46.67,2.89,0
Tecido,355.32,92.76,59.61,2.92,0
Tecido,353.39,100.00,49.80,2.71,0
Tecido,351.43,100.00,46.67,2.61,0
Tecido,355.25,92.67,58.82,2.61,0
Tecido,353.68,100.00,52.16,2.38,0
Tecido,349.32,100.00,46.27,2.44,0
Tecido,355.38,93.46,60.00,2.18,0
Tecido,352.50,100.00,47.06,2.15,0
Tecido,349.74,100.00,45.88,2.08,0
Tecido,355.29,92.72,59.22,1.86,0
Tecido,353.28,100.00,49.02,2.88,0
Tecido,350.34,100.00,46.27,2.62,0
Tecido,355.29,92.72,59.22,2.79,0
Tecido,353.44,100.00,50.20,3.45,0
Tecido,349.32,100.00,46.27,3.51,0
Tecido,356.20,92.81,60.00,3.70,0
Tecido,352.50,100.00,47.06,4.03,0
Tecido,350.85,98.33,47.06,4.62,0
Tecido,355.71,92.72,59.22,4.34,0
Tecido,353.17,100.00,48.24,4.30,0
Tecido,350.34,100.00,46.27,4.43,0
Tecido,355.25,92.67,58.82,3.96,0
Tecido,352.86,100.00,49.41,3.59,0
Tecido,349.23,100.00,45.88,3.44,0
Tecido,355.80,93.46,60.00,3.39,0
Tecido,352.94,100.00,46.67,3.20,0
Tecido,351.36,97.52,47.45,2.83,0
Tecido,355.74,92.76,59.61,2.46,0
Tecido,353.11,100.00,47.84,2.28,0
Tecido,349.32,99.16,46.67,2.23,0
Tecido,356.25,94.12,60.00,2.62,0
Tecido,352.88,100.00,46.27,2.73,0
Tecido,352.13,95.31,50.20,2.61,0
Tecido,355.71,96.55,56.86,2.72,0
Tecido,352.37,100.00,46.27,2.51,0
Tecido,354.05,93.57,54.90,3.16,0
Tecido,354.14,99.25,52.55,2.83,0
Tecido,351.93,100.00,46.67,3.11,0
Tecido,355.15,92.52,57.65,3.52,0
Tecido,354.26,98.55,54.12,3.36,0
Tecido,352.37,100.00,46.27,3.55,0
Tecido,354.67,93.10,56.86,3.56,0
Tecido,355.22,97.18,55.69,3.86,0
Tecido,352.82,100.00,45.88,3.62,0
Tecido,354.50,92.91,55.29,3.82,0
Tecido,353.64,100.00,51.76,3.44,0
Tecido,349.74,100.00,45.88,3.04,0
Tecido,355.71,92.72,59.22,2.72,0
Tecido,353.06,100.00,47.45,2.79,0
Tecido,350.34,99.16,46.67,2.69,0
Tecido,355.29,92.72,59.22,2.29,0
Tecido,353.28,100.00,49.02,3.08,0
Tecido,349.32,100.00,46.27,2.98,0
Tecido,355.77,93.42,59.61,2.48,0
Tecido,352.37,100.00,46.27,2.50,0
Tecido,351.43,97.54,47.84,2.96,0
Tecido,355.77,92.81,60.00,2.57,0
Tecido,352.62,100.00,47.84,3.15,0
Tecido,349.74,98.32,46.67,4.75,0
Tecido,356.25,94.12,60.00,4.57,0
Tecido,352.94,100.00,46.67,4.68,0
Tecido,351.71,95.35,50.59,5.23,0
Tecido,355.68,96.53,56.47,5.02,0
Tecido,352.44,100.00,46.67,6.35,0
Tecido,354.09,93.62,55.29,6.90,0
Tecido,353.78,100.00,52.94,6.06,0
Tecido,349.92,100.00,46.67,5.81,0
Tecido,355.68,92.67,58.82,5.82,0
Tecido,353.06,100.00,47.45,5.39,0
Tecido,349.92,100.00,46.67,4.64,0
Tecido,355.32,92.76,59.61,4.32,0
Tecido,352.74,100.00,48.63,3.95,0
Tecido,349.83,99.16,46.67,3.53,0
Tecido,355.71,93.33,58.82,3.49,0
Tecido,352.88,100.00,46.27,3.74,0
Tecido,351.28,95.90,47.84,3.23,0
Tecido,356.20,95.30,58.43,2.70,0
Tecido,352.88,100.00,46.27,2.98,0
Tecido,353.59,94.24,54.51,2.56,0
Tecido,356.71,95.42,60.00,2.35,0
Tecido,351.79,100.00,45.88,2.38,0
Tecido,354.67,93.10,56.86,2.54,0
Tecido,355.22,97.18,55.69,3.06,0
Tecido,352.94,100.00,46.67,3.33,0
Tecido,354.55,92.96,55.69,3.36,0
Tecido,355.74,95.92,57.65,4.18,0
Tecido,352.37,100.00,46.27,4.03,0
Tecido,353.95,93.48,54.12,4.14,0
Tecido,354.22,99.26,53.33,4.36,0
Tecido,349.92,100.00,46.67,4.56,0
Tecido,355.32,92.76,59.61,4.28,0
Tecido,353.28,100.00,49.02,3.70,0
Tecido,349.59,100.00,47.45,3.76,0
Tecido,355.77,93.42,59.61,4.31,0
Tecido,352.94,100.00,46.67,4.65,0
Tecido,350.77,96.69,47.45,4.56,0
Tecido,356.20,94.67,58.82,4.35,0
Tecido,352.88,100.00,46.27,4.73,0
Tecido,353.02,94.85,53.33,4.31,0
Tecido,357.50,94.12,60.00,3.90,0
Tecido,352.56,100.00,47.45,3.62,0
Tecido,354.63,93.06,56.47,3.50,0
Tecido,355.71,96.55,56.86,3.65,0
Tecido,352.37,100.00,46.27,3.39,0
Tecido,353.64,94.29,54.90,3.22,0
Tecido,356.64,95.33,58.82,2.76,0
Tecido,351.79,100.00,45.88,3.27,0
Tecido,355.15,92.52,57.65,2.69,0
Tecido,354.74,97.86,54.90,3.35,0
Tecido,352.37,100.00,46.27,3.28,0
Tecido,354.63,93.06,56.47,2.94,0
Tecido,355.68,96.53,56.47,3.95,0
Tecido,352.44,100.00,46.67,3.89,0
Tecido,354.14,93.66,55.69,4.38,0
Tecido,356.69,96.03,59.22,4.27,0
Tecido,351.43,100.00,46.67,4.30,0
Tecido,355.15,92.52,57.65,6.62,0
Tecido,354.22,98.54,53.73,5.69,0
Tecido,351.93,100.00,46.67,6.27,0
Tecido,354.71,93.15,57.25,6.06,0
Tecido,355.22,97.18,55.69,5.87,0
Tecido,352.37,100.00,46.27,6.01,0
Tecido,354.63,93.06,56.47,5.42,0
Tecido,355.25,96.53,56.47,5.00,0
Tecido,352.44,100.00,46.67,5.05,0
Tecido,354.05,93.57,54.90,4.53,0
Tecido,355.80,95.33,58.82,3.82,0
Tecido,352.88,100.00,46.27,4.17,0
Tecido,353.08,94.89,53.73,4.42,0
Tecido,356.25,94.12,60.00,4.99,0
Tecido,352.37,100.00,46.27,5.05,0
Tecido,352.38,95.45,51.76,4.77,0
Tecido,355.83,94.12,60.00,4.31,0
Tecido,352.44,100.00,46.67,4.70,0
Tecido,351.43,95.97,48.63,4.43,0
Tecido,356.22,96.62,58.04,4.13,0
Tecido,351.36,100.00,46.27,3.92,0
Tecido,354.82,93.29,58.43,3.54,0
Tecido,354.22,98.54,53.73,3.28,0
Tecido,352.44,100.00,46.67,3.15,0
Tecido,354.67,93.10,56.86,3.32,0
Tecido,355.22,97.18,55.69,3.87,0
Tecido,352.37,100.00,46.27,3.45,0
Tecido,354.14,93.66,55.69,8.05,0
Tecido,356.20,95.30,58.43,6.84,0
Tecido,352.88,100.00,46.27,6.75,0
Tecido,353.54,94.20,54.12,6.16,0
Tecido,356.64,94.08,59.61,6.47,0
Tecido,352.44,100.00,46.67,5.74,0
Tecido,349.32,99.16,46.67,5.44,0
Tecido,356.22,93.46,60.00,5.37,0
Tecido,352.94,100.00,46.67,4.84,0
Tecido,351.15,97.60,49.02,4.18,0
Tecido,355.77,92.81,60.00,4.05,0
Tecido,353.00,100.00,47.06,3.70,0
Tecido,350.85,99.16,46.67,3.84,0
Tecido,355.32,92.76,59.61,4.03,0
Tecido,352.74,100.00,48.63,3.71,0
Tecido,350.42,100.00,46.67,4.12,0
Tecido,355.29,92.72,59.22,4.39,0
Tecido,353.08,100.00,50.98,4.12,0
Tecido,351.50,100.00,47.06,3.76,0
Tecido,355.22,92.62,58.43,5.94,0
Tecido,354.22,99.26,53.33,5.58,0
Tecido,351.93,100.00,46.67,5.09,0
Tecido,355.18,92.57,58.04,5.34,0
Tecido,354.82,97.89,55.69,5.82,0
Tecido,352.44,100.00,46.67,4.91,0
Tecido,354.63,93.06,56.47,4.03,0
Tecido,355.29,96.55,56.86,3.65,0
Tecido,352.37,100.00,46.27,3.39,0
Tecido,354.09,93.62,55.29,3.32,0
Tecido,355.77,95.30,58.43,3.48,0
Tecido,352.44,100.00,46.67,6.04,0
Tecido,353.49,94.16,53.73,5.84,0
Tecido,356.25,94.74,59.61,8.05,0
Tecido,352.44,100.00,46.67,7.78,0
Tecido,352.38,95.45,51.76,9.13,0
Tecido,356.22,93.46,60.00,7.78,0
Tecido,352.94,100.00,46.67,6.86,0
Tecido,351.64,96.83,49.41,6.21,0
Tecido,355.80,93.46,60.00,5.71,0
Tecido,353.00,100.00,47.06,5.73,0
Tecido,350.92,97.54,47.84,5.39,0
Tecido,355.77,92.81,60.00,5.53,0
Tecido,352.62,100.00,47.84,5.59,0
Tecido,350.34,99.16,46.67,4.78,0
Tecido,355.29,92.72,59.22,5.21,0
Tecido,352.80,100.00,49.02,4.41,0
Tecido,350.92,100.00,46.67,4.30,0
Tecido,355.29,92.72,59.22,3.81,0
Tecido,353.18,100.00,51.76,3.62,0
Tecido,351.43,100.00,46.67,4.51,0
Tecido,355.15,92.52,57.65,4.04,0
Tecido,354.26,99.27,53.73,3.59,0
Tecido,350.42,100.00,46.67,3.28,0
Tecido,355.32,92.76,59.61,3.30,0
Tecido,352.86,100.00,49.41,3.12,0
Tecido,350.92,100.00,46.67,3.62,0
Tecido,354.86,92.72,59.22,3.69,0
Tecido,353.73,100.00,52.55,4.82,0
Tecido,351.36,100.00,46.27,4.08,0
Tecido,355.15,92.52,57.65,6.20,0
Tecido,354.26,98.55,54.12,5.53,0
Tecido,352.37,100.00,46.27,5.31,0
Tecido,354.63,93.06,56.47,5.90,0
Tecido,355.29,97.90,56.08,7.40,0
Tecido,350.92,100.00,46.67,7.42,0
Tecido,355.22,92.62,58.43,6.55,0
Tecido,353.68,100.00,52.16,5.73,0
Tecido,349.41,100.00,46.67,5.48,0
Tecido,355.77,92.81,60.00,5.49,0
Tecido,352.50,100.00,47.06,4.85,0
Tecido,349.66,98.31,46.27,5.45,0
Tecido,355.83,94.12,60.00,4.53,0
Tecido,352.94,100.00,46.67,6.89,0
Tecido,351.64,96.06,49.80,8.39,0
Tecido,355.80,93.46,60.00,10.56,0
Tecido,352.44,100.00,46.67,8.82,0
Tecido,350.92,97.54,47.84,7.29,0
Tecido,355.74,92.76,59.61,9.39,0
Tecido,352.56,100.00,47.45,9.11,0
Tecido,350.50,99.17,47.45,8.16,0
Tecido,355.35,92.81,60.00,7.41,0
Tecido,353.23,100.00,48.63,6.33,0
Tecido,350.42,100.00,46.67,5.36,0
Tecido,354.86,92.72,59.22,4.94,0
Tecido,353.18,100.00,51.76,7.42,0
Tecido,351.43,100.00,46.67,6.93,0
Tecido,355.18,92.57,58.04,7.85,0
Tecido,353.82,100.00,53.33,7.00,0
Tecido,349.92,100.00,46.67,7.66,0
Tecido,355.35,92.81,60.00,6.55,0
Tecido,353.28,100.00,49.02,6.39,0
Tecido,350.42,100.00,46.67,6.17,0
Tecido,355.29,92.72,59.22,5.90,0
Tecido,353.59,100.00,51.37,5.42,0
Tecido,351.36,100.00,46.27,4.88,0
Tecido,355.29,92.72,59.22,4.27,0
Tecido,353.87,100.00,53.73,4.22,0
Tecido,349.92,100.00,46.67,3.50,0
Tecido,355.77,92.81,60.00,3.22,0
Tecido,353.23,100.00,48.63,4.10,0
Tecido,350.42,100.00,46.67,5.36,0
Tecido,355.32,92.76,59.61,6.62,0
Tecido,353.54,100.00,50.98,5.97,0
Tecido,351.36,100.00,46.27,6.71,0
Tecido,355.22,92.62,58.43,6.56,0
Tecido,353.82,100.00,53.33,7.62,0
Tecido,349.83,100.00,46.27,7.30,0
Tecido,355.32,92.76,59.61,6.59,0
Tecido,353.23,100.00,48.63,8.77,0
Tecido,350.34,100.00,46.27,10.32,0
Tecido,355.32,92.76,59.61,11.30,0
Tecido,353.54,100.00,50.98,10.92,0
Tecido,349.41,100.00,46.67,10.04,0
Tecido,355.77,92.81,60.00,9.60,0
Tecido,353.06,100.00,47.45,8.12,0
Tecido,350.42,98.35,47.45,6.74,0
Tecido,355.77,92.81,60.00,8.20,0
Tecido,353.11,100.00,47.84,7.99,0
Tecido,349.74,98.32,46.67,7.65,0
Tecido,357.50,94.12,60.00,6.30,0
Tecido,352.44,100.00,46.67,6.51,0
Tecido,354.55,92.96,55.69,6.26,0
Tecido,355.83,96.64,58.43,7.17,0
Tecido,351.43,100.00,46.67,5.88,0
Tecido,355.22,92.62,58.43,4.87,0
Tecido,353.78,99.26,53.33,4.51,0
Tecido,352.44,100.00,46.67,4.46,0
Tecido,354.63,92.41,56.86,3.98,0
Tecido,355.22,97.18,55.69,4.32,0
Tecido,352.37,100.00,46.27,4.44,0
Tecido,354.55,92.96,55.69,4.76,0
Tecido,356.22,96.62,58.04,4.89,0
Tecido,351.36,100.00,46.27,4.90,0
Tecido,354.78,92.62,58.43,6.48,0
Tecido,353.82,99.27,53.73,5.93,0
Tecido,195.56,32.53,32.55,1.40,0
Tecido,192.00,27.03,29.02,2.57,0
Tecido,200.00,3.57,32.94,3.28,0
Tecido,222.86,9.46,29.02,3.95,0
Tecido,198.46,32.50,31.37,4.42,0
Tecido,25.71,8.14,33.73,4.79,0
Tecido,192.00,27.03,29.02,4.99,0
Tecido,188.57,16.67,32.94,4.96,0
Tecido,10.00,13.64,34.51,4.62,0
Tecido,195.00,27.03,29.02,4.70,0
Tecido,200.00,3.57,32.94,4.30,0
Tecido,355.00,14.12,33.33,4.01,0
Tecido,198.00,26.67,29.41,4.32,0
Tecido,0.00,3.45,34.12,4.15,0
Tecido,194.12,22.97,29.02,4.01,0
Tecido,193.33,32.93,32.16,4.34,0
Tecido,13.33,10.00,35.29,4.23,0
Tecido,198.00,27.03,29.02,3.79,0
Tecido,195.00,23.81,32.94,3.23,0
Tecido,17.14,8.14,33.73,3.33,0
Tecido,201.00,27.03,29.02,2.85,0
Tecido,190.91,13.10,32.94,2.70,0
Tecido,300.00,5.41,29.02,2.66,0
Tecido,201.60,32.05,30.59,3.20,0
Tecido,15.00,4.65,33.73,3.25,0
Tecido,195.79,25.68,29.02,3.24,0
Tecido,190.91,26.19,32.94,3.01,0
Tecido,0.00,14.94,34.12,3.08,0
Tecido,199.09,29.33,29.41,2.99,0
Tecido,320.00,3.53,33.33,2.74,0
Tecido,320.00,7.89,29.80,2.41,0
Tecido,205.00,30.77,30.59,2.26,0
Tecido,8.57,7.87,34.90,2.29,0
Tecido,194.29,28.38,29.02,1.91,0
Tecido,192.50,28.57,32.94,2.07,0
Tecido,355.38,14.94,34.12,2.00,0
Tecido,196.36,29.33,29.41,1.86,0
Tecido,0.00,2.33,33.73,2.20,0
Tecido,205.71,18.92,29.02,2.52,0
Tecido,197.14,34.15,32.16,2.66,0
Tecido,9.23,14.44,35.29,3.11,0
Tecido,198.00,27.03,29.02,4.54,0
Tecido,197.14,8.24,33.33,4.61,0
Tecido,0.00,14.77,34.51,4.70,0
Tecido,200.00,28.00,29.41,4.28,0
Tecido,330.00,2.35,33.33,3.88,0
Tecido,210.00,16.22,29.02,3.78,0
Tecido,198.62,35.37,32.16,4.22,0
Tecido,8.57,7.78,35.29,3.64,0
Tecido,195.79,25.68,29.02,3.68,0
Tecido,193.85,30.95,32.94,3.77,0
Tecido,18.00,11.11,35.29,3.23,0
Tecido,197.14,28.38,29.02,2.89,0
Tecido,190.00,21.43,32.94,2.63,0
Tecido,354.55,13.10,32.94,2.37,0
Tecido,199.09,29.33,29.41,2.26,0
Tecido,0.00,4.55,34.51,1.99,0
Tecido,200.00,24.32,29.02,1.70,0
Tecido,192.86,33.73,32.55,1.73,0
Tecido,8.57,15.56,35.29,2.18,0
Tecido,197.14,28.38,29.02,2.41,0
Tecido,180.00,3.57,32.94,2.44,0
Tecido,231.43,9.46,29.02,2.61,0
Tecido,204.44,33.33,31.76,2.33,0
Tecido,0.00,6.67,35.29,2.05,0
Tecido,203.33,24.32,29.02,2.05,0
Tecido,195.56,32.53,32.55,2.17,0
Tecido,13.33,10.00,35.29,1.83,0
Tecido,198.00,27.03,29.02,1.73,0
Tecido,189.47,22.62,32.94,1.52,0
Tecido,34.29,8.33,32.94,1.49,0
Tecido,197.14,28.38,29.02,1.62,0
Tecido,188.57,8.33,32.94,1.75,0
Tecido,270.00,8.11,29.02,1.79,0
Tecido,204.44,33.75,31.37,1.74,0
Tecido,351.43,7.78,35.29,1.87,0
Tecido,204.00,20.27,29.02,1.90,0
Tecido,198.62,34.94,32.55,1.87,0
Tecido,9.23,14.44,35.29,2.19,0
Tecido,197.14,28.38,29.02,2.09,0
Tecido,190.00,7.14,32.94,2.03,0
Tecido,250.00,8.11,29.02,2.05,0
Tecido,200.00,33.75,31.37,2.34,0
Tecido,18.00,11.11,35.29,2.35,0
Tecido,195.00,27.03,29.02,2.18,0
Tecido,191.25,19.05,32.94,2.26,0
Tecido,343.64,13.41,32.16,3.80,0
Tecido,202.50,31.17,30.20,4.21,0
Tecido,0.00,5.62,34.90,4.53,0
Tecido,198.95,25.68,29.02,4.07,0
Tecido,191.54,31.33,32.55,3.43,0
Tecido,24.00,11.24,34.90,3.31,0
Tecido,197.14,28.38,29.02,3.30,0
Tecido,190.59,20.24,32.94,2.91,0
Tecido,345.00,14.46,32.55,2.73,0
Tecido,201.82,28.95,29.80,2.58,0
Tecido,348.00,5.68,34.51,2.29,0
Tecido,18.00,11.24,34.90,2.80,0
Tecido,197.14,28.38,29.02,2.38,0
Tecido,189.23,15.48,32.94,2.18,0
Tecido,333.33,11.39,30.98,2.23,0
Tecido,205.00,30.77,30.59,2.00,0
Tecido,348.00,5.68,34.51,2.25,0
Tecido,225.00,10.81,29.02,2.34,0
Tecido,202.22,33.75,31.37,2.54,0
Tecido,0.00,6.67,35.29,2.43,0
Tecido,202.50,21.62,29.02,2.22,0
Tecido,195.00,33.73,32.55,2.27,0
Tecido,8.57,15.56,35.29,2.14,0
Tecido,198.00,27.03,29.02,1.92,0
Tecido,210.00,2.38,32.94,1.98,0
Tecido,240.00,8.11,29.02,1.98,0
Tecido,200.00,33.75,31.37,1.81,0
Tecido,21.82,12.22,35.29,1.54,0
Tecido,197.14,28.38,29.02,1.87,0
Tecido,189.23,15.48,32.94,2.16,0
Tecido,340.00,11.25,31.37,2.69,0
Tecido,200.87,30.26,29.80,2.76,0
Tecido,17.14,7.87,34.90,2.34,0
Tecido,197.14,28.38,29.02,2.51,0
Tecido,192.00,29.76,32.94,2.86,0
Tecido,24.00,11.24,34.90,2.89,0
Tecido,197.14,28.38,29.02,2.73,0
Tecido,188.00,17.86,32.94,2.43,0
Tecido,338.18,13.58,31.76,2.18,0
Tecido,202.50,31.17,30.20,2.13,0
Tecido,20.00,6.82,34.51,1.95,0
Tecido,198.95,25.68,29.02,1.95,0
Tecido,194.40,30.12,32.55,2.16,0
Tecido,12.86,15.73,34.90,3.18,0
Tecido,197.14,28.38,29.02,3.80,0
Tecido,180.00,1.19,32.94,4.39,0
Tecido,345.00,14.46,32.55,4.71,0
Tecido,200.87,30.26,29.80,4.22,0
Tecido,348.00,5.68,34.51,4.05,0
Tecido,200.00,24.32,29.02,3.49,0
Tecido,193.33,32.93,32.16,3.11,0
Tecido,8.57,15.56,35.29,3.19,0
Tecido,197.14,28.38,29.02,2.97,0
Tecido,180.00,4.76,32.94,2.81,0
Tecido,222.86,9.46,29.02,2.66,0
Tecido,202.22,33.33,31.76,3.11,0
Tecido,351.43,7.78,35.29,3.44,0
Tecido,204.00,20.27,29.02,2.91,0
Tecido,197.14,34.15,32.16,2.81,0
Tecido,8.57,7.87,34.90,2.90,0
Tecido,198.00,27.03,29.02,2.62,0
Tecido,193.04,27.38,32.94,2.71,0
Tecido,4.62,14.94,34.12,3.42,0
Tecido,199.09,29.33,29.41,2.88,0
Tecido,320.00,3.53,33.33,2.81,0
Tecido,325.71,9.09,30.20,3.02,0
Tecido,202.50,31.17,30.20,2.85,0
Tecido,0.00,4.55,34.51,6.56,0
Tecido,240.00,8.11,29.02,11.02,0
Tecido,200.00,33.75,31.37,9.64,0
Tecido,16.36,12.22,35.29,8.43,0
Tecido,197.14,28.38,29.02,7.07,0
Tecido,187.50,19.05,32.94,7.32,0
Tecido,20.00,7.23,32.55,6.71,0
Tecido,197.14,28.38,29.02,6.27,0
Tecido,188.57,8.33,32.94,5.78,0
Tecido,260.00,8.11,29.02,5.80,0
Tecido,203.08,32.91,30.98,6.33,0
Tecido,351.43,7.78,35.29,5.82,0
Tecido,207.69,17.57,29.02,4.98,0
Tecido,199.29,34.15,32.16,4.45,0
Tecido,15.00,8.89,35.29,3.87,0
Tecido,200.00,24.32,29.02,3.60,0
Tecido,192.86,33.33,32.94,3.73,0
Tecido,4.00,16.67,35.29,3.38,0
Tecido,197.14,28.38,29.02,2.99,0
Tecido,180.00,4.76,32.94,2.53,0
Tecido,240.00,8.11,29.02,2.95,0
Tecido,202.22,33.75,31.37,2.57,0
Tecido,0.00,5.62,34.90,2.60,0
Tecido,201.18,22.97,29.02,2.61,0
Tecido,195.00,34.15,32.16,2.50,0
Tecido,7.50,8.89,35.29,2.57,0
Tecido,197.14,28.38,29.02,2.10,0
Tecido,192.50,28.57,32.94,2.30,0
Tecido,13.33,10.11,34.90,2.12,0
Tecido,197.14,28.38,29.02,4.73,0
Tecido,188.00,17.86,32.94,4.58,0
Tecido,345.00,10.00,31.37,4.43,0
Tecido,202.50,31.17,30.20,4.27,0
Tecido,348.00,5.68,34.51,4.02,0
Tecido,355.71,15.91,34.51,3.73,0
Tecido,199.09,29.33,29.41,3.37,0
Tecido,340.00,3.49,33.73,3.05,0
Tecido,337.50,10.13,30.98,2.72,0
Tecido,202.50,31.17,30.20,2.64,0
Tecido,340.00,6.74,34.90,2.59,0
Tecido,355.38,15.12,33.73,2.26,0
Tecido,200.00,28.38,29.02,2.40,0
Tecido,0.00,3.45,34.12,2.65,0
Tecido,204.00,20.27,29.02,2.50,0
Tecido,195.00,34.15,32.16,2.40,0
Tecido,18.46,14.44,35.29,2.69,0
Tecido,197.14,28.38,29.02,2.86,0
Tecido,188.57,8.33,32.94,2.74,0
Tecido,276.00,6.76,29.02,2.83,0
Tecido,205.38,32.91,30.98,2.78,0
Tecido,7.50,8.89,35.29,2.73,0
Tecido,198.00,27.03,29.02,2.79,0
Tecido,190.43,27.38,32.94,2.83,0
Tecido,20.00,10.23,34.51,2.57,0
Tecido,198.00,27.03,29.02,2.44,0
Tecido,190.00,14.29,32.94,2.36,0
Tecido,337.50,10.13,30.98,2.03,0
Tecido,202.50,31.17,30.20,2.57,0
Tecido,10.00,6.74,34.90,2.32,0
Tecido,198.95,25.68,29.02,2.28,0
Tecido,191.54,31.33,32.55,2.06,0
Tecido,18.00,11.11,35.29,2.09,0
Tecido,197.14,28.38,29.02,1.99,0
Tecido,192.63,22.62,32.94,2.04,0
Tecido,22.50,9.30,33.73,1.88,0
Tecido,197.14,28.38,29.02,2.20,0
Tecido,186.00,11.90,32.94,1.89,0
Tecido,320.00,7.89,29.80,1.98,0
Tecido,204.00,32.05,30.59,1.92,0
Tecido,0.00,6.74,34.90,2.11,0
Tecido,201.00,27.03,29.02,3.11,0
Tecido,192.00,29.76,32.94,2.63,0
Tecido,4.29,15.73,34.90,2.49,0
Tecido,198.00,27.03,29.02,2.35,0
Tecido,280.00,3.57,32.94,2.16,0
Tecido,13.85,14.44,35.29,1.99,0
Tecido,197.14,28.38,29.02,1.98,0
Tecido,188.57,8.33,32.94,2.27,0
Tecido,280.00,8.11,29.02,2.41,0
Tecido,204.00,32.05,30.59,2.46,0
Tecido,7.50,8.89,35.29,2.53,0
Tecido,197.14,28.38,29.02,2.55,0
Tecido,192.00,23.81,32.94,2.29,0
Tecido,355.71,16.09,34.12,2.46,0
Tecido,199.09,29.33,29.41,2.87,0
Tecido,300.00,2.35,33.33,2.85,0
Tecido,205.71,18.92,29.02,2.74,0
Tecido,196.55,35.37,32.16,2.60,0
Tecido,10.00,13.33,35.29,3.47,0
Tecido,198.00,27.03,29.02,3.36,0
Tecido,186.67,10.71,32.94,3.12,0
Tecido,317.14,9.21,29.80,2.89,0
Tecido,201.60,32.05,30.59,2.73,0
Tecido,7.50,8.89,35.29,2.85,0
Tecido,198.00,27.03,29.02,2.51,0
Tecido,192.50,28.57,32.94,2.52,0
Tecido,0.00,14.77,34.51,2.28,0
Tecido,197.14,28.38,29.02,2.32,0
Tecido,0.00,0.00,32.94,2.70,0
Tecido,212.73,14.86,29.02,2.40,0
Tecido,199.29,34.57,31.76,2.17,0
Tecido,0.00,6.67,35.29,2.06,0
Tecido,280.00,8.11,29.02,1.90,0
Tecido,203.08,32.91,30.98,1.91,0
Tecido,24.00,11.11,35.29,2.52,0
Tecido,197.14,28.38,29.02,2.55,0
Tecido,192.63,22.62,32.94,2.38,0
Tecido,0.00,13.95,33.73,3.16,0
Tecido,199.09,29.33,29.41,3.21,0
Tecido,0.00,3.45,34.12,3.11,0
Tecido,202.50,21.62,29.02,4.10,0
Tecido,198.62,34.94,32.55,4.00,0
Tecido,12.86,15.56,35.29,3.88,0
Tecido,197.14,28.38,29.02,3.35,0
Tecido,197.14,8.24,33.33,3.20,0
Tecido,270.00,8.11,29.02,3.04,0
Tecido,203.08,32.91,30.98,3.43,0
Tecido,13.33,10.00,35.29,3.19,0
Tecido,197.14,28.38,29.02,2.82,0
Tecido,189.47,22.62,32.94,3.17,0
Tecido,17.14,8.24,33.33,3.89,0
Tecido,197.14,28.38,29.02,4.19,0
Tecido,187.50,9.52,32.94,3.71,0
Tecido,308.57,9.33,29.41,3.37,0
Tecido,204.00,32.05,30.59,3.04,0
Tecido,8.57,7.87,34.90,3.14,0
Tecido,197.14,28.38,29.02,3.34,0
Tecido,190.00,28.57,32.94,3.32,0
Tecido,4.62,14.94,34.12,3.13,0
Tecido,197.14,28.38,29.02,2.90,0
Tecido,330.00,2.35,33.33,2.49,0
Tecido,210.00,16.22,29.02,2.42,0
Tecido,197.14,34.57,31.76,2.31,0
Tecido,13.85,14.44,35.29,2.07,0
Tecido,197.14,28.38,29.02,2.12,0
Tecido,186.00,11.90,32.94,2.18,0
Tecido,8.57,15.73,34.90,2.33,0
Tecido,197.14,28.38,29.02,2.33,0
Tecido,210.00,2.38,32.94,2.20,0
Tecido,220.00,12.16,29.02,2.15,0
Tecido,201.43,34.57,31.76,2.44,0
Tecido,0.00,6.67,35.29,3.00,0
Tecido,288.00,6.76,29.02,4.72,0
Tecido,204.00,32.05,30.59,4.02,0
Tecido,350.00,6.74,34.90,3.92,0
Tecido,212.73,14.86,29.02,3.44,0
Tecido,199.29,34.57,31.76,3.29,0
Tecido,8.57,7.78,35.29,5.07,0
Tecido,198.95,25.68,29.02,4.58,0
Tecido,195.00,33.33,32.94,4.34,0
Tecido,18.00,11.11,35.29,5.35,0
Tecido,197.14,28.38,29.02,4.90,0
Tecido,189.47,22.62,32.94,4.43,0
Tecido,350.77,15.29,33.33,3.88,0
Tecido,199.09,29.33,29.41,3.48,0
Tecido,345.00,4.60,34.12,3.24,0
Tecido,4.29,15.73,34.90,3.26,0
Tecido,197.14,28.38,29.02,3.61,0
Tecido,210.00,2.35,33.33,3.53,0
Tecido,212.73,14.86,29.02,3.59,0
Tecido,202.76,35.37,32.16,3.88,0
Tecido,20.00,13.33,35.29,3.56,0
Tecido,197.14,28.38,29.02,3.63,0
Tecido,190.00,14.29,32.94,3.25,0
Tecido,325.71,9.09,30.20,3.48,0
Tecido,202.50,31.17,30.20,3.07,0
Tecido,8.57,7.87,34.90,3.02,0
Tecido,198.00,27.03,29.02,2.59,0
Tecido,194.40,29.76,32.94,3.13,0
Tecido,24.00,11.24,34.90,3.44,0
Tecido,197.14,28.38,29.02,3.61,0
Tecido,191.25,19.05,32.94,4.10,0
Tecido,346.15,15.48,32.94,4.04,0
Tecido,200.87,30.26,29.80,3.63,0
Tecido,0.00,5.62,34.90,3.64,0
Tecido,200.00,24.32,29.02,3.22,0
Tecido,195.00,33.33,32.94,3.88,0
Tecido,8.57,15.56,35.29,4.16,0
Tecido,197.14,28.38,29.02,3.82,0
Tecido,180.00,3.57,32.94,3.78,0
Tecido,240.00,8.11,29.02,3.45,0
Tecido,202.22,33.75,31.37,2.95,0
Tecido,350.00,6.67,35.29,3.26,0
Tecido,325.71,9.09,30.20,2.75,0
Tecido,204.00,32.05,30.59,2.64,0
Tecido,350.00,6.74,34.90,2.59,0
Tecido,225.00,10.81,29.02,2.72,0
Tecido,201.43,34.57,31.76,2.88,0
Tecido,0.00,6.67,35.29,3.40,0
Tecido,201.18,22.97,29.02,3.16,0
Tecido,194.48,34.94,32.55,3.54,0
Tecido,7.50,8.89,35.29,3.30,0
Tecido,197.14,28.38,29.02,3.59,0
Tecido,193.04,27.38,32.94,3.55,0
Tecido,355.71,15.91,34.51,3.43,0
Tecido,197.14,28.38,29.02,2.95,0
Tecido,0.00,2.33,33.73,3.35,0
Tecido,205.71,18.92,29.02,8.85,0
Tecido,198.62,35.37,32.16,7.28,0
Tecido,10.00,13.33,35.29,6.51,0
Tecido,197.14,28.38,29.02,5.50,0
Tecido,186.67,10.71,32.94,5.10,0
Tecido,288.00,6.76,29.02,4.48,0
Tecido,203.08,32.91,30.98,4.06,0
Tecido,13.33,10.00,35.29,3.61,0
Tecido,195.00,27.40,28.63,3.05,0
Tecido,190.43,27.38,32.94,3.28,0
Tecido,0.00,14.94,34.12,7.37,0
Tecido,197.14,28.38,29.02,6.61,0
Tecido,320.00,3.53,33.33,7.27,0
Tecido,330.00,10.26,30.59,6.77,0
Tecido,202.50,31.17,30.20,5.83,0
Tecido,17.14,7.87,34.90,5.38,0
Tecido,198.00,27.03,29.02,5.08,0
Tecido,191.54,30.95,32.94,4.80,0
Tecido,13.33,10.11,34.90,4.19,0
Tecido,197.14,28.38,29.02,3.99,0
Tecido,188.00,17.86,32.94,3.81,0
Tecido,340.00,11.25,31.37,3.16,0
Tecido,202.50,31.17,30.20,2.85,0
Tecido,0.00,6.74,34.90,2.96,0
Tecido,198.95,25.68,29.02,2.48,0
Tecido,195.56,32.14,32.94,2.37,0
Tecido,8.57,15.73,34.90,2.78,0
Tecido,197.14,28.38,29.02,2.69,0
Tecido,200.00,3.57,32.94,2.36,0
Tecido,220.00,12.16,29.02,2.43,0
Tecido,200.00,33.75,31.37,2.13,0
Tecido,351.43,7.78,35.29,2.28,0
Tecido,202.50,21.62,29.02,2.38,0
Tecido,198.62,34.94,32.55,2.17,0
Tecido,9.23,14.44,35.29,1.98,0
Tecido,197.14,28.38,29.02,1.81,0
Tecido,188.57,8.33,32.94,1.70,0
Tecido,260.00,8.11,29.02,1.72,0
Tecido,206.67,33.75,31.37,1.66,0
Tecido,0.00,5.62,34.90,1.90,0
Tecido,216.92,17.57,29.02,2.00,0
Tecido,197.78,33.33,31.76,1.94,0
Tecido,8.57,7.78,35.29,1.84,0
Tecido,198.95,25.68,29.02,2.03,0
Tecido,193.85,30.95,32.94,2.12,0
Tecido,4.29,15.73,34.90,2.41,0
Tecido,197.14,28.38,29.02,2.37,0
Tecido,240.00,1.19,32.94,2.25,0
Tecido,210.00,13.70,28.63,2.15,0
Tecido,199.29,34.57,31.76,2.15,0
Tecido,8.57,7.78,35.29,1.92,0
Tecido,252.00,6.76,29.02,1.83,0
Tecido,205.38,32.91,30.98,1.99,0
Tecido,0.00,6.67,35.29,2.10,0
Tecido,205.71,18.92,29.02,1.98,0
Tecido,196.55,35.37,32.16,1.86,0
Tecido,13.85,14.44,35.29,1.83,0
Tecido,197.14,28.38,29.02,1.78,0
Tecido,188.57,8.33,32.94,1.84,0
Tecido,288.00,6.85,28.63,1.89,0
Tecido,202.22,33.75,31.37,1.95,0
Tecido,351.43,7.78,35.29,1.97,0
Tecido,336.00,12.50,31.37,2.36,0
Tecido,200.87,30.26,29.80,2.07,0
Tecido,0.00,6.74,34.90,2.07,0
Tecido,198.95,25.68,29.02,2.29,0
Tecido,193.85,30.95,32.94,2.46,0
Tecido,20.00,10.11,34.90,2.96,0
Tecido,197.14,28.38,29.02,2.77,0
Tecido,190.59,20.24,32.94,2.53,0
Tecido,349.09,13.25,32.55,2.53,0
Tecido,199.09,29.33,29.41,2.65,0
Tecido,0.00,3.45,34.12,3.05,0
Tecido,198.95,25.68,29.02,3.27,0
Tecido,192.41,34.52,32.94,2.86,0
Tecido,18.00,11.11,35.29,2.53,0
Tecido,197.14,28.38,29.02,2.92,0
Tecido,192.00,23.81,32.94,2.62,0
Tecido,350.00,14.29,32.94,2.42,0
Tecido,199.09,29.33,29.41,2.25,0
Tecido,0.00,3.45,34.12,2.02,0
Tecido,200.00,24.32,29.02,2.40,0
Tecido,195.00,33.73,32.55,2.52,0
Tecido,4.29,15.56,35.29,3.78,0
Tecido,197.14,28.38,29.02,3.24,0
Tecido,195.00,4.76,32.94,3.23,0
Tecido,30.00,9.30,33.73,3.04,0
Tecido,197.14,28.38,29.02,2.70,0
Tecido,186.67,10.71,32.94,2.78,0
Tecido,300.00,6.76,29.02,2.39,0
Tecido,201.60,32.05,30.59,3.40,0
Tecido,350.00,6.74,34.90,3.12,0
Tecido,210.00,16.22,29.02,3.02,0
Tecido,197.14,34.57,31.76,2.80,0
Tecido,7.50,8.89,35.29,2.57,0
Tecido,198.00,27.03,29.02,2.56,0
Tecido,194.40,29.76,32.94,2.19,0
Tecido,0.00,15.73,34.90,2.12,0
Tecido,197.14,28.38,29.02,2.04,0
Tecido,330.00,2.35,33.33,2.50,0
Tecido,207.69,17.57,29.02,2.65,0
Tecido,196.55,35.37,32.16,2.48,0
Tecido,7.50,8.89,35.29,2.39,0
Tecido,198.00,27.03,29.02,2.08,0
Tecido,193.85,30.95,32.94,2.51,0
Tecido,4.29,15.73,34.90,2.46,0
Tecido,197.14,28.38,29.02,2.33,0
Tecido,0.00,0.00,32.94,2.04,0
Tecido,340.00,14.63,32.16,1.86,0
Tecido,200.87,30.26,29.80,2.64,0
Tecido,0.00,5.68,34.51,2.54,0
Tecido,200.00,24.32,29.02,2.87,0
Tecido,191.11,32.53,32.55,2.86,0
Tecido,8.57,15.73,34.90,3.56,0
Tecido,197.14,28.38,29.02,3.80,0
Tecido,240.00,1.19,32.94,3.43,0
Tecido,225.00,10.81,29.02,3.65,0
Tecido,195.56,33.75,31.37,3.60,0
Tecido,16.36,12.22,35.29,3.44,0
Tecido,197.14,28.38,29.02,3.25,0
Tecido,188.57,16.67,32.94,3.24,0
Tecido,330.00,12.66,30.98,2.81,0
Tecido,204.00,32.05,30.59,2.58,0
Tecido,350.00,6.74,34.90,2.37,0
Tecido,354.55,13.10,32.94,2.36,0
Tecido,200.00,28.00,29.41,2.37,0
Tecido,345.00,4.60,34.12,2.03,0
Tecido,200.00,24.32,29.02,2.14,0
Tecido,192.86,33.73,32.55,2.09,0
Tecido,13.33,10.00,35.29,1.97,0
Tecido,201.00,27.03,29.02,1.98,0
Tecido,194.12,20.24,32.94,1.96,0
Tecido,20.00,7.14,32.94,1.97,0
Tecido,197.14,28.38,29.02,1.99,0
Tecido,187.50,9.52,32.94,1.88,0
Tecido,26.67,10.23,34.51,2.43,0
Tecido,197.14,28.38,29.02,2.42,0
Tecido,188.57,16.67,32.94,2.07,0
Tecido,330.00,10.26,30.59,3.75,0
Tecido,202.50,31.17,30.20,3.77,0
Tecido,8.57,7.87,34.90,3.14,0
Tecido,198.00,27.03,29.02,2.65,0
Tecido,193.04,27.38,32.94,2.18,0
Tecido,4.62,14.94,34.12,2.73,0
Tecido,199.09,29.33,29.41,2.25,0
Tecido,0.00,1.18,33.33,3.25,0
Tecido,205.71,18.92,29.02,2.39,0
Tecido,196.55,35.37,32.16,2.59,0
Tecido,15.00,8.89,35.29,1.65,0
Tecido,198.00,27.03,29.02,1.28,0
Tecido,223.70,93.88,38.43,1.34,0
Tecido,228.16,76.00,39.22,2.23,0
Tecido,223.33,92.78,38.04,3.03,0
Tecido,222.13,92.16,40.00,3.60,0
Tecido,228.31,76.24,39.61,4.00,0
Tecido,223.70,93.88,38.43,4.08,0
Tecido,221.94,93.00,39.22,4.26,0
Tecido,227.09,77.45,40.00,4.02,0
Tecido,225.52,89.69,38.04,4.35,0
Tecido,222.77,94.00,39.22,4.25,0
Tecido,227.09,77.45,40.00,4.27,0
Tecido,226.43,86.60,38.04,4.03,0
Tecido,222.58,93.94,38.82,3.96,0
Tecido,226.50,78.43,40.00,4.09,0
Tecido,227.71,84.69,38.43,3.99,0
Tecido,223.52,93.81,38.04,3.80,0
Tecido,225.93,79.41,40.00,3.90,0
Tecido,225.17,90.82,38.43,3.75,0
Tecido,223.04,93.88,38.43,3.60,0
Tecido,227.09,77.45,40.00,3.46,0
Tecido,225.52,88.78,38.43,3.33,0
Tecido,222.32,94.06,39.61,3.37,0
Tecido,227.09,77.45,40.00,2.98,0
Tecido,226.43,86.60,38.04,2.47,0
Tecido,223.52,93.81,38.04,2.41,0
Tecido,223.95,84.31,40.00,2.15,0
Tecido,229.60,76.53,38.43,2.32,0
Tecido,223.52,93.81,38.04,2.23,0
Tecido,223.64,86.27,40.00,2.20,0
Tecido,228.00,76.53,38.43,2.32,0
Tecido,223.52,93.81,38.04,2.65,0
Tecido,222.77,94.00,39.22,2.75,0
Tecido,226.50,78.43,40.00,2.47,0
Tecido,223.82,92.71,37.65,2.19,0
Tecido,222.58,91.18,40.00,2.05,0
Tecido,228.16,76.00,39.22,1.79,0
Tecido,224.32,91.67,37.65,1.69,0
Tecido,222.58,94.90,38.43,1.51,0
Tecido,226.92,77.23,39.61,1.54,0
Tecido,223.52,93.81,38.04,1.76,0
Tecido,222.67,88.24,40.00,1.95,0
Tecido,228.80,75.76,38.82,1.80,0
Tecido,222.67,93.75,37.65,1.91,0
Tecido,221.94,91.18,40.00,1.86,0
Tecido,228.46,76.47,40.00,1.72,0
Tecido,224.67,91.84,38.43,1.82,0
Tecido,222.77,92.16,40.00,1.80,0
Tecido,228.31,76.24,39.61,1.86,0
Tecido,225.00,90.72,38.04,1.54,0
Tecido,223.04,94.85,38.04,1.46,0
Tecido,225.54,81.37,40.00,1.70,0
Tecido,229.74,78.35,38.04,2.92,0
Tecido,223.52,93.81,38.04,2.99,0
Tecido,222.39,90.20,40.00,2.88,0
Tecido,228.00,75.76,38.82,2.66,0
Tecido,223.04,94.85,38.04,2.50,0
Tecido,222.58,92.08,39.61,2.50,0
Tecido,228.31,76.24,39.61,2.34,0
Tecido,224.49,91.75,38.04,2.04,0
Tecido,222.13,93.07,39.61,2.15,0
Tecido,229.46,75.51,38.43,2.01,0
Tecido,222.86,93.81,38.04,2.01,0
Tecido,222.77,94.00,39.22,2.28,0
Tecido,227.09,77.45,40.00,2.63,0
Tecido,226.27,87.37,37.25,2.43,0
Tecido,222.58,93.94,38.82,2.38,0
Tecido,227.25,78.43,40.00,2.11,0
Tecido,227.41,84.37,37.65,1.91,0
Tecido,223.33,93.75,37.65,1.97,0
Tecido,223.45,85.29,40.00,1.84,0
Tecido,229.60,76.53,38.43,1.96,0
Tecido,222.86,94.79,37.65,1.82,0
Tecido,223.64,86.27,40.00,1.67,0
Tecido,228.46,81.25,37.65,1.48,0
Tecido,222.86,94.79,37.65,1.60,0
Tecido,226.10,80.39,40.00,1.71,0
Tecido,229.87,79.38,38.04,1.86,0
Tecido,223.04,94.85,38.04,1.96,0
Tecido,221.94,91.18,40.00,2.59,0
Tecido,228.16,76.00,39.22,2.54,0
Tecido,223.82,92.71,37.65,2.82,0
Tecido,221.94,92.08,39.61,2.87,0
Tecido,228.31,76.24,39.61,4.11,0
Tecido,224.49,91.75,38.04,3.83,0
Tecido,222.58,94.90,38.43,3.67,0
Tecido,227.69,77.23,39.61,3.27,0
Tecido,225.00,90.72,38.04,3.42,0
Tecido,222.13,94.00,39.22,4.42,0
Tecido,229.46,75.51,38.43,3.92,0
Tecido,223.70,93.88,38.43,3.44,0
Tecido,222.77,94.00,39.22,3.13,0
Tecido,227.85,77.45,40.00,2.89,0
Tecido,223.33,93.75,37.65,2.81,0
Tecido,222.39,90.20,40.00,2.51,0
Tecido,227.37,76.77,38.82,2.23,0
Tecido,223.33,93.75,37.65,2.26,0
Tecido,222.77,94.95,38.82,1.90,0
Tecido,226.33,78.22,39.61,2.01,0
Tecido,224.32,91.67,37.65,1.86,0
Tecido,222.58,92.08,39.61,1.86,0
Tecido,229.60,76.53,38.43,1.60,0
Tecido,222.67,94.74,37.25,1.38,0
Tecido,223.64,86.27,40.00,1.54,0
Tecido,228.80,76.53,38.43,1.53,0
Tecido,222.86,94.79,37.65,1.91,0
Tecido,222.67,88.24,40.00,1.95,0
Tecido,228.65,75.51,38.43,1.88,0
Tecido,223.15,93.68,37.25,1.89,0
Tecido,222.77,94.00,39.22,2.24,0
Tecido,227.85,77.45,40.00,2.15,0
Tecido,226.10,86.32,37.25,1.92,0
Tecido,223.33,93.75,37.65,1.99,0
Tecido,227.25,78.43,40.00,2.02,0
Tecido,227.25,84.21,37.25,1.91,0
Tecido,222.67,94.74,37.25,1.93,0
Tecido,227.25,78.43,40.00,2.01,0
Tecido,227.85,83.16,37.25,2.30,0
Tecido,222.86,94.79,37.65,2.57,0
Tecido,226.67,79.41,40.00,2.41,0
Tecido,227.85,82.29,37.65,2.13,0
Tecido,222.67,94.74,37.25,1.81,0
Tecido,226.10,80.39,40.00,1.70,0
Tecido,229.87,79.38,38.04,1.63,0
Tecido,222.86,94.79,37.65,1.44,0
Tecido,225.00,82.35,40.00,2.18,0
Tecido,228.95,79.17,37.65,2.23,0
Tecido,223.04,94.85,38.04,2.12,0
Tecido,222.39,91.09,39.61,2.08,0
Tecido,228.16,76.77,38.82,2.24,0
Tecido,223.64,92.63,37.25,1.97,0
Tecido,221.94,94.90,38.43,1.91,0
Tecido,227.09,78.22,39.61,1.67,0
Tecido,228.00,83.33,37.65,1.62,0
Tecido,222.86,94.79,37.65,1.41,0
Tecido,223.64,86.27,40.00,1.26,0
Tecido,229.60,76.53,38.43,1.28,0
Tecido,222.67,94.74,37.25,1.37,0
Tecido,221.94,93.00,39.22,3.25,0
Tecido,227.85,77.45,40.00,2.78,0
Tecido,223.52,93.81,38.04,2.84,0
Tecido,221.94,93.94,38.82,2.64,0
Tecido,228.80,76.53,38.43,2.50,0
Tecido,223.33,93.75,37.65,2.22,0
Tecido,221.94,93.94,38.82,2.11,0
Tecido,228.65,75.51,38.43,1.95,0
Tecido,222.86,94.79,37.65,1.70,0
Tecido,225.00,82.35,40.00,2.06,0
Tecido,229.60,78.12,37.65,2.40,0
Tecido,222.86,94.79,37.65,2.89,0
Tecido,221.74,91.09,39.61,2.74,0
Tecido,228.16,76.77,38.82,2.63,0
Tecido,223.33,93.75,37.65,2.72,0
Tecido,222.58,94.90,38.43,2.80,0
Tecido,226.50,78.43,40.00,2.62,0
Tecido,227.56,84.54,38.04,2.43,0
Tecido,222.58,94.90,38.43,2.44,0
Tecido,226.67,79.41,40.00,2.40,0
Tecido,227.41,83.51,38.04,2.14,0
Tecido,222.39,94.85,38.04,2.06,0
Tecido,226.67,79.41,40.00,2.42,0
Tecido,228.46,81.25,37.65,2.91,0
Tecido,222.86,94.79,37.65,3.15,0
Tecido,225.37,80.39,40.00,3.65,0
Tecido,228.46,81.25,37.65,3.44,0
Tecido,222.67,94.74,37.25,2.96,0
Tecido,222.86,89.22,40.00,2.69,0
Tecido,228.65,75.51,38.43,2.49,0
Tecido,223.33,93.75,37.65,2.40,0
Tecido,222.39,90.20,40.00,2.23,0
Tecido,228.65,75.51,38.43,2.22,0
Tecido,223.52,93.81,38.04,2.11,0
Tecido,222.58,94.90,38.43,2.11,0
Tecido,228.80,75.76,38.82,2.28,0
Tecido,222.86,94.79,37.65,2.44,0
Tecido,224.47,83.33,40.00,2.12,0
Tecido,227.41,84.37,37.65,1.83,0
Tecido,222.58,94.90,38.43,2.15,0
Tecido,227.53,77.00,39.22,3.87,0
Tecido,224.32,91.67,37.65,3.63,0
Tecido,222.39,92.00,39.22,3.42,0
Tecido,230.40,76.53,38.43,2.98,0
Tecido,222.86,94.79,37.65,2.75,0
Tecido,223.64,86.27,40.00,2.74,0
Tecido,228.80,76.53,38.43,2.45,0
Tecido,222.67,94.74,37.25,2.66,0
Tecido,222.39,92.93,38.82,2.86,0
Tecido,228.31,76.24,39.61,2.98,0
Tecido,224.83,90.62,37.65,2.80,0
Tecido,222.58,93.94,38.82,2.44,0
Tecido,227.85,77.45,40.00,2.32,0
Tecido,225.71,88.42,37.25,2.05,0
Tecido,223.52,93.81,38.04,2.06,0
Tecido,227.85,77.45,40.00,2.25,0
Tecido,227.29,86.73,38.43,2.30,0
Tecido,222.39,93.88,38.43,2.40,0
Tecido,227.25,78.43,40.00,2.12,0
Tecido,226.10,86.32,37.25,1.78,0
Tecido,222.67,94.74,37.25,2.12,0
Tecido,223.95,84.31,40.00,2.26,0
Tecido,229.46,77.08,37.65,2.26,0
Tecido,223.04,94.85,38.04,2.21,0
Tecido,222.39,92.00,39.22,1.87,0
Tecido,227.37,76.77,38.82,2.02,0
Tecido,225.00,91.67,37.65,2.20,0
Tecido,222.39,94.85,38.04,2.08,0
Tecido,226.67,79.41,40.00,1.97,0
Tecido,228.61,82.29,37.65,1.86,0
Tecido,223.33,93.75,37.65,2.04,0
Tecido,223.64,86.27,40.00,2.14,0
Tecido,228.80,76.53,38.43,2.13,0
Tecido,222.86,94.79,37.65,2.11,0
Tecido,222.13,94.00,39.22,2.33,0
Tecido,227.69,77.23,39.61,2.44,0
Tecido,223.33,93.75,37.65,2.70,0
Tecido,222.58,93.94,38.82,2.27,0
Tecido,227.69,77.23,39.61,2.78,0
Tecido,226.27,87.37,37.25,3.03,0
Tecido,222.58,94.90,38.43,3.95,0
Tecido,227.25,78.43,40.00,3.26,0
Tecido,226.83,86.32,37.25,3.02,0
Tecido,221.94,94.90,38.43,2.66,0
Tecido,228.16,76.77,38.82,2.24,0
Tecido,223.82,92.71,37.65,2.04,0
Tecido,222.58,94.90,38.43,1.79,0
Tecido,226.67,79.41,40.00,1.58,0
Tecido,228.61,82.29,37.65,1.73,0
Tecido,222.86,94.79,37.65,1.58,0
Tecido,223.15,87.25,40.00,1.45,0
Tecido,229.46,76.29,38.04,1.51,0
Tecido,222.67,94.74,37.25,2.28,0
Tecido,222.13,94.00,39.22,2.09,0
Tecido,228.65,76.29,38.04,2.32,0
Tecido,223.15,93.68,37.25,2.22,0
Tecido,222.13,94.00,39.22,2.33,0
Tecido,227.69,77.23,39.61,2.26,0
Tecido,223.15,93.68,37.25,2.35,0
Tecido,222.39,90.20,40.00,2.09,0
Tecido,229.60,75.76,38.82,1.88,0
Tecido,222.95,93.62,36.86,1.98,0
Tecido,222.58,94.90,38.43,2.11,0
Tecido,227.09,78.22,39.61,2.68,0
Tecido,226.67,85.26,37.25,3.44,0
Tecido,223.23,94.90,38.43,3.01,0
Tecido,227.37,76.77,38.82,2.56,0
Tecido,224.49,91.75,38.04,2.52,0
Tecido,222.86,94.79,37.65,2.27,0
Tecido,226.67,79.41,40.00,1.99,0
Tecido,228.46,81.25,37.65,2.09,0
Tecido,223.23,94.90,38.43,2.11,0
Tecido,227.85,77.45,40.00,2.06,0
Tecido,225.54,88.30,36.86,1.88,0
Tecido,221.94,94.90,38.43,1.76,0
Tecido,228.65,75.51,38.43,1.56,0
Tecido,223.15,93.68,37.25,1.90,0
Tecido,222.58,94.90,38.43,1.71,0
Tecido,227.25,78.43,40.00,1.74,0
Tecido,226.83,85.42,37.65,1.68,0
Tecido,222.67,94.74,37.25,1.88,0
Tecido,226.67,79.41,40.00,2.22,0
Tecido,228.61,82.29,37.65,1.98,0
Tecido,222.86,94.79,37.65,2.00,0
Tecido,226.83,80.39,40.00,1.83,0
Tecido,228.95,80.00,37.25,1.57,0
Tecido,222.67,94.74,37.25,1.69,0
Tecido,223.52,89.22,40.00,2.24,0
Tecido,229.60,78.12,37.65,2.29,0
Tecido,223.52,94.79,37.65,2.19,0
Tecido,224.47,83.33,40.00,2.53,0
Tecido,229.60,77.32,38.04,2.51,0
Tecido,222.67,94.74,37.25,2.36,0
Tecido,223.64,86.27,40.00,2.30,0
Tecido,229.46,76.29,38.04,3.01,0
Tecido,222.86,94.79,37.65,2.98,0
Tecido,223.15,87.25,40.00,4.31,0
Tecido,229.46,75.51,38.43,4.46,0
Tecido,222.67,94.74,37.25,4.05,0
Tecido,222.67,89.11,39.61,3.60,0
Tecido,228.65,75.51,38.43,3.39,0
Tecido,223.15,93.68,37.25,3.46,0
Tecido,221.74,94.85,38.04,3.46,0
Tecido,227.25,78.43,40.00,3.70,0
Tecido,227.25,84.21,37.25,4.34,0
Tecido,222.47,94.68,36.86,3.60,0
Tecido,224.14,85.29,40.00,3.32,0
Tecido,228.65,76.29,38.04,2.99,0
Tecido,222.86,94.79,37.65,2.76,0
Tecido,222.47,88.12,39.61,2.44,0
Tecido,229.32,75.26,38.04,2.26,0
Tecido,223.15,93.68,37.25,2.26,0
Tecido,222.67,89.11,39.61,2.32,0
Tecido,228.65,75.51,38.43,2.22,0
Tecido,222.86,94.79,37.65,2.18,0
Tecido,222.86,90.10,39.61,1.95,0
Tecido,228.00,76.53,38.43,1.73,0
Tecido,222.86,94.79,37.65,1.90,0
Tecido,222.20,91.92,38.82,1.69,0
Tecido,227.53,77.00,39.22,1.65,0
Tecido,222.47,94.68,36.86,2.01,0
Tecido,221.94,93.94,38.82,2.14,0
Tecido,227.69,77.23,39.61,2.06,0
Tecido,225.00,89.36,36.86,1.85,0
Tecido,222.67,94.74,37.25,1.63,0
Tecido,224.29,83.17,39.61,1.45,0
Tecido,229.46,77.89,37.25,1.70,0
Tecido,223.15,93.68,37.25,1.99,0
Tecido,227.25,78.43,40.00,2.32,0
Tecido,227.85,83.16,37.25,2.39,0
Tecido,222.67,94.74,37.25,2.47,0
Tecido,226.67,79.41,40.00,2.54,0
Tecido,228.46,81.25,37.65,2.38,0
Tecido,222.67,94.74,37.25,2.27,0
Tecido,223.15,88.12,39.61,2.28,0
Tecido,228.00,76.53,38.43,2.34,0
Tecido,223.82,93.68,37.25,2.30,0
Tecido,222.39,93.88,38.43,2.01,0
Tecido,228.80,75.76,38.82,2.30,0
Tecido,222.95,93.62,36.86,2.69,0
Tecido,222.86,91.00,39.22,2.56,0
Tecido,228.16,76.00,39.22,2.48,0
Tecido,224.14,91.58,37.25,2.37,0
Tecido,222.13,94.00,39.22,2.13,0
Tecido,227.53,77.00,39.22,1.99,0
Tecido,225.88,89.47,37.25,1.95,0
Tecido,222.58,93.94,38.82,2.63,0
Tecido,229.60,75.76,38.82,2.48,0
Tecido,223.04,94.85,38.04,2.46,0
Tecido,224.47,83.33,40.00,2.57,0
Tecido,226.83,86.32,37.25,2.37,0
Tecido,222.58,94.90,38.43,2.29,0
Tecido,226.67,79.41,40.00,2.24,0
Tecido,227.85,82.29,37.65,2.11,0
Tecido,222.86,94.79,37.65,1.88,0
Tecido,226.10,80.39,40.00,1.83,0
Tecido,229.09,80.21,37.65,1.86,0
Tecido,222.86,94.79,37.65,1.67,0
Tecido,225.54,81.37,40.00,1.62,0
Tecido,229.60,78.12,37.65,1.90,0
Tecido,222.86,94.79,37.65,1.69,0
Tecido,224.47,83.33,40.00,1.62,0
Tecido,229.60,77.32,38.04,1.82,0
Tecido,223.33,94.74,37.25,1.57,0
Tecido,222.58,93.00,39.22,2.06,0
Tecido,227.53,77.00,39.22,2.00,0
Tecido,222.67,94.74,37.25,2.23,0
Tecido,221.74,93.88,38.43,2.16,0
Tecido,227.09,78.22,39.61,2.10,0
Tecido,225.88,88.54,37.65,1.95,0
Tecido,222.39,93.88,38.43,1.95,0
Tecido,227.09,78.22,39.61,3.73,0
Tecido,225.54,87.37,37.25,3.22,0
Tecido,222.58,94.90,38.43,3.04,0
Tecido,227.25,78.43,40.00,3.09,0
Tecido,228.15,84.37,37.65,2.75,0
Tecido,223.04,94.85,38.04,2.37,0
Tecido,226.50,79.21,39.61,2.07,0
Tecido,228.61,82.29,37.65,2.07,0
Tecido,222.47,94.68,36.86,2.31,0
Tecido,223.33,88.24,40.00,2.03,0
Tecido,228.95,80.00,37.25,1.69,0
Tecido,223.04,94.85,38.04,1.66,0
Tecido,227.25,78.43,40.00,1.55,0
Tecido,226.83,86.32,37.25,1.65,0
Tecido,223.15,94.68,36.86,1.69,0
Tecido,224.65,84.31,40.00,1.98,0
Tecido,230.27,76.29,38.04,1.83,0
Tecido,222.67,94.74,37.25,1.68,0
Tecido,222.95,87.13,39.61,1.50,0
Tecido,229.46,75.51,38.43,1.35,0
Tecido,222.67,94.74,37.25,1.21,0
Tecido,222.67,89.11,39.61,1.34,0
Tecido,228.65,75.51,38.43,1.44,0
Tecido,222.67,94.74,37.25,1.63,0
Tecido,223.04,91.09,39.61,1.88,0
Tecido,228.00,76.53,38.43,1.68,0
Tecido,223.64,92.63,37.25,1.86,0
Tecido,222.39,94.85,38.04,2.02,0
Tecido,226.67,79.41,40.00,1.84,0
Tecido,228.31,81.05,37.25,1.62,0
Tecido,223.04,94.85,38.04,1.58,0
Tecido,226.10,80.39,40.00,1.33,0
Tecido,228.95,79.17,37.65,1.43,0
Tecido,222.67,94.74,37.25,1.61,0
Tecido,227.25,78.43,40.00,1.57,0
Tecido,226.67,86.17,36.86,1.62,0
Tecido,222.67,94.74,37.25,1.52,0
Tecido,224.14,85.29,40.00,1.39,0
Tecido,229.46,76.29,38.04,1.27,0
Tecido,223.33,94.74,37.25,1.26,0
Tecido,223.15,87.25,40.00,1.35,0
Tecido,229.46,75.51,38.43,1.39,0
Tecido,222.47,94.68,36.86,1.50,0
Tecido,221.94,94.90,38.43,1.36,0
Tecido,228.65,75.51,38.43,1.58,0
Tecido,223.15,93.68,37.25,1.61,0
Tecido,222.39,92.00,39.22,1.76,0
Tecido,230.40,76.53,38.43,1.69,0
Tecido,222.67,94.74,37.25,1.50,0
Tecido,222.39,92.93,38.82,1.39,0
Tecido,227.53,77.00,39.22,1.39,0
Tecido,222.47,94.68,36.86,1.32,0
Tecido,222.58,93.94,38.82,1.42,0
Tecido,227.85,77.45,40.00,1.46,0
Tecido,226.83,86.32,37.25,1.45,0
Tecido,222.58,94.90,38.43,1.72,0
Tecido,227.25,78.43,40.00,2.33,0
Tecido,224.14,91.58,37.25,2.29,0
Tecido,223.04,94.85,38.04,2.59,0
Tecido,227.69,77.23,39.61,2.66,0
Tecido,224.65,90.53,37.25,2.65,0
Tecido,222.67,94.74,37.25,2.59,0
Tecido,224.82,82.18,39.61,2.24,0
Tecido,226.83,86.32,37.25,2.27,0
Tecido,223.33,94.74,37.25,2.41,0
Tecido,227.25,78.43,40.00,2.33,0
Tecido,227.69,82.98,36.86,2.35,0
Tecido,222.47,94.68,36.86,2.09,0
Tecido,226.67,79.41,40.00,1.86,0
Tecido,228.16,80.85,36.86,1.75,0
Tecido,223.04,94.85,38.04,1.97,0
Tecido,225.00,82.35,40.00,1.92,0
Tecido,229.46,77.89,37.25,2.17,0
Tecido,222.67,94.74,37.25,2.31,0
Tecido,227.69,77.23,39.61,2.44,0
Tecido,228.00,84.21,37.25,2.50,0
Tecido,223.15,94.68,36.86,2.53,0
Tecido,224.65,84.31,40.00,2.47,0
Tecido,229.60,76.53,38.43,2.09,0
Tecido,222.67,94.74,37.25,1.77,0
Tecido,226.67,80.20,39.61,1.65,0
Tecido,228.31,81.05,37.25,1.54,0
Tecido,223.70,94.85,38.04,1.48,0
Tecido,227.69,77.23,39.61,1.56,0
Tecido,226.10,87.23,36.86,1.70,0
Tecido,223.52,94.79,37.65,1.96,0
Tecido,224.47,83.33,40.00,2.03,0
Tecido,229.46,77.08,37.65,2.04,0
Tecido,222.67,94.74,37.25,1.98,0
Tecido,224.14,85.29,40.00,1.98,0
Tecido,229.46,76.29,38.04,1.92,0
Tecido,223.33,94.74,37.25,1.63,0
Tecido,222.20,92.86,38.43,1.66,0
Tecido,229.46,75.51,38.43,1.90,0
Tecido,223.15,94.68,36.86,1.89,0
Tecido,225.37,81.19,39.61,2.15,0
Tecido,229.60,78.12,37.65,2.01,0
Tecido,222.67,94.74,37.25,1.85,0
Tecido,227.25,78.43,40.00,1.89,0
Tecido,227.25,84.21,37.25,1.66,0
Tecido,222.47,94.68,36.86,1.98,0
Tecido,224.14,85.29,40.00,1.81,0
Tecido,229.46,76.29,38.04,1.83,0
Tecido,222.47,94.68,36.86,1.89,0
Tecido,222.39,92.93,38.82,1.95,0
Tecido,229.60,76.53,38.43,1.70,0
Tecido,222.47,94.68,36.86,1.42,0
Tecido,222.20,90.10,39.61,1.50,0
Tecido,228.65,75.51,38.43,1.58,0
Tecido,222.95,93.62,36.86,1.68,0
Tecido,222.86,90.10,39.61,1.59,0
Tecido,228.16,76.77,38.82,1.48,0
Tecido,224.14,91.58,37.25,1.60,0
Tecido,221.54,92.86,38.43,2.36,0
Tecido,229.46,76.29,38.04,2.27,0
Tecido,222.47,94.68,36.86,2.22,0
Tecido,222.39,92.93,38.82,2.30,0
Tecido,230.27,75.51,38.43,2.53,0
Tecido,223.33,94.74,37.25,2.71,0
Tecido,222.00,90.00,39.22,2.45,0
Tecido,228.80,75.76,38.82,2.49,0
Tecido,223.82,93.68,37.25,2.32,0
Tecido,222.39,91.09,39.61,2.18,0
Tecido,228.00,75.76,38.82,2.17,0
Tecido,222.47,94.68,36.86,2.19,0
Tecido,223.45,86.14,39.61,2.58,0
Tecido,229.60,76.53,38.43,2.53,0
Tecido,223.33,94.74,37.25,2.11,0
Tecido,223.33,88.24,40.00,1.89,0
Tecido,229.46,75.51,38.43,1.92,0
Tecido,222.67,94.74,37.25,2.03,0
Tecido,222.67,89.11,39.61,1.87,0
Tecido,228.65,75.51,38.43,1.55,0
Tecido,223.64,93.62,36.86,1.55,0
Tecido,222.20,91.00,39.22,1.53,0
Tecido,229.46,77.08,37.65,1.42,0
Tecido,222.67,94.74,37.25,1.40,0
Tecido,224.47,84.16,39.61,1.16,0
Tecido,229.60,76.53,38.43,1.29,0
Tecido,222.67,94.74,37.25,1.22,0
Tecido,223.64,86.27,40.00,1.18,0
Tecido,228.31,81.05,37.25,1.15,0
Tecido,223.15,94.68,36.86,1.61,0
Tecido,222.67,89.11,39.61,2.15,0
Tecido,228.49,75.26,38.04,2.18,0
Tecido,223.64,93.62,36.86,2.57,0
Tecido,222.58,94.90,38.43,2.38,0
Tecido,228.65,75.51,38.43,2.18,0
Tecido,223.64,92.63,37.25,2.00,0
Tecido,222.58,94.90,38.43,1.81,0
Tecido,227.25,78.43,40.00,1.63,0
Tecido,224.14,92.55,36.86,1.73,0
Tecido,19.73,62.61,93.33,1.53,0
Tecido,20.13,62.61,93.33,2.55,0
Tecido,19.59,61.76,93.33,3.25,0
Tecido,20.25,61.57,100.00,3.74,0
Tecido,19.87,61.57,100.00,4.09,0
Tecido,18.52,63.53,100.00,4.20,0
Tecido,20.13,62.61,93.33,4.54,0
Tecido,20.13,62.61,93.33,4.46,0
Tecido,19.75,61.96,100.00,4.49,0
Tecido,20.64,61.57,100.00,4.26,0
Tecido,20.77,61.18,100.00,4.23,0
Tecido,19.62,62.35,100.00,4.26,0
Tecido,19.13,63.75,98.43,4.36,0
Tecido,20.00,63.03,93.33,4.37,0
Tecido,19.03,60.92,93.33,4.41,0
Tecido,19.49,61.57,100.00,4.81,0
Tecido,21.02,61.57,100.00,4.41,0
Tecido,21.02,61.57,100.00,4.00,0
Tecido,20.96,65.10,100.00,3.88,0
Tecido,19.73,62.61,93.33,3.61,0
Tecido,19.73,62.61,93.33,3.37,0
Tecido,21.02,61.57,100.00,3.26,0
Tecido,20.64,61.57,100.00,2.96,0
Tecido,19.49,61.57,100.00,2.70,0
Tecido,18.77,63.92,100.00,2.72,0
Tecido,19.73,62.61,93.33,2.68,0
Tecido,19.73,62.61,93.33,2.62,0
Tecido,18.97,62.75,96.86,2.35,0
Tecido,21.40,61.57,100.00,2.35,0
Tecido,20.77,61.18,100.00,2.23,0
Tecido,19.88,62.75,100.00,1.90,0
Tecido,19.37,63.97,96.86,2.00,0
Tecido,20.13,62.61,93.33,1.69,0
Tecido,20.13,62.61,93.33,1.73,0
Tecido,20.25,61.57,100.00,1.80,0
Tecido,21.02,61.57,100.00,1.63,0
Tecido,20.64,61.57,100.00,1.48,0
Tecido,19.63,63.53,100.00,1.57,0
Tecido,19.60,62.76,93.73,1.53,0
Tecido,20.00,63.03,93.33,1.63,0
Tecido,18.04,59.83,93.73,1.50,0
Tecido,21.02,61.57,100.00,1.63,0
Tecido,20.51,61.96,100.00,1.82,0
Tecido,20.00,65.88,100.00,2.11,0
Tecido,19.60,63.03,93.33,1.97,0
Tecido,19.34,62.30,95.69,2.23,0
Tecido,21.02,61.57,100.00,2.15,0
Tecido,20.38,61.18,100.00,2.04,0
Tecido,20.00,62.35,100.00,1.99,0
Tecido,19.11,63.31,97.25,1.96,0
Tecido,19.20,63.03,93.33,1.94,0
Tecido,18.33,60.50,93.33,1.85,0
Tecido,19.49,61.57,100.00,1.95,0
Tecido,20.25,61.57,100.00,1.83,0
Tecido,21.02,61.57,100.00,1.85,0
Tecido,19.75,63.14,100.00,1.66,0
Tecido,19.07,63.45,93.33,1.73,0
Tecido,19.20,63.03,93.33,1.82,0
Tecido,18.88,60.08,93.33,1.79,0
Tecido,20.25,61.57,100.00,1.90,0
Tecido,19.75,61.96,100.00,1.81,0
Tecido,18.89,63.53,100.00,1.90,0
Tecido,19.47,63.45,93.33,1.63,0
Tecido,19.60,63.03,93.33,1.56,0
Tecido,20.00,62.35,100.00,1.52,0
Tecido,20.00,61.18,100.00,1.46,0
Tecido,20.00,62.35,100.00,1.52,0
Tecido,19.26,64.54,98.43,1.59,0
Tecido,19.20,63.03,93.33,1.67,0
Tecido,20.00,63.03,93.33,2.25,0
Tecido,19.75,61.96,100.00,2.66,0
Tecido,21.02,61.57,100.00,2.57,0
Tecido,21.02,61.57,100.00,2.45,0
Tecido,19.88,62.75,100.00,2.15,0
Tecido,18.87,64.37,96.86,1.94,0
Tecido,19.73,62.61,93.33,1.91,0
Tecido,19.33,62.61,93.33,1.95,0
Tecido,18.73,61.57,100.00,1.88,0
Tecido,19.87,61.57,100.00,1.94,0
Tecido,19.48,63.64,94.90,2.00,0
Tecido,19.20,63.03,93.33,1.94,0
Tecido,19.73,62.61,93.33,1.95,0
Tecido,19.11,61.57,100.00,1.91,0
Tecido,20.25,61.57,100.00,1.91,0
Tecido,19.07,63.18,93.73,1.83,0
Tecido,19.47,63.45,93.33,1.68,0
Tecido,18.62,60.17,94.51,1.85,0
Tecido,20.64,61.57,100.00,1.75,0
Tecido,20.25,61.57,100.00,1.74,0
Tecido,21.22,64.31,100.00,1.65,0
Tecido,19.20,63.03,93.33,1.67,0
Tecido,19.47,63.45,93.33,1.63,0
Tecido,19.20,63.03,93.33,1.64,0
Tecido,19.75,61.96,100.00,1.88,0
Tecido,20.25,61.57,100.00,1.77,0
Tecido,20.12,63.14,100.00,1.78,0
Tecido,18.80,63.03,93.33,1.84,0
Tecido,19.60,63.03,93.33,1.90,0
Tecido,18.93,62.61,93.33,2.09,0
Tecido,19.87,61.57,100.00,2.70,0
Tecido,20.25,61.57,100.00,2.50,0
Tecido,19.26,63.53,100.00,2.22,0
Tecido,18.52,62.61,93.33,2.10,0
Tecido,19.20,63.03,93.33,1.72,0
Tecido,20.12,63.14,100.00,1.56,0
Tecido,19.49,61.57,100.00,1.62,0
Tecido,19.75,61.96,100.00,1.78,0
Tecido,19.20,63.03,93.33,1.82,0
Tecido,19.87,63.45,93.33,2.19,0
Tecido,18.59,59.66,93.33,2.08,0
Tecido,20.25,61.57,100.00,3.34,0
Tecido,19.75,61.96,100.00,3.44,0
Tecido,18.93,62.61,93.33,5.40,0
Tecido,19.46,62.18,93.33,5.02,0
Tecido,19.87,61.57,100.00,4.30,0
Tecido,21.22,64.31,100.00,3.66,0
Tecido,19.20,63.03,93.33,3.91,0
Tecido,19.87,63.45,93.33,4.38,0
Tecido,19.09,62.86,96.08,5.86,0
Tecido,19.75,61.96,100.00,5.07,0
Tecido,19.87,61.57,100.00,4.82,0
Tecido,20.77,61.18,100.00,6.93,0
Tecido,21.09,64.71,100.00,9.72,0
Tecido,19.20,63.03,93.33,8.87,0
Tecido,19.47,63.45,93.33,9.23,0
Tecido,19.75,63.20,98.04,8.26,0
Tecido,19.75,61.96,100.00,8.49,0
Tecido,20.64,61.57,100.00,10.03,0
Tecido,18.85,63.67,96.08,8.34,0
Tecido,19.60,63.03,93.33,7.09,0
Tecido,18.80,63.03,93.33,7.82,0
Tecido,18.93,62.61,93.33,7.92,0
Tecido,19.73,62.61,93.33,7.59,0
Tecido,19.88,62.75,100.00,7.61,0
Tecido,20.25,61.57,100.00,6.68,0
Tecido,19.76,65.49,100.00,7.62,0
Tecido,19.47,63.45,93.33,7.04,0
Tecido,19.01,59.66,93.33,6.38,0
Tecido,20.64,61.57,100.00,5.63,0
Tecido,20.64,61.57,100.00,5.39,0
Tecido,20.85,64.31,100.00,4.86,0
Tecido,19.60,63.03,93.33,4.76,0
Tecido,19.47,63.45,93.33,4.32,0
Tecido,19.20,63.03,93.33,4.29,0
Tecido,18.99,62.95,98.43,4.17,0
Tecido,20.64,61.57,100.00,4.25,0
Tecido,19.63,63.53,100.00,3.61,0
Tecido,19.60,62.76,93.73,3.42,0
Tecido,19.20,63.03,93.33,3.43,0
Tecido,19.47,63.45,93.33,3.23,0
Tecido,19.07,63.45,93.33,3.07,0
Tecido,19.88,62.75,100.00,3.12,0
Tecido,21.02,61.57,100.00,3.47,0
Tecido,19.40,65.49,100.00,2.97,0
Tecido,19.20,63.03,93.33,2.91,0
Tecido,19.33,62.61,93.33,2.94,0
Tecido,19.62,62.35,100.00,3.49,0
Tecido,20.25,61.57,100.00,4.24,0
Tecido,19.01,64.14,98.43,3.69,0
Tecido,19.87,63.45,93.33,2.97,0
Tecido,19.87,63.45,93.33,2.84,0
Tecido,19.75,63.20,98.04,3.07,0
Tecido,19.75,61.96,100.00,2.88,0
Tecido,20.25,61.57,100.00,2.46,0
Tecido,18.58,63.52,95.69,2.27,0
Tecido,20.26,63.45,93.33,2.05,0
Tecido,19.60,63.03,93.33,2.21,0
Tecido,19.73,62.61,93.33,2.18,0
Tecido,19.49,61.57,100.00,2.10,0
Tecido,20.38,62.35,100.00,1.96,0
Tecido,18.80,63.03,93.33,1.66,0
Tecido,19.47,63.45,93.33,1.57,0
Tecido,19.87,62.40,94.90,1.69,0
Tecido,19.49,61.57,100.00,1.45,0
Tecido,20.00,62.35,100.00,1.53,0
Tecido,18.75,64.00,98.04,2.09,0
Tecido,19.07,63.45,93.33,2.07,0
Tecido,18.80,63.03,93.33,1.83,0
Tecido,19.20,63.03,93.33,1.79,0
Tecido,19.20,63.03,93.33,2.23,0
Tecido,19.26,63.53,100.00,2.05,0
Tecido,20.25,61.57,100.00,2.08,0
Tecido,19.75,61.96,100.00,2.49,0
Tecido,19.33,62.61,93.33,2.62,0
Tecido,19.20,63.03,93.33,3.11,0
Tecido,19.07,63.45,93.33,4.26,0
Tecido,19.07,63.45,93.33,4.18,0
Tecido,20.00,62.35,100.00,4.03,0
Tecido,20.25,61.57,100.00,3.97,0
Tecido,19.88,62.75,100.00,5.97,0
Tecido,18.87,64.11,97.25,5.27,0
Tecido,19.07,63.45,93.33,4.75,0
Tecido,19.20,63.03,93.33,4.44,0
Tecido,19.20,63.03,93.33,3.98,0
Tecido,19.50,62.75,100.00,3.45,0
Tecido,19.49,61.57,100.00,3.11,0
Tecido,19.75,61.96,100.00,3.05,0
Tecido,18.77,63.92,100.00,2.84,0
Tecido,19.07,63.45,93.33,2.56,0
Tecido,19.47,63.45,93.33,2.35,0
Tecido,19.75,61.96,100.00,2.07,0
Tecido,20.25,61.57,100.00,1.90,0
Tecido,18.38,64.00,98.04,1.88,0
Tecido,19.47,63.45,93.33,1.85,0
Tecido,19.60,63.03,93.33,1.82,0
Tecido,19.49,61.57,100.00,1.68,0
Tecido,19.87,61.57,100.00,1.60,0
Tecido,19.60,63.03,93.33,1.66,0
Tecido,19.20,63.03,93.33,1.85,0
Tecido,19.07,63.45,93.33,1.98,0
Tecido,20.00,62.35,100.00,1.99,0
Tecido,20.25,61.57,100.00,2.02,0
Tecido,19.13,64.00,98.04,2.17,0
Tecido,19.87,63.45,93.33,2.63,0
Tecido,18.80,63.03,93.33,2.46,0
Tecido,19.88,63.24,99.22,2.25,0
Tecido,19.49,61.57,100.00,2.06,0
Tecido,20.25,61.57,100.00,1.75,0
Tecido,18.77,63.92,100.00,1.62,0
Tecido,18.80,63.03,93.33,2.16,0
Tecido,19.60,63.03,93.33,1.96,0
Tecido,19.87,62.40,94.90,1.97,0
Tecido,19.87,61.57,100.00,1.89,0
Tecido,19.88,62.75,100.00,1.88,0
Tecido,19.07,63.45,93.33,2.16,0
Tecido,19.07,63.45,93.33,2.06,0
Tecido,17.79,60.92,93.33,1.81,0
Tecido,19.75,61.96,100.00,1.60,0
Tecido,20.64,61.57,100.00,1.64,0
Tecido,19.75,61.96,100.00,1.67,0
Tecido,18.04,63.92,100.00,1.88,0
Tecido,19.07,63.45,93.33,1.71,0
Tecido,19.20,63.03,93.33,1.78,0
Tecido,19.87,63.45,93.33,1.78,0
Tecido,17.67,61.34,93.33,1.75,0
Tecido,19.75,61.96,100.00,1.74,0
Tecido,20.25,61.57,100.00,1.62,0
Tecido,19.87,61.57,100.00,1.47,0
Tecido,19.47,63.45,93.33,1.47,0
Tecido,19.07,63.45,93.33,1.43,0
Tecido,20.27,62.18,93.33,2.07,0
Tecido,20.00,62.35,100.00,2.05,0
Tecido,20.25,61.57,100.00,2.35,0
Tecido,20.25,61.57,100.00,2.60,0
Tecido,19.88,62.75,100.00,2.77,0
Tecido,18.85,63.67,96.08,4.27,0
Tecido,19.07,63.45,93.33,3.93,0
Tecido,20.13,62.61,93.33,3.97,0
Tecido,19.13,62.75,100.00,3.85,0
Tecido,20.25,61.57,100.00,3.32,0
Tecido,20.00,62.35,100.00,4.27,0
Tecido,19.60,63.03,93.33,3.81,0
Tecido,19.47,63.45,93.33,3.31,0
Tecido,18.80,63.03,93.33,3.14,0
Tecido,18.80,63.03,93.33,2.86,0
Tecido,19.75,62.95,98.43,2.98,0
Tecido,19.75,61.96,100.00,2.78,0
Tecido,19.87,61.57,100.00,2.33,0
Tecido,19.75,61.96,100.00,2.16,0
Tecido,18.66,64.31,100.00,1.98,0
Tecido,19.20,63.03,93.33,1.77,0
Tecido,19.47,63.45,93.33,1.78,0
Tecido,19.07,63.45,93.33,1.60,0
Tecido,19.49,62.80,98.04,1.67,0
Tecido,20.25,61.57,100.00,1.50,0
Tecido,19.63,63.53,100.00,1.42,0
Tecido,19.20,63.03,93.33,1.48,0
Tecido,19.20,63.03,93.33,1.60,0
Tecido,19.05,62.18,93.33,1.55,0
Tecido,19.62,62.35,100.00,1.62,0
Tecido,19.87,61.57,100.00,1.43,0
Tecido,19.88,62.75,100.00,1.47,0
Tecido,18.85,63.67,96.08,1.31,0
Tecido,18.68,63.45,93.33,1.25,0
Tecido,19.07,63.45,93.33,1.26,0
Tecido,19.73,62.61,93.33,1.31,0
Tecido,20.50,63.14,100.00,1.76,0
Tecido,19.49,61.57,100.00,2.10,0
Tecido,20.25,61.57,100.00,2.08,0
Tecido,18.99,63.71,97.25,2.00,0
Tecido,19.47,63.45,93.33,2.81,0
Tecido,19.20,63.03,93.33,3.49,0
Tecido,18.89,63.53,100.00,3.44,0
Tecido,19.49,61.57,100.00,3.71,0
Tecido,19.87,61.57,100.00,3.78,0
Tecido,18.89,63.53,100.00,4.23,0
Tecido,19.20,63.03,93.33,4.88,0
Tecido,19.47,63.45,93.33,6.33,0
Tecido,19.07,63.45,93.33,9.99,0
Tecido,19.23,63.16,96.86,9.08,0
Tecido,20.00,62.35,100.00,7.74,0
Tecido,20.25,61.57,100.00,6.77,0
Tecido,19.87,61.57,100.00,6.13,0
Tecido,19.26,63.53,100.00,5.00,0
Tecido,19.07,63.18,93.73,4.47,0
Tecido,18.80,63.03,93.33,4.94,0
Tecido,19.07,63.45,93.33,8.54,0
Tecido,20.26,62.66,94.51,9.01,0
Tecido,20.25,61.57,100.00,7.75,0
Tecido,19.87,61.57,100.00,6.83,0
Tecido,18.61,63.71,97.25,6.16,0
Tecido,18.80,63.03,93.33,6.00,0
Tecido,19.20,63.03,93.33,5.74,0
Tecido,19.63,63.53,100.00,5.53,0
Tecido,19.49,61.57,100.00,4.97,0
Tecido,20.00,62.35,100.00,4.46,0
Tecido,18.87,63.35,98.43,4.00,0
Tecido,19.07,63.45,93.33,3.90,0
Tecido,19.07,63.45,93.33,3.63,0
Tecido,19.74,62.75,96.86,3.20,0
Tecido,20.00,62.35,100.00,2.73,0
Tecido,20.25,61.57,100.00,2.66,0
Tecido,19.87,61.57,100.00,2.77,0
Tecido,19.87,63.18,93.73,2.71,0
Tecido,19.07,63.45,93.33,2.42,0
Tecido,19.07,63.45,93.33,2.01,0
Tecido,19.62,62.35,100.00,2.06,0
Tecido,20.25,61.57,100.00,1.87,0
Tecido,18.99,63.71,97.25,1.91,0
Tecido,19.47,63.45,93.33,1.75,0
Tecido,19.47,63.45,93.33,1.66,0
Tecido,19.49,61.57,100.00,1.60,0
Tecido,19.49,61.57,100.00,1.53,0
Tecido,19.47,63.45,93.33,1.46,0
Tecido,19.07,63.45,93.33,1.55,0
Tecido,19.20,62.24,94.51,1.71,0
Tecido,19.62,62.35,100.00,1.89,0
Tecido,19.49,61.57,100.00,2.33,0
Tecido,19.87,61.57,100.00,2.15,0
Tecido,18.58,63.52,95.69,1.82,0
Tecido,19.33,63.14,92.55,2.09,0
Tecido,18.80,63.03,93.33,1.93,0
Tecido,19.38,63.14,100.00,2.45,0
Tecido,19.49,61.57,100.00,2.24,0
Tecido,19.87,61.57,100.00,2.34,0
Tecido,18.38,64.00,98.04,2.51,0
Tecido,18.68,63.45,93.33,2.82,0
Tecido,18.80,63.03,93.33,2.76,0
Tecido,19.38,63.14,100.00,2.96,0
Tecido,19.49,61.57,100.00,2.78,0
Tecido,20.25,61.57,100.00,2.56,0
Tecido,19.62,63.60,98.04,2.37,0
Tecido,18.68,63.45,93.33,1.99,0
Tecido,18.68,63.45,93.33,2.25,0
Tecido,19.75,61.96,100.00,1.91,0
Tecido,19.49,61.57,100.00,1.81,0
Tecido,19.49,61.57,100.00,1.72,0
Tecido,18.04,63.92,100.00,1.64,0
Tecido,19.07,63.45,93.33,1.42,0
Tecido,19.07,63.45,93.33,1.36,0
Tecido,20.00,62.35,100.00,1.57,0
Tecido,20.25,61.57,100.00,1.62,0
Tecido,19.87,61.57,100.00,1.85,0
Tecido,18.89,63.53,100.00,2.03,0
Tecido,18.80,63.03,93.33,2.20,0
Tecido,19.73,62.61,93.33,2.08,0
Tecido,19.75,63.14,100.00,1.87,0
Tecido,19.49,61.57,100.00,1.90,0
Tecido,20.25,61.57,100.00,2.09,0
Tecido,19.50,62.75,100.00,1.85,0
Tecido,18.85,63.67,96.08,1.78,0
Tecido,19.07,63.45,93.33,1.68,0
Tecido,18.40,63.03,93.33,1.64,0
Tecido,20.25,61.57,100.00,1.60,0
Tecido,20.25,61.57,100.00,1.77,0
Tecido,20.00,62.35,100.00,1.76,0
Tecido,19.13,64.00,98.04,1.67,0
Tecido,19.20,63.03,93.33,1.52,0
Tecido,19.62,62.90,97.25,1.49,0
Tecido,19.87,61.57,100.00,1.48,0
Tecido,19.26,63.53,100.00,1.42,0
Tecido,19.47,63.45,93.33,1.65,0
Tecido,18.52,62.61,93.33,1.46,0
Tecido,19.88,62.75,100.00,1.51,0
Tecido,19.49,61.57,100.00,1.32,0
Tecido,20.25,61.57,100.00,1.77,0
Tecido,19.88,62.75,100.00,1.67,0
Tecido,19.23,63.93,95.69,1.57,0
Tecido,19.07,63.45,93.33,1.63,0
Tecido,20.00,63.53,100.00,1.44,0
Tecido,19.87,61.57,100.00,1.54,0
Tecido,20.25,61.57,100.00,1.37,0
Tecido,19.75,61.96,100.00,1.42,0
Tecido,18.38,64.00,98.04,1.73,0
Tecido,18.80,63.03,93.33,1.66,0
Tecido,19.74,62.50,97.25,1.46,0
Tecido,19.87,61.57,100.00,1.55,0
Tecido,20.51,61.96,100.00,1.51,0
Tecido,18.89,63.53,100.00,1.47,0
Tecido,19.07,63.45,93.33,1.33,0
Tecido,18.80,63.03,93.33,1.27,0
Tecido,19.88,62.75,100.00,1.20,0
Tecido,19.49,61.57,100.00,1.11,0
Tecido,19.87,61.57,100.00,1.17,0
Tecido,19.75,63.14,100.00,1.22,0
Tecido,18.95,62.81,94.90,1.15,0
Tecido,18.68,63.45,93.33,1.09,0
Tecido,19.75,63.14,100.00,1.43,0
Tecido,19.49,61.57,100.00,1.46,0
Tecido,20.00,62.35,100.00,1.53,0
Tecido,18.52,64.03,99.22,1.54,0
Tecido,19.07,63.45,93.33,1.42,0
Tecido,19.35,62.50,97.25,1.53,0
Tecido,19.87,61.57,100.00,1.35,0
Tecido,19.87,61.57,100.00,1.47,0
Tecido,18.89,63.53,100.00,1.55,0
Tecido,19.47,63.45,93.33,1.66,0
Tecido,18.78,62.29,92.55,1.52,0
Tecido,19.88,62.75,100.00,1.93,0
Tecido,20.25,61.57,100.00,1.78,0
Tecido,19.87,61.57,100.00,2.21,0
Tecido,20.12,63.14,100.00,2.10,0
Tecido,19.48,63.90,94.51,2.27,0
Tecido,18.80,63.03,93.33,2.14,0
Tecido,19.49,61.57,100.00,2.13,0
Tecido,19.87,61.57,100.00,2.58,0
Tecido,20.00,62.35,100.00,2.96,0
Tecido,18.63,64.14,98.43,3.01,0
Tecido,19.47,63.45,93.33,2.76,0
Tecido,19.62,62.90,97.25,2.71,0
Tecido,20.25,61.57,100.00,3.14,0
Tecido,20.25,61.57,100.00,3.61,0
Tecido,18.89,63.53,100.00,3.42,0
Tecido,19.07,63.45,93.33,3.00,0
Tecido,17.84,62.18,93.33,2.75,0
Tecido,19.62,62.35,100.00,2.57,0
Tecido,20.25,61.57,100.00,2.24,0
Tecido,20.25,61.57,100.00,1.90,0
Tecido,19.13,62.75,100.00,1.63,0
Tecido,19.34,63.60,93.73,1.68,0
Tecido,18.80,63.03,93.33,1.74,0
Tecido,19.49,61.57,100.00,1.47,0
Tecido,20.25,61.57,100.00,1.30,0
Tecido,20.00,62.35,100.00,1.46,0
Tecido,18.75,64.00,98.04,1.48,0
Tecido,18.68,63.45,93.33,1.56,0
Tecido,17.50,61.02,92.55,1.81,0
Tecido,19.75,61.96,100.00,1.98,0
Tecido,20.64,61.57,100.00,2.00,0
Tecido,19.75,61.96,100.00,2.29,0
Tecido,18.63,63.64,99.22,2.09,0
Tecido,18.68,63.45,93.33,2.14,0
Tecido,18.40,63.03,93.33,2.14,0
Tecido,20.25,62.75,100.00,1.80,0
Tecido,19.49,61.57,100.00,1.97,0
Tecido,19.49,61.57,100.00,1.95,0
Tecido,19.63,63.53,100.00,1.97,0
Tecido,19.07,63.45,93.33,2.12,0
Tecido,19.33,62.61,93.33,2.02,0
Tecido,19.49,61.57,100.00,1.85,0
Tecido,19.87,61.57,100.00,1.97,0
Tecido,19.62,62.35,100.00,1.97,0
Tecido,19.25,64.11,97.25,1.83,0
Tecido,18.68,63.45,93.33,1.81,0
Tecido,17.38,60.92,93.33,1.54,0
Tecido,20.00,62.35,100.00,1.32,0
Tecido,19.87,61.57,100.00,1.21,0
Tecido,19.75,61.96,100.00,1.42,0
Tecido,19.02,64.31,100.00,1.30,0
Tecido,19.07,63.45,93.33,1.13,0
Tecido,18.93,63.14,92.55,1.11,0
Tecido,20.26,62.40,94.90,2.02,0
Tecido,19.49,61.57,100.00,5.90,0
Tecido,20.25,61.57,100.00,5.33,0
Tecido,19.49,61.57,100.00,6.77,0
Tecido,18.89,63.53,100.00,7.39,0
Tecido,19.47,63.45,93.33,6.32,0
Tecido,19.07,63.45,93.33,6.71,0
Tecido,19.87,62.66,94.51,6.04,0
Tecido,19.62,62.35,100.00,6.99,0
Tecido,19.87,61.57,100.00,6.35,0
Tecido,19.87,61.57,100.00,6.82,0
Tecido,19.63,63.53,100.00,6.80,0
Tecido,19.07,63.45,93.33,6.03,0
Tecido,18.93,62.61,93.33,5.29,0
Tecido,19.49,61.57,100.00,6.43,0
Tecido,19.87,61.57,100.00,8.39,0
Tecido,18.63,64.40,98.04,6.94,0
Tecido,18.80,63.03,93.33,5.92,0
Tecido,19.05,62.71,92.55,5.35,0
Tecido,19.49,61.57,100.00,4.55,0
Tecido,19.49,61.57,100.00,4.01,0
Tecido,19.49,61.57,100.00,3.56,0
Tecido,18.77,63.92,100.00,3.31,0
Tecido,19.07,63.45,93.33,2.73,0
Tecido,18.68,63.45,93.33,2.50,0
Tecido,19.87,62.40,94.90,2.14,0
Tecido,19.49,61.57,100.00,2.25,0
Tecido,19.87,61.57,100.00,2.09,0
Tecido,19.63,63.53,100.00,1.91,0
Tecido,18.80,63.03,93.33,1.85,0
Tecido,18.68,63.45,93.33,1.93,0
Tecido,19.73,62.61,93.33,1.76,0
Tecido,19.49,61.57,100.00,1.63,0
Tecido,20.25,61.57,100.00,1.56,0
Tecido,19.75,63.14,100.00,1.63,0
Tecido,18.61,63.97,96.86,1.64,0
Tecido,18.68,63.45,93.33,1.84,0
Tecido,19.46,62.71,92.55,1.99,0
Tecido,19.49,61.57,100.00,2.37,0
Tecido,348.96,66.14,74.12,1.38,0
Tecido,349.52,66.32,74.51,2.19,0
Tecido,348.57,66.67,74.12,2.61,0
Tecido,354.29,64.76,89.02,3.32,0
Tecido,351.24,67.49,79.61,3.38,0
Tecido,349.05,66.67,74.12,3.40,0
Tecido,353.14,64.22,85.49,3.34,0
Tecido,355.95,65.20,89.02,3.52,0
Tecido,349.52,66.67,74.12,3.70,0
Tecido,348.29,65.08,74.12,3.65,0
Tecido,354.29,64.76,89.02,4.78,0
Tecido,348.75,67.02,74.90,4.66,0
Tecido,348.57,66.67,74.12,4.00,0
Tecido,354.29,64.76,89.02,3.57,0
Tecido,351.74,67.32,80.39,3.11,0
Tecido,349.52,66.67,74.12,3.31,0
Tecido,352.66,64.35,84.71,3.39,0
Tecido,354.47,65.89,83.92,3.14,0
Tecido,349.05,66.67,74.12,4.42,0
Tecido,349.05,66.67,74.12,3.67,0
Tecido,353.75,64.57,87.45,3.90,0
Tecido,352.66,66.83,81.57,7.53,0
Tecido,349.52,66.67,74.12,6.74,0
Tecido,348.92,65.99,77.25,5.73,0
Tecido,355.10,64.76,89.02,4.90,0
Tecido,349.05,66.67,74.12,4.21,0
Tecido,349.05,66.67,74.12,3.74,0
Tecido,353.24,64.55,86.27,3.39,0
Tecido,353.53,66.19,82.35,3.44,0
Tecido,349.92,66.14,74.12,3.38,0
Tecido,351.04,64.42,81.57,3.21,0
Tecido,354.69,64.76,89.02,2.77,0
Tecido,349.52,66.67,74.12,2.59,0
Tecido,348.10,66.67,74.12,2.58,0
Tecido,354.29,64.76,89.02,2.37,0
Tecido,351.49,67.00,78.43,2.14,0
Tecido,349.05,66.67,74.12,1.91,0
Tecido,353.53,63.76,85.49,4.44,0
Tecido,355.95,65.20,89.02,4.05,0
Tecido,349.44,66.14,74.12,3.65,0
Tecido,347.90,65.61,74.12,3.51,0
Tecido,354.29,64.76,89.02,3.10,0
Tecido,349.05,66.32,74.51,7.18,0
Tecido,348.57,66.67,74.12,6.05,0
Tecido,351.74,64.79,83.53,5.13,0
Tecido,355.10,64.76,89.02,4.30,0
Tecido,349.52,66.67,74.12,3.90,0
Tecido,348.10,66.67,74.12,3.55,0
Tecido,354.29,64.76,89.02,3.17,0
Tecido,350.53,67.17,77.65,2.63,0
Tecido,349.05,66.67,74.12,2.51,0
Tecido,350.53,64.56,80.78,3.13,0
Tecido,354.29,64.76,89.02,2.74,0
Tecido,349.77,66.84,75.69,2.65,0
Tecido,348.57,66.67,74.12,3.45,0
Tecido,351.43,63.94,81.57,2.99,0
Tecido,354.69,64.76,89.02,2.71,0
Tecido,349.92,66.14,74.12,5.48,0
Tecido,348.57,66.67,74.12,4.76,0
Tecido,354.29,64.76,89.02,4.25,0
Tecido,352.06,67.00,79.61,3.68,0
Tecido,348.57,66.67,74.12,3.25,0
Tecido,352.66,64.35,84.71,3.06,0
Tecido,353.71,66.51,84.31,2.84,0
Tecido,349.05,66.67,74.12,2.50,0
Tecido,350.60,65.05,80.78,2.30,0
Tecido,355.57,65.64,89.02,2.27,0
Tecido,349.61,66.49,74.90,2.06,0
Tecido,348.57,66.67,74.12,1.94,0
Tecido,351.68,64.62,83.14,1.98,0
Tecido,355.10,64.76,89.02,1.72,0
Tecido,349.05,66.67,74.12,1.72,0
Tecido,348.10,66.67,74.12,2.01,0
Tecido,354.29,64.76,89.02,2.01,0
Tecido,350.53,67.17,77.65,1.98,0
Tecido,349.05,66.67,74.12,2.30,0
Tecido,351.43,64.25,81.18,2.05,0
Tecido,354.29,64.76,89.02,2.12,0
Tecido,353.04,66.35,81.57,2.17,0
Tecido,349.52,66.67,74.12,2.11,0
Tecido,351.56,64.29,82.35,1.91,0
Tecido,354.69,64.76,89.02,2.04,0
Tecido,349.05,66.67,74.12,2.22,0
Tecido,348.48,66.14,74.12,2.02,0
Tecido,353.92,65.20,89.02,2.06,0
Tecido,351.11,67.50,78.43,2.31,0
Tecido,349.05,66.67,74.12,2.67,0
Tecido,350.08,64.88,80.39,2.27,0
Tecido,354.29,64.76,89.02,2.02,0
Tecido,350.55,66.15,75.29,2.44,0
Tecido,349.05,66.67,74.12,2.13,0
Tecido,353.92,65.20,89.02,1.98,0
Tecido,353.04,66.67,81.18,1.79,0
Tecido,349.05,66.67,74.12,1.62,0
Tecido,351.68,64.62,83.14,1.47,0
Tecido,355.10,64.76,89.02,1.36,0
Tecido,349.05,66.67,74.12,1.50,0
Tecido,348.48,66.14,74.12,1.35,0
Tecido,352.66,64.35,84.71,1.47,0
Tecido,355.92,64.76,89.02,1.33,0
Tecido,349.05,66.67,74.12,1.58,0
Tecido,348.39,65.61,74.12,1.88,0
Tecido,354.29,64.76,89.02,2.25,0
Tecido,351.04,67.34,78.04,4.28,0
Tecido,349.05,66.67,74.12,4.07,0
Tecido,353.33,64.86,87.06,5.87,0
Tecido,353.04,66.35,81.57,4.83,0
Tecido,349.05,66.67,74.12,4.77,0
Tecido,350.98,64.25,81.18,4.43,0
Tecido,354.69,64.76,89.02,3.99,0
Tecido,349.05,66.67,74.12,3.73,0
Tecido,349.05,66.67,74.12,3.98,0
Tecido,352.06,64.15,83.14,3.75,0
Tecido,355.10,64.76,89.02,3.38,0
Tecido,349.05,66.67,74.12,3.00,0
Tecido,348.48,66.14,74.12,2.89,0
Tecido,352.99,63.72,84.31,2.40,0
Tecido,355.14,65.20,89.02,2.46,0
Tecido,350.53,67.51,77.25,2.55,0
Tecido,349.05,66.67,74.12,2.60,0
Tecido,353.71,64.41,87.06,2.32,0
Tecido,355.20,66.08,89.02,2.08,0
Tecido,349.05,66.67,74.12,2.31,0
Tecido,348.29,64.74,74.51,2.06,0
Tecido,355.10,64.76,89.02,2.04,0
Tecido,348.66,67.20,74.12,1.90,0
Tecido,348.10,66.67,74.12,2.00,0
Tecido,352.17,64.49,83.92,1.88,0
Tecido,355.10,64.76,89.02,2.78,0
Tecido,349.05,66.67,74.12,3.41,0
Tecido,348.00,66.14,74.12,3.35,0
Tecido,352.77,64.68,85.49,3.00,0
Tecido,353.71,66.82,83.92,2.85,0
Tecido,349.52,66.67,74.12,2.70,0
Tecido,351.11,64.90,81.57,3.52,0
Tecido,354.69,64.76,89.02,3.25,0
Tecido,349.77,67.19,75.29,2.98,0
Tecido,349.05,66.67,74.12,2.51,0
Tecido,353.56,65.64,89.02,3.09,0
Tecido,351.86,67.63,81.18,2.88,0
Tecido,348.57,66.67,74.12,2.82,0
Tecido,349.38,65.33,78.04,2.86,0
Tecido,355.10,64.76,89.02,3.45,0
Tecido,349.05,66.67,74.12,3.22,0
Tecido,348.48,66.14,74.12,3.78,0
Tecido,353.04,63.89,84.71,4.27,0
Tecido,355.54,65.20,89.02,5.31,0
Tecido,349.05,66.67,74.12,5.29,0
Tecido,348.39,65.61,74.12,4.98,0
Tecido,354.29,64.76,89.02,6.96,0
Tecido,353.09,66.51,81.96,8.95,0
Tecido,349.52,66.67,74.12,9.55,0
Tecido,351.36,63.77,81.18,8.07,0
Tecido,354.69,64.76,89.02,17.69,0
Tecido,349.05,66.67,74.12,22.87,0
Tecido,348.57,66.67,74.12,20.43,0
Tecido,354.29,64.76,89.02,18.82,0
Tecido,351.74,67.32,80.39,16.00,0
Tecido,349.05,66.67,74.12,13.10,0
Tecido,352.12,64.32,83.53,11.50,0
Tecido,354.29,66.82,86.27,10.01,0
Tecido,348.57,66.67,74.12,8.84,0
Tecido,348.48,66.14,74.12,7.71,0
Tecido,353.04,63.89,84.71,6.78,0
Tecido,355.54,65.20,89.02,5.88,0
Tecido,349.52,66.67,74.12,6.46,0
Tecido,348.39,65.61,74.12,6.36,0
Tecido,354.29,64.76,89.02,6.81,0
Tecido,349.92,67.18,76.47,8.71,0
Tecido,349.05,66.67,74.12,10.04,0
Tecido,353.75,64.57,87.45,9.83,0
Tecido,355.54,65.78,88.24,9.33,0
Tecido,349.05,66.67,74.12,10.78,0
Tecido,348.48,65.10,75.29,8.81,0
Tecido,355.03,63.88,89.02,8.99,0
Tecido,352.23,67.15,81.18,8.84,0
Tecido,349.05,66.67,74.12,7.87,0
Tecido,352.17,64.49,83.92,7.01,0
Tecido,355.51,64.76,89.02,5.73,0
Tecido,349.05,66.67,74.12,5.04,0
Tecido,348.10,66.67,74.12,4.24,0
Tecido,354.29,64.76,89.02,3.92,0
Tecido,350.60,67.34,78.04,3.52,0
Tecido,349.05,66.67,74.12,3.36,0
Tecido,354.00,63.64,86.27,3.17,0
Tecido,355.95,65.20,89.02,3.88,0
Tecido,349.05,66.67,74.12,3.41,0
Tecido,348.39,65.26,74.51,3.00,0
Tecido,353.79,64.73,87.84,2.82,0
Tecido,355.95,65.20,89.02,2.74,0
Tecido,349.13,66.84,74.51,2.50,0
Tecido,348.57,66.67,74.12,2.25,0
Tecido,353.92,65.20,89.02,2.21,0
Tecido,351.86,67.63,81.18,2.16,0
Tecido,349.05,66.67,74.12,2.09,0
Tecido,348.48,64.77,75.69,2.40,0
Tecido,355.10,64.76,89.02,3.50,0
Tecido,349.05,66.67,74.12,3.86,0
Tecido,348.48,66.14,74.12,3.55,0
Tecido,352.66,64.35,84.71,3.27,0
Tecido,355.51,64.76,89.02,4.24,0
Tecido,350.98,66.83,78.04,5.54,0
Tecido,349.05,66.67,74.12,5.14,0
Tecido,353.57,63.93,85.88,5.10,0
Tecido,355.57,65.64,89.02,5.64,0
Tecido,349.05,66.67,74.12,4.82,0
Tecido,348.66,67.20,74.12,4.19,0
Tecido,353.47,65.33,88.24,3.86,0
Tecido,352.99,66.18,81.18,3.87,0
Tecido,349.05,66.67,74.12,3.62,0
Tecido,351.56,64.29,82.35,3.38,0
Tecido,354.69,64.76,89.02,2.96,0
Tecido,349.05,66.67,74.12,2.76,0
Tecido,348.10,66.67,74.12,2.41,0
Tecido,353.92,65.20,89.02,2.66,0
Tecido,351.62,67.33,79.22,2.57,0
Tecido,349.05,66.67,74.12,2.61,0
Tecido,350.00,65.02,79.61,2.47,0
Tecido,354.29,64.76,89.02,2.50,0
Tecido,350.45,67.01,77.25,2.11,0
Tecido,349.05,66.67,74.12,1.81,0
Tecido,353.42,65.18,87.84,2.11,0
Tecido,352.66,66.83,81.57,2.23,0
Tecido,349.44,66.14,74.12,2.53,0
Tecido,349.35,64.58,75.29,2.27,0
Tecido,354.69,64.76,89.02,2.23,0
Tecido,351.74,67.32,80.39,2.22,0
Tecido,349.05,66.67,74.12,1.94,0
Tecido,352.23,64.65,84.31,1.98,0
Tecido,354.66,66.67,85.88,1.82,0
Tecido,348.66,67.20,74.12,1.81,0
Tecido,350.38,64.53,79.61,1.77,0
Tecido,355.54,65.20,89.02,1.48,0
Tecido,350.45,67.01,77.25,1.42,0
Tecido,349.05,66.67,74.12,3.00,0
Tecido,350.60,64.73,81.18,3.38,0
Tecido,354.29,64.76,89.02,3.77,0
Tecido,349.30,67.19,75.29,3.31,0
Tecido,349.05,66.67,74.12,3.47,0
Tecido,353.47,65.33,88.24,3.63,0
Tecido,355.23,66.52,89.02,3.38,0
Tecido,349.13,66.84,74.51,3.86,0
Tecido,348.57,66.67,74.12,4.29,0
Tecido,351.94,63.81,82.35,4.02,0
Tecido,355.10,64.76,89.02,4.10,0
Tecido,352.06,67.00,79.61,4.19,0
Tecido,349.05,66.67,74.12,3.73,0
Tecido,352.61,64.19,84.31,3.52,0
Tecido,355.51,64.76,89.02,3.33,0
Tecido,350.67,67.50,78.43,3.19,0
Tecido,349.05,66.67,74.12,2.74,0
Tecido,353.24,64.55,86.27,2.46,0
Tecido,355.54,65.20,89.02,2.29,0
Tecido,349.92,67.18,76.47,2.08,0
Tecido,349.52,66.67,74.12,2.14,0
Tecido,351.04,64.73,81.18,2.27,0
Tecido,354.69,64.76,89.02,2.45,0
Tecido,349.05,66.67,74.12,2.42,0
Tecido,348.57,66.67,74.12,2.56,0
Tecido,353.92,65.20,89.02,2.57,0
Tecido,355.10,66.22,87.06,2.24,0
Tecido,349.05,66.67,74.12,2.37,0
Tecido,349.47,65.50,78.43,2.36,0
Tecido,355.51,64.76,89.02,2.27,0
Tecido,350.60,67.34,78.04,2.19,0
Tecido,349.05,66.67,74.12,1.93,0
Tecido,352.77,64.68,85.49,1.78,0
Tecido,353.24,66.98,83.14,2.26,0
Tecido,349.05,66.67,74.12,2.12,0
Tecido,350.67,64.90,81.57,2.26,0
Tecido,355.57,65.64,89.02,2.79,0
Tecido,349.05,66.67,74.12,2.48,0
Tecido,348.20,64.55,74.12,2.09,0
Tecido,354.69,64.76,89.02,2.09,0
Tecido,352.23,67.15,81.18,1.96,0
Tecido,349.05,66.67,74.12,2.37,0
Tecido,348.87,64.25,75.69,5.53,0
Tecido,355.10,64.76,89.02,5.52,0
Tecido,349.05,66.67,74.12,5.09,0
Tecido,348.10,66.67,74.12,4.56,0
Tecido,352.55,64.02,83.92,9.00,0
Tecido,355.86,63.88,89.02,7.97,0
Tecido,351.04,67.00,78.43,6.70,0
Tecido,349.05,66.67,74.12,6.01,0
Tecido,352.66,64.35,84.71,5.26,0
Tecido,355.14,65.20,89.02,4.81,0
Tecido,350.45,67.01,77.25,4.13,0
Tecido,349.05,66.67,74.12,3.89,0
Tecido,353.57,63.93,85.88,3.72,0
Tecido,355.95,65.20,89.02,4.15,0
Tecido,349.92,67.18,76.47,4.18,0
Tecido,349.05,66.67,74.12,3.79,0
Tecido,350.98,64.25,81.18,3.24,0
Tecido,354.69,64.76,89.02,3.10,0
Tecido,349.44,66.14,74.12,2.72,0
Tecido,348.57,66.67,74.12,2.66,0
Tecido,353.84,64.89,88.24,2.37,0
Tecido,355.23,66.52,89.02,2.13,0
Tecido,349.05,66.67,74.12,1.86,0
Tecido,348.57,66.67,74.12,1.83,0
Tecido,352.12,64.32,83.53,1.92,0
Tecido,355.10,64.76,89.02,2.00,0
Tecido,349.05,66.67,74.12,1.73,0
Tecido,348.57,66.67,74.12,1.49,0
Tecido,353.92,65.20,89.02,1.45,0
Tecido,354.25,66.67,85.88,1.71,0
Tecido,349.05,66.67,74.12,1.75,0
Tecido,349.55,65.35,79.22,1.77,0
Tecido,355.10,64.76,89.02,1.60,0
Tecido,351.24,67.49,79.61,1.60,0
Tecido,349.05,66.67,74.12,1.54,0
Tecido,353.14,64.22,85.49,1.50,0
Tecido,355.14,65.20,89.02,1.83,0
Tecido,351.56,67.16,78.82,2.31,0
Tecido,348.57,66.67,74.12,2.12,0
Tecido,353.19,64.38,85.88,7.42,0
Tecido,355.95,65.20,89.02,6.68,0
Tecido,349.05,66.67,74.12,7.20,0
Tecido,348.39,65.61,74.12,7.70,0
Tecido,354.29,64.76,89.02,7.31,0
Tecido,353.24,66.98,83.14,6.27,0
Tecido,349.05,66.67,74.12,6.63,0
Tecido,351.30,63.90,80.39,5.70,0
Tecido,354.69,64.76,89.02,22.32,0
Tecido,350.23,66.84,75.69,19.01,0
Tecido,348.57,66.67,74.12,16.65,0
Tecido,350.53,64.56,80.78,13.79,0
Tecido,354.29,64.76,89.02,19.28,0
Tecido,350.23,66.84,75.69,16.63,0
Tecido,349.05,66.67,74.12,14.21,0
Tecido,350.60,64.73,81.18,12.22,0
Tecido,354.29,64.76,89.02,10.56,0
Tecido,349.61,66.49,74.90,10.92,0
Tecido,349.44,66.14,74.12,9.44,0
Tecido,350.98,64.25,81.18,8.32,0
Tecido,354.69,64.76,89.02,7.39,0
Tecido,349.61,66.49,74.90,6.71,0
Tecido,348.57,66.67,74.12,6.24,0
Tecido,351.56,64.29,82.35,5.61,0
Tecido,354.69,64.76,89.02,4.67,0
Tecido,349.52,66.67,74.12,4.48,0
Tecido,348.57,66.67,74.12,3.99,0
Tecido,353.84,64.89,88.24,3.94,0
Tecido,352.23,67.15,81.18,3.72,0
Tecido,349.05,66.67,74.12,3.83,0
Tecido,352.12,64.32,83.53,3.36,0
Tecido,355.10,64.76,89.02,3.08,0
Tecido,349.05,66.67,74.12,2.89,0
Tecido,348.57,66.67,74.12,2.81,0
Tecido,353.92,65.20,89.02,2.80,0
Tecido,352.17,67.32,80.39,3.02,0
Tecido,349.05,66.67,74.12,2.85,0
Tecido,352.06,64.15,83.14,2.83,0
Tecido,354.69,64.76,89.02,2.92,0
Tecido,351.43,67.96,80.78,2.45,0
Tecido,349.05,66.67,74.12,2.81,0
Tecido,352.44,63.68,83.14,2.73,0
Tecido,355.10,64.76,89.02,2.43,0
Tecido,349.05,66.67,74.12,3.21,0
Tecido,348.10,66.67,74.12,2.66,0
Tecido,353.92,65.20,89.02,9.35,0
Tecido,354.66,66.36,86.27,8.35,0
Tecido,349.05,66.67,74.12,7.55,0
Tecido,349.69,64.65,77.65,7.20,0
Tecido,355.10,64.76,89.02,6.37,0
Tecido,351.04,67.00,78.43,6.58,0
Tecido,349.52,66.67,74.12,7.44,0
Tecido,349.47,65.17,78.82,6.42,0
Tecido,354.29,64.76,89.02,6.84,0
Tecido,351.18,67.33,79.22,5.85,0
Tecido,348.57,66.67,74.12,5.14,0
Tecido,353.14,64.22,85.49,5.27,0
Tecido,355.14,65.20,89.02,23.05,0
Tecido,351.49,67.00,78.43,19.26,0
Tecido,349.44,66.14,74.12,16.04,0
Tecido,350.00,65.02,79.61,14.01,0
Tecido,354.29,64.76,89.02,11.68,0
Tecido,351.11,67.50,78.43,10.38,0
Tecido,349.52,66.67,74.12,9.48,0
Tecido,353.04,63.89,84.71,8.36,0
Tecido,355.14,65.20,89.02,7.49,0
Tecido,350.45,67.01,77.25,7.14,0
Tecido,349.05,66.67,74.12,6.20,0
Tecido,352.82,64.84,85.88,6.50,0
Tecido,353.29,67.14,83.53,5.98,0
Tecido,349.05,66.67,74.12,5.25,0
Tecido,350.60,65.05,80.78,4.92,0
Tecido,355.95,65.20,89.02,4.55,0
Tecido,350.00,67.35,76.86,4.15,0
Tecido,349.05,66.67,74.12,3.67,0
Tecido,352.97,65.32,87.06,3.91,0
Tecido,355.57,65.64,89.02,3.32,0
Tecido,349.52,66.67,74.12,3.13,0
Tecido,348.39,65.61,74.12,2.86,0
Tecido,353.19,64.38,85.88,2.81,0
Tecido,353.53,66.19,82.35,2.68,0
Tecido,349.05,66.67,74.12,2.75,0
Tecido,350.53,64.56,80.78,2.34,0
Tecido,353.92,65.20,89.02,2.97,0
Tecido,349.77,66.84,75.69,3.05,0
Tecido,349.05,66.67,74.12,3.61,0
Tecido,353.71,64.41,87.06,3.87,0
Tecido,355.60,66.08,89.02,3.19,0
Tecido,349.69,67.02,74.90,3.39,0
Tecido,348.57,66.67,74.12,3.08,0
Tecido,351.11,64.59,81.96,3.24,0
Tecido,354.69,64.76,89.02,3.23,0
Tecido,351.86,67.63,81.18,2.90,0
Tecido,349.05,66.67,74.12,3.72,0
Tecido,348.39,64.58,75.29,3.39,0
Tecido,354.73,65.20,89.02,8.74,0
Tecido,349.52,66.67,74.12,7.41,0
Tecido,348.10,66.67,74.12,6.59,0
Tecido,353.92,65.20,89.02,5.84,0
Tecido,351.74,67.32,80.39,5.21,0
Tecido,349.05,66.67,74.12,4.74,0
Tecido,352.66,64.35,84.71,4.16,0
Tecido,354.32,65.20,89.02,3.98,0
Tecido,351.68,67.49,79.61,3.52,0
Tecido,349.05,66.67,74.12,3.41,0
Tecido,349.47,65.17,78.82,3.34,0
Tecido,354.29,64.76,89.02,3.21,0
Tecido,350.60,67.34,78.04,3.11,0
Tecido,349.52,66.67,74.12,2.92,0
Tecido,353.57,63.93,85.88,2.56,0
Tecido,355.54,65.20,89.02,2.46,0
Tecido,351.36,67.01,77.25,2.81,0
Tecido,349.05,66.67,74.12,2.43,0
Tecido,350.15,65.05,80.78,2.42,0
Tecido,353.92,65.20,89.02,2.26,0
Tecido,349.30,67.19,75.29,2.40,0
Tecido,348.57,66.67,74.12,2.11,0
Tecido,353.19,64.38,85.88,2.89,0
Tecido,355.20,66.08,89.02,2.66,0
Tecido,349.05,66.67,74.12,2.63,0
Tecido,348.29,65.08,74.12,2.74,0
Tecido,354.69,64.76,89.02,2.62,0
Tecido,349.69,67.02,74.90,2.33,0
Tecido,348.57,66.67,74.12,2.72,0
Tecido,353.84,64.89,88.24,2.80,0
Tecido,354.83,66.52,89.02,3.20,0
Tecido,349.05,66.67,74.12,2.81,0
Tecido,349.05,66.67,74.12,3.18,0
Tecido,353.92,65.20,89.02,2.86,0
Tecido,352.23,67.15,81.18,2.45,0
Tecido,349.05,66.67,74.12,2.42,0
Tecido,351.56,64.29,82.35,2.68,0
Tecido,354.69,64.76,89.02,2.69,0
Tecido,352.23,67.15,81.18,2.64,0
Tecido,349.05,66.67,74.12,2.31,0
Tecido,349.13,65.13,76.47,2.20,0
Tecido,354.69,64.76,89.02,2.07,0
Tecido,349.05,66.67,74.12,2.24,0
Tecido,348.57,66.67,74.12,2.35,0
Tecido,353.92,65.20,89.02,2.36,0
Tecido,351.62,67.00,79.61,2.13,0
Tecido,349.05,66.67,74.12,1.91,0
Tecido,352.50,63.85,83.53,2.10,0
Tecido,355.10,64.76,89.02,2.13,0
Tecido,351.49,67.00,78.43,2.20,0
Tecido,349.05,66.67,74.12,2.30,0
Tecido,349.77,64.50,78.43,2.09,0
Tecido,355.51,64.76,89.02,1.89,0
Tecido,350.98,66.83,78.04,1.81,0
Tecido,349.05,66.67,74.12,1.76,0
Tecido,350.38,64.53,79.61,2.01,0
Tecido,354.29,64.76,89.02,2.30,0
Tecido,350.53,67.17,77.65,2.48,0
Tecido,349.05,66.67,74.12,3.07,0
Tecido,353.75,64.57,87.45,3.08,0
Tecido,355.95,65.20,89.02,2.95,0
Tecido,349.77,66.84,75.69,3.19,0
Tecido,349.05,66.67,74.12,3.41,0
Tecido,353.79,64.73,87.84,3.14,0
Tecido,355.20,66.08,89.02,4.67,0
Tecido,350.00,66.32,74.51,4.32,0
Tecido,348.57,66.67,74.12,3.67,0
Tecido,353.47,65.33,88.24,3.35,0
Tecido,352.29,67.63,81.18,3.13,0
Tecido,349.52,66.67,74.12,2.92,0
Tecido,352.06,64.15,83.14,3.76,0
Tecido,355.10,64.76,89.02,10.07,0
Tecido,349.52,66.67,74.12,8.57,0
Tecido,349.05,66.67,74.12,7.42,0
Tecido,352.61,64.19,84.31,6.71,0
Tecido,355.14,65.20,89.02,5.83,0
Tecido,351.62,67.33,79.22,5.80,0
Tecido,349.52,66.67,74.12,5.17,0
Tecido,353.04,63.89,84.71,4.48,0
Tecido,355.54,65.20,89.02,4.22,0
Tecido,349.05,66.67,74.12,4.11,0
Tecido,349.05,66.67,74.12,3.94,0
Tecido,353.24,64.55,86.27,3.46,0
Tecido,355.95,65.20,89.02,4.40,0
Tecido,349.92,67.18,76.47,3.87,0
Tecido,349.05,66.67,74.12,3.59,0
Tecido,353.57,63.93,85.88,3.71,0
Tecido,355.20,66.08,89.02,3.30,0
Tecido,349.77,66.84,75.69,4.74,0
Tecido,349.05,66.67,74.12,3.86,0
Tecido,354.04,100.00,63.14,1.46,0
Tecido,354.00,100.00,62.75,2.69,0
Tecido,354.00,100.00,62.75,3.36,0
Tecido,354.00,100.00,62.75,3.89,0
Tecido,354.04,100.00,63.14,3.84,0
Tecido,354.30,100.00,61.96,4.14,0
Tecido,353.92,100.00,61.96,4.49,0
Tecido,354.37,100.00,62.75,4.77,0
Tecido,354.12,100.00,60.00,4.92,0
Tecido,354.00,100.00,62.75,4.63,0
Tecido,354.27,100.00,61.57,4.32,0
Tecido,353.73,100.00,60.00,4.25,0
Tecido,354.37,100.00,62.75,4.32,0
Tecido,354.12,100.00,60.00,4.32,0
Tecido,354.00,100.00,62.75,4.28,0
Tecido,354.27,100.00,61.57,4.05,0
Tecido,353.73,100.00,60.00,4.03,0
Tecido,354.37,100.00,62.75,3.94,0
Tecido,354.12,100.00,60.00,3.56,0
Tecido,353.96,100.00,62.35,3.40,0
Tecido,354.72,100.00,62.35,3.03,0
Tecido,354.12,100.00,60.00,2.89,0
Tecido,354.37,100.00,62.75,2.70,0
Tecido,354.12,100.00,60.00,2.48,0
Tecido,353.77,100.00,60.39,2.39,0
Tecido,354.37,100.00,62.75,2.30,0
Tecido,354.16,100.00,60.39,2.26,0
Tecido,354.00,100.00,62.75,2.04,0
Tecido,354.16,100.00,60.39,2.15,0
Tecido,353.85,100.00,61.18,2.09,0
Tecido,354.37,100.00,62.75,2.00,0
Tecido,354.12,100.00,60.00,2.09,0
Tecido,354.00,100.00,62.75,2.11,0
Tecido,354.19,100.00,60.78,1.98,0
Tecido,353.73,100.00,60.00,1.73,0
Tecido,354.37,100.00,62.75,1.58,0
Tecido,354.23,100.00,61.18,1.65,0
Tecido,354.00,100.00,62.75,1.75,0
Tecido,354.23,100.00,61.18,1.69,0
Tecido,353.73,100.00,60.00,1.45,0
Tecido,354.34,100.00,62.35,1.69,0
Tecido,354.44,100.00,59.22,1.46,0
Tecido,353.73,100.00,60.00,1.61,0
Tecido,354.37,100.00,62.75,1.45,0
Tecido,354.12,100.00,60.00,1.28,0
Tecido,354.37,100.00,62.75,1.38,0
Tecido,354.16,100.00,60.39,1.27,0
Tecido,353.73,100.00,60.00,1.60,0
Tecido,354.41,100.00,63.14,1.48,0
Tecido,354.00,100.00,62.75,1.30,0
Tecido,353.66,100.00,63.14,1.33,0
Tecido,354.12,100.00,60.00,1.43,0
Tecido,354.12,100.00,60.00,1.43,0
Tecido,354.30,100.00,61.96,1.54,0
Tecido,354.51,100.00,60.00,1.33,0
Tecido,353.89,100.00,61.57,1.34,0
Tecido,354.23,100.00,61.18,1.42,0
Tecido,354.12,100.00,60.00,1.32,0
Tecido,354.37,100.00,62.75,1.36,0
Tecido,354.12,100.00,60.00,1.41,0
Tecido,353.85,100.00,61.18,1.33,0
Tecido,354.37,100.00,62.75,1.22,0
Tecido,353.77,100.00,60.39,1.29,0
Tecido,354.41,100.00,63.14,1.39,0
Tecido,354.19,100.00,60.78,1.28,0
Tecido,353.85,100.00,61.18,1.16,0
Tecido,354.41,100.00,63.14,1.11,0
Tecido,353.85,100.00,61.18,1.34,0
Tecido,353.66,100.00,63.14,1.54,0
Tecido,354.27,100.00,61.57,1.53,0
Tecido,353.54,100.00,61.96,1.65,0
Tecido,354.41,100.00,63.14,1.60,0
Tecido,354.16,100.00,60.39,1.63,0
Tecido,354.04,100.00,63.14,1.86,0
Tecido,354.37,100.00,62.75,1.81,0
Tecido,353.58,100.00,62.35,1.80,0
Tecido,354.22,100.00,65.10,1.59,0
Tecido,353.96,100.00,62.35,1.40,0
Tecido,353.66,100.00,63.14,1.69,0
Tecido,354.00,100.00,62.75,1.71,0
Tecido,353.92,100.00,61.96,1.50,0
Tecido,354.25,100.00,65.49,1.61,0
Tecido,354.34,100.00,62.35,1.52,0
Tecido,353.62,100.00,62.75,1.36,0
Tecido,354.07,100.00,63.53,1.33,0
Tecido,354.00,100.00,62.75,1.43,0
Tecido,354.18,100.00,64.71,1.47,0
Tecido,354.30,100.00,61.96,1.56,0
Tecido,353.58,100.00,62.35,1.43,0
Tecido,354.18,100.00,64.71,1.36,0
Tecido,353.89,100.00,61.57,1.39,0
Tecido,353.66,100.00,63.14,1.39,0
Tecido,354.04,100.00,63.14,1.43,0
Tecido,353.92,100.00,61.96,1.34,0
Tecido,354.22,100.00,65.10,1.28,0
Tecido,354.30,100.00,61.96,1.19,0
Tecido,353.58,100.00,62.35,1.26,0
Tecido,354.48,100.00,63.92,1.37,0
Tecido,353.92,100.00,61.96,1.20,0
Tecido,354.11,100.00,63.92,1.28,0
Tecido,354.34,100.00,62.35,1.26,0
Tecido,353.58,100.00,62.35,1.37,0
Tecido,354.58,100.00,65.10,1.19,0
Tecido,354.34,100.00,62.35,1.13,0
Tecido,353.78,100.00,64.31,1.41,0
Tecido,354.00,100.00,62.75,1.37,0
Tecido,353.62,100.00,62.75,1.32,0
Tecido,354.22,100.00,65.10,1.19,0
Tecido,353.96,100.00,62.35,1.22,0
Tecido,353.66,100.00,63.14,1.19,0
Tecido,354.00,100.00,62.75,1.21,0
Tecido,353.58,100.00,62.35,1.20,0
Tecido,354.25,100.00,65.49,1.18,0
Tecido,354.00,100.00,62.75,1.29,0
Tecido,353.62,100.00,62.75,1.27,0
Tecido,354.04,100.00,63.14,1.38,0
Tecido,353.96,100.00,62.35,1.29,0
Tecido,354.22,100.00,65.10,1.31,0
Tecido,353.92,100.00,61.96,1.36,0
Tecido,353.62,100.00,62.75,1.23,0
Tecido,354.22,100.00,65.10,1.14,0
Tecido,354.00,100.00,62.75,1.27,0
Tecido,353.89,100.00,65.49,1.54,0
Tecido,354.00,100.00,62.75,1.59,0
Tecido,353.62,100.00,62.75,1.54,0
Tecido,354.25,100.00,65.49,1.67,0
Tecido,354.00,100.00,62.75,1.51,0
Tecido,353.78,100.00,64.31,1.41,0
Tecido,354.37,100.00,62.75,1.41,0
Tecido,353.62,100.00,62.75,1.61,0
Tecido,354.25,100.00,65.49,1.56,0
Tecido,354.00,100.00,62.75,1.79,0
Tecido,353.86,100.00,65.10,1.95,0
Tecido,354.04,100.00,63.14,1.81,0
Tecido,353.62,100.00,62.75,1.59,0
Tecido,354.25,100.00,65.49,1.79,0
Tecido,354.00,100.00,62.75,1.54,0
Tecido,353.78,100.00,64.31,1.61,0
Tecido,354.25,100.00,65.49,1.48,0
Tecido,354.00,100.00,62.75,1.61,0
Tecido,353.89,100.00,65.49,1.67,0
Tecido,354.00,100.00,62.75,2.01,0
Tecido,353.66,100.00,63.14,1.99,0
Tecido,354.25,100.00,65.49,1.69,0
Tecido,354.00,100.00,62.75,1.55,0
Tecido,353.89,100.00,65.49,1.55,0
Tecido,354.00,100.00,62.75,1.71,0
Tecido,353.62,100.00,62.75,2.10,0
Tecido,354.25,100.00,65.49,1.92,0
Tecido,354.00,100.00,62.75,1.72,0
Tecido,353.89,100.00,65.49,1.67,0
Tecido,354.04,100.00,63.14,1.61,0
Tecido,353.62,100.00,62.75,1.43,0
Tecido,354.25,100.00,65.49,1.39,0
Tecido,354.00,100.00,62.75,1.33,0
Tecido,353.89,100.00,65.49,1.41,0
Tecido,354.07,100.00,63.53,1.43,0
Tecido,353.62,100.00,62.75,1.34,0
Tecido,354.25,100.00,65.49,1.38,0
Tecido,354.04,100.00,63.14,1.54,0
Tecido,353.89,100.00,65.49,1.47,0
Tecido,354.55,100.00,64.71,1.47,0
Tecido,353.62,100.00,62.75,1.32,0
Tecido,353.89,100.00,65.49,1.31,0
Tecido,354.00,100.00,62.75,1.44,0
Tecido,353.74,100.00,63.92,1.44,0
Tecido,354.22,100.00,65.10,1.56,0
Tecido,353.62,100.00,62.75,1.51,0
Tecido,354.25,100.00,65.49,1.57,0
Tecido,354.00,100.00,62.75,1.66,0
Tecido,353.66,100.00,63.14,1.65,0
Tecido,354.25,100.00,65.49,1.96,0
Tecido,354.00,100.00,62.75,1.64,0
Tecido,353.89,100.00,65.49,1.54,0
Tecido,354.00,100.00,62.75,1.56,0
Tecido,353.62,100.00,62.75,1.56,0
Tecido,354.25,100.00,65.49,1.42,0
Tecido,354.00,100.00,62.75,1.36,0
Tecido,353.89,100.00,65.49,1.41,0
Tecido,354.04,100.00,63.14,1.38,0
Tecido,353.62,100.00,62.75,1.44,0
Tecido,354.25,100.00,65.49,1.65,0
Tecido,354.00,100.00,62.75,1.43,0
Tecido,353.89,100.00,65.49,1.45,0
Tecido,354.11,100.00,63.92,1.36,0
Tecido,353.62,100.00,62.75,1.28,0
Tecido,354.25,100.00,65.49,1.55,0
Tecido,354.00,100.00,62.75,1.62,0
Tecido,353.78,100.00,64.31,2.14,0
Tecido,354.22,100.00,65.10,2.10,0
Tecido,353.62,100.00,62.75,1.81,0
Tecido,354.25,100.00,65.49,1.75,0
Tecido,354.00,100.00,62.75,1.77,0
Tecido,353.66,100.00,63.14,1.46,0
Tecido,354.22,100.00,65.10,1.60,0
Tecido,353.62,100.00,62.75,1.57,0
Tecido,354.25,100.00,65.49,1.63,0
Tecido,354.00,100.00,62.75,1.51,0
Tecido,353.66,100.00,63.14,1.50,0
Tecido,354.25,100.00,65.49,1.41,0
Tecido,353.62,100.00,62.75,1.54,0
Tecido,353.89,100.00,65.49,1.31,0
Tecido,354.00,100.00,62.75,1.65,0
Tecido,353.62,100.00,62.75,1.51,0
Tecido,354.25,100.00,65.49,1.54,0
Tecido,354.00,100.00,62.75,1.45,0
Tecido,353.89,100.00,65.49,1.37,0
Tecido,354.00,100.00,62.75,1.36,0
Tecido,353.62,100.00,62.75,1.26,0
Tecido,354.25,100.00,65.49,1.63,0
Tecido,354.00,100.00,62.75,1.65,0
Tecido,353.86,100.00,65.10,1.62,0
Tecido,354.04,100.00,63.14,1.72,0
Tecido,353.62,100.00,62.75,1.78,0
Tecido,354.25,100.00,65.49,1.64,0
Tecido,354.00,100.00,62.75,1.48,0
Tecido,353.86,100.00,65.10,1.70,0
Tecido,354.18,100.00,64.71,1.56,0
Tecido,353.62,100.00,62.75,1.61,0
Tecido,354.25,100.00,65.49,1.66,0
Tecido,354.00,100.00,62.75,1.69,0
Tecido,353.82,100.00,64.71,1.57,0
Tecido,354.18,100.00,64.71,1.68,0
Tecido,353.62,100.00,62.75,1.58,0
Tecido,353.89,100.00,65.49,1.34,0
Tecido,354.04,100.00,63.14,1.29,0
Tecido,353.41,100.00,64.31,1.44,0
Tecido,354.25,100.00,65.49,1.36,0
Tecido,353.74,100.00,63.92,1.39,0
Tecido,353.89,100.00,65.49,1.33,0
Tecido,354.00,100.00,62.75,1.61,0
Tecido,353.25,100.00,62.75,1.70,0
Tecido,354.25,100.00,65.49,1.90,0
Tecido,353.66,100.00,63.14,1.87,0
Tecido,353.89,100.00,65.49,1.72,0
Tecido,354.04,100.00,63.14,1.47,0
Tecido,353.66,100.00,63.14,1.70,0
Tecido,354.25,100.00,65.49,1.73,0
Tecido,353.66,100.00,63.14,1.78,0
Tecido,353.89,100.00,65.49,1.72,0
Tecido,354.04,100.00,63.14,1.63,0
Tecido,353.25,100.00,62.75,1.66,0
Tecido,354.25,100.00,65.49,1.44,0
Tecido,354.04,100.00,63.14,1.82,0
Tecido,353.89,100.00,65.49,1.62,0
Tecido,354.18,100.00,64.71,1.40,0
Tecido,353.29,100.00,63.14,1.36,0
Tecido,353.89,100.00,65.49,1.35,0
Tecido,353.70,100.00,63.53,1.21,0
Tecido,353.53,100.00,65.49,1.39,0
Tecido,354.25,100.00,65.49,1.69,0
Tecido,353.74,100.00,63.92,1.53,0
Tecido,354.00,100.00,66.67,1.71,0
Tecido,353.74,100.00,63.92,1.64,0
Tecido,353.49,100.00,65.10,1.71,0
Tecido,353.89,100.00,65.49,1.66,0
Tecido,353.66,100.00,63.14,1.48,0
Tecido,354.10,100.00,67.84,1.49,0
Tecido,354.11,100.00,63.92,1.75,0
Tecido,353.41,100.00,64.31,1.71,0
Tecido,354.32,100.00,66.27,1.90,0
Tecido,353.66,100.00,63.14,1.97,0
Tecido,353.96,100.00,66.27,1.75,0
Tecido,354.15,100.00,64.31,1.68,0
Tecido,353.66,100.00,63.14,1.60,0
Tecido,354.42,100.00,67.45,1.39,0
Tecido,353.70,100.00,63.53,1.37,0
Tecido,353.61,100.00,66.27,1.28,0
Tecido,354.11,100.00,63.92,1.41,0
Tecido,353.33,100.00,63.53,1.52,0
Tecido,354.00,100.00,66.67,1.52,0
Tecido,353.70,100.00,63.53,1.78,0
Tecido,353.57,100.00,65.88,1.60,0
Tecido,353.86,100.00,65.10,1.56,0
Tecido,353.78,100.00,64.31,1.40,0
Tecido,353.93,100.00,65.88,1.39,0
Tecido,353.78,100.00,64.31,1.45,0
Tecido,353.53,100.00,65.49,1.58,0
Tecido,353.89,100.00,65.49,1.58,0
Tecido,353.33,100.00,63.53,1.45,0
Tecido,353.96,100.00,66.27,1.54,0
Tecido,354.11,100.00,63.92,1.50,0
Tecido,353.53,100.00,65.49,1.30,0
Tecido,354.25,100.00,65.49,1.38,0
Tecido,353.70,100.00,63.53,1.43,0
Tecido,354.07,100.00,67.45,1.27,0
Tecido,353.70,100.00,63.53,1.47,0
Tecido,353.53,100.00,65.49,1.47,0
Tecido,353.89,100.00,65.49,1.37,0
Tecido,353.70,100.00,63.53,1.39,0
Tecido,354.07,100.00,67.45,1.55,0
Tecido,353.82,100.00,64.71,1.45,0
Tecido,353.53,100.00,65.49,1.26,0
Tecido,353.93,100.00,65.88,1.35,0
Tecido,353.86,100.00,65.10,1.33,0
Tecido,354.10,100.00,67.84,1.46,0
Tecido,353.89,100.00,65.49,1.43,0
Tecido,353.49,100.00,65.10,1.65,0
Tecido,354.10,100.00,67.84,1.55,0
Tecido,353.78,100.00,64.31,1.71,0
Tecido,353.61,100.00,66.27,1.52,0
Tecido,353.86,100.00,65.10,1.59,0
Tecido,353.45,100.00,64.71,1.58,0
Tecido,354.04,100.00,67.06,1.40,0
Tecido,353.78,100.00,64.31,1.77,0
Tecido,353.53,100.00,65.49,1.59,0
Tecido,353.82,100.00,64.71,1.72,0
Tecido,353.29,100.00,63.14,1.46,0
Tecido,354.00,100.00,66.67,1.31,0
Tecido,354.07,100.00,63.53,1.37,0
Tecido,353.53,100.00,65.49,1.30,0
Tecido,354.25,100.00,65.49,1.32,0
Tecido,353.41,100.00,64.31,1.56,0
Tecido,354.00,100.00,66.67,1.58,0
Tecido,353.74,100.00,63.92,1.42,0
Tecido,353.53,100.00,65.49,1.40,0
Tecido,354.25,100.00,65.49,1.20,0
Tecido,353.74,100.00,63.92,1.40,0
Tecido,353.96,100.00,66.27,1.33,0
Tecido,354.15,100.00,64.31,1.19,0
Tecido,353.53,100.00,65.49,1.20,0
Tecido,353.89,100.00,65.49,1.37,0
Tecido,353.74,100.00,63.92,1.33,0
Tecido,354.04,100.00,67.06,1.17,0
Tecido,354.04,100.00,63.14,1.22,0
Tecido,353.45,100.00,64.71,1.18,0
Tecido,354.25,100.00,65.49,1.16,0
Tecido,353.70,100.00,63.53,1.37,0
Tecido,354.04,100.00,67.06,1.43,0
Tecido,354.04,100.00,63.14,1.44,0
Tecido,353.78,100.00,64.31,1.67,0
Tecido,354.25,100.00,65.49,1.68,0
Tecido,353.66,100.00,63.14,1.43,0
Tecido,353.89,100.00,65.49,1.62,0
Tecido,354.04,100.00,63.14,1.57,0
Tecido,353.33,100.00,63.53,1.66,0
Tecido,353.93,100.00,65.88,1.88,0
Tecido,353.66,100.00,63.14,2.00,0
Tecido,353.93,100.00,65.88,1.82,0
Tecido,353.86,100.00,65.10,1.81,0
Tecido,353.45,100.00,64.71,1.60,0
Tecido,354.14,100.00,68.24,1.72,0
Tecido,353.89,100.00,65.49,1.48,0
Tecido,353.57,100.00,65.88,1.30,0
Tecido,353.89,100.00,65.49,1.29,0
Tecido,353.41,100.00,64.31,1.35,0
Tecido,354.14,100.00,68.24,1.39,0
Tecido,353.86,100.00,65.10,1.39,0
Tecido,353.53,100.00,65.49,1.45,0
Tecido,353.89,100.00,65.49,1.65,0
Tecido,353.86,100.00,65.10,1.52,0
Tecido,353.96,100.00,66.27,1.68,0
Tecido,353.89,100.00,65.49,1.45,0
Tecido,353.53,100.00,65.49,1.37,0
Tecido,354.25,100.00,65.49,1.57,0
Tecido,353.70,100.00,63.53,1.70,0
Tecido,353.96,100.00,66.27,1.59,0
Tecido,354.11,100.00,63.92,1.81,0
Tecido,353.45,100.00,64.71,1.69,0
Tecido,353.93,100.00,65.88,1.70,0
Tecido,353.78,100.00,64.31,1.64,0
Tecido,353.61,100.00,66.27,1.76,0
Tecido,353.89,100.00,65.49,1.64,0
Tecido,353.41,100.00,64.31,1.54,0
Tecido,354.07,100.00,67.45,1.50,0
Tecido,353.82,100.00,64.71,1.44,0
Tecido,353.65,100.00,66.67,1.44,0
Tecido,353.89,100.00,65.49,1.35,0
Tecido,353.49,100.00,65.10,1.44,0
Tecido,354.10,100.00,67.84,1.27,0
Tecido,353.82,100.00,64.71,1.44,0
Tecido,353.53,100.00,65.49,1.42,0
Tecido,353.89,100.00,65.49,1.54,0
Tecido,353.74,100.00,63.92,1.67,0
Tecido,354.04,100.00,67.06,1.82,0
Tecido,353.62,100.00,62.75,1.72,0
Tecido,353.53,100.00,65.49,1.97,0
Tecido,354.25,100.00,65.49,1.68,0
Tecido,353.66,100.00,63.14,1.61,0
Tecido,354.10,100.00,67.84,1.58,0
Tecido,354.04,100.00,63.14,1.58,0
Tecido,353.89,100.00,65.49,1.61,0
Tecido,354.25,100.00,65.49,1.49,0
Tecido,353.66,100.00,63.14,1.68,0
Tecido,354.07,100.00,67.45,1.73,0
Tecido,354.07,100.00,63.53,1.61,0
Tecido,353.37,100.00,63.92,1.53,0
Tecido,353.93,100.00,65.88,1.88,0
Tecido,353.78,100.00,64.31,1.94,0
Tecido,353.68,100.00,67.06,1.79,0
Tecido,353.86,100.00,65.10,1.65,0
Tecido,353.53,100.00,65.49,1.60,0
Tecido,354.10,100.00,67.84,1.75,0
Tecido,353.82,100.00,64.71,1.77,0
Tecido,353.57,100.00,65.88,1.83,0
Tecido,353.86,100.00,65.10,1.75,0
Tecido,353.41,100.00,64.31,1.80,0
Tecido,353.96,100.00,66.27,1.67,0
Tecido,354.15,100.00,64.31,1.77,0
Tecido,353.53,100.00,65.49,1.93,0
Tecido,354.25,100.00,65.49,2.03,0
Tecido,353.70,100.00,63.53,2.27,0
Tecido,353.96,100.00,66.27,2.04,0
Tecido,354.11,100.00,63.92,1.85,0
Tecido,353.53,100.00,65.49,1.55,0
Tecido,354.25,100.00,65.49,1.47,0
Tecido,353.66,100.00,63.14,1.30,0
Tecido,354.04,100.00,67.06,1.26,0
Tecido,353.70,100.00,63.53,1.29,0
Tecido,353.53,100.00,65.49,1.31,0
Tecido,354.29,100.00,65.88,1.23,0
Tecido,353.78,100.00,64.31,1.18,0
Tecido,353.93,100.00,65.88,1.16,0
Tecido,353.78,100.00,64.31,1.17,0
Tecido,353.53,100.00,65.49,1.05,0
Tecido,354.07,100.00,67.45,1.27,0
Tecido,353.86,100.00,65.10,1.42,0
Tecido,353.65,100.00,66.67,1.52,0
Tecido,353.86,100.00,65.10,1.50,0
Tecido,353.49,100.00,65.10,1.38,0
Tecido,353.89,100.00,65.49,1.41,0
Tecido,353.66,100.00,63.14,1.66,0
Tecido,353.53,100.00,65.49,1.65,0
Tecido,353.89,100.00,65.49,1.70,0
Tecido,353.66,100.00,63.14,1.74,0
Tecido,354.00,100.00,66.67,1.64,0
Tecido,353.78,100.00,64.31,1.65,0
Tecido,353.53,100.00,65.49,1.56,0
Tecido,354.25,100.00,65.49,1.53,0
Tecido,353.78,100.00,64.31,1.53,0
Tecido,354.00,100.00,66.67,1.51,0
Tecido,353.66,100.00,63.14,1.41,0
Tecido,353.53,100.00,65.49,1.22,0
Tecido,353.89,100.00,65.49,1.19,0
Tecido,353.86,100.00,65.10,1.05,0
Tecido,354.10,100.00,67.84,1.58,0
Tecido,353.86,100.00,65.10,1.72,0
Tecido,353.53,100.00,65.49,1.81,0
Tecido,354.04,100.00,67.06,1.94,0
Tecido,353.78,100.00,64.31,1.76,0
Tecido,354.04,100.00,67.06,1.72,0
Tecido,353.86,100.00,65.10,2.17,0
Tecido,353.45,100.00,64.71,2.28,0
Tecido,354.04,100.00,67.06,2.12,0
Tecido,353.82,100.00,64.71,2.23,0
Tecido,353.93,100.00,65.88,2.29,0
Tecido,353.82,100.00,64.71,1.93,0
Tecido,353.33,100.00,63.53,1.73,0
Tecido,354.00,100.00,66.67,1.81,0
Tecido,353.74,100.00,63.92,1.71,0
Tecido,353.53,100.00,65.49,1.55,0
Tecido,354.22,100.00,65.10,1.63,0
Tecido,353.33,100.00,63.53,1.58,0
Tecido,354.07,100.00,67.45,1.38,0
Tecido,353.66,100.00,63.14,1.53,0
Tecido,353.53,100.00,65.49,1.83,0
Tecido,353.89,100.00,65.49,1.57,0
Tecido,353.45,100.00,64.71,1.36,0
Tecido,354.07,100.00,67.45,1.48,0
Tecido,353.82,100.00,64.71,1.28,0
Tecido,353.57,100.00,65.88,1.40,0
Tecido,353.93,100.00,65.88,1.28,0
Tecido,353.86,100.00,65.10,1.41,0
Tecido,354.10,100.00,67.84,1.47,0
Tecido,353.82,100.00,64.71,1.68,0
Tecido,353.89,100.00,65.49,1.52,0
Tecido,354.25,100.00,65.49,1.48,0
Tecido,353.74,100.00,63.92,1.67,0
Tecido,354.00,100.00,66.67,1.71,0
Tecido,353.66,100.00,63.14,1.56,0
Tecido,353.41,100.00,64.31,1.55,0
Tecido,354.32,100.00,66.27,1.64,0
Tecido,353.74,100.00,63.92,1.84,0
Tecido,353.96,100.00,66.27,1.99,0
Tecido,353.86,100.00,65.10,1.92,0
Tecido,353.41,100.00,64.31,2.13,0
Tecido,354.04,100.00,67.06,2.27,0
Tecido,353.89,100.00,65.49,2.05,0
Tecido,353.57,100.00,65.88,1.80,0
Tecido,353.89,100.00,65.49,1.77,0
Tecido,353.53,100.00,65.49,1.76,0
Tecido,354.14,100.00,68.24,1.66,0
Tecido,353.89,100.00,65.49,1.48,0
Tecido,353.76,100.00,67.84,1.41,0
Tecido,353.89,100.00,65.49,1.46,0
Tecido,353.53,100.00,65.49,1.54,0
Tecido,353.79,100.00,68.24,1.50,0
Tecido,353.89,100.00,65.49,1.39,0
Tecido,353.53,100.00,65.49,1.36,0
Tecido,353.89,100.00,65.49,1.36,0
Tecido,353.53,100.00,65.49,1.31,0
Tecido,354.10,100.00,67.84,1.24,0
Tecido,354.22,100.00,65.10,1.17,0
Tecido,353.53,100.00,65.49,1.39,0
Tecido,353.93,100.00,65.88,1.27,0
Tecido,353.86,100.00,65.10,1.36,0
Tecido,354.14,100.00,68.24,1.69,0
Tecido,353.89,100.00,65.49,1.51,0
Tecido,353.49,100.00,65.10,1.35,0
Tecido,354.10,100.00,67.84,1.37,0
Tecido,174.00,56.60,20.78,0.97,0
Tecido,172.26,57.41,21.18,1.87,0
Tecido,172.26,57.41,21.18,2.36,0
Tecido,172.00,55.56,21.18,2.91,0
Tecido,172.26,57.41,21.18,3.29,0
Tecido,170.00,55.56,21.18,3.73,0
Tecido,172.26,57.41,21.18,4.05,0
Tecido,172.26,57.41,21.18,4.41,0
Tecido,172.00,55.56,21.18,4.47,0
Tecido,172.26,57.41,21.18,4.68,0
Tecido,172.00,55.56,21.18,4.33,0
Tecido,170.62,58.18,21.57,4.28,0
Tecido,173.79,55.77,20.39,4.03,0
Tecido,173.79,55.77,20.39,3.78,0
Tecido,175.86,55.77,20.39,3.66,0
Tecido,172.00,55.56,21.18,3.46,0
Tecido,174.00,57.69,20.39,3.43,0
Tecido,174.00,56.60,20.78,3.31,0
Tecido,172.00,55.56,21.18,3.01,0
Tecido,172.00,56.60,20.78,2.69,0
Tecido,174.00,56.60,20.78,2.53,0
Tecido,174.00,56.60,20.78,2.72,0
Tecido,172.26,57.41,21.18,2.86,0
Tecido,172.00,55.56,21.18,3.00,0
Tecido,172.26,57.41,21.18,2.70,0
Tecido,172.00,55.56,21.18,2.71,0
Tecido,172.26,57.41,21.18,2.39,0
Tecido,172.26,57.41,21.18,3.53,0
Tecido,170.00,54.55,21.57,4.50,0
Tecido,172.26,57.41,21.18,3.90,0
Tecido,170.62,57.14,21.96,3.22,0
Tecido,170.32,56.36,21.57,2.86,0
Tecido,172.50,57.14,21.96,3.16,0
Tecido,168.75,55.17,22.75,3.38,0
Tecido,169.41,58.62,22.75,3.79,0
Tecido,169.09,56.90,22.75,3.67,0
Tecido,170.32,55.36,21.96,3.19,0
Tecido,172.50,57.14,21.96,2.78,0
Tecido,172.26,55.36,21.96,3.40,0
Tecido,172.50,58.18,21.57,3.78,0
Tecido,172.50,57.14,21.96,4.01,0
Tecido,172.26,55.36,21.96,3.64,0
Tecido,170.62,57.14,21.96,4.92,0
Tecido,170.32,55.36,21.96,4.71,0
Tecido,172.50,57.14,21.96,5.15,0
Tecido,172.50,57.14,21.96,5.41,0
Tecido,170.62,56.14,22.35,5.37,0
Tecido,172.50,57.14,21.96,4.66,0
Tecido,172.26,55.36,21.96,5.96,0
Tecido,172.26,56.36,21.57,5.42,0
Tecido,172.50,57.14,21.96,4.81,0
Tecido,170.62,55.17,22.75,4.52,0
Tecido,172.50,57.14,21.96,4.06,0
Tecido,169.09,56.90,22.75,4.78,0
Tecido,172.50,57.14,21.96,4.39,0
Tecido,172.50,57.14,21.96,4.87,0
Tecido,170.32,54.39,22.35,4.17,0
Tecido,172.50,57.14,21.96,4.60,0
Tecido,172.26,55.36,21.96,4.82,0
Tecido,170.62,56.14,22.35,5.50,0
Tecido,170.62,56.14,22.35,5.54,0
Tecido,168.39,53.45,22.75,5.70,0
Tecido,169.09,56.90,22.75,4.92,0
Tecido,170.62,55.17,22.75,4.60,0
Tecido,168.75,55.17,22.75,4.18,0
Tecido,172.73,56.90,22.75,4.71,0
Tecido,172.26,53.45,22.75,4.04,0
Tecido,170.91,56.90,22.75,3.65,0
Tecido,172.50,55.17,22.75,3.24,0
Tecido,172.50,55.17,22.75,2.80,0
Tecido,172.73,56.90,22.75,3.17,0
Tecido,170.62,54.24,23.14,3.42,0
Tecido,171.18,57.63,23.14,3.98,0
Tecido,169.41,56.67,23.53,5.33,0
Tecido,170.62,54.24,23.14,4.33,0
Tecido,170.91,55.93,23.14,4.06,0
Tecido,172.73,55.00,23.53,4.41,0
Tecido,172.50,55.17,22.75,4.02,0
Tecido,170.91,55.93,23.14,3.48,0
Tecido,170.62,54.24,23.14,2.99,0
Tecido,172.73,56.90,22.75,3.06,0
Tecido,170.62,54.24,23.14,3.08,0
Tecido,172.73,56.90,22.75,3.95,0
Tecido,172.73,56.90,22.75,4.53,0
Tecido,172.26,53.45,22.75,5.25,0
Tecido,172.73,56.90,22.75,6.61,0
Tecido,172.26,53.45,22.75,6.28,0
Tecido,169.71,58.33,23.53,5.58,0
Tecido,170.91,56.90,22.75,5.20,0
Tecido,172.26,53.45,22.75,5.01,0
Tecido,170.91,56.90,22.75,4.91,0
Tecido,172.26,53.45,22.75,4.70,0
Tecido,170.91,56.90,22.75,4.84,0
Tecido,172.73,56.90,22.75,4.06,0
Tecido,172.26,53.45,22.75,4.18,0
Tecido,171.18,57.63,23.14,3.99,0
Tecido,172.50,55.17,22.75,3.44,0
Tecido,172.73,56.90,22.75,3.35,0
Tecido,172.73,56.90,22.75,3.11,0
Tecido,172.26,53.45,22.75,3.12,0
Tecido,170.91,56.90,22.75,2.84,0
Tecido,172.50,55.17,22.75,4.06,0
Tecido,172.73,56.90,22.75,3.71,0
Tecido,172.73,56.90,22.75,3.55,0
Tecido,172.26,53.45,22.75,3.22,0
Tecido,172.73,56.90,22.75,3.46,0
Tecido,172.50,55.17,22.75,3.28,0
Tecido,170.62,55.17,22.75,3.20,0
Tecido,170.91,56.90,22.75,3.55,0
Tecido,172.26,53.45,22.75,5.19,0
Tecido,170.91,56.90,22.75,5.11,0
Tecido,170.91,56.90,22.75,4.82,0
Tecido,170.62,55.17,22.75,5.17,0
Tecido,170.91,56.90,22.75,5.17,0
Tecido,172.26,53.45,22.75,4.52,0
Tecido,169.09,56.90,22.75,4.13,0
Tecido,170.91,56.90,22.75,3.79,0
Tecido,168.39,53.45,22.75,4.38,0
Tecido,170.91,56.90,22.75,4.23,0
Tecido,170.62,55.17,22.75,4.44,0
Tecido,170.91,56.90,22.75,5.06,0
Tecido,172.73,56.90,22.75,4.39,0
Tecido,168.39,53.45,22.75,3.73,0
Tecido,170.91,56.90,22.75,3.28,0
Tecido,172.50,55.17,22.75,2.92,0
Tecido,170.91,56.90,22.75,2.63,0
Tecido,170.91,56.90,22.75,2.49,0
Tecido,172.26,53.45,22.75,3.54,0
Tecido,172.73,56.90,22.75,3.32,0
Tecido,172.50,55.17,22.75,3.92,0
Tecido,172.50,55.17,22.75,5.03,0
Tecido,170.91,56.90,22.75,4.52,0
Tecido,172.26,53.45,22.75,3.77,0
Tecido,170.91,56.90,22.75,3.39,0
Tecido,172.50,55.17,22.75,3.03,0
Tecido,170.62,55.17,22.75,3.17,0
Tecido,170.91,56.90,22.75,2.99,0
Tecido,172.26,53.45,22.75,3.52,0
Tecido,170.91,56.90,22.75,4.29,0
Tecido,172.50,55.17,22.75,4.65,0
Tecido,170.62,55.17,22.75,4.53,0
Tecido,170.91,56.90,22.75,4.53,0
Tecido,172.26,53.45,22.75,5.42,0
Tecido,170.91,56.90,22.75,5.79,0
Tecido,172.73,56.90,22.75,4.94,0
Tecido,172.26,53.45,22.75,4.53,0
Tecido,172.73,56.90,22.75,3.91,0
Tecido,172.50,55.17,22.75,3.56,0
Tecido,172.73,56.90,22.75,3.27,0
Tecido,172.73,56.90,22.75,3.25,0
Tecido,172.26,53.45,22.75,2.91,0
Tecido,170.91,56.90,22.75,3.18,0
Tecido,172.50,55.17,22.75,3.13,0
Tecido,170.91,56.90,22.75,4.51,0
Tecido,172.73,56.90,22.75,4.22,0
Tecido,172.26,53.45,22.75,4.36,0
Tecido,172.73,56.90,22.75,3.98,0
Tecido,172.50,55.17,22.75,3.61,0
Tecido,170.62,55.17,22.75,3.28,0
Tecido,172.73,56.90,22.75,3.16,0
Tecido,172.50,55.17,22.75,3.54,0
Tecido,172.73,56.90,22.75,3.51,0
Tecido,172.50,55.17,22.75,3.63,0
Tecido,172.50,55.17,22.75,3.32,0
Tecido,172.73,56.90,22.75,2.95,0
Tecido,172.26,53.45,22.75,2.99,0
Tecido,172.73,56.90,22.75,2.94,0
Tecido,172.73,56.90,22.75,5.10,0
Tecido,170.32,53.45,22.75,4.94,0
Tecido,170.91,56.90,22.75,4.23,0
Tecido,172.26,53.45,22.75,3.98,0
Tecido,172.73,56.90,22.75,3.50,0
Tecido,172.73,56.90,22.75,3.30,0
Tecido,172.26,53.45,22.75,3.12,0
Tecido,170.91,56.90,22.75,3.85,0
Tecido,172.26,53.45,22.75,3.95,0
Tecido,172.73,56.90,22.75,3.60,0
Tecido,172.73,56.90,22.75,4.44,0
Tecido,172.26,53.45,22.75,3.83,0
Tecido,172.73,56.90,22.75,3.38,0
Tecido,172.50,55.17,22.75,3.25,0
Tecido,172.50,55.17,22.75,2.66,0
Tecido,172.73,56.90,22.75,2.50,0
Tecido,170.62,54.24,23.14,2.46,0
Tecido,172.73,56.90,22.75,2.19,0
Tecido,172.50,55.17,22.75,2.19,0
Tecido,172.50,55.17,22.75,3.01,0
Tecido,172.73,56.90,22.75,2.95,0
Tecido,172.26,53.45,22.75,3.43,0
Tecido,172.73,56.90,22.75,3.90,0
Tecido,172.50,55.17,22.75,5.06,0
Tecido,172.50,55.17,22.75,4.90,0
Tecido,172.73,56.90,22.75,4.70,0
Tecido,170.32,53.45,22.75,5.03,0
Tecido,170.91,56.90,22.75,4.94,0
Tecido,172.73,56.90,22.75,4.43,0
Tecido,172.26,53.45,22.75,4.17,0
Tecido,172.73,56.90,22.75,3.70,0
Tecido,172.26,53.45,22.75,3.31,0
Tecido,170.91,56.90,22.75,3.21,0
Tecido,172.73,56.90,22.75,2.66,0
Tecido,170.62,54.24,23.14,2.70,0
Tecido,174.55,56.90,22.75,2.58,0
Tecido,172.26,53.45,22.75,2.38,0
Tecido,172.50,55.17,22.75,2.61,0
Tecido,172.73,56.90,22.75,2.98,0
Tecido,172.26,53.45,22.75,2.56,0
Tecido,174.37,56.14,22.35,2.21,0
Tecido,172.50,55.17,22.75,3.02,0
Tecido,172.50,55.17,22.75,2.76,0
Tecido,172.73,56.90,22.75,2.55,0
Tecido,170.62,54.24,23.14,2.54,0
Tecido,172.73,56.90,22.75,2.32,0
Tecido,172.50,55.17,22.75,4.49,0
Tecido,172.50,55.17,22.75,4.41,0
Tecido,172.73,56.90,22.75,4.71,0
Tecido,170.62,54.24,23.14,4.67,0
Tecido,171.18,57.63,23.14,5.20,0
Tecido,172.50,55.17,22.75,5.05,0
Tecido,172.26,53.45,22.75,5.14,0
Tecido,172.73,56.90,22.75,4.57,0
Tecido,172.26,53.45,22.75,5.72,0
Tecido,172.73,56.90,22.75,5.32,0
Tecido,171.18,57.63,23.14,4.88,0
Tecido,172.26,53.45,22.75,4.64,0
Tecido,172.73,56.90,22.75,4.18,0
Tecido,172.26,53.45,22.75,4.24,0
Tecido,172.50,55.17,22.75,4.10,0
Tecido,172.73,56.90,22.75,3.67,0
Tecido,172.26,53.45,22.75,4.10,0
Tecido,170.91,56.90,22.75,3.59,0
Tecido,172.50,55.17,22.75,3.31,0
Tecido,172.50,55.17,22.75,3.21,0
Tecido,172.73,56.90,22.75,2.86,0
Tecido,170.62,54.24,23.14,3.62,0
Tecido,172.73,56.90,22.75,4.08,0
Tecido,172.50,55.17,22.75,4.05,0
Tecido,172.50,55.17,22.75,4.12,0
Tecido,172.73,56.90,22.75,3.84,0
Tecido,172.50,55.17,22.75,3.34,0
Tecido,172.73,56.90,22.75,3.02,0
Tecido,172.73,56.90,22.75,2.85,0
Tecido,172.26,53.45,22.75,2.45,0
Tecido,172.73,56.90,22.75,2.25,0
Tecido,172.26,53.45,22.75,2.52,0
Tecido,172.73,56.90,22.75,2.36,0
Tecido,172.73,56.90,22.75,2.78,0
Tecido,172.26,53.45,22.75,3.51,0
Tecido,172.73,56.90,22.75,3.87,0
Tecido,172.26,53.45,22.75,3.45,0
Tecido,172.50,55.17,22.75,4.78,0
Tecido,172.73,56.90,22.75,4.91,0
Tecido,172.26,53.45,22.75,5.15,0
Tecido,170.91,56.90,22.75,4.67,0
Tecido,174.00,52.63,22.35,4.28,0
Tecido,172.50,55.17,22.75,4.00,0
Tecido,172.73,56.90,22.75,3.54,0
Tecido,172.26,53.45,22.75,3.03,0
Tecido,172.73,56.90,22.75,2.60,0
Tecido,172.50,55.17,22.75,2.40,0
Tecido,172.50,55.17,22.75,2.24,0
Tecido,172.73,56.90,22.75,2.81,0
Tecido,172.26,53.45,22.75,3.83,0
Tecido,172.73,56.90,22.75,4.08,0
Tecido,172.73,56.90,22.75,4.66,0
Tecido,172.26,53.45,22.75,4.44,0
Tecido,172.73,56.90,22.75,3.79,0
Tecido,170.62,54.24,23.14,3.36,0
Tecido,172.73,56.90,22.75,3.12,0
Tecido,171.18,57.63,23.14,2.95,0
Tecido,172.26,53.45,22.75,3.48,0
Tecido,172.73,56.90,22.75,3.54,0
Tecido,172.26,53.45,22.75,4.67,0
Tecido,172.50,55.17,22.75,5.47,0
Tecido,172.73,56.90,22.75,5.29,0
Tecido,172.26,53.45,22.75,5.03,0
Tecido,172.73,56.90,22.75,4.47,0
Tecido,174.19,53.45,22.75,3.72,0
Tecido,172.50,55.17,22.75,3.53,0
Tecido,172.73,56.90,22.75,3.68,0
Tecido,170.91,55.93,23.14,3.11,0
Tecido,172.73,56.90,22.75,3.47,0
Tecido,172.50,55.17,22.75,3.16,0
Tecido,172.50,55.17,22.75,2.72,0
Tecido,172.73,56.90,22.75,2.48,0
Tecido,170.62,54.24,23.14,2.33,0
Tecido,171.18,57.63,23.14,2.68,0
Tecido,170.91,55.93,23.14,3.26,0
Tecido,172.26,53.45,22.75,3.12,0
Tecido,172.73,56.90,22.75,6.00,0
Tecido,170.62,54.24,23.14,5.71,0
Tecido,170.91,56.90,22.75,4.93,0
Tecido,172.73,56.90,22.75,4.49,0
Tecido,172.26,53.45,22.75,4.70,0
Tecido,172.73,56.90,22.75,5.78,0
Tecido,172.50,55.17,22.75,6.00,0
Tecido,170.91,56.90,22.75,5.21,0
Tecido,172.73,56.90,22.75,5.46,0
Tecido,172.26,53.45,22.75,5.52,0
Tecido,172.73,56.90,22.75,5.00,0
Tecido,172.26,53.45,22.75,4.81,0
Tecido,170.62,55.17,22.75,4.42,0
Tecido,172.73,56.90,22.75,3.81,0
Tecido,170.62,54.24,23.14,3.43,0
Tecido,172.73,56.90,22.75,3.16,0
Tecido,172.26,53.45,22.75,2.73,0
Tecido,172.26,53.45,22.75,3.11,0
Tecido,172.73,56.90,22.75,4.09,0
Tecido,170.62,54.24,23.14,3.58,0
Tecido,172.73,56.90,22.75,3.14,0
Tecido,172.50,55.17,22.75,3.23,0
Tecido,172.26,53.45,22.75,3.56,0
Tecido,171.18,57.63,23.14,3.26,0
Tecido,172.26,53.45,22.75,2.95,0
Tecido,172.73,56.90,22.75,2.63,0
Tecido,172.73,56.90,22.75,6.41,0
Tecido,172.26,53.45,22.75,6.28,0
Tecido,172.73,56.90,22.75,5.89,0
Tecido,170.62,54.24,23.14,7.41,0
Tecido,172.50,55.17,22.75,8.33,0
Tecido,172.73,56.90,22.75,7.88,0
Tecido,170.62,54.24,23.14,6.96,0
Tecido,172.73,56.90,22.75,6.76,0
Tecido,170.91,55.00,23.53,5.88,0
Tecido,172.50,55.17,22.75,4.94,0
Tecido,172.50,55.17,22.75,4.57,0
Tecido,170.62,54.24,23.14,4.96,0
Tecido,172.73,56.90,22.75,6.55,0
Tecido,169.09,55.00,23.53,5.76,0
Tecido,170.62,54.24,23.14,5.60,0
Tecido,172.50,55.17,22.75,5.22,0
Tecido,169.09,55.00,23.53,4.65,0
Tecido,172.73,56.90,22.75,4.11,0
Tecido,169.41,56.67,23.53,4.17,0
Tecido,169.09,55.00,23.53,4.89,0
Tecido,170.91,55.93,23.14,6.02,0
Tecido,169.09,55.00,23.53,6.77,0
Tecido,171.18,57.63,23.14,5.92,0
Tecido,172.50,55.17,22.75,7.24,0
Tecido,170.62,54.24,23.14,10.00,0
Tecido,172.73,56.90,22.75,9.34,0
Tecido,169.09,55.00,23.53,8.14,0
Tecido,172.50,55.17,22.75,8.74,0
Tecido,170.91,55.93,23.14,8.08,0
Tecido,169.09,55.00,23.53,7.10,0
Tecido,172.50,55.17,22.75,6.30,0
Tecido,169.09,55.00,23.53,5.66,0
Tecido,170.91,55.93,23.14,5.33,0
Tecido,170.91,55.93,23.14,5.11,0
Tecido,168.75,53.33,23.53,6.84,0
Tecido,170.91,55.93,23.14,8.20,0
Tecido,169.09,55.00,23.53,7.20,0
Tecido,170.62,54.24,23.14,6.84,0
Tecido,172.73,56.90,22.75,6.09,0
Tecido,169.09,55.00,23.53,5.64,0
Tecido,171.18,57.63,23.14,4.96,0
Tecido,169.41,56.67,23.53,4.57,0
Tecido,170.62,54.24,23.14,6.15,0
Tecido,172.73,56.90,22.75,7.67,0
Tecido,169.09,55.00,23.53,6.77,0
Tecido,172.50,55.17,22.75,8.34,0
Tecido,170.91,55.93,23.14,9.15,0
Tecido,169.09,55.00,23.53,8.77,0
Tecido,170.91,55.93,23.14,8.60,0
Tecido,169.09,55.00,23.53,7.55,0
Tecido,170.91,55.93,23.14,7.17,0
Tecido,170.91,55.93,23.14,7.01,0
Tecido,168.75,53.33,23.53,6.40,0
Tecido,170.91,55.93,23.14,5.69,0
Tecido,169.09,55.00,23.53,5.47,0
Tecido,170.62,54.24,23.14,6.74,0
Tecido,170.91,55.93,23.14,5.98,0
Tecido,168.75,53.33,23.53,6.99,0
Tecido,172.50,55.17,22.75,6.13,0
Tecido,169.09,55.00,23.53,5.64,0
Tecido,170.62,54.24,23.14,7.30,0
Tecido,172.73,56.90,22.75,6.58,0
Tecido,169.09,55.00,23.53,5.73,0
Tecido,172.50,55.17,22.75,4.91,0
Tecido,172.73,55.93,23.14,4.45,0
Tecido,169.09,55.00,23.53,4.75,0
Tecido,172.50,55.17,22.75,5.41,0
Tecido,170.91,55.00,23.53,6.06,0
Tecido,171.18,57.63,23.14,5.29,0
Tecido,170.91,55.93,23.14,5.14,0
Tecido,170.32,52.54,23.14,4.85,0
Tecido,170.91,55.93,23.14,5.17,0
Tecido,170.91,55.00,23.53,6.90,0
Tecido,170.91,55.93,23.14,6.62,0
Tecido,170.91,55.93,23.14,8.11,0
Tecido,169.09,55.00,23.53,8.71,0
Tecido,170.91,55.93,23.14,7.94,0
Tecido,170.91,55.00,23.53,7.03,0
Tecido,170.91,55.93,23.14,6.50,0
Tecido,170.91,55.93,23.14,7.50,0
Tecido,169.09,55.00,23.53,10.66,0
Tecido,172.73,55.93,23.14,9.65,0
Tecido,169.09,55.00,23.53,8.94,0
Tecido,172.50,54.24,23.14,11.17,0
Tecido,170.91,55.93,23.14,9.50,0
Tecido,170.91,55.00,23.53,7.86,0
Tecido,170.91,55.93,23.14,7.31,0
Tecido,169.09,55.00,23.53,6.33,0
Tecido,170.62,54.24,23.14,6.33,0
Tecido,172.50,55.17,22.75,7.13,0
Tecido,169.09,54.10,23.92,7.21,0
Tecido,170.91,55.93,23.14,8.27,0
Tecido,171.18,56.67,23.53,7.42,0
Tecido,170.62,53.33,23.53,7.74,0
Tecido,169.41,56.67,23.53,7.88,0
Tecido,170.62,53.33,23.53,8.12,0
Tecido,170.91,55.00,23.53,8.21,0
Tecido,170.91,55.93,23.14,7.14,0
Tecido,169.09,55.00,23.53,6.62,0
Tecido,170.91,55.93,23.14,5.85,0
Tecido,170.91,55.00,23.53,5.39,0
Tecido,170.62,54.24,23.14,5.04,0
Tecido,170.91,55.93,23.14,4.58,0
Tecido,168.75,53.33,23.53,5.86,0
Tecido,169.41,56.67,23.53,5.80,0
Tecido,169.09,55.00,23.53,5.87,0
Tecido,169.09,55.00,23.53,4.88,0
Tecido,172.73,55.93,23.14,5.13,0
Tecido,169.09,54.10,23.92,5.13,0
Tecido,171.18,56.67,23.53,4.44,0
Tecido,172.73,55.00,23.53,4.05,0
Tecido,170.62,53.33,23.53,3.51,0
Tecido,169.09,55.00,23.53,3.46,0
Tecido,170.91,54.10,23.92,4.24,0
Tecido,170.91,55.00,23.53,4.70,0
Tecido,172.94,56.67,23.53,5.60,0
Tecido,172.50,53.33,23.53,5.89,0
Tecido,170.91,55.00,23.53,4.86,0
Tecido,171.18,55.74,23.92,7.14,0
Tecido,170.62,54.24,23.14,6.69,0
Tecido,172.94,56.67,23.53,7.08,0
Tecido,169.09,54.10,23.92,6.59,0
Tecido,169.41,56.67,23.53,6.49,0
Tecido,169.41,55.74,23.92,6.14,0
Tecido,169.09,55.00,23.53,5.69,0
Tecido,170.91,55.00,23.53,5.55,0
Tecido,169.09,54.10,23.92,5.11,0
Tecido,171.18,56.67,23.53,4.78,0
Tecido,169.41,55.74,23.92,5.25,0
Tecido,167.27,54.10,23.92,6.60,0
Tecido,169.09,55.93,23.14,7.16,0
Tecido,171.18,55.74,23.92,6.47,0
Tecido,171.18,56.67,23.53,6.26,0
Tecido,171.18,56.67,23.53,5.58,0
Tecido,169.09,54.10,23.92,4.88,0
Tecido,169.41,56.67,23.53,4.89,0
Tecido,171.18,55.74,23.92,5.53,0
Tecido,170.91,55.00,23.53,5.92,0
Tecido,171.18,56.67,23.53,5.65,0
Tecido,169.09,54.10,23.92,6.72,0
Tecido,170.91,55.00,23.53,6.69,0
Tecido,169.41,55.74,23.92,7.98,0
Tecido,169.09,55.00,23.53,8.59,0
Tecido,171.18,56.67,23.53,8.99,0
Tecido,170.91,54.10,23.92,8.46,0
Tecido,169.09,55.00,23.53,7.38,0
Tecido,169.41,55.74,23.92,8.97,0
Tecido,170.62,53.33,23.53,7.88,0
Tecido,169.41,56.67,23.53,6.84,0
Tecido,169.09,54.10,23.92,6.46,0
Tecido,172.50,54.24,23.14,6.21,0
Tecido,171.18,55.74,23.92,5.84,0
Tecido,170.62,53.33,23.53,6.88,0
Tecido,169.09,55.00,23.53,6.50,0
Tecido,170.91,54.10,23.92,6.41,0
Tecido,170.91,55.93,23.14,5.82,0
Tecido,172.73,55.00,23.53,6.08,0
Tecido,169.09,54.10,23.92,5.88,0
Tecido,169.41,56.67,23.53,5.16,0
Tecido,169.41,55.74,23.92,5.15,0
Tecido,169.09,55.00,23.53,6.73,0
Tecido,172.73,55.00,23.53,6.17,0
Tecido,169.09,54.10,23.92,5.90,0
Tecido,171.18,56.67,23.53,5.78,0
Tecido,171.18,55.74,23.92,6.17,0
Tecido,169.09,54.10,23.92,6.03,0
Tecido,172.73,55.00,23.53,6.05,0
Tecido,170.91,54.10,23.92,5.68,0
Tecido,169.41,55.74,23.92,5.01,0
Tecido,171.18,55.74,23.92,4.33,0
Tecido,168.75,53.33,23.53,4.18,0
Tecido,171.18,56.67,23.53,3.44,0
Tecido,169.41,55.74,23.92,3.99,0
Tecido,171.18,56.67,23.53,4.78,0
Tecido,172.73,55.00,23.53,4.06,0
Tecido,170.62,53.33,23.53,5.91,0
Tecido,171.18,56.67,23.53,7.04,0
Tecido,172.73,55.00,23.53,6.84,0
Tecido,169.09,55.00,23.53,6.12,0
Tecido,171.18,56.67,23.53,5.18,0
Tecido,169.09,54.10,23.92,4.49,0
Tecido,170.91,55.00,23.53,5.48,0
Tecido,169.41,55.74,23.92,7.20,0
Tecido,170.91,55.00,23.53,8.04,0
Tecido,171.18,56.67,23.53,9.78,0
Tecido,200.00,34.43,23.92,1.16,0
Tecido,206.67,31.03,22.75,1.65,0
Tecido,214.29,11.29,24.31,2.78,0
Tecido,220.00,20.69,22.75,3.40,0
Tecido,205.71,34.43,23.92,3.11,0
Tecido,300.00,5.00,23.53,3.66,0
Tecido,206.67,31.03,22.75,3.77,0
Tecido,201.82,17.74,24.31,3.91,0
Tecido,232.50,13.79,22.75,4.01,0
Tecido,211.43,34.43,23.92,4.14,0
Tecido,280.00,4.92,23.92,3.43,0
Tecido,206.67,31.03,22.75,3.04,0
Tecido,198.75,25.40,24.71,3.13,0
Tecido,260.00,10.34,22.75,3.13,0
Tecido,208.42,32.20,23.14,3.29,0
Tecido,255.00,6.45,24.31,3.21,0
Tecido,208.24,29.31,22.75,3.44,0
Tecido,202.86,33.33,24.71,3.16,0
Tecido,290.00,10.17,23.14,3.47,0
Tecido,203.33,31.03,22.75,5.03,0
Tecido,230.00,9.52,24.71,4.64,0
Tecido,212.00,25.86,22.75,4.28,0
Tecido,205.71,33.87,24.31,4.07,0
Tecido,315.00,6.67,23.53,7.82,0
Tecido,206.67,31.03,22.75,7.60,0
Tecido,210.00,15.87,24.71,6.50,0
Tecido,220.00,20.69,22.75,5.45,0
Tecido,205.71,34.43,23.92,4.93,0
Tecido,300.00,3.33,23.53,4.48,0
Tecido,206.67,31.03,22.75,4.24,0
Tecido,203.08,20.63,24.71,3.61,0
Tecido,232.50,13.79,22.75,3.26,0
Tecido,211.43,34.43,23.92,2.83,0
Tecido,280.00,4.92,23.92,3.51,0
Tecido,206.67,31.03,22.75,3.13,0
Tecido,200.00,28.57,24.71,2.82,0
Tecido,270.00,10.34,22.75,2.55,0
Tecido,208.42,32.20,23.14,2.36,0
Tecido,255.00,6.45,24.31,2.87,0
Tecido,208.24,29.31,22.75,2.97,0
Tecido,197.14,33.87,24.31,5.53,0
Tecido,288.00,8.47,23.14,5.90,0
Tecido,206.67,31.03,22.75,5.57,0
Tecido,230.00,9.52,24.71,4.56,0
Tecido,212.00,25.86,22.75,4.64,0
Tecido,202.86,34.43,23.92,4.71,0
Tecido,300.00,5.00,23.53,4.38,0
Tecido,206.67,31.03,22.75,4.10,0
Tecido,206.67,14.52,24.31,3.86,0
Tecido,223.64,18.97,22.75,3.77,0
Tecido,208.57,34.43,23.92,3.65,0
Tecido,280.00,4.92,23.92,4.94,0
Tecido,206.67,31.03,22.75,4.29,0
Tecido,198.46,20.97,24.31,3.86,0
Tecido,240.00,12.07,22.75,3.43,0
Tecido,210.00,33.33,23.53,3.51,0
Tecido,260.00,4.92,23.92,3.07,0
Tecido,203.33,31.03,22.75,3.53,0
Tecido,197.65,27.42,24.31,3.56,0
Tecido,274.29,11.86,23.14,3.36,0
Tecido,208.42,32.20,23.14,3.19,0
Tecido,240.00,6.45,24.31,3.00,0
Tecido,208.24,29.31,22.75,2.84,0
Tecido,200.00,33.87,24.31,3.17,0
Tecido,312.00,8.47,23.14,2.79,0
Tecido,206.67,31.03,22.75,2.52,0
Tecido,222.86,11.11,24.71,2.04,0
Tecido,212.00,25.86,22.75,2.20,0
Tecido,202.86,34.43,23.92,2.29,0
Tecido,300.00,6.67,23.53,2.81,0
Tecido,206.67,31.03,22.75,3.20,0
Tecido,210.00,15.87,24.71,4.56,0
Tecido,223.64,18.97,22.75,4.59,0
Tecido,208.57,34.43,23.92,4.58,0
Tecido,280.00,4.92,23.92,6.93,0
Tecido,206.67,31.03,22.75,6.09,0
Tecido,197.14,22.58,24.31,7.54,0
Tecido,240.00,12.07,22.75,7.72,0
Tecido,211.43,34.43,23.92,8.23,0
Tecido,260.00,4.92,23.92,9.50,0
Tecido,206.67,31.03,22.75,8.39,0
Tecido,197.65,27.42,24.31,7.77,0
Tecido,290.00,10.34,22.75,6.61,0
Tecido,206.67,31.03,22.75,6.33,0
Tecido,228.00,8.06,24.31,5.63,0
Tecido,208.24,29.31,22.75,4.84,0
Tecido,200.00,33.87,24.31,4.59,0
Tecido,300.00,6.78,23.14,4.40,0
Tecido,208.42,32.20,23.14,4.60,0
Tecido,222.86,11.11,24.71,4.48,0
Tecido,214.29,24.14,22.75,5.53,0
Tecido,205.71,34.43,23.92,5.19,0
Tecido,300.00,5.00,23.53,4.84,0
Tecido,206.67,31.03,22.75,4.54,0
Tecido,204.00,16.13,24.31,4.37,0
Tecido,223.64,18.97,22.75,4.09,0
Tecido,207.27,36.07,23.92,3.83,0
Tecido,280.00,4.92,23.92,3.26,0
Tecido,206.67,31.03,22.75,2.95,0
Tecido,201.43,22.22,24.71,2.91,0
Tecido,257.14,12.07,22.75,2.63,0
Tecido,211.43,34.43,23.92,4.14,0
Tecido,255.00,6.45,24.31,3.82,0
Tecido,203.33,31.03,22.75,3.44,0
Tecido,193.33,29.51,23.92,3.60,0
Tecido,276.00,8.62,22.75,4.76,0
Tecido,206.67,31.03,22.75,4.25,0
Tecido,240.00,4.92,23.92,4.74,0
Tecido,208.24,29.31,22.75,4.42,0
Tecido,202.86,33.33,24.71,3.96,0
Tecido,300.00,6.90,22.75,4.75,0
Tecido,206.67,31.03,22.75,4.84,0
Tecido,217.50,12.70,24.71,4.93,0
Tecido,212.00,25.86,22.75,5.12,0
Tecido,202.86,33.87,24.31,4.25,0
Tecido,315.00,6.67,23.53,4.38,0
Tecido,206.67,31.03,22.75,4.45,0
Tecido,213.33,14.29,24.71,6.25,0
Tecido,216.92,22.41,22.75,5.80,0
Tecido,205.71,34.43,23.92,5.37,0
Tecido,300.00,5.00,23.53,5.79,0
Tecido,206.67,31.03,22.75,6.77,0
Tecido,205.00,19.05,24.71,7.11,0
Tecido,226.67,15.52,22.75,6.79,0
Tecido,208.57,34.43,23.92,6.73,0
Tecido,240.00,3.28,23.92,6.09,0
Tecido,206.67,31.03,22.75,5.33,0
Tecido,204.00,23.81,24.71,4.85,0
Tecido,257.14,12.07,22.75,4.49,0
Tecido,210.00,33.33,23.53,4.36,0
Tecido,240.00,6.45,24.31,4.20,0
Tecido,206.67,31.03,22.75,3.77,0
Tecido,198.95,30.65,24.31,3.45,0
Tecido,290.00,10.34,22.75,3.28,0
Tecido,208.42,32.20,23.14,3.78,0
Tecido,240.00,6.45,24.31,3.35,0
Tecido,210.00,27.59,22.75,3.12,0
Tecido,202.86,33.87,24.31,2.96,0
Tecido,300.00,6.78,23.14,2.86,0
Tecido,206.67,31.03,22.75,2.90,0
Tecido,214.29,11.29,24.31,2.56,0
Tecido,214.29,24.14,22.75,2.74,0
Tecido,202.86,34.43,23.92,2.48,0
Tecido,300.00,5.00,23.53,2.57,0
Tecido,206.67,31.03,22.75,2.93,0
Tecido,204.00,16.13,24.31,3.26,0
Tecido,223.64,18.97,22.75,2.95,0
Tecido,208.57,34.43,23.92,2.68,0
Tecido,280.00,4.92,23.92,2.47,0
Tecido,206.67,31.03,22.75,2.58,0
Tecido,198.46,20.97,24.31,2.88,0
Tecido,232.50,13.79,22.75,2.95,0
Tecido,207.00,33.33,23.53,2.86,0
Tecido,270.00,3.33,23.53,2.56,0
Tecido,206.67,31.03,22.75,2.69,0
Tecido,198.75,25.81,24.31,2.75,0
Tecido,260.00,10.34,22.75,2.52,0
Tecido,208.42,32.20,23.14,2.64,0
Tecido,240.00,6.45,24.31,2.48,0
Tecido,206.67,31.03,22.75,2.37,0
Tecido,196.67,29.03,24.31,2.51,0
Tecido,300.00,8.62,22.75,4.15,0
Tecido,206.67,31.03,22.75,5.09,0
Tecido,228.00,8.06,24.31,5.10,0
Tecido,210.00,27.59,22.75,4.74,0
Tecido,201.00,32.79,23.92,4.61,0
Tecido,300.00,5.08,23.14,4.07,0
Tecido,208.42,32.20,23.14,3.90,0
Tecido,214.29,11.29,24.31,3.74,0
Tecido,214.29,24.14,22.75,3.28,0
Tecido,202.86,34.43,23.92,3.08,0
Tecido,300.00,5.00,23.53,2.92,0
Tecido,206.67,31.03,22.75,3.14,0
Tecido,210.00,15.87,24.71,2.82,0
Tecido,218.18,18.97,22.75,2.74,0
Tecido,208.57,34.43,23.92,2.35,0
Tecido,280.00,4.92,23.92,2.70,0
Tecido,206.67,31.03,22.75,2.56,0
Tecido,201.43,22.22,24.71,2.98,0
Tecido,232.50,13.79,22.75,3.15,0
Tecido,210.00,33.33,23.53,3.01,0
Tecido,260.00,4.92,23.92,2.48,0
Tecido,206.67,31.03,22.75,2.19,0
Tecido,194.12,27.42,24.31,2.26,0
Tecido,270.00,10.34,22.75,2.07,0
Tecido,208.42,32.20,23.14,2.70,0
Tecido,240.00,6.45,24.31,2.65,0
Tecido,206.67,31.03,22.75,2.49,0
Tecido,198.00,32.26,24.31,2.42,0
Tecido,300.00,6.90,22.75,2.20,0
Tecido,205.26,32.76,22.75,2.75,0
Tecido,228.00,8.06,24.31,3.18,0
Tecido,208.00,26.32,22.35,3.61,0
Tecido,201.00,32.79,23.92,3.47,0
Tecido,300.00,6.78,23.14,3.08,0
Tecido,206.67,31.03,22.75,2.80,0
Tecido,217.50,12.70,24.71,2.79,0
Tecido,214.29,24.14,22.75,2.47,0
Tecido,207.27,35.48,24.31,2.42,0
Tecido,300.00,5.00,23.53,2.43,0
Tecido,206.67,31.03,22.75,2.29,0
Tecido,206.67,14.52,24.31,2.19,0
Tecido,223.64,18.97,22.75,2.09,0
Tecido,205.71,34.43,23.92,1.87,0
Tecido,300.00,5.00,23.53,2.02,0
Tecido,206.67,31.03,22.75,1.95,0
Tecido,200.00,19.35,24.31,1.85,0
Tecido,232.50,13.79,22.75,1.89,0
Tecido,207.00,33.33,23.53,2.29,0
Tecido,260.00,4.92,23.92,2.46,0
Tecido,206.67,31.03,22.75,2.99,0
Tecido,198.75,25.40,24.71,2.53,0
Tecido,265.71,12.07,22.75,2.21,0
Tecido,210.00,33.33,23.53,2.33,0
Tecido,260.00,4.92,23.92,2.49,0
Tecido,206.67,31.03,22.75,2.19,0
Tecido,200.00,29.03,24.31,2.19,0
Tecido,288.00,8.62,22.75,1.90,0
Tecido,206.67,31.03,22.75,3.05,0
Tecido,240.00,6.45,24.31,2.92,0
Tecido,208.24,29.31,22.75,2.70,0
Tecido,202.86,33.87,24.31,2.76,0
Tecido,300.00,8.47,23.14,2.83,0
Tecido,208.42,32.20,23.14,2.87,0
Tecido,220.00,9.68,24.31,2.57,0
Tecido,214.29,24.14,22.75,2.27,0
Tecido,204.55,35.48,24.31,2.32,0
Tecido,315.00,6.67,23.53,2.70,0
Tecido,206.67,31.03,22.75,2.68,0
Tecido,210.00,12.90,24.31,2.50,0
Tecido,220.00,20.69,22.75,2.31,0
Tecido,205.71,34.43,23.92,2.64,0
Tecido,270.00,6.56,23.92,2.43,0
Tecido,206.67,31.03,22.75,2.45,0
Tecido,201.82,17.74,24.31,2.41,0
Tecido,233.33,15.52,22.75,2.32,0
Tecido,208.57,34.43,23.92,2.03,0
Tecido,280.00,4.92,23.92,2.07,0
Tecido,206.67,31.03,22.75,2.18,0
Tecido,201.43,22.22,24.71,2.68,0
Tecido,248.57,12.07,22.75,3.07,0
Tecido,210.00,33.33,23.53,3.68,0
Tecido,260.00,4.92,23.92,3.41,0
Tecido,206.67,31.03,22.75,2.88,0
Tecido,197.65,27.42,24.31,2.60,0
Tecido,270.00,10.34,22.75,2.40,0
Tecido,208.42,32.20,23.14,2.19,0
Tecido,225.00,6.45,24.31,2.00,0
Tecido,208.24,29.31,22.75,1.87,0
Tecido,198.00,32.26,24.31,1.75,0
Tecido,300.00,8.62,22.75,1.76,0
Tecido,208.42,32.20,23.14,1.91,0
Tecido,228.00,8.06,24.31,1.75,0
Tecido,210.00,27.59,22.75,1.96,0
Tecido,201.00,32.79,23.92,1.80,0
Tecido,315.00,6.67,23.53,1.92,0
Tecido,206.67,31.03,22.75,2.04,0
Tecido,213.33,14.29,24.71,1.91,0
Tecido,216.92,22.41,22.75,1.79,0
Tecido,202.86,34.43,23.92,1.82,0
Tecido,300.00,5.00,23.53,1.87,0
Tecido,206.67,31.03,22.75,1.89,0
Tecido,204.00,16.13,24.31,2.40,0
Tecido,228.00,17.24,22.75,2.19,0
Tecido,208.57,34.43,23.92,2.13,0
Tecido,280.00,4.92,23.92,1.81,0
Tecido,206.67,31.03,22.75,1.97,0
Tecido,201.43,22.22,24.71,1.83,0
Tecido,248.57,12.07,22.75,1.73,0
Tecido,210.00,33.33,23.53,4.45,0
Tecido,280.00,4.92,23.92,4.96,0
Tecido,206.67,31.03,22.75,4.45,0
Tecido,201.18,26.98,24.71,3.92,0
Tecido,270.00,10.34,22.75,4.63,0
Tecido,210.00,33.33,23.53,4.62,0
Tecido,260.00,4.84,24.31,4.26,0
Tecido,206.67,31.03,22.75,4.22,0
Tecido,196.67,29.03,24.31,5.52,0
Tecido,288.00,8.62,22.75,5.12,0
Tecido,206.67,31.03,22.75,4.69,0
Tecido,240.00,6.45,24.31,4.10,0
Tecido,208.24,29.31,22.75,4.07,0
Tecido,201.00,32.26,24.31,8.49,0
Tecido,300.00,6.90,22.75,7.47,0
Tecido,206.67,31.03,22.75,6.25,0
Tecido,228.00,8.06,24.31,6.03,0
Tecido,210.00,27.59,22.75,5.18,0
Tecido,201.00,32.79,23.92,4.46,0
Tecido,300.00,6.78,23.14,4.07,0
Tecido,206.67,31.03,22.75,3.93,0
Tecido,222.86,11.11,24.71,3.30,0
Tecido,210.00,24.56,22.35,4.09,0
Tecido,202.86,34.43,23.92,4.11,0
Tecido,315.00,6.67,23.53,3.84,0
Tecido,206.67,31.03,22.75,3.73,0
Tecido,210.00,12.90,24.31,3.47,0
Tecido,216.92,22.41,22.75,2.98,0
Tecido,202.86,34.43,23.92,3.17,0
Tecido,300.00,5.00,23.53,3.20,0
Tecido,206.67,31.03,22.75,3.17,0
Tecido,206.67,14.52,24.31,3.71,0
Tecido,223.64,18.97,22.75,3.44,0
Tecido,204.55,36.07,23.92,2.95,0
Tecido,260.00,4.92,23.92,2.72,0
Tecido,208.42,32.20,23.14,3.08,0
Tecido,207.27,17.46,24.71,2.97,0
Tecido,228.00,17.24,22.75,2.79,0
Tecido,208.57,34.43,23.92,2.64,0
Tecido,280.00,4.92,23.92,2.72,0
Tecido,206.67,31.03,22.75,2.49,0
Tecido,198.46,20.97,24.31,2.38,0
Tecido,240.00,12.07,22.75,2.36,0
Tecido,210.00,33.33,23.53,2.01,0
Tecido,260.00,4.92,23.92,1.86,0
Tecido,206.67,31.03,22.75,2.05,0
Tecido,202.50,25.40,24.71,2.22,0
Tecido,248.57,12.07,22.75,2.66,0
Tecido,208.42,32.20,23.14,2.65,0
Tecido,260.00,4.92,23.92,2.53,0
Tecido,206.67,31.03,22.75,2.40,0
Tecido,198.75,25.81,24.31,2.41,0
Tecido,265.71,12.07,22.75,2.43,0
Tecido,208.42,32.20,23.14,2.10,0
Tecido,240.00,6.45,24.31,2.74,0
Tecido,206.67,31.03,22.75,2.67,0
Tecido,196.67,29.03,24.31,2.26,0
Tecido,280.00,10.34,22.75,2.18,0
Tecido,206.67,31.03,22.75,1.99,0
Tecido,240.00,6.45,24.31,1.68,0
Tecido,206.67,31.03,22.75,1.77,0
Tecido,198.95,30.65,24.31,1.71,0
Tecido,288.00,8.62,22.75,1.92,0
Tecido,208.42,32.20,23.14,4.35,0
Tecido,240.00,7.94,24.71,3.95,0
Tecido,208.24,29.31,22.75,3.57,0
Tecido,198.95,30.65,24.31,3.16,0
Tecido,288.00,8.47,23.14,2.64,0
Tecido,206.67,31.03,22.75,2.58,0
Tecido,228.00,8.06,24.31,2.56,0
Tecido,208.24,29.31,22.75,2.40,0
Tecido,201.00,32.26,24.31,2.31,0
Tecido,288.00,8.47,23.14,2.06,0
Tecido,206.67,31.03,22.75,2.21,0
Tecido,222.86,11.11,24.71,1.97,0
Tecido,208.24,29.31,22.75,1.75,0
Tecido,200.00,33.87,24.31,1.69,0
Tecido,300.00,8.47,23.14,1.50,0
Tecido,206.67,31.03,22.75,1.52,0
Tecido,220.00,9.68,24.31,1.61,0
Tecido,210.00,27.59,22.75,1.42,0
Tecido,200.00,34.43,23.92,1.42,0
Tecido,312.00,8.33,23.53,1.30,0
Tecido,203.33,31.03,22.75,1.37,0
Tecido,220.00,9.68,24.31,1.42,0
Tecido,214.29,24.14,22.75,1.58,0
Tecido,202.86,34.43,23.92,1.54,0
Tecido,300.00,8.33,23.53,1.39,0
Tecido,206.67,31.03,22.75,1.54,0
Tecido,213.33,14.29,24.71,1.62,0
Tecido,214.29,24.14,22.75,1.63,0
Tecido,202.86,34.43,23.92,2.10,0
Tecido,300.00,5.00,23.53,2.07,0
Tecido,206.67,31.03,22.75,2.31,0
Tecido,210.00,12.90,24.31,2.19,0
Tecido,220.00,20.69,22.75,2.50,0
Tecido,202.86,34.43,23.92,2.80,0
Tecido,300.00,5.00,23.53,2.41,0
Tecido,206.67,31.03,22.75,2.41,0
Tecido,206.67,14.52,24.31,2.46,0
Tecido,223.64,18.97,22.75,3.03,0
Tecido,205.71,34.43,23.92,3.41,0
Tecido,280.00,5.00,23.53,2.94,0
Tecido,206.67,31.03,22.75,2.94,0
Tecido,207.27,17.46,24.71,2.82,0
Tecido,223.64,18.97,22.75,2.75,0
Tecido,208.57,34.43,23.92,3.10,0
Tecido,260.00,4.92,23.92,2.74,0
Tecido,206.67,31.03,22.75,2.62,0
Tecido,205.00,19.05,24.71,2.37,0
Tecido,233.33,15.52,22.75,2.38,0
Tecido,208.57,34.43,23.92,2.30,0
Tecido,285.00,6.56,23.92,3.46,0
Tecido,206.67,31.03,22.75,3.07,0
Tecido,201.43,22.22,24.71,3.30,0
Tecido,248.57,12.07,22.75,2.98,0
Tecido,208.57,34.43,23.92,2.83,0
Tecido,280.00,4.92,23.92,3.04,0
Tecido,206.67,31.03,22.75,2.61,0
Tecido,197.14,22.58,24.31,3.34,0
Tecido,248.57,12.07,22.75,3.31,0
Tecido,208.42,32.20,23.14,3.23,0
Tecido,260.00,4.92,23.92,3.19,0
Tecido,206.67,31.03,22.75,2.85,0
Tecido,197.65,27.42,24.31,3.71,0
Tecido,265.71,12.07,22.75,3.61,0
Tecido,208.42,32.20,23.14,5.89,0
Tecido,240.00,6.45,24.31,5.49,0
Tecido,206.67,31.03,22.75,4.88,0
Tecido,197.65,27.42,24.31,5.39,0
Tecido,270.00,10.34,22.75,4.82,0
Tecido,208.42,32.20,23.14,5.43,0
Tecido,240.00,6.45,24.31,5.14,0
Tecido,206.67,31.03,22.75,4.79,0
Tecido,200.00,29.03,24.31,4.84,0
Tecido,285.00,6.90,22.75,4.79,0
Tecido,206.67,31.03,22.75,5.11,0
Tecido,228.00,8.06,24.31,5.00,0
Tecido,210.00,30.51,23.14,4.75,0
Tecido,197.14,33.87,24.31,4.21,0
Tecido,320.00,10.00,23.53,3.96,0
Tecido,206.67,31.03,22.75,4.37,0
Tecido,228.00,8.06,24.31,4.68,0
Tecido,210.00,27.59,22.75,4.65,0
Tecido,202.86,33.87,24.31,4.22,0
Tecido,285.00,6.67,23.53,4.02,0
Tecido,206.67,31.03,22.75,4.15,0
Tecido,214.29,11.29,24.31,4.94,0
Tecido,212.00,25.86,22.75,4.28,0
Tecido,201.82,35.48,24.31,3.70,0
Tecido,315.00,6.67,23.53,3.23,0
Tecido,206.67,31.03,22.75,2.99,0
Tecido,210.00,12.90,24.31,2.97,0
Tecido,220.00,20.69,22.75,2.84,0
Tecido,202.86,34.43,23.92,2.51,0
Tecido,276.00,8.20,23.92,2.47,0
Tecido,206.67,31.03,22.75,2.17,0
Tecido,207.27,17.46,24.71,3.01,0
Tecido,223.64,18.97,22.75,2.95,0
Tecido,208.57,34.43,23.92,3.01,0
Tecido,280.00,4.92,23.92,3.34,0
Tecido,206.67,31.03,22.75,2.91,0
Tecido,203.08,20.63,24.71,2.96,0
Tecido,240.00,13.79,22.75,2.75,0
Tecido,208.57,34.43,23.92,2.81,0
Tecido,280.00,4.92,23.92,2.85,0
Tecido,206.67,31.03,22.75,2.59,0
Tecido,201.43,22.58,24.31,2.45,0
Tecido,248.57,12.07,22.75,2.82,0
Tecido,210.00,33.33,23.53,2.68,0
Tecido,260.00,4.92,23.92,2.64,0
Tecido,206.67,31.03,22.75,2.76,0
Tecido,200.00,28.57,24.71,2.79,0
Tecido,260.00,10.34,22.75,2.64,0
Tecido,208.42,32.20,23.14,3.78,0
Tecido,240.00,6.45,24.31,3.49,0
Tecido,206.67,31.03,22.75,4.16,0
Tecido,198.95,30.65,24.31,3.53,0
Tecido,288.00,8.62,22.75,3.93,0
Tecido,208.42,32.20,23.14,3.43,0
Tecido,240.00,6.45,24.31,3.29,0
Tecido,208.24,29.31,22.75,2.94,0
Tecido,198.95,31.15,23.92,3.17,0
Tecido,310.00,10.17,23.14,3.40,0
Tecido,206.67,31.03,22.75,3.13,0
Tecido,228.00,8.06,24.31,2.96,0
Tecido,208.24,29.31,22.75,3.06,0
Tecido,199.09,35.48,24.31,3.77,0
Tecido,300.00,6.78,23.14,3.21,0
Tecido,206.67,31.03,22.75,3.02,0
Tecido,217.50,12.70,24.71,2.88,0
Tecido,210.00,27.59,22.75,2.94,0
Tecido,200.00,34.43,23.92,2.70,0
Tecido,300.00,6.78,23.14,3.07,0
Tecido,206.67,31.03,22.75,2.65,0
Tecido,210.00,9.68,24.31,3.34,0
Tecido,214.29,24.14,22.75,3.86,0
Tecido,202.86,34.43,23.92,4.04,0
Tecido,300.00,5.08,23.14,4.70,0
Tecido,206.67,31.03,22.75,4.02,0
Tecido,210.00,12.90,24.31,3.92,0
Tecido,214.29,24.14,22.75,3.46,0
Tecido,202.86,34.43,23.92,3.20,0
Tecido,300.00,6.67,23.53,3.02,0
Tecido,206.67,31.03,22.75,2.79,0
Tecido,210.00,15.87,24.71,2.58,0
Tecido,220.00,20.69,22.75,3.07,0
Tecido,205.71,34.43,23.92,3.43,0
Tecido,285.00,6.56,23.92,3.22,0
Tecido,206.67,31.03,22.75,2.76,0
Tecido,207.27,17.46,24.71,2.60,0
Tecido,223.64,18.97,22.75,3.06,0
Tecido,205.71,34.43,23.92,3.74,0
Tecido,285.00,6.56,23.92,3.71,0
Tecido,206.67,31.03,22.75,3.16,0
Tecido,201.82,17.74,24.31,3.04,0
Tecido,228.00,17.24,22.75,2.83,0
Tecido,208.57,34.43,23.92,2.62,0
Tecido,285.00,6.56,23.92,3.02,0
Tecido,206.67,31.03,22.75,3.36,0
Tecido,201.43,22.22,24.71,3.34,0
Tecido,240.00,13.79,22.75,2.98,0
Tecido,210.00,33.33,23.53,2.91,0
Tecido,260.00,4.92,23.92,2.76,0
Tecido,208.42,32.20,23.14,2.68,0
Tecido,197.14,22.58,24.31,3.42,0
Tecido,257.14,12.07,22.75,3.46,0
Tecido,210.00,33.33,23.53,3.16,0
Tecido,260.00,4.92,23.92,3.26,0
Tecido,204.71,29.82,22.35,3.08,0
Tecido,200.00,24.19,24.31,2.81,0
Tecido,351.68,96.48,55.69,1.52,0
Tecido,352.55,96.48,55.69,2.30,0
Tecido,351.49,94.37,55.69,3.25,0
Tecido,355.38,89.66,68.24,3.39,0
Tecido,353.14,95.89,57.25,3.63,0
Tecido,350.36,96.48,55.69,3.42,0
Tecido,355.74,89.08,68.24,3.82,0
Tecido,353.29,95.97,58.43,3.46,0
Tecido,352.55,96.48,55.69,3.57,0
Tecido,354.36,89.76,65.10,3.78,0
Tecido,355.12,93.57,67.06,3.92,0
Tecido,352.55,96.48,55.69,3.98,0
Tecido,352.06,92.52,57.65,3.84,0
Tecido,356.15,89.66,68.24,3.47,0
Tecido,352.55,96.48,55.69,3.44,0
Tecido,351.68,96.48,55.69,3.11,0
Tecido,354.97,89.60,67.84,3.06,0
Tecido,354.36,94.30,61.96,2.77,0
Tecido,352.17,97.18,55.69,3.07,0
Tecido,353.71,91.08,61.57,3.17,0
Tecido,356.20,90.80,68.24,2.91,0
Tecido,352.17,97.18,55.69,2.92,0
Tecido,351.11,95.07,55.69,2.96,0
Tecido,355.00,89.66,68.24,2.93,0
Tecido,353.33,96.00,58.82,2.93,0
Tecido,351.74,97.18,55.69,2.50,0
Tecido,354.32,90.24,64.31,2.56,0
Tecido,355.80,92.35,66.67,2.57,0
Tecido,352.17,97.18,55.69,3.10,0
Tecido,351.88,93.01,56.08,3.20,0
Tecido,356.15,89.66,68.24,3.19,0
Tecido,352.55,96.48,55.69,3.08,0
Tecido,351.68,96.48,55.69,3.09,0
Tecido,354.90,90.00,66.67,3.45,0
Tecido,354.90,93.87,63.92,3.28,0
Tecido,352.17,97.18,55.69,2.78,0
Tecido,352.50,91.89,58.04,2.37,0
Tecido,356.18,90.23,68.24,2.03,0
Tecido,352.12,96.48,55.69,1.92,0
Tecido,351.24,96.48,55.69,1.86,0
Tecido,355.38,89.66,68.24,1.90,0
Tecido,354.32,94.87,61.18,1.72,0
Tecido,352.17,97.18,55.69,1.75,0
Tecido,353.33,91.14,61.96,1.76,0
Tecido,356.23,91.38,68.24,1.62,0
Tecido,352.17,97.18,55.69,1.98,0
Tecido,351.11,95.07,55.69,2.21,0
Tecido,355.38,89.66,68.24,2.53,0
Tecido,353.19,95.92,57.65,2.42,0
Tecido,351.74,97.18,55.69,2.35,0
Tecido,354.36,90.30,64.71,2.08,0
Tecido,355.44,92.40,67.06,2.26,0
Tecido,352.17,97.18,55.69,2.21,0
Tecido,351.94,93.06,56.47,2.04,0
Tecido,356.15,89.66,68.24,1.76,0
Tecido,352.17,97.18,55.69,1.76,0
Tecido,351.68,96.48,55.69,1.69,0
Tecido,354.58,90.12,67.45,1.82,0
Tecido,354.40,94.34,62.35,1.86,0
Tecido,352.55,96.48,55.69,1.78,0
Tecido,353.19,91.56,60.39,2.18,0
Tecido,356.20,90.80,68.24,2.12,0
Tecido,352.17,97.18,55.69,1.84,0
Tecido,351.18,95.77,55.69,1.85,0
Tecido,355.38,89.66,68.24,2.00,0
Tecido,353.33,96.00,58.82,2.05,0
Tecido,352.17,97.18,55.69,2.02,0
Tecido,353.84,90.68,63.14,2.13,0
Tecido,355.85,91.91,67.84,1.96,0
Tecido,352.17,97.18,55.69,1.72,0
Tecido,351.49,94.37,55.69,1.63,0
Tecido,355.77,89.66,68.24,1.53,0
Tecido,352.66,96.53,56.47,1.71,0
Tecido,351.62,97.14,54.90,1.56,0
Tecido,354.44,90.42,65.49,1.60,0
Tecido,355.35,93.37,65.10,1.53,0
Tecido,352.17,97.18,55.69,2.68,0
Tecido,352.33,92.36,56.47,2.28,0
Tecido,356.15,89.66,68.24,2.09,0
Tecido,352.17,97.18,55.69,1.76,0
Tecido,351.30,97.18,55.69,1.78,0
Tecido,355.26,89.94,66.27,1.66,0
Tecido,354.77,94.30,61.96,1.69,0
Tecido,352.17,97.18,55.69,1.57,0
Tecido,353.14,91.50,60.00,1.48,0
Tecido,356.20,90.80,68.24,1.52,0
Tecido,352.17,97.18,55.69,1.53,0
Tecido,351.18,95.77,55.69,2.68,0
Tecido,355.38,89.66,68.24,2.32,0
Tecido,353.75,95.36,59.22,2.73,0
Tecido,352.06,97.14,54.90,2.34,0
Tecido,353.38,91.19,62.35,2.15,0
Tecido,356.25,91.95,68.24,2.40,0
Tecido,352.12,97.16,55.29,2.18,0
Tecido,351.49,94.37,55.69,1.94,0
Tecido,355.77,89.66,68.24,2.05,0
Tecido,352.66,96.53,56.47,2.01,0
Tecido,352.06,97.14,54.90,2.25,0
Tecido,354.40,90.36,65.10,3.15,0
Tecido,355.38,92.86,65.88,2.71,0
Tecido,352.17,97.18,55.69,3.00,0
Tecido,352.33,92.36,56.47,2.97,0
Tecido,355.80,90.23,68.24,2.96,0
Tecido,352.17,97.18,55.69,2.72,0
Tecido,351.30,97.18,55.69,2.45,0
Tecido,354.97,90.12,67.45,2.15,0
Tecido,354.40,94.94,61.96,1.84,0
Tecido,352.17,97.18,55.69,1.80,0
Tecido,353.09,91.45,59.61,1.55,0
Tecido,356.20,90.80,68.24,1.62,0
Tecido,352.12,97.16,55.29,1.63,0
Tecido,351.18,95.77,55.69,1.50,0
Tecido,355.00,89.66,68.24,1.54,0
Tecido,353.38,96.03,59.22,1.39,0
Tecido,352.06,97.14,54.90,1.51,0
Tecido,353.84,90.68,63.14,1.53,0
Tecido,356.25,91.95,68.24,1.60,0
Tecido,352.55,96.48,55.69,1.75,0
Tecido,351.04,94.37,55.69,1.63,0
Tecido,355.77,89.66,68.24,1.75,0
Tecido,352.55,96.48,55.69,1.79,0
Tecido,351.68,97.16,55.29,1.80,0
Tecido,354.90,90.00,66.67,2.40,0
Tecido,354.90,93.87,63.92,2.37,0
Tecido,352.06,97.14,54.90,3.07,0
Tecido,352.55,91.95,58.43,2.88,0
Tecido,356.18,90.23,68.24,3.06,0
Tecido,352.17,97.18,55.69,2.86,0
Tecido,351.18,96.45,55.29,2.66,0
Tecido,355.38,89.66,68.24,2.27,0
Tecido,353.79,95.39,59.61,2.07,0
Tecido,352.17,97.18,55.69,1.77,0
Tecido,353.75,90.57,62.35,1.93,0
Tecido,355.85,91.91,67.84,1.81,0
Tecido,352.06,97.14,54.90,1.77,0
Tecido,351.49,94.37,55.69,1.84,0
Tecido,355.77,89.66,68.24,1.70,0
Tecido,352.66,96.53,56.47,1.57,0
Tecido,352.06,96.45,55.29,1.34,0
Tecido,354.80,89.82,65.49,1.18,0
Tecido,355.29,93.29,64.31,1.32,0
Tecido,352.17,97.18,55.69,1.18,0
Tecido,352.44,91.84,57.65,1.13,0
Tecido,355.80,90.23,68.24,1.40,0
Tecido,352.12,97.16,55.29,1.41,0
Tecido,351.18,96.45,55.29,1.33,0
Tecido,355.38,89.66,68.24,1.30,0
Tecido,353.92,95.48,60.78,1.41,0
Tecido,352.12,97.16,55.29,1.56,0
Tecido,353.75,90.57,62.35,1.48,0
Tecido,355.87,91.95,68.24,1.38,0
Tecido,352.12,97.16,55.29,1.46,0
Tecido,351.49,94.37,55.69,1.39,0
Tecido,355.77,89.66,68.24,1.21,0
Tecido,352.61,96.50,56.08,1.17,0
Tecido,351.68,97.16,55.29,1.28,0
Tecido,354.80,89.82,65.49,1.32,0
Tecido,355.29,93.87,63.92,1.15,0
Tecido,352.17,97.18,55.69,1.01,0
Tecido,352.50,91.89,58.04,0.90,0
Tecido,355.82,90.80,68.24,1.18,0
Tecido,352.17,97.18,55.69,1.44,0
Tecido,351.11,95.74,55.29,1.72,0
Tecido,355.38,89.66,68.24,1.80,0
Tecido,353.33,96.00,58.82,1.82,0
Tecido,352.44,96.43,54.90,1.65,0
Tecido,353.84,90.68,63.14,1.63,0
Tecido,355.82,92.40,67.06,1.72,0
Tecido,352.50,96.45,55.29,1.89,0
Tecido,351.82,92.96,55.69,1.78,0
Tecido,355.80,90.23,68.24,1.67,0
Tecido,352.50,96.45,55.29,1.58,0
Tecido,351.62,96.45,55.29,1.34,0
Tecido,354.94,90.06,67.06,1.29,0
Tecido,354.36,94.90,61.57,1.32,0
Tecido,352.12,97.16,55.29,1.59,0
Tecido,352.82,91.61,60.78,1.46,0
Tecido,355.85,91.38,68.24,1.52,0
Tecido,352.17,97.18,55.69,1.63,0
Tecido,351.04,95.04,55.29,1.66,0
Tecido,355.77,89.66,68.24,1.57,0
Tecido,353.09,95.86,56.86,1.63,0
Tecido,352.17,97.18,55.69,1.78,0
Tecido,354.32,90.24,64.31,1.83,0
Tecido,355.80,92.90,66.27,2.12,0
Tecido,352.06,97.14,54.90,1.94,0
Tecido,351.94,93.06,56.47,1.83,0
Tecido,355.80,90.23,68.24,2.10,0
Tecido,352.12,97.16,55.29,2.20,0
Tecido,351.62,96.45,55.29,2.04,0
Tecido,354.94,90.06,67.06,1.98,0
Tecido,354.36,94.90,61.57,2.02,0
Tecido,352.12,97.16,55.29,2.07,0
Tecido,353.19,91.56,60.39,2.06,0
Tecido,355.85,91.38,68.24,1.95,0
Tecido,352.17,97.18,55.69,2.23,0
Tecido,350.98,95.00,54.90,2.23,0
Tecido,355.38,89.66,68.24,2.11,0
Tecido,352.71,96.55,56.86,1.89,0
Tecido,352.12,97.16,55.29,1.70,0
Tecido,354.36,90.30,64.71,1.56,0
Tecido,355.74,92.81,65.49,1.64,0
Tecido,352.17,97.18,55.69,1.65,0
Tecido,351.94,93.06,56.47,1.73,0
Tecido,355.80,90.23,68.24,1.74,0
Tecido,352.55,96.48,55.69,1.67,0
Tecido,351.68,96.48,55.69,1.74,0
Tecido,354.97,90.12,67.45,1.91,0
Tecido,354.32,94.87,61.18,1.77,0
Tecido,352.17,97.18,55.69,2.24,0
Tecido,352.82,91.61,60.78,4.25,0
Tecido,355.85,91.38,68.24,3.74,0
Tecido,352.06,97.14,54.90,3.64,0
Tecido,351.56,95.07,55.69,3.27,0
Tecido,355.38,89.66,68.24,3.14,0
Tecido,352.77,96.58,57.25,3.11,0
Tecido,352.12,97.16,55.29,3.38,0
Tecido,354.36,90.30,64.71,3.28,0
Tecido,355.77,92.86,65.88,3.08,0
Tecido,352.55,97.16,55.29,2.69,0
Tecido,351.94,93.06,56.47,2.60,0
Tecido,355.80,90.23,68.24,2.70,0
Tecido,352.17,97.18,55.69,2.61,0
Tecido,351.56,96.43,54.90,2.57,0
Tecido,354.94,90.06,67.06,2.88,0
Tecido,354.36,94.90,61.57,2.71,0
Tecido,352.06,97.14,54.90,2.33,0
Tecido,353.19,91.56,60.39,2.20,0
Tecido,355.85,91.38,68.24,2.09,0
Tecido,352.06,97.14,54.90,1.74,0
Tecido,351.43,95.00,54.90,1.66,0
Tecido,355.38,89.66,68.24,1.69,0
Tecido,352.77,96.58,57.25,1.57,0
Tecido,352.12,97.16,55.29,1.55,0
Tecido,354.29,90.18,63.92,1.58,0
Tecido,355.41,92.90,66.27,1.41,0
Tecido,352.06,97.14,54.90,1.61,0
Tecido,351.88,93.01,56.08,1.62,0
Tecido,356.15,89.66,68.24,1.60,0
Tecido,352.12,97.16,55.29,1.49,0
Tecido,351.62,96.45,55.29,1.70,0
Tecido,354.90,90.00,66.67,1.82,0
Tecido,354.73,94.27,61.57,1.76,0
Tecido,352.12,97.16,55.29,1.67,0
Tecido,352.61,92.00,58.82,1.36,0
Tecido,355.85,91.38,68.24,1.28,0
Tecido,352.06,97.14,54.90,1.22,0
Tecido,351.11,95.74,55.29,1.27,0
Tecido,355.38,89.66,68.24,1.29,0
Tecido,353.38,96.03,59.22,1.28,0
Tecido,352.12,97.16,55.29,1.36,0
Tecido,353.84,90.68,63.14,1.52,0
Tecido,355.82,92.40,67.06,1.63,0
Tecido,352.55,97.16,55.29,1.55,0
Tecido,351.36,93.62,55.29,1.70,0
Tecido,355.77,89.66,68.24,1.91,0
Tecido,352.17,97.18,55.69,1.58,0
Tecido,351.62,97.14,54.90,1.52,0
Tecido,354.87,89.94,66.27,1.62,0
Tecido,354.80,94.34,62.35,1.68,0
Tecido,352.06,97.14,54.90,1.51,0
Tecido,352.66,92.05,59.22,1.39,0
Tecido,355.82,90.80,68.24,1.56,0
Tecido,352.17,97.18,55.69,1.41,0
Tecido,351.04,95.71,54.90,1.32,0
Tecido,355.38,90.17,67.84,1.43,0
Tecido,353.24,95.95,58.04,1.29,0
Tecido,352.06,97.14,54.90,1.24,0
Tecido,353.84,90.68,63.14,1.55,0
Tecido,355.82,92.40,67.06,1.35,0
Tecido,352.12,97.16,55.29,4.96,0
Tecido,350.98,94.33,55.29,4.34,0
Tecido,355.77,89.66,68.24,3.71,0
Tecido,352.17,97.18,55.69,3.47,0
Tecido,351.62,97.14,54.90,3.25,0
Tecido,354.40,90.36,65.10,2.75,0
Tecido,355.26,93.83,63.53,2.40,0
Tecido,352.06,97.14,54.90,2.10,0
Tecido,352.55,91.95,58.43,1.86,0
Tecido,355.82,90.80,68.24,1.69,0
Tecido,352.06,97.14,54.90,1.61,0
Tecido,352.00,92.47,57.25,1.52,0
Tecido,355.82,90.80,68.24,1.52,0
Tecido,352.06,97.14,54.90,1.75,0
Tecido,351.62,96.45,55.29,1.59,0
Tecido,354.94,90.06,67.06,1.40,0
Tecido,353.84,95.42,60.00,1.48,0
Tecido,351.18,97.14,54.90,1.50,0
Tecido,354.94,90.06,67.06,1.39,0
Tecido,354.36,94.90,61.57,1.43,0
Tecido,351.62,97.14,54.90,1.53,0
Tecido,354.80,89.82,65.49,1.41,0
Tecido,354.80,94.34,62.35,1.52,0
Tecido,352.50,97.14,54.90,1.59,0
Tecido,352.61,92.00,58.82,1.37,0
Tecido,356.20,90.80,68.24,1.60,0
Tecido,352.06,97.14,54.90,1.57,0
Tecido,352.06,92.52,57.65,1.52,0
Tecido,356.18,90.23,68.24,1.38,0
Tecido,352.50,97.14,54.90,1.26,0
Tecido,351.62,95.77,55.69,1.37,0
Tecido,355.38,89.66,68.24,1.25,0
Tecido,353.84,96.05,59.61,1.29,0
Tecido,352.44,97.12,54.51,1.42,0
Tecido,353.79,90.62,62.75,1.44,0
Tecido,355.85,91.91,67.84,1.49,0
Tecido,352.06,97.14,54.90,1.49,0
Tecido,351.36,94.29,54.90,1.43,0
Tecido,356.15,89.66,68.24,1.45,0
Tecido,352.61,97.18,55.69,1.45,0
Tecido,351.68,97.16,55.29,1.61,0
Tecido,354.40,90.36,65.10,1.67,0
Tecido,355.26,93.83,63.53,1.70,0
Tecido,351.94,97.10,54.12,1.79,0
Tecido,354.44,90.42,65.49,1.54,0
Tecido,355.38,93.41,65.49,1.61,0
Tecido,352.55,97.16,55.29,1.68,0
Tecido,352.39,92.41,56.86,1.71,0
Tecido,356.18,90.23,68.24,1.72,0
Tecido,352.06,97.14,54.90,1.73,0
Tecido,351.62,96.45,55.29,1.79,0
Tecido,355.00,90.17,67.84,1.61,0
Tecido,353.88,95.45,60.39,1.65,0
Tecido,352.06,97.14,54.90,1.46,0
Tecido,353.71,91.08,61.57,1.40,0
Tecido,355.87,91.95,68.24,1.38,0
Tecido,351.94,97.10,54.12,1.54,0
Tecido,353.14,91.50,60.00,1.50,0
Tecido,355.85,91.38,68.24,1.76,0
Tecido,352.50,97.14,54.90,1.89,0
Tecido,351.23,94.89,53.73,2.17,0
Tecido,355.38,89.66,68.24,2.00,0
Tecido,353.62,95.92,57.65,1.88,0
Tecido,352.12,97.16,55.29,1.98,0
Tecido,354.25,90.12,63.53,2.27,0
Tecido,355.82,92.94,66.67,1.98,0
Tecido,352.50,97.14,54.90,1.77,0
Tecido,351.82,92.96,55.69,1.78,0
Tecido,355.80,90.23,68.24,1.76,0
Tecido,352.12,97.16,55.29,1.74,0
Tecido,351.68,97.16,55.29,1.64,0
Tecido,354.87,89.94,66.27,1.44,0
Tecido,354.80,94.34,62.35,1.23,0
Tecido,352.00,97.12,54.51,1.36,0
Tecido,353.04,91.39,59.22,1.57,0
Tecido,356.20,90.80,68.24,1.97,0
Tecido,352.17,97.18,55.69,2.08,0
Tecido,351.43,95.68,54.51,2.10,0
Tecido,355.38,89.66,68.24,2.13,0
Tecido,353.75,96.00,58.82,1.94,0
Tecido,352.55,97.16,55.29,1.70,0
Tecido,353.84,90.68,63.14,1.51,0
Tecido,355.85,92.44,67.45,1.69,0
Tecido,352.50,97.14,54.90,1.40,0
Tecido,353.71,91.08,61.57,1.57,0
Tecido,355.87,91.95,68.24,1.62,0
Tecido,352.00,97.12,54.51,1.46,0
Tecido,353.24,91.61,60.78,1.45,0
Tecido,356.23,91.38,68.24,1.38,0
Tecido,352.06,97.14,54.90,1.44,0
Tecido,352.61,92.00,58.82,1.45,0
Tecido,355.85,91.38,68.24,1.43,0
Tecido,352.00,97.12,54.51,1.41,0
Tecido,352.44,91.84,57.65,1.45,0
Tecido,355.82,90.80,68.24,1.35,0
Tecido,352.39,97.10,54.12,1.29,0
Tecido,352.33,92.36,56.47,1.58,0
Tecido,356.18,90.23,68.24,1.80,0
Tecido,352.50,97.14,54.90,1.66,0
Tecido,351.56,96.43,54.90,1.55,0
Tecido,355.00,90.17,67.84,1.45,0
Tecido,354.29,95.45,60.39,1.46,0
Tecido,351.43,97.08,53.73,1.66,0
Tecido,354.87,89.94,66.27,1.60,0
Tecido,354.36,94.90,61.57,1.54,0
Tecido,352.33,97.08,53.73,1.59,0
Tecido,353.09,91.45,59.61,2.07,0
Tecido,355.85,91.38,68.24,1.95,0
Tecido,352.44,97.12,54.51,2.09,0
Tecido,351.36,95.65,54.12,1.90,0
Tecido,355.03,90.23,68.24,1.97,0
Tecido,353.66,95.95,58.04,1.64,0
Tecido,351.94,97.10,54.12,2.31,0
Tecido,353.79,90.62,62.75,2.18,0
Tecido,355.82,92.40,67.06,2.22,0
Tecido,352.44,97.12,54.51,2.08,0
Tecido,350.91,94.29,54.90,2.31,0
Tecido,356.15,89.66,68.24,2.25,0
Tecido,352.12,97.16,55.29,1.93,0
Tecido,351.56,97.12,54.51,1.78,0
Tecido,354.83,89.88,65.88,1.62,0
Tecido,354.87,94.41,63.14,1.49,0
Tecido,352.06,97.14,54.90,1.54,0
Tecido,354.32,90.24,64.31,1.73,0
Tecido,355.38,93.41,65.49,1.83,0
Tecido,352.44,97.12,54.51,1.80,0
Tecido,351.88,93.01,56.08,1.66,0
Tecido,355.80,90.23,68.24,1.78,0
Tecido,352.61,97.18,55.69,1.90,0
Tecido,351.43,97.08,53.73,1.90,0
Tecido,354.94,90.06,67.06,1.64,0
Tecido,354.32,94.87,61.18,1.75,0
Tecido,351.49,97.10,54.12,1.52,0
Tecido,354.80,89.82,65.49,1.49,0
Tecido,354.90,94.44,63.53,1.60,0
Tecido,351.88,97.08,53.73,1.56,0
Tecido,352.89,91.84,57.65,1.43,0
Tecido,355.82,90.80,68.24,1.65,0
Tecido,352.50,97.14,54.90,1.49,0
Tecido,351.36,96.35,53.73,1.40,0
Tecido,355.03,90.23,68.24,1.51,0
Tecido,354.13,95.33,58.82,1.59,0
Tecido,352.33,97.08,53.73,1.84,0
Tecido,354.08,90.45,61.57,1.80,0
Tecido,356.23,91.91,67.84,1.96,0
Tecido,352.39,97.10,54.12,1.82,0
Tecido,351.43,94.33,55.29,2.36,0
Tecido,355.77,89.66,68.24,2.16,0
Tecido,352.71,97.22,56.47,2.27,0
Tecido,352.06,97.14,54.90,2.18,0
Tecido,354.40,90.36,65.10,2.08,0
Tecido,355.35,93.94,64.71,1.80,0
Tecido,352.33,97.08,53.73,1.99,0
Tecido,352.44,92.47,57.25,1.81,0
Tecido,356.18,90.23,68.24,1.61,0
Tecido,352.44,97.12,54.51,1.62,0
Tecido,351.82,92.96,55.69,1.60,0
Tecido,355.80,90.23,68.24,1.85,0
Tecido,352.55,97.16,55.29,1.75,0
Tecido,351.49,97.10,54.12,1.76,0
Tecido,354.87,89.94,66.27,1.78,0
Tecido,354.36,94.90,61.57,1.99,0
Tecido,352.39,97.10,54.12,1.93,0
Tecido,353.14,91.50,60.00,1.85,0
Tecido,355.85,91.38,68.24,2.13,0
Tecido,352.50,97.14,54.90,1.88,0
Tecido,351.36,94.96,54.51,1.67,0
Tecido,355.38,89.66,68.24,1.60,0
Tecido,353.09,96.53,56.47,1.62,0
Tecido,350.15,97.10,54.12,1.63,0
Tecido,355.38,89.66,68.24,1.43,0
Tecido,353.71,95.97,58.43,1.35,0
Tecido,352.39,97.10,54.12,1.28,0
Tecido,354.25,90.12,63.53,1.34,0
Tecido,355.85,92.44,67.45,1.75,0
Tecido,352.39,97.10,54.12,2.29,0
Tecido,351.30,93.57,54.90,1.98,0
Tecido,355.77,89.66,68.24,1.85,0
Tecido,352.50,97.14,54.90,3.86,0
Tecido,351.76,93.57,54.90,3.35,0
Tecido,356.15,89.66,68.24,2.92,0
Tecido,352.61,97.18,55.69,2.74,0
Tecido,352.00,97.12,54.51,2.46,0
Tecido,354.80,89.82,65.49,2.13,0
Tecido,355.29,93.87,63.92,2.03,0
Tecido,351.88,97.08,53.73,1.72,0
Tecido,354.36,90.30,64.71,1.56,0
Tecido,355.77,93.41,65.49,1.38,0
Tecido,352.44,97.12,54.51,1.46,0
Tecido,353.84,90.68,63.14,1.43,0
Tecido,355.82,92.40,67.06,1.52,0
Tecido,352.44,97.12,54.51,1.64,0
Tecido,353.71,91.08,61.57,1.84,0
Tecido,355.87,91.95,68.24,1.86,0
Tecido,352.39,97.10,54.12,2.76,0
Tecido,353.19,91.56,60.39,2.34,0
Tecido,356.23,91.38,68.24,2.06,0
Tecido,352.50,97.14,54.90,2.10,0
Tecido,351.82,94.96,54.51,2.02,0
Tecido,355.77,89.66,68.24,1.84,0
Tecido,353.24,96.60,57.65,1.82,0
Tecido,350.67,97.12,54.51,1.75,0
Tecido,355.03,90.23,68.24,1.60,0
Tecido,353.75,96.00,58.82,1.80,0
Tecido,351.18,97.14,54.90,4.05,0
Tecido,354.90,90.00,66.67,3.85,0
Tecido,354.25,95.42,60.00,3.42,0
Tecido,351.43,97.08,53.73,3.13,0
Tecido,354.55,90.59,66.67,9.36,0
Tecido,354.36,94.90,61.57,7.76,0
Tecido,351.56,97.12,54.51,7.03,0
Tecido,354.40,90.36,65.10,6.23,0
Tecido,355.26,93.83,63.53,5.62,0
Tecido,352.44,97.12,54.51,4.88,0
Tecido,352.06,92.52,57.65,4.26,0
Tecido,356.18,90.23,68.24,4.16,0
Tecido,352.50,97.14,54.90,3.50,0
Tecido,351.82,92.96,55.69,3.28,0
Tecido,356.18,90.23,68.24,3.12,0
Tecido,352.39,97.10,54.12,2.94,0
Tecido,351.76,93.57,54.90,2.57,0
Tecido,355.80,90.23,68.24,2.49,0
Tecido,352.61,97.18,55.69,2.23,0
Tecido,351.49,97.10,54.12,1.92,0
Tecido,354.83,89.88,65.88,1.94,0
Tecido,354.77,94.90,61.57,1.69,0
Tecido,351.43,97.08,53.73,4.14,0
Tecido,354.44,90.42,65.49,4.01,0
Tecido,355.26,93.83,63.53,3.75,0
Tecido,352.44,97.12,54.51,4.09,0
Tecido,228.29,51.90,61.96,1.40,0
Tecido,219.23,63.41,64.31,2.39,0
Tecido,228.89,51.27,61.96,2.95,0
Tecido,218.73,71.43,60.39,3.52,0
Tecido,217.82,73.01,63.92,3.91,0
Tecido,224.65,52.76,63.92,4.08,0
Tecido,222.18,65.58,60.39,4.46,0
Tecido,219.11,71.79,61.18,4.54,0
Tecido,220.21,59.15,64.31,4.37,0
Tecido,227.71,53.21,61.18,4.41,0
Tecido,218.73,71.43,60.39,4.04,0
Tecido,216.72,70.73,64.31,3.86,0
Tecido,225.37,51.25,62.75,4.26,0
Tecido,220.00,68.63,60.00,3.88,0
Tecido,218.95,72.15,61.96,3.84,0
Tecido,222.39,56.10,64.31,3.53,0
Tecido,227.29,55.92,59.61,3.88,0
Tecido,218.13,70.86,59.22,4.17,0
Tecido,217.43,66.46,64.31,4.36,0
Tecido,227.09,50.00,61.96,4.41,0
Tecido,218.33,71.05,59.61,3.98,0
Tecido,218.46,73.13,62.75,3.65,0
Tecido,223.82,54.27,64.31,3.38,0
Tecido,224.68,61.04,60.39,2.91,0
Tecido,218.73,71.43,60.39,2.75,0
Tecido,219.23,63.41,64.31,2.88,0
Tecido,226.99,52.87,61.57,2.62,0
Tecido,218.33,71.05,59.61,2.74,0
Tecido,217.12,72.84,63.53,2.47,0
Tecido,223.15,54.60,63.92,2.37,0
Tecido,221.36,66.88,60.39,2.34,0
Tecido,219.11,71.79,61.18,2.20,0
Tecido,220.41,59.76,64.31,2.02,0
Tecido,228.29,53.25,60.39,1.77,0
Tecido,218.92,71.61,60.78,1.94,0
Tecido,216.72,70.73,64.31,2.06,0
Tecido,224.63,51.57,62.35,1.76,0
Tecido,219.63,70.32,60.78,2.03,0
Tecido,218.95,72.15,61.96,1.85,0
Tecido,222.86,55.49,64.31,2.06,0
Tecido,226.52,57.79,60.39,1.97,0
Tecido,218.73,71.43,60.39,1.78,0
Tecido,217.43,66.46,64.31,1.89,0
Tecido,226.67,51.27,61.96,2.32,0
Tecido,218.18,71.43,60.39,2.25,0
Tecido,218.64,72.84,63.53,2.10,0
Tecido,224.83,53.05,64.31,1.82,0
Tecido,222.86,63.64,60.39,1.62,0
Tecido,219.11,71.79,61.18,1.93,0
Tecido,220.00,60.37,64.31,1.89,0
Tecido,228.89,51.59,61.57,1.65,0
Tecido,218.53,71.24,60.00,1.93,0
Tecido,216.81,72.56,64.31,1.94,0
Tecido,225.18,52.15,63.92,1.83,0
Tecido,220.96,67.53,60.39,1.83,0
Tecido,220.00,72.15,61.96,2.04,0
Tecido,221.94,56.71,64.31,1.77,0
Tecido,226.99,54.25,60.00,1.77,0
Tecido,218.73,71.43,60.39,1.63,0
Tecido,216.96,68.29,64.31,1.62,0
Tecido,228.00,50.00,62.75,1.63,0
Tecido,219.08,70.78,60.39,1.45,0
Tecido,218.95,72.15,61.96,1.50,0
Tecido,223.82,54.27,64.31,1.66,0
Tecido,225.49,59.09,60.39,1.76,0
Tecido,218.73,71.43,60.39,2.07,0
Tecido,218.49,64.63,64.31,2.01,0
Tecido,229.23,49.37,61.96,3.32,0
Tecido,218.73,71.43,60.39,3.64,0
Tecido,217.95,72.67,63.14,4.30,0
Tecido,224.83,53.05,64.31,3.66,0
Tecido,223.47,63.64,60.39,3.36,0
Tecido,218.73,71.43,60.39,3.31,0
Tecido,220.00,60.37,64.31,3.79,0
Tecido,228.61,50.64,61.18,3.65,0
Tecido,218.53,71.24,60.00,3.27,0
Tecido,216.10,72.39,63.92,3.20,0
Tecido,225.37,50.93,63.14,3.46,0
Tecido,220.19,67.76,59.61,2.99,0
Tecido,219.29,71.97,61.57,2.73,0
Tecido,222.39,56.10,64.31,2.30,0
Tecido,227.56,53.95,59.61,2.01,0
Tecido,218.92,71.61,60.78,1.87,0
Tecido,217.30,67.68,64.31,1.87,0
Tecido,226.15,49.37,61.96,1.77,0
Tecido,218.73,71.43,60.39,1.71,0
Tecido,218.61,72.33,62.35,1.98,0
Tecido,224.32,53.66,64.31,1.94,0
Tecido,225.32,61.04,60.39,2.71,0
Tecido,218.73,71.43,60.39,2.51,0
Tecido,218.82,62.20,64.31,2.40,0
Tecido,229.23,49.68,61.57,2.38,0
Tecido,218.92,71.61,60.78,2.67,0
Tecido,217.63,71.95,64.31,2.70,0
Tecido,225.71,51.53,63.92,2.62,0
Tecido,221.36,66.88,60.39,2.50,0
Tecido,219.11,71.79,61.18,2.26,0
Tecido,221.94,56.71,64.31,2.03,0
Tecido,227.86,54.55,60.39,2.02,0
Tecido,218.73,71.43,60.39,1.83,0
Tecido,216.43,68.29,64.31,1.72,0
Tecido,227.69,49.37,61.96,1.95,0
Tecido,218.73,71.43,60.39,1.79,0
Tecido,218.09,72.33,62.35,1.56,0
Tecido,224.32,53.66,64.31,1.93,0
Tecido,224.68,61.04,60.39,2.06,0
Tecido,218.92,71.61,60.78,2.12,0
Tecido,219.60,60.98,64.31,1.85,0
Tecido,228.95,49.35,60.39,1.67,0
Tecido,218.73,71.43,60.39,1.64,0
Tecido,216.10,72.39,63.92,1.58,0
Tecido,225.88,52.15,63.92,1.39,0
Tecido,219.62,68.83,60.39,1.77,0
Tecido,219.47,72.15,61.96,1.96,0
Tecido,222.86,55.49,64.31,1.97,0
Tecido,227.71,54.61,59.61,2.43,0
Tecido,218.73,71.43,60.39,2.61,0
Tecido,218.33,65.85,64.31,2.30,0
Tecido,228.46,49.37,61.96,2.24,0
Tecido,218.53,71.24,60.00,2.01,0
Tecido,217.44,72.67,63.14,2.29,0
Tecido,225.35,52.44,64.31,2.34,0
Tecido,223.03,64.29,60.39,2.12,0
Tecido,219.11,71.79,61.18,2.18,0
Tecido,220.21,59.15,64.31,2.00,0
Tecido,228.61,51.30,60.39,2.27,0
Tecido,218.73,71.43,60.39,2.40,0
Tecido,216.52,70.12,64.31,2.18,0
Tecido,226.33,49.69,62.35,2.38,0
Tecido,218.89,70.59,60.00,2.13,0
Tecido,219.13,72.33,62.35,2.05,0
Tecido,224.32,53.66,64.31,2.02,0
Tecido,225.16,60.39,60.39,1.81,0
Tecido,218.73,71.43,60.39,1.77,0
Tecido,218.82,62.20,64.31,1.81,0
Tecido,228.61,50.64,61.18,1.80,0
Tecido,218.73,71.43,60.39,1.99,0
Tecido,217.31,72.56,64.31,1.79,0
Tecido,225.18,52.15,63.92,1.75,0
Tecido,220.37,69.03,60.78,1.54,0
Tecido,219.47,72.15,61.96,1.43,0
Tecido,222.86,55.49,64.31,1.34,0
Tecido,227.59,56.13,60.78,1.42,0
Tecido,218.53,71.24,60.00,1.30,0
Tecido,217.78,65.85,64.31,1.34,0
Tecido,228.46,49.37,61.96,1.49,0
Tecido,218.53,71.24,60.00,1.48,0
Tecido,217.31,73.01,63.92,1.46,0
Tecido,224.83,53.05,64.31,1.29,0
Tecido,222.60,64.94,60.39,1.21,0
Tecido,218.73,71.43,60.39,1.29,0
Tecido,221.68,57.93,64.31,1.21,0
Tecido,229.37,51.63,60.00,1.32,0
Tecido,218.73,71.43,60.39,1.56,0
Tecido,216.32,69.51,64.31,1.74,0
Tecido,225.75,50.63,61.96,1.97,0
Tecido,219.08,70.78,60.39,2.18,0
Tecido,218.95,72.15,61.96,2.58,0
Tecido,224.83,53.05,64.31,3.04,0
Tecido,224.68,61.04,60.39,3.05,0
Tecido,219.11,71.79,61.18,3.31,0
Tecido,220.00,60.37,64.31,3.06,0
Tecido,228.61,50.64,61.18,3.20,0
Tecido,218.73,71.43,60.39,2.98,0
Tecido,217.44,71.34,64.31,3.30,0
Tecido,226.27,51.23,63.53,2.94,0
Tecido,219.44,70.13,60.39,2.95,0
Tecido,218.95,72.15,61.96,3.09,0
Tecido,223.82,54.27,64.31,3.25,0
Tecido,225.33,58.82,60.00,3.28,0
Tecido,218.73,71.43,60.39,2.79,0
Tecido,219.03,62.80,64.31,2.54,0
Tecido,228.46,50.00,61.18,2.38,0
Tecido,218.33,71.05,59.61,2.16,0
Tecido,217.12,72.39,63.92,2.20,0
Tecido,225.18,52.15,63.92,1.88,0
Tecido,220.57,68.18,60.39,2.37,0
Tecido,219.29,71.97,61.57,2.45,0
Tecido,222.39,56.10,64.31,2.39,0
Tecido,227.86,54.55,60.39,2.47,0
Tecido,218.73,71.43,60.39,2.30,0
Tecido,217.78,65.85,64.31,2.49,0
Tecido,228.46,49.37,61.96,2.29,0
Tecido,218.73,71.43,60.39,2.01,0
Tecido,217.82,73.01,63.92,2.16,0
Tecido,225.35,52.44,64.31,2.17,0
Tecido,223.20,64.52,60.78,1.89,0
Tecido,218.73,71.43,60.39,1.98,0
Tecido,220.21,59.15,64.31,1.73,0
Tecido,228.61,51.63,60.00,1.75,0
Tecido,218.92,71.61,60.78,1.87,0
Tecido,216.84,69.51,64.31,1.58,0
Tecido,225.57,50.00,61.96,1.53,0
Tecido,218.73,71.43,60.39,1.65,0
Tecido,218.61,72.33,62.35,1.44,0
Tecido,224.32,53.66,64.31,1.52,0
Tecido,225.16,60.39,60.39,1.42,0
Tecido,219.46,71.61,60.78,1.63,0
Tecido,219.60,60.98,64.31,1.72,0
Tecido,229.74,49.03,60.78,1.98,0
Tecido,218.73,71.43,60.39,2.50,0
Tecido,216.10,71.95,64.31,2.57,0
Tecido,226.83,50.62,63.53,2.39,0
Tecido,219.81,69.48,60.39,2.54,0
Tecido,219.47,72.15,61.96,2.31,0
Tecido,223.33,54.88,64.31,2.20,0
Tecido,227.05,57.14,60.39,2.02,0
Tecido,218.33,71.05,59.61,1.89,0
Tecido,218.49,64.63,64.31,2.32,0
Tecido,229.23,49.37,61.96,2.21,0
Tecido,218.73,71.43,60.39,2.22,0
Tecido,217.82,73.01,63.92,2.26,0
Tecido,225.35,52.44,64.31,2.75,0
Tecido,221.94,66.45,60.78,2.48,0
Tecido,219.29,71.97,61.57,2.45,0
Tecido,221.05,57.93,64.31,2.09,0
Tecido,228.89,52.26,60.78,2.06,0
Tecido,219.46,71.61,60.78,1.87,0
Tecido,217.17,68.90,64.31,1.67,0
Tecido,227.09,49.69,62.35,1.76,0
Tecido,218.73,71.43,60.39,1.64,0
Tecido,218.42,72.15,61.96,1.69,0
Tecido,224.32,53.66,64.31,1.81,0
Tecido,224.68,61.04,60.39,1.96,0
Tecido,218.73,71.43,60.39,2.45,0
Tecido,219.21,61.59,64.31,2.26,0
Tecido,230.00,49.68,61.57,2.28,0
Tecido,218.73,71.43,60.39,2.41,0
Tecido,216.30,72.56,64.31,2.46,0
Tecido,225.54,51.55,63.14,2.15,0
Tecido,219.44,70.13,60.39,2.00,0
Tecido,218.95,72.15,61.96,2.02,0
Tecido,222.39,56.10,64.31,2.14,0
Tecido,227.44,55.84,60.39,2.25,0
Tecido,218.92,71.61,60.78,2.71,0
Tecido,217.78,65.85,64.31,2.58,0
Tecido,228.46,49.37,61.96,2.48,0
Tecido,218.73,71.43,60.39,2.30,0
Tecido,217.82,73.01,63.92,2.18,0
Tecido,225.35,52.44,64.31,2.17,0
Tecido,222.18,65.58,60.39,2.06,0
Tecido,218.92,71.61,60.78,2.11,0
Tecido,221.05,57.93,64.31,3.11,0
Tecido,228.75,51.95,60.39,3.39,0
Tecido,218.53,71.24,60.00,2.79,0
Tecido,216.64,68.90,64.31,3.11,0
Tecido,226.92,49.37,61.96,2.94,0
Tecido,218.33,71.05,59.61,2.96,0
Tecido,218.61,72.33,62.35,2.73,0
Tecido,224.32,53.66,64.31,2.94,0
Tecido,224.52,60.78,60.00,3.33,0
Tecido,218.73,71.43,60.39,3.33,0
Tecido,219.39,60.37,64.31,3.16,0
Tecido,227.85,50.97,60.78,3.17,0
Tecido,218.53,71.24,60.00,3.78,0
Tecido,216.41,71.34,64.31,3.44,0
Tecido,225.37,51.25,62.75,2.89,0
Tecido,220.00,69.68,60.78,3.34,0
Tecido,219.13,72.78,61.96,2.83,0
Tecido,222.86,55.49,64.31,2.57,0
Tecido,226.36,57.14,60.39,2.38,0
Tecido,218.73,71.43,60.39,2.30,0
Tecido,218.13,65.24,64.31,2.16,0
Tecido,227.25,50.63,61.96,2.01,0
Tecido,218.73,71.43,60.39,1.81,0
Tecido,217.95,72.67,63.14,1.67,0
Tecido,225.35,52.44,64.31,2.30,0
Tecido,223.47,63.64,60.39,2.03,0
Tecido,218.92,71.61,60.78,2.20,0
Tecido,220.00,60.37,64.31,2.37,0
Tecido,228.61,50.64,61.18,2.39,0
Tecido,218.53,71.24,60.00,2.31,0
Tecido,217.12,71.95,64.31,2.13,0
Tecido,225.19,50.63,62.75,2.45,0
Tecido,220.19,68.83,60.39,2.49,0
Tecido,218.76,71.97,61.57,2.43,0
Tecido,221.49,57.32,64.31,2.09,0
Tecido,227.86,54.55,60.39,1.96,0
Tecido,218.53,71.24,60.00,1.87,0
Tecido,216.96,68.29,64.31,2.21,0
Tecido,226.92,49.37,61.96,2.49,0
Tecido,219.08,70.78,60.39,2.54,0
Tecido,218.42,72.15,61.96,2.91,0
Tecido,223.82,54.27,64.31,2.82,0
Tecido,225.65,59.74,60.39,2.50,0
Tecido,218.73,71.43,60.39,2.50,0
Tecido,218.08,63.41,64.31,2.25,0
Tecido,229.23,49.68,61.57,2.48,0
Tecido,218.73,71.43,60.39,2.72,0
Tecido,217.31,73.01,63.92,2.52,0
Tecido,225.35,52.44,64.31,2.41,0
Tecido,222.00,65.36,60.00,2.15,0
Tecido,218.92,71.61,60.78,2.18,0
Tecido,221.68,57.93,64.31,2.12,0
Tecido,229.02,52.56,61.18,2.12,0
Tecido,218.73,71.43,60.39,2.18,0
Tecido,216.52,70.12,64.31,2.11,0
Tecido,227.09,49.69,62.35,2.10,0
Tecido,218.89,70.59,60.00,2.32,0
Tecido,218.42,72.15,61.96,2.40,0
Tecido,223.33,54.88,64.31,2.21,0
Tecido,226.15,59.09,60.39,2.72,0
Tecido,218.38,72.08,60.39,2.54,0
Tecido,218.49,64.63,64.31,3.22,0
Tecido,228.46,49.37,61.96,2.93,0
Tecido,218.73,71.43,60.39,2.74,0
Tecido,217.82,73.01,63.92,2.53,0
Tecido,224.83,53.05,64.31,2.80,0
Tecido,224.54,62.58,60.78,2.55,0
Tecido,218.18,71.90,60.00,2.17,0
Tecido,220.61,60.37,64.31,2.21,0
Tecido,230.53,49.03,60.78,2.05,0
Tecido,218.73,71.43,60.39,1.90,0
Tecido,217.63,71.95,64.31,1.91,0
Tecido,225.71,51.53,63.92,2.05,0
Tecido,220.96,67.53,60.39,2.35,0
Tecido,219.11,71.79,61.18,2.99,0
Tecido,221.49,57.32,64.31,4.08,0
Tecido,229.02,52.56,61.18,4.35,0
Tecido,218.73,71.43,60.39,4.26,0
Tecido,216.52,70.12,64.31,4.47,0
Tecido,225.93,50.63,62.75,4.31,0
Tecido,220.36,70.51,61.18,3.79,0
Tecido,218.95,72.15,61.96,3.37,0
Tecido,223.33,54.88,64.31,3.47,0
Tecido,227.05,57.14,60.39,3.29,0
Tecido,218.73,71.43,60.39,3.24,0
Tecido,217.22,65.85,64.31,3.48,0
Tecido,227.85,50.00,61.96,3.67,0
Tecido,219.11,71.79,61.18,3.93,0
Tecido,218.64,72.84,63.53,3.26,0
Tecido,224.83,53.05,64.31,3.15,0
Tecido,224.04,61.44,60.00,3.33,0
Tecido,218.92,71.61,60.78,3.01,0
Tecido,219.21,61.59,64.31,3.00,0
Tecido,229.37,50.00,61.96,3.12,0
Tecido,218.18,71.90,60.00,3.36,0
Tecido,216.81,72.56,64.31,3.23,0
Tecido,225.00,51.85,63.53,3.11,0
Tecido,221.76,66.23,60.39,2.99,0
Tecido,218.92,71.61,60.78,3.69,0
Tecido,221.05,57.93,64.31,3.40,0
Tecido,228.75,51.95,60.39,3.22,0
Tecido,219.27,71.43,60.39,2.82,0
Tecido,217.04,70.12,64.31,3.19,0
Tecido,225.37,51.25,62.75,3.34,0
Tecido,220.37,69.48,60.39,2.93,0
Tecido,218.95,72.15,61.96,2.65,0
Tecido,223.33,54.88,64.31,2.60,0
Tecido,227.14,54.90,60.00,2.49,0
Tecido,218.73,71.43,60.39,2.49,0
Tecido,217.64,67.07,64.31,3.67,0
Tecido,227.09,50.00,61.96,3.26,0
Tecido,218.73,71.43,60.39,3.18,0
Tecido,218.61,72.33,62.35,3.88,0
Tecido,224.32,53.66,64.31,4.02,0
Tecido,224.84,59.87,59.61,4.13,0
Tecido,218.73,71.43,60.39,5.01,0
Tecido,219.61,62.80,64.31,4.90,0
Tecido,230.00,49.37,61.96,4.40,0
Tecido,218.73,71.43,60.39,4.80,0
Tecido,217.31,73.01,63.92,5.57,0
Tecido,225.18,52.15,63.92,5.84,0
Tecido,222.86,64.05,60.00,5.51,0
Tecido,218.73,71.43,60.39,4.88,0
Tecido,220.21,59.15,64.31,4.68,0
Tecido,229.23,50.65,60.39,4.02,0
Tecido,218.53,71.24,60.00,3.92,0
Tecido,216.10,71.95,64.31,3.28,0
Tecido,224.82,51.55,63.14,3.30,0
Tecido,219.61,68.21,59.22,3.24,0
Tecido,219.47,72.15,61.96,2.75,0
Tecido,222.39,56.10,64.31,2.89,0
Tecido,228.00,54.49,61.18,2.72,0
Tecido,218.53,71.24,60.00,2.28,0
Tecido,217.84,67.68,64.31,2.40,0
Tecido,226.92,49.37,61.96,2.33,0
Tecido,218.53,71.24,60.00,2.60,0
Tecido,218.42,72.15,61.96,2.39,0
Tecido,224.32,53.66,64.31,2.42,0
Tecido,226.30,59.74,60.39,2.86,0
Tecido,218.92,71.61,60.78,3.01,0
Tecido,219.03,62.80,64.31,3.06,0
Tecido,229.09,49.36,61.18,2.99,0
Tecido,218.53,71.24,60.00,2.69,0
Tecido,216.81,73.01,63.92,2.78,0
Tecido,224.83,53.05,64.31,2.46,0
Tecido,222.60,64.94,60.39,2.20,0
Tecido,218.73,71.43,60.39,2.34,0
Tecido,220.82,59.15,64.31,2.03,0
Tecido,228.61,51.30,60.39,1.91,0
Tecido,217.64,71.43,60.39,1.81,0
Tecido,217.24,70.73,64.31,1.84,0
Tecido,226.27,51.23,63.53,2.32,0
Tecido,219.44,70.13,60.39,2.26,0
Tecido,218.95,72.15,61.96,2.39,0
Tecido,223.33,54.88,64.31,2.35,0
Tecido,227.59,56.49,60.39,2.29,0
Tecido,219.46,71.61,60.78,3.31,0
Tecido,217.78,65.85,64.31,3.40,0
Tecido,228.46,49.37,61.96,3.38,0
Tecido,218.73,71.43,60.39,3.10,0
Tecido,217.95,72.67,63.14,2.88,0
Tecido,224.83,53.05,64.31,2.62,0
Tecido,223.75,62.34,60.39,2.35,0
Tecido,218.73,71.43,60.39,2.25,0
Tecido,220.00,60.37,64.31,2.38,0
Tecido,229.09,49.68,60.78,2.32,0
Tecido,218.53,71.24,60.00,2.21,0
Tecido,217.31,72.56,64.31,2.32,0
Tecido,225.18,52.15,63.92,2.46,0
Tecido,221.54,67.10,60.78,2.58,0
Tecido,219.47,72.15,61.96,2.29,0
Tecido,222.13,57.32,64.31,2.24,0
Tecido,228.15,52.60,60.39,2.18,0
Tecido,218.73,71.43,60.39,2.78,0
Tecido,217.17,68.90,64.31,2.47,0
Tecido,226.15,49.37,61.96,2.54,0
Tecido,219.11,71.79,61.18,2.35,0
Tecido,218.79,72.96,62.35,2.30,0
Tecido,223.64,53.66,64.31,2.25,0
Tecido,226.52,57.79,60.39,2.37,0
Tecido,218.92,71.61,60.78,2.21,0
Tecido,218.65,63.41,64.31,1.98,0
Tecido,228.46,49.37,61.96,2.24,0
Tecido,218.73,71.43,60.39,2.45,0
Tecido,216.41,72.67,63.14,2.19,0
Tecido,225.18,52.15,63.92,2.88,0
Tecido,222.18,65.58,60.39,3.47,0
Tecido,218.76,72.44,61.18,4.80,0
Tecido,220.63,58.54,64.31,4.20,0
Tecido,230.25,51.61,60.78,3.91,0
Tecido,218.73,71.43,60.39,5.03,0
Tecido,216.52,70.12,64.31,4.55,0
Tecido,227.41,50.31,63.14,4.14,0
Tecido,218.73,71.43,60.39,3.74,0
Tecido,219.31,72.50,62.75,3.32,0
Tecido,223.82,54.27,64.31,3.20,0
Tecido,225.65,59.74,60.39,3.23,0
Tecido,218.53,71.24,60.00,3.24,0
Tecido,219.03,62.80,64.31,3.71,0
Tecido,228.46,50.00,61.18,3.80,0
Tecido,218.73,71.43,60.39,3.68,0
Tecido,216.50,73.17,64.31,3.65,0
Tecido,224.65,52.76,63.92,3.56,0
Tecido,220.96,67.53,60.39,3.07,0
Tecido,219.29,71.97,61.57,2.68,0
Tecido,221.94,56.71,64.31,2.62,0
Tecido,227.86,54.55,60.39,2.68,0
Tecido,218.73,71.43,60.39,2.39,0
Tecido,217.64,67.07,64.31,2.38,0
Tecido,226.92,49.37,61.96,2.20,0
Tecido,218.33,71.05,59.61,2.22,0
Tecido,217.95,72.67,63.14,2.17,0
Tecido,224.32,53.66,64.31,1.94,0
Tecido,223.75,62.34,60.39,1.85,0
Tecido,218.73,71.43,60.39,1.70,0
Tecido,220.41,59.76,64.31,1.90,0
Tecido,228.31,50.00,60.39,1.83,0
Tecido,218.92,71.61,60.78,2.15,0
Tecido,216.92,71.34,64.31,2.03,0
Tecido,225.71,51.85,63.53,2.98,0
Tecido,220.00,68.63,60.00,3.03,0
Tecido,218.42,72.15,61.96,3.27,0
Tecido,222.86,55.49,64.31,3.83,0
Tecido,226.05,56.58,59.61,3.34,0
Tecido,218.53,71.24,60.00,3.09,0
Tecido,217.43,66.46,64.31,2.80,0
Tecido,228.46,49.37,61.96,2.84,0
Tecido,219.11,71.79,61.18,3.14,0
Tecido,217.63,72.84,63.53,3.15,0
Tecido,224.65,52.76,63.92,2.73,0
Tecido,222.00,65.36,60.00,3.09,0
Tecido,218.92,71.61,60.78,3.07,0
Tecido,221.25,58.54,64.31,2.99,0
Tecido,228.00,52.29,60.00,3.12,0
Tecido,218.73,71.43,60.39,3.85,0
Tecido,216.84,69.51,64.31,3.44,0
Tecido,226.10,51.25,62.75,3.73,0
Tecido,218.73,71.43,60.39,3.57,0
Tecido,218.97,72.67,63.14,3.46,0
Tecido,224.32,53.66,64.31,3.03,0
Tecido,223.75,62.34,60.39,3.31,0
Tecido,218.73,71.43,60.39,3.06,0
Tecido,220.20,60.98,64.31,2.90,0
Tecido,229.50,51.28,61.18,2.67,0
Tecido,218.73,71.43,60.39,2.49,0
Tecido,216.61,71.95,64.31,2.61,0
Tecido,225.93,50.63,62.75,2.41,0
Tecido,219.08,70.78,60.39,2.34,0
Tecido,218.95,72.15,61.96,2.27,0
Tecido,223.82,54.27,64.31,2.04,0
Tecido,226.15,59.09,60.39,2.05,0
Tecido,218.33,71.05,59.61,2.07,0
Tecido,218.29,64.02,64.31,3.06,0
Tecido,230.00,49.68,61.57,2.72,0
Tecido,218.53,71.24,60.00,2.80,0
Tecido,216.92,72.22,63.53,2.66,0
Tecido,225.00,51.85,63.53,2.52,0
Tecido,220.19,68.83,60.39,3.25,0
Tecido,232.17,71.13,38.04,1.33,0
Tecido,224.47,84.16,39.61,2.13,0
Tecido,236.42,72.04,36.47,2.81,0
Tecido,223.52,100.00,35.69,3.07,0
Tecido,227.85,79.00,39.22,3.60,0
Tecido,227.71,90.22,36.08,3.67,0
Tecido,223.87,100.00,36.47,3.80,0
Tecido,227.41,79.41,40.00,3.88,0
Tecido,226.05,94.51,35.69,4.07,0
Tecido,223.87,100.00,36.47,4.44,0
Tecido,231.43,71.43,38.43,4.20,0
Tecido,226.21,95.60,35.69,3.85,0
Tecido,221.87,96.97,38.82,4.04,0
Tecido,235.45,70.97,36.47,4.04,0
Tecido,223.52,100.00,35.69,3.78,0
Tecido,225.88,83.33,40.00,3.58,0
Tecido,234.63,72.83,36.08,3.25,0
Tecido,223.70,100.00,36.08,3.13,0
Tecido,226.27,82.18,39.61,2.84,0
Tecido,234.86,75.27,36.47,2.77,0
Tecido,224.35,100.00,36.08,2.48,0
Tecido,228.00,79.21,39.61,2.62,0
Tecido,234.86,76.09,36.08,2.43,0
Tecido,223.87,100.00,36.47,2.45,0
Tecido,228.31,77.00,39.22,2.40,0
Tecido,226.59,93.41,35.69,2.08,0
Tecido,223.87,100.00,36.47,2.24,0
Tecido,229.09,76.24,39.61,2.10,0
Tecido,225.68,95.65,36.08,2.18,0
Tecido,222.77,95.92,38.43,3.28,0
Tecido,232.29,71.43,38.43,3.21,0
Tecido,223.33,100.00,35.29,3.03,0
Tecido,226.27,82.18,39.61,2.97,0
Tecido,235.52,72.04,36.47,3.06,0
Tecido,224.35,100.00,36.08,2.99,0
Tecido,230.96,73.00,39.22,2.83,0
Tecido,224.18,98.91,36.08,2.87,0
Tecido,222.86,91.00,39.22,2.67,0
Tecido,233.73,70.53,37.25,2.36,0
Tecido,223.33,100.00,35.29,2.18,0
Tecido,222.77,97.92,37.65,2.17,0
Tecido,231.43,71.43,38.43,2.29,0
Tecido,226.05,94.51,35.69,2.00,0
Tecido,223.87,100.00,36.47,1.90,0
Tecido,227.69,78.00,39.22,1.68,0
Tecido,231.89,81.32,35.69,1.47,0
Tecido,223.23,100.00,36.47,1.56,0
Tecido,229.74,75.25,39.61,1.42,0
Tecido,231.32,83.52,35.69,1.29,0
Tecido,223.40,100.00,36.86,1.54,0
Tecido,233.14,71.43,38.43,1.53,0
Tecido,224.32,97.78,35.29,1.57,0
Tecido,222.95,100.00,37.25,1.51,0
Tecido,232.94,70.83,37.65,1.59,0
Tecido,224.00,100.00,35.29,1.76,0
Tecido,226.83,81.19,39.61,1.62,0
Tecido,229.37,87.78,35.29,1.41,0
Tecido,223.58,98.96,37.65,1.58,0
Tecido,230.96,73.00,39.22,1.81,0
Tecido,227.71,91.21,35.69,1.63,0
Tecido,223.12,98.97,38.04,1.44,0
Tecido,230.83,72.73,38.82,4.02,0
Tecido,224.00,98.90,35.69,5.38,0
Tecido,222.95,97.94,38.04,4.74,0
Tecido,231.55,71.72,38.82,4.09,0
Tecido,226.59,93.41,35.69,3.65,0
Tecido,223.87,100.00,36.47,3.35,0
Tecido,228.46,77.23,39.61,3.15,0
Tecido,226.59,93.41,35.69,2.82,0
Tecido,222.95,96.94,38.43,3.42,0
Tecido,235.45,70.21,36.86,3.00,0
Tecido,223.52,100.00,35.69,2.70,0
Tecido,221.68,97.94,38.04,2.46,0
Tecido,232.39,71.72,38.82,2.23,0
Tecido,224.83,96.67,35.29,2.52,0
Tecido,221.87,96.97,38.82,4.85,0
Tecido,232.29,71.43,38.43,4.30,0
Tecido,223.70,100.00,36.08,3.88,0
Tecido,226.43,83.17,39.61,3.38,0
Tecido,235.52,72.04,36.47,3.01,0
Tecido,223.33,100.00,35.29,2.83,0
Tecido,226.99,82.18,39.61,2.97,0
Tecido,234.71,73.12,36.47,3.54,0
Tecido,223.52,100.00,35.69,4.67,0
Tecido,227.56,80.39,40.00,5.17,0
Tecido,228.89,89.01,35.69,4.65,0
Tecido,223.12,98.97,38.04,5.02,0
Tecido,233.73,70.53,37.25,4.25,0
Tecido,223.52,100.00,35.69,3.73,0
Tecido,227.41,80.20,39.61,3.26,0
Tecido,234.08,77.17,36.08,3.00,0
Tecido,223.70,100.00,36.08,2.67,0
Tecido,231.55,71.72,38.82,2.21,0
Tecido,225.88,94.44,35.29,2.31,0
Tecido,221.87,97.96,38.43,2.87,0
Tecido,234.46,69.89,36.47,2.78,0
Tecido,223.52,100.00,35.69,2.98,0
Tecido,224.47,85.00,39.22,2.78,0
Tecido,235.45,70.97,36.47,2.42,0
Tecido,223.33,100.00,35.29,2.31,0
Tecido,226.43,83.17,39.61,1.93,0
Tecido,235.45,71.74,36.08,1.76,0
Tecido,223.52,100.00,35.69,1.79,0
Tecido,226.67,81.00,39.22,1.83,0
Tecido,235.59,73.91,36.08,1.90,0
Tecido,223.52,100.00,35.69,1.74,0
Tecido,228.75,79.21,39.61,1.66,0
Tecido,227.56,91.11,35.29,1.81,0
Tecido,223.87,100.00,36.47,2.34,0
Tecido,231.55,71.72,38.82,2.41,0
Tecido,226.59,93.41,35.69,3.47,0
Tecido,224.04,100.00,36.86,3.14,0
Tecido,231.43,71.43,38.43,2.66,0
Tecido,225.52,95.60,35.69,2.34,0
Tecido,222.50,96.97,38.82,2.01,0
Tecido,232.17,71.13,38.04,1.82,0
Tecido,225.00,96.70,35.69,2.17,0
Tecido,222.13,95.92,38.43,1.98,0
Tecido,233.04,71.13,38.04,2.01,0
Tecido,224.49,97.80,35.69,1.96,0
Tecido,221.94,94.90,38.43,2.00,0
Tecido,235.52,72.83,36.08,1.90,0
Tecido,223.52,100.00,35.69,1.92,0
Tecido,230.27,74.00,39.22,2.22,0
Tecido,223.82,98.89,35.29,2.12,0
Tecido,222.86,91.92,38.82,1.85,0
Tecido,233.73,70.53,37.25,1.81,0
Tecido,223.52,100.00,35.69,1.74,0
Tecido,227.09,79.00,39.22,1.64,0
Tecido,233.42,79.35,36.08,1.50,0
Tecido,224.00,100.00,35.29,1.56,0
Tecido,224.32,88.00,39.22,1.47,0
Tecido,235.45,70.21,36.86,1.67,0
Tecido,224.00,100.00,35.29,1.81,0
Tecido,222.32,96.94,38.43,1.63,0
Tecido,232.29,71.43,38.43,1.54,0
Tecido,224.83,96.67,35.29,2.05,0
Tecido,223.40,100.00,36.86,1.97,0
Tecido,232.06,70.83,37.65,1.91,0
Tecido,225.17,97.80,35.69,2.19,0
Tecido,222.39,93.88,38.43,2.02,0
Tecido,233.73,69.79,37.65,2.15,0
Tecido,223.82,98.89,35.29,1.97,0
Tecido,222.32,100.00,37.25,1.93,0
Tecido,231.08,73.27,39.61,1.96,0
Tecido,228.15,90.00,35.29,1.78,0
Tecido,222.95,98.96,37.65,1.60,0
Tecido,230.96,73.00,39.22,1.91,0
Tecido,226.59,93.41,35.69,2.09,0
Tecido,223.87,100.00,36.47,1.90,0
Tecido,227.85,79.00,39.22,1.62,0
Tecido,226.05,94.51,35.69,1.78,0
Tecido,223.40,100.00,36.86,1.64,0
Tecido,228.61,77.45,40.00,1.68,0
Tecido,232.70,81.32,35.69,1.84,0
Tecido,223.52,100.00,35.69,1.71,0
Tecido,224.65,86.00,39.22,1.51,0
Tecido,235.45,70.97,36.47,1.67,0
Tecido,223.33,100.00,35.29,1.60,0
Tecido,224.47,85.00,39.22,1.42,0
Tecido,230.13,85.87,36.08,1.36,0
Tecido,222.50,100.00,37.65,1.31,0
Tecido,230.14,73.74,38.82,1.29,0
Tecido,229.50,87.91,35.69,1.11,0
Tecido,222.77,98.95,37.25,1.68,0
Tecido,230.83,72.73,38.82,1.44,0
Tecido,227.71,91.21,35.69,1.66,0
Tecido,223.87,100.00,36.47,1.79,0
Tecido,228.15,79.41,40.00,1.73,0
Tecido,234.00,76.92,35.69,2.26,0
Tecido,223.87,100.00,36.47,2.49,0
Tecido,231.55,71.72,38.82,2.55,0
Tecido,225.52,95.60,35.69,2.31,0
Tecido,222.13,96.91,38.04,2.10,0
Tecido,236.36,70.21,36.86,1.94,0
Tecido,223.33,100.00,35.29,1.79,0
Tecido,225.71,84.00,39.22,1.82,0
Tecido,235.45,71.74,36.08,1.71,0
Tecido,223.33,100.00,35.29,1.68,0
Tecido,226.27,82.18,39.61,1.75,0
Tecido,234.71,73.91,36.08,1.66,0
Tecido,224.00,100.00,35.29,1.60,0
Tecido,222.20,92.86,38.43,1.69,0
Tecido,234.55,69.47,37.25,1.71,0
Tecido,223.52,100.00,35.69,1.61,0
Tecido,222.67,90.91,38.82,1.60,0
Tecido,235.38,69.15,36.86,1.62,0
Tecido,223.52,100.00,35.69,1.54,0
Tecido,221.87,98.97,38.04,1.53,0
Tecido,231.43,71.43,38.43,1.39,0
Tecido,225.88,94.44,35.29,1.42,0
Tecido,221.87,97.96,38.43,1.39,0
Tecido,235.38,69.89,36.47,1.59,0
Tecido,223.70,100.00,36.08,1.47,0
Tecido,223.95,86.87,38.82,1.44,0
Tecido,236.31,69.89,36.47,1.70,0
Tecido,223.33,100.00,35.29,1.77,0
Tecido,221.68,96.94,38.43,1.86,0
Tecido,233.04,70.41,38.43,1.73,0
Tecido,224.83,96.67,35.29,1.51,0
Tecido,222.13,95.92,38.43,1.61,0
Tecido,232.17,71.13,38.04,2.05,0
Tecido,224.32,97.78,35.29,2.43,0
Tecido,222.13,94.95,38.82,2.47,0
Tecido,234.63,72.83,36.08,2.78,0
Tecido,223.70,100.00,36.08,2.99,0
Tecido,230.27,74.00,39.22,2.60,0
Tecido,228.15,89.01,35.69,2.75,0
Tecido,223.52,100.00,35.69,2.39,0
Tecido,227.41,80.20,39.61,2.20,0
Tecido,234.71,74.73,35.69,2.21,0
Tecido,223.70,100.00,36.08,2.52,0
Tecido,230.83,72.73,38.82,2.60,0
Tecido,223.33,100.00,35.29,2.24,0
Tecido,222.50,97.96,38.43,2.19,0
Tecido,234.55,70.21,36.86,2.05,0
Tecido,223.52,100.00,35.69,3.02,0
Tecido,223.64,88.00,39.22,3.26,0
Tecido,231.89,82.22,35.29,3.46,0
Tecido,223.70,100.00,36.08,3.30,0
Tecido,229.09,76.24,39.61,2.91,0
Tecido,231.20,83.33,35.29,2.78,0
Tecido,222.95,100.00,37.25,2.62,0
Tecido,230.40,74.26,39.61,2.30,0
Tecido,228.75,87.91,35.69,2.25,0
Tecido,223.12,100.00,37.65,1.92,0
Tecido,232.94,70.83,37.65,1.91,0
Tecido,224.84,98.91,36.08,1.98,0
Tecido,222.95,98.96,37.65,1.78,0
Tecido,233.82,70.83,37.65,1.81,0
Tecido,224.49,98.89,35.29,1.71,0
Tecido,222.50,98.97,38.04,1.51,0
Tecido,234.63,70.53,37.25,1.43,0
Tecido,224.18,100.00,35.69,1.72,0
Tecido,223.33,90.00,39.22,1.57,0
Tecido,234.55,70.21,36.86,1.51,0
Tecido,222.86,100.00,35.69,1.53,0
Tecido,228.46,77.23,39.61,1.58,0
Tecido,233.33,79.12,35.69,1.90,0
Tecido,223.52,100.00,35.69,1.71,0
Tecido,229.09,76.24,39.61,1.61,0
Tecido,232.50,80.00,35.29,1.69,0
Tecido,223.70,100.00,36.08,1.87,0
Tecido,224.65,86.00,39.22,1.80,0
Tecido,235.45,70.97,36.47,1.67,0
Tecido,224.00,100.00,35.29,1.55,0
Tecido,222.13,94.95,38.82,1.76,0
Tecido,235.52,72.04,36.47,1.52,0
Tecido,223.52,100.00,35.69,1.62,0
Tecido,225.35,84.31,40.00,1.52,0
Tecido,230.00,86.67,35.29,1.57,0
Tecido,224.35,100.00,36.08,2.04,0
Tecido,230.96,73.00,39.22,2.10,0
Tecido,224.00,98.90,35.69,2.36,0
Tecido,223.23,93.00,39.22,2.58,0
Tecido,235.65,74.19,36.47,2.24,0
Tecido,223.52,100.00,35.69,2.07,0
Tecido,226.83,81.19,39.61,1.84,0
Tecido,233.91,75.82,35.69,1.81,0
Tecido,223.70,100.00,36.08,1.77,0
Tecido,228.15,79.41,40.00,1.68,0
Tecido,234.08,77.17,36.08,1.57,0
Tecido,223.87,100.00,36.47,1.74,0
Tecido,227.69,78.00,39.22,1.47,0
Tecido,234.08,78.02,35.69,1.67,0
Tecido,223.87,100.00,36.47,1.75,0
Tecido,231.43,71.43,38.43,1.55,0
Tecido,224.18,100.00,35.69,1.63,0
Tecido,224.83,87.00,39.22,1.63,0
Tecido,231.08,82.22,35.29,1.55,0
Tecido,223.87,100.00,36.47,1.45,0
Tecido,229.09,76.24,39.61,1.45,0
Tecido,230.53,83.52,35.69,1.44,0
Tecido,223.58,100.00,37.25,1.53,0
Tecido,229.74,75.25,39.61,1.57,0
Tecido,231.43,83.70,36.08,1.47,0
Tecido,223.58,100.00,37.25,1.37,0
Tecido,229.74,75.25,39.61,1.19,0
Tecido,229.37,86.81,35.69,1.32,0
Tecido,222.95,100.00,37.25,1.49,0
Tecido,230.40,74.26,39.61,1.38,0
Tecido,229.63,88.04,36.08,1.22,0
Tecido,223.52,100.00,35.69,1.92,0
Tecido,230.83,72.73,38.82,1.72,0
Tecido,223.33,100.00,35.29,1.65,0
Tecido,223.12,98.97,38.04,1.66,0
Tecido,234.63,70.53,37.25,1.76,0
Tecido,224.18,100.00,35.69,1.85,0
Tecido,223.33,90.00,39.22,2.06,0
Tecido,232.39,78.89,35.29,2.06,0
Tecido,223.87,100.00,36.47,2.01,0
Tecido,229.23,77.23,39.61,2.17,0
Tecido,234.08,78.02,35.69,1.99,0
Tecido,223.87,100.00,36.47,1.66,0
Tecido,232.29,71.43,38.43,1.49,0
Tecido,225.52,96.67,35.29,1.35,0
Tecido,221.68,96.94,38.43,1.92,0
Tecido,233.04,70.41,38.43,1.86,0
Tecido,224.00,100.00,35.29,1.99,0
Tecido,225.71,83.17,39.61,1.87,0
Tecido,234.71,73.12,36.47,1.96,0
Tecido,223.52,100.00,35.69,2.00,0
Tecido,226.67,81.00,39.22,1.98,0
Tecido,227.71,91.21,35.69,1.66,0
Tecido,223.70,100.00,36.08,1.72,0
Tecido,227.25,80.00,39.22,1.79,0
Tecido,226.99,92.22,35.29,1.69,0
Tecido,222.50,98.97,38.04,1.82,0
Tecido,235.52,69.79,37.65,1.65,0
Tecido,223.52,100.00,35.69,1.77,0
Tecido,223.64,88.89,38.82,1.63,0
Tecido,235.52,70.53,37.25,1.73,0
Tecido,223.52,100.00,35.69,1.56,0
Tecido,223.64,88.00,39.22,1.55,0
Tecido,235.45,70.21,36.86,1.48,0
Tecido,224.00,100.00,35.29,1.75,0
Tecido,222.95,96.94,38.43,1.74,0
Tecido,232.29,71.43,38.43,1.46,0
Tecido,225.00,96.70,35.69,1.62,0
Tecido,223.58,100.00,37.25,1.51,0
Tecido,232.94,70.10,38.04,1.62,0
Tecido,223.33,100.00,35.29,1.50,0
Tecido,223.23,93.94,38.82,1.33,0
Tecido,232.06,70.83,37.65,1.43,0
Tecido,223.33,100.00,35.29,1.44,0
Tecido,226.67,81.00,39.22,1.48,0
Tecido,234.71,73.91,36.08,1.36,0
Tecido,223.52,100.00,35.69,1.31,0
Tecido,227.85,79.00,39.22,1.32,0
Tecido,233.91,75.82,35.69,1.49,0
Tecido,223.70,100.00,36.08,1.66,0
Tecido,228.00,79.21,39.61,1.78,0
Tecido,232.50,79.12,35.69,1.79,0
Tecido,223.70,100.00,36.08,1.88,0
Tecido,228.46,77.23,39.61,2.10,0
Tecido,232.60,81.11,35.29,1.98,0
Tecido,223.70,100.00,36.08,1.74,0
Tecido,225.18,85.00,39.22,1.92,0
Tecido,235.45,70.97,36.47,2.07,0
Tecido,224.18,100.00,35.69,2.03,0
Tecido,225.71,84.00,39.22,1.87,0
Tecido,235.52,72.04,36.47,1.82,0
Tecido,223.33,100.00,35.29,1.83,0
Tecido,226.99,82.18,39.61,1.87,0
Tecido,234.71,73.91,36.08,1.83,0
Tecido,222.50,100.00,37.65,1.83,0
Tecido,233.73,70.53,37.25,1.56,0
Tecido,224.00,98.90,35.69,1.64,0
Tecido,223.15,90.82,38.43,1.53,0
Tecido,233.73,70.53,37.25,1.60,0
Tecido,223.52,100.00,35.69,1.54,0
Tecido,227.85,78.22,39.61,1.43,0
Tecido,226.43,93.33,35.29,1.43,0
Tecido,222.95,96.94,38.43,1.40,0
Tecido,232.29,71.43,38.43,1.36,0
Tecido,224.83,96.67,35.29,1.45,0
Tecido,222.77,95.92,38.43,1.27,0
Tecido,232.17,71.13,38.04,1.40,0
Tecido,225.17,97.80,35.69,1.33,0
Tecido,222.77,94.95,38.82,1.49,0
Tecido,232.17,71.13,38.04,1.54,0
Tecido,223.33,100.00,35.29,1.39,0
Tecido,221.94,93.94,38.82,1.43,0
Tecido,233.04,71.13,38.04,1.51,0
Tecido,224.18,98.91,36.08,1.52,0
Tecido,223.15,90.82,38.43,1.61,0
Tecido,234.55,69.47,37.25,1.39,0
Tecido,224.67,98.90,35.69,1.46,0
Tecido,222.50,98.97,38.04,1.60,0
Tecido,235.38,69.15,36.86,1.53,0
Tecido,223.52,100.00,35.69,1.41,0
Tecido,224.00,89.11,39.61,1.46,0
Tecido,234.08,78.02,35.69,1.55,0
Tecido,223.87,100.00,36.47,1.89,0
Tecido,231.30,71.13,38.04,2.30,0
Tecido,226.05,95.56,35.29,2.11,0
Tecido,223.23,100.00,36.47,2.02,0
Tecido,229.09,76.24,39.61,1.93,0
Tecido,232.00,82.42,35.69,1.76,0
Tecido,223.40,100.00,36.86,1.72,0
Tecido,232.29,71.43,38.43,1.60,0
Tecido,224.83,96.67,35.29,1.46,0
Tecido,223.58,100.00,37.25,1.35,0
Tecido,232.06,70.83,37.65,1.23,0
Tecido,224.00,100.00,35.29,1.15,0
Tecido,221.94,93.94,38.82,1.11,0
Tecido,232.94,70.83,37.65,1.25,0
Tecido,224.67,98.90,35.69,1.36,0
Tecido,222.77,98.95,37.25,1.24,0
Tecido,233.91,71.13,38.04,1.54,0
Tecido,224.67,98.90,35.69,1.45,0
Tecido,223.52,91.00,39.22,1.31,0
Tecido,235.52,73.63,35.69,1.19,0
Tecido,223.87,100.00,36.47,1.11,0
Tecido,227.85,79.00,39.22,1.33,0
Tecido,228.43,91.21,35.69,1.36,0
Tecido,223.87,100.00,36.47,1.43,0
Tecido,227.85,78.22,39.61,1.26,0
Tecido,234.00,76.92,35.69,1.56,0
Tecido,223.87,100.00,36.47,1.65,0
Tecido,232.39,71.72,38.82,1.58,0
Tecido,226.05,94.51,35.69,1.44,0
Tecido,222.77,95.92,38.43,1.48,0
Tecido,232.29,71.43,38.43,1.28,0
Tecido,223.52,100.00,35.69,1.22,0
Tecido,225.00,84.85,38.82,1.37,0
Tecido,235.45,70.97,36.47,1.51,0
Tecido,223.52,100.00,35.69,1.61,0
Tecido,226.43,83.17,39.61,1.87,0
Tecido,235.45,71.74,36.08,1.72,0
Tecido,224.18,100.00,35.69,2.02,0
Tecido,226.10,82.00,39.22,1.98,0
Tecido,236.36,72.53,35.69,1.89,0
Tecido,223.70,100.00,36.08,2.09,0
Tecido,226.67,81.00,39.22,2.00,0
Tecido,234.71,73.91,36.08,1.78,0
Tecido,223.70,100.00,36.08,1.65,0
Tecido,230.83,72.73,38.82,1.50,0
Tecido,227.56,91.11,35.29,1.59,0
Tecido,223.87,100.00,36.47,1.57,0
Tecido,230.83,72.73,38.82,1.42,0
Tecido,226.43,93.33,35.29,1.32,0
Tecido,222.77,97.92,37.65,1.18,0
Tecido,234.63,70.53,37.25,1.18,0
Tecido,223.33,100.00,35.29,1.16,0
Tecido,228.46,77.23,39.61,1.25,0
Tecido,226.59,93.41,35.69,1.45,0
Tecido,222.77,96.91,38.04,1.27,0
Tecido,235.45,70.21,36.86,1.13,0
Tecido,223.52,100.00,35.69,1.43,0
Tecido,222.32,96.94,38.43,1.24,0
Tecido,237.23,69.89,36.47,1.09,0
Tecido,223.33,100.00,35.29,0.99,0
Tecido,225.71,84.00,39.22,1.07,0
Tecido,232.00,82.42,35.69,1.25,0
Tecido,223.58,100.00,37.25,1.44,0
Tecido,229.74,75.25,39.61,1.43,0
Tecido,231.20,83.33,35.29,1.54,0
Tecido,223.40,100.00,36.86,1.64,0
Tecido,230.40,74.26,39.61,1.95,0
Tecido,230.77,85.71,35.69,2.11,0
Tecido,223.52,100.00,35.69,1.78,0
Tecido,230.14,73.74,38.82,1.67,0
Tecido,229.50,87.91,35.69,1.62,0
Tecido,223.30,100.00,38.04,1.72,0
Tecido,232.84,70.53,37.25,1.79,0
Tecido,223.33,100.00,35.29,1.66,0
Tecido,223.82,89.90,38.82,1.67,0
Tecido,233.64,70.21,36.86,1.59,0
Tecido,224.18,100.00,35.69,1.59,0
Tecido,223.15,89.90,38.82,1.34,0
Tecido,235.52,70.53,37.25,1.51,0
Tecido,223.52,100.00,35.69,1.43,0
Tecido,223.95,86.87,38.82,1.21,0
Tecido,235.38,69.89,36.47,1.27,0
Tecido,223.87,100.00,36.47,1.43,0
Tecido,232.29,71.43,38.43,1.50,0
Tecido,223.33,100.00,35.29,1.39,0
Tecido,223.23,94.90,38.43,1.20,0
Tecido,233.04,70.41,38.43,1.31,0
Tecido,224.32,97.78,35.29,1.48,0
Tecido,223.23,93.94,38.82,1.33,0
Tecido,232.17,71.13,38.04,1.28,0
Tecido,224.00,100.00,35.29,1.48,0
Tecido,222.86,92.86,38.43,1.64,0
Tecido,233.73,69.79,37.65,1.58,0
Tecido,224.00,98.90,35.69,1.63,0
Tecido,222.77,98.95,37.25,1.47,0
Tecido,230.96,73.00,39.22,1.38,0
Tecido,228.29,90.11,35.69,1.29,0
Tecido,223.12,98.97,38.04,1.20,0
Tecido,230.83,72.73,38.82,1.15,0
Tecido,227.14,92.31,35.69,1.22,0
Tecido,223.70,100.00,36.08,1.14,0
Tecido,227.85,79.00,39.22,1.19,0
Tecido,234.86,76.09,36.08,1.11,0
Tecido,223.33,100.00,35.29,1.24,0
Tecido,228.00,78.43,40.00,1.21,0
Tecido,233.33,79.12,35.69,1.18,0
Tecido,223.70,100.00,36.08,1.31,0
Tecido,228.31,77.00,39.22,1.20,0
Tecido,231.89,81.32,35.69,1.13,0
Tecido,223.87,100.00,36.47,1.17,0
Tecido,232.29,71.43,38.43,1.08,0
Tecido,225.35,95.56,35.29,1.16,0
Tecido,223.23,100.00,36.47,1.17,0
Tecido,232.29,71.43,38.43,1.26,0
Tecido,224.83,96.67,35.29,1.39,0
Tecido,223.58,100.00,37.25,1.48,0
Tecido,229.60,75.00,39.22,1.52,0
Tecido,231.43,84.62,35.69,1.46,0
Tecido,224.18,100.00,35.69,1.68,0
Tecido,230.27,74.00,39.22,1.71,0
Tecido,229.37,87.78,35.29,1.59,0
Tecido,223.52,100.00,35.69,1.70,0
Tecido,230.27,74.00,39.22,1.65,0
Tecido,228.75,88.89,35.29,1.40,0
Tecido,223.12,98.97,38.04,1.38,0
Tecido,234.55,69.47,37.25,1.29,0
Tecido,224.18,100.00,35.69,1.40,0
Tecido,173.57,56.00,19.61,1.34,0
Tecido,173.79,58.00,19.61,2.35,0
Tecido,173.08,52.00,19.61,2.91,0
Tecido,175.86,58.00,19.61,3.70,0
Tecido,173.33,54.00,19.61,4.30,0
Tecido,173.57,56.00,19.61,4.29,0
Tecido,173.79,58.00,19.61,3.65,0
Tecido,173.08,52.00,19.61,3.91,0
Tecido,173.79,59.18,19.22,3.75,0
Tecido,173.33,54.00,19.61,3.93,0
Tecido,173.57,56.00,19.61,3.38,0
Tecido,173.79,58.00,19.61,4.23,0
Tecido,171.11,54.00,19.61,4.40,0
Tecido,173.79,59.18,19.22,4.18,0
Tecido,173.33,54.00,19.61,4.18,0
Tecido,173.57,57.14,19.22,3.99,0
Tecido,173.79,58.00,19.61,4.95,0
Tecido,171.11,54.00,19.61,5.41,0
Tecido,175.71,58.33,18.82,4.91,0
Tecido,173.33,54.00,19.61,4.60,0
Tecido,173.57,58.33,18.82,4.61,0
Tecido,173.79,58.00,19.61,4.60,0
Tecido,173.08,53.06,19.22,4.87,0
Tecido,171.43,57.14,19.22,4.41,0
Tecido,173.08,52.00,19.61,4.06,0
Tecido,173.57,58.33,18.82,4.28,0
Tecido,173.57,56.00,19.61,4.75,0
Tecido,173.33,55.10,19.22,4.08,0
Tecido,175.71,58.33,18.82,4.45,0
Tecido,170.77,52.00,19.61,4.34,0
Tecido,173.57,58.33,18.82,3.94,0
Tecido,175.56,55.10,19.22,3.38,0
Tecido,173.08,54.17,18.82,3.25,0
Tecido,173.79,59.18,19.22,3.05,0
Tecido,170.77,52.00,19.61,3.37,0
Tecido,173.57,58.33,18.82,3.14,0
Tecido,171.43,56.00,19.61,2.92,0
Tecido,173.08,54.17,18.82,2.81,0
Tecido,175.71,58.33,18.82,3.53,0
Tecido,168.46,52.00,19.61,3.26,0
Tecido,173.57,58.33,18.82,2.99,0
Tecido,171.11,54.00,19.61,3.08,0
Tecido,173.33,56.25,18.82,3.19,0
Tecido,175.71,58.33,18.82,2.89,0
Tecido,170.40,51.02,19.22,3.01,0
Tecido,175.71,59.57,18.43,2.84,0
Tecido,169.29,54.90,20.00,2.66,0
Tecido,173.57,58.33,18.82,2.73,0
Tecido,173.79,59.18,19.22,2.64,0
Tecido,170.77,53.06,19.22,2.30,0
Tecido,175.56,57.45,18.43,2.57,0
Tecido,168.46,52.00,19.61,2.53,0
Tecido,175.56,57.45,18.43,2.59,0
Tecido,173.57,57.14,19.22,2.51,0
Tecido,172.80,52.08,18.82,2.20,0
Tecido,175.71,59.57,18.43,2.24,0
Tecido,170.40,51.02,19.22,3.14,0
Tecido,175.56,57.45,18.43,4.32,0
Tecido,173.33,55.10,19.22,3.99,0
Tecido,175.20,53.19,18.43,3.69,0
Tecido,175.56,57.45,18.43,3.38,0
Tecido,168.46,52.00,19.61,3.60,0
Tecido,175.71,59.57,18.43,3.52,0
Tecido,171.11,54.00,19.61,3.16,0
Tecido,173.08,54.17,18.82,2.84,0
Tecido,173.57,58.33,18.82,2.94,0
Tecido,172.50,50.00,18.82,2.73,0
Tecido,173.57,58.33,18.82,2.35,0
Tecido,173.33,54.00,19.61,2.03,0
Tecido,173.33,56.25,18.82,1.75,0
Tecido,175.71,58.33,18.82,1.94,0
Tecido,170.40,51.02,19.22,2.31,0
Tecido,175.56,57.45,18.43,2.42,0
Tecido,171.11,54.00,19.61,2.12,0
Tecido,173.33,56.25,18.82,2.67,0
Tecido,171.72,59.18,19.22,3.56,0
Tecido,170.40,51.02,19.22,3.53,0
Tecido,173.57,58.33,18.82,3.99,0
Tecido,171.11,54.00,19.61,3.86,0
Tecido,175.56,57.45,18.43,4.02,0
Tecido,175.71,58.33,18.82,4.17,0
Tecido,170.40,51.02,19.22,3.75,0
Tecido,177.86,59.57,18.43,3.31,0
Tecido,170.77,52.00,19.61,2.89,0
Tecido,175.56,57.45,18.43,3.97,0
Tecido,173.57,57.14,19.22,3.61,0
Tecido,172.50,50.00,18.82,3.25,0
Tecido,175.56,57.45,18.43,3.09,0
Tecido,170.77,52.00,19.61,3.16,0
Tecido,175.71,59.57,18.43,2.91,0
Tecido,173.57,57.14,19.22,3.57,0
Tecido,172.80,52.08,18.82,3.12,0
Tecido,173.57,58.33,18.82,3.09,0
Tecido,170.40,50.00,19.61,3.04,0
Tecido,175.71,59.57,18.43,3.49,0
Tecido,173.33,55.10,19.22,3.33,0
Tecido,172.80,52.08,18.82,3.01,0
Tecido,175.71,59.57,18.43,2.46,0
Tecido,168.00,50.00,19.61,2.39,0
Tecido,175.71,59.57,18.43,2.50,0
Tecido,175.56,55.10,19.22,4.74,0
Tecido,175.20,53.19,18.43,5.03,0
Tecido,175.71,59.57,18.43,5.47,0
Tecido,168.00,50.00,19.61,4.82,0
Tecido,175.71,59.57,18.43,4.35,0
Tecido,171.11,54.00,19.61,3.73,0
Tecido,175.00,52.17,18.04,3.16,0
Tecido,173.79,60.42,18.82,2.92,0
Tecido,166.96,46.00,19.61,2.64,0
Tecido,175.56,58.70,18.04,2.50,0
Tecido,172.80,50.00,19.61,2.32,0
Tecido,175.20,53.19,18.43,2.12,0
Tecido,174.00,61.22,19.22,1.83,0
Tecido,165.00,39.22,20.00,3.94,0
Tecido,175.71,59.57,18.43,3.33,0
Tecido,169.09,42.31,20.39,3.01,0
Tecido,177.60,54.35,18.04,2.81,0
Tecido,175.86,59.18,19.22,6.39,0
Tecido,163.33,35.29,20.00,10.30,0
Tecido,175.56,58.70,18.04,9.10,0
Tecido,166.36,41.51,20.78,10.68,0
Tecido,175.20,54.35,18.04,10.06,0
Tecido,173.79,59.18,19.22,8.27,0
Tecido,172.50,50.00,18.82,7.29,0
Tecido,175.86,60.42,18.82,6.09,0
Tecido,170.77,52.00,19.61,5.76,0
Tecido,173.57,58.33,18.82,6.25,0
Tecido,175.56,56.25,18.82,6.76,0
Tecido,170.00,50.00,18.82,6.48,0
Tecido,177.78,58.70,18.04,6.76,0
Tecido,170.77,52.00,19.61,5.79,0
Tecido,175.71,58.33,18.82,6.00,0
Tecido,173.79,58.00,19.61,6.84,0
Tecido,175.56,54.00,19.61,6.53,0
Tecido,175.71,56.00,19.61,7.13,0
Tecido,173.57,53.85,20.39,7.16,0
Tecido,175.71,56.00,19.61,6.61,0
Tecido,175.86,55.77,20.39,5.67,0
Tecido,177.78,52.94,20.00,4.75,0
Tecido,175.86,55.77,20.39,5.40,0
Tecido,173.79,54.72,20.78,4.91,0
Tecido,175.86,55.77,20.39,4.42,0
Tecido,172.26,57.41,21.18,3.75,0
Tecido,173.79,54.72,20.78,3.86,0
Tecido,174.00,56.60,20.78,3.43,0
Tecido,171.72,53.70,21.18,3.49,0
Tecido,174.00,56.60,20.78,3.69,0
Tecido,172.26,57.41,21.18,4.10,0
Tecido,172.00,55.56,21.18,5.09,0
Tecido,174.00,56.60,20.78,6.51,0
Tecido,169.66,53.70,21.18,6.63,0
Tecido,175.86,55.77,20.39,6.19,0
Tecido,172.00,55.56,21.18,6.10,0
Tecido,173.79,54.72,20.78,5.18,0
Tecido,175.86,55.77,20.39,5.05,0
Tecido,171.72,53.70,21.18,5.34,0
Tecido,175.86,55.77,20.39,4.84,0
Tecido,172.00,55.56,21.18,4.72,0
Tecido,175.71,53.85,20.39,5.52,0
Tecido,175.86,55.77,20.39,6.23,0
Tecido,171.72,53.70,21.18,6.01,0
Tecido,174.00,56.60,20.78,5.60,0
Tecido,172.00,55.56,21.18,5.52,0
Tecido,174.00,56.60,20.78,5.48,0
Tecido,172.26,57.41,21.18,4.87,0
Tecido,173.79,53.70,21.18,5.08,0
Tecido,175.86,55.77,20.39,4.32,0
Tecido,172.00,55.56,21.18,4.55,0
Tecido,173.79,54.72,20.78,5.62,0
Tecido,174.00,56.60,20.78,6.64,0
Tecido,171.72,53.70,21.18,6.34,0
Tecido,172.00,56.60,20.78,5.70,0
Tecido,172.00,55.56,21.18,6.94,0
Tecido,175.86,55.77,20.39,5.93,0
Tecido,175.86,55.77,20.39,6.05,0
Tecido,171.72,53.70,21.18,5.59,0
Tecido,175.86,55.77,20.39,5.02,0
Tecido,172.00,55.56,21.18,4.58,0
Tecido,175.86,55.77,20.39,4.16,0
Tecido,174.00,56.60,20.78,3.71,0
Tecido,171.43,52.83,20.78,3.33,0
Tecido,175.86,55.77,20.39,2.78,0
Tecido,173.57,52.83,20.78,2.46,0
Tecido,175.86,55.77,20.39,2.35,0
Tecido,174.00,56.60,20.78,2.38,0
Tecido,173.57,52.83,20.78,2.37,0
Tecido,175.86,55.77,20.39,2.03,0
Tecido,172.00,55.56,21.18,2.59,0
Tecido,175.86,55.77,20.39,4.51,0
Tecido,174.00,56.60,20.78,4.16,0
Tecido,173.57,52.83,20.78,3.97,0
Tecido,174.00,56.60,20.78,4.13,0
Tecido,172.00,55.56,21.18,4.20,0
Tecido,174.00,56.60,20.78,3.67,0
Tecido,174.00,56.60,20.78,4.47,0
Tecido,171.72,53.70,21.18,5.17,0
Tecido,174.00,56.60,20.78,4.61,0
Tecido,171.72,53.70,21.18,4.54,0
Tecido,173.79,55.77,20.39,3.93,0
Tecido,174.00,56.60,20.78,6.24,0
Tecido,171.72,53.70,21.18,7.48,0
Tecido,172.26,57.41,21.18,6.77,0
Tecido,171.72,53.70,21.18,5.58,0
Tecido,175.86,55.77,20.39,5.10,0
Tecido,174.00,56.60,20.78,4.87,0
Tecido,175.56,51.92,20.39,4.24,0
Tecido,175.86,55.77,20.39,4.28,0
Tecido,171.72,53.70,21.18,3.50,0
Tecido,174.00,56.60,20.78,3.39,0
Tecido,174.00,56.60,20.78,3.12,0
Tecido,171.72,53.70,21.18,3.48,0
Tecido,175.86,55.77,20.39,3.61,0
Tecido,171.72,53.70,21.18,3.52,0
Tecido,175.86,55.77,20.39,4.04,0
Tecido,172.00,56.60,20.78,4.98,0
Tecido,173.57,52.83,20.78,4.65,0
Tecido,175.86,55.77,20.39,5.13,0
Tecido,173.57,52.83,20.78,5.56,0
Tecido,174.00,56.60,20.78,6.26,0
Tecido,174.00,56.60,20.78,5.88,0
Tecido,175.56,51.92,20.39,5.02,0
Tecido,175.86,55.77,20.39,4.83,0
Tecido,171.72,53.70,21.18,5.13,0
Tecido,175.86,55.77,20.39,4.75,0
Tecido,172.26,57.41,21.18,4.60,0
Tecido,171.43,52.83,20.78,5.03,0
Tecido,175.86,55.77,20.39,4.23,0
Tecido,171.72,53.70,21.18,3.64,0
Tecido,175.86,55.77,20.39,3.86,0
Tecido,174.00,56.60,20.78,3.45,0
Tecido,175.71,53.85,20.39,4.55,0
Tecido,175.86,55.77,20.39,4.63,0
Tecido,171.72,53.70,21.18,4.70,0
Tecido,173.79,55.77,20.39,4.48,0
Tecido,174.00,56.60,20.78,5.01,0
Tecido,173.79,54.72,20.78,6.07,0
Tecido,175.86,55.77,20.39,5.36,0
Tecido,171.72,53.70,21.18,4.88,0
Tecido,175.86,55.77,20.39,4.56,0
Tecido,174.00,56.60,20.78,5.52,0
Tecido,171.72,54.72,20.78,5.17,0
Tecido,175.86,55.77,20.39,4.87,0
Tecido,171.72,53.70,21.18,4.44,0
Tecido,175.86,55.77,20.39,4.03,0
Tecido,172.26,57.41,21.18,3.87,0
Tecido,175.71,53.85,20.39,5.37,0
Tecido,175.86,55.77,20.39,5.14,0
Tecido,173.57,52.83,20.78,5.93,0
Tecido,175.86,55.77,20.39,5.07,0
Tecido,174.00,56.60,20.78,4.52,0
Tecido,173.57,53.85,20.39,4.09,0
Tecido,175.86,55.77,20.39,4.34,0
Tecido,171.72,53.70,21.18,4.87,0
Tecido,175.86,55.77,20.39,4.80,0
Tecido,172.26,57.41,21.18,4.63,0
Tecido,175.71,53.85,20.39,4.85,0
Tecido,174.00,56.60,20.78,8.73,0
Tecido,171.72,53.70,21.18,8.58,0
Tecido,175.86,55.77,20.39,8.34,0
Tecido,173.79,54.72,20.78,7.74,0
Tecido,174.00,56.60,20.78,7.54,0
Tecido,174.00,56.60,20.78,6.41,0
Tecido,173.57,52.83,20.78,5.71,0
Tecido,175.86,55.77,20.39,6.74,0
Tecido,170.00,55.56,21.18,7.03,0
Tecido,175.71,53.85,20.39,9.16,0
Tecido,175.86,55.77,20.39,9.54,0
Tecido,171.72,53.70,21.18,9.75,0
Tecido,175.86,55.77,20.39,12.29,0
Tecido,172.00,55.56,21.18,16.86,0
Tecido,175.86,55.77,20.39,18.02,0
Tecido,175.86,55.77,20.39,16.59,0
Tecido,173.57,52.83,20.78,14.37,0
Tecido,175.86,55.77,20.39,12.46,0
Tecido,172.00,55.56,21.18,11.93,0
Tecido,175.86,55.77,20.39,10.58,0
Tecido,174.00,56.60,20.78,8.98,0
Tecido,173.57,52.83,20.78,7.42,0
Tecido,173.79,55.77,20.39,7.17,0
Tecido,172.00,55.56,21.18,8.18,0
Tecido,175.86,55.77,20.39,8.31,0
Tecido,175.86,55.77,20.39,9.68,0
Tecido,173.57,52.83,20.78,8.77,0
Tecido,173.79,55.77,20.39,8.29,0
Tecido,173.79,54.72,20.78,12.04,0
Tecido,175.86,55.77,20.39,10.56,0
Tecido,174.00,56.60,20.78,10.39,0
Tecido,171.72,53.70,21.18,9.11,0
Tecido,175.86,55.77,20.39,8.22,0
Tecido,173.79,54.72,20.78,7.17,0
Tecido,175.71,54.90,20.00,7.68,0
Tecido,175.86,55.77,20.39,10.11,0
Tecido,171.72,53.70,21.18,9.32,0
Tecido,175.86,55.77,20.39,11.90,0
Tecido,173.79,54.72,20.78,11.28,0
Tecido,174.00,56.60,20.78,10.59,0
Tecido,175.86,55.77,20.39,9.03,0
Tecido,171.43,52.83,20.78,9.06,0
Tecido,175.86,55.77,20.39,7.81,0
Tecido,172.00,55.56,21.18,6.58,0
Tecido,175.86,55.77,20.39,7.11,0
Tecido,175.86,55.77,20.39,6.56,0
Tecido,173.57,52.83,20.78,6.11,0
Tecido,175.86,55.77,20.39,6.36,0
Tecido,172.00,55.56,21.18,5.34,0
Tecido,175.86,55.77,20.39,4.97,0
Tecido,175.86,55.77,20.39,4.43,0
Tecido,171.43,52.83,20.78,4.45,0
Tecido,175.86,55.77,20.39,5.00,0
Tecido,173.79,54.72,20.78,5.23,0
Tecido,175.86,55.77,20.39,4.95,0
Tecido,174.00,56.60,20.78,6.24,0
Tecido,173.57,52.83,20.78,5.76,0
Tecido,175.86,55.77,20.39,7.24,0
Tecido,172.00,55.56,21.18,7.56,0
Tecido,175.86,55.77,20.39,7.02,0
Tecido,172.00,56.60,20.78,6.38,0
Tecido,173.57,52.83,20.78,5.62,0
Tecido,175.86,55.77,20.39,6.24,0
Tecido,171.72,53.70,21.18,7.94,0
Tecido,175.86,55.77,20.39,7.52,0
Tecido,174.00,56.60,20.78,6.71,0
Tecido,171.43,52.83,20.78,6.24,0
Tecido,175.86,55.77,20.39,7.45,0
Tecido,172.00,55.56,21.18,7.15,0
Tecido,173.79,55.77,20.39,6.58,0
Tecido,174.00,56.60,20.78,5.97,0
Tecido,173.57,52.83,20.78,5.66,0
Tecido,175.86,55.77,20.39,5.26,0
Tecido,171.72,53.70,21.18,4.99,0
Tecido,175.86,55.77,20.39,5.92,0
Tecido,174.00,56.60,20.78,4.94,0
Tecido,173.57,52.83,20.78,5.03,0
Tecido,175.86,55.77,20.39,5.51,0
Tecido,172.00,55.56,21.18,5.04,0
Tecido,175.86,55.77,20.39,4.66,0
Tecido,174.00,56.60,20.78,4.22,0
Tecido,173.57,52.83,20.78,3.90,0
Tecido,175.86,55.77,20.39,4.26,0
Tecido,172.00,55.56,21.18,4.10,0
Tecido,173.79,55.77,20.39,4.05,0
Tecido,174.00,56.60,20.78,5.08,0
Tecido,173.57,52.83,20.78,7.28,0
Tecido,174.00,56.60,20.78,7.86,0
Tecido,172.00,55.56,21.18,6.83,0
Tecido,175.86,55.77,20.39,6.32,0
Tecido,174.00,56.60,20.78,5.51,0
Tecido,173.57,52.83,20.78,6.02,0
Tecido,175.86,55.77,20.39,5.85,0
Tecido,173.57,52.83,20.78,5.08,0
Tecido,175.86,55.77,20.39,5.17,0
Tecido,174.00,56.60,20.78,4.90,0
Tecido,173.57,52.83,20.78,4.60,0
Tecido,175.86,55.77,20.39,4.08,0
Tecido,171.72,53.70,21.18,4.36,0
Tecido,175.86,55.77,20.39,4.58,0
Tecido,175.86,55.77,20.39,4.70,0
Tecido,173.57,52.83,20.78,4.90,0
Tecido,175.86,55.77,20.39,6.00,0
Tecido,171.72,53.70,21.18,9.67,0
Tecido,174.00,56.60,20.78,8.50,0
Tecido,175.86,55.77,20.39,8.60,0
Tecido,173.57,52.83,20.78,8.39,0
Tecido,175.86,55.77,20.39,8.78,0
Tecido,173.57,52.83,20.78,8.59,0
Tecido,175.86,55.77,20.39,8.39,0
Tecido,174.00,56.60,20.78,9.09,0
Tecido,173.57,52.83,20.78,10.06,0
Tecido,175.86,55.77,20.39,9.88,0
Tecido,172.00,55.56,21.18,8.99,0
Tecido,175.86,55.77,20.39,9.01,0
Tecido,175.86,55.77,20.39,8.10,0
Tecido,171.72,53.70,21.18,8.68,0
Tecido,173.79,55.77,20.39,7.90,0
Tecido,173.79,54.72,20.78,7.34,0
Tecido,173.79,55.77,20.39,7.80,0
Tecido,174.00,56.60,20.78,7.29,0
Tecido,173.57,52.83,20.78,10.12,0
Tecido,175.86,55.77,20.39,12.19,0
Tecido,172.00,55.56,21.18,10.20,0
Tecido,175.86,55.77,20.39,11.82,0
Tecido,175.86,55.77,20.39,12.09,0
Tecido,173.57,52.83,20.78,12.67,0
Tecido,175.86,55.77,20.39,12.13,0
Tecido,172.00,55.56,21.18,10.77,0
Tecido,175.86,55.77,20.39,9.19,0
Tecido,175.86,55.77,20.39,7.64,0
Tecido,173.57,52.83,20.78,6.81,0
Tecido,175.86,55.77,20.39,6.63,0
Tecido,172.00,55.56,21.18,6.43,0
Tecido,173.79,55.77,20.39,5.97,0
Tecido,173.79,55.77,20.39,6.85,0
Tecido,171.72,53.70,21.18,5.93,0
Tecido,175.86,55.77,20.39,5.79,0
Tecido,172.00,55.56,21.18,7.17,0
Tecido,175.71,53.85,20.39,7.42,0
Tecido,174.00,56.60,20.78,6.98,0
Tecido,171.72,53.70,21.18,6.09,0
Tecido,175.86,55.77,20.39,5.31,0
Tecido,172.00,55.56,21.18,4.87,0
Tecido,173.79,54.72,20.78,4.49,0
Tecido,175.86,55.77,20.39,4.46,0
Tecido,171.72,53.70,21.18,4.14,0
Tecido,175.86,55.77,20.39,4.47,0
Tecido,172.26,57.41,21.18,5.44,0
Tecido,175.71,53.85,20.39,5.71,0
Tecido,175.86,55.77,20.39,5.69,0
Tecido,171.72,53.70,21.18,7.13,0
Tecido,175.86,55.77,20.39,7.56,0
Tecido,172.26,57.41,21.18,9.27,0
Tecido,175.71,53.85,20.39,10.76,0
Tecido,175.86,55.77,20.39,9.05,0
Tecido,171.72,53.70,21.18,7.69,0
Tecido,175.86,55.77,20.39,11.44,0
Tecido,174.00,56.60,20.78,12.75,0
Tecido,171.43,52.83,20.78,11.78,0
Tecido,174.00,56.60,20.78,11.17,0
Tecido,173.57,52.83,20.78,10.86,0
Tecido,175.86,55.77,20.39,9.43,0
Tecido,174.00,56.60,20.78,7.73,0
Tecido,173.57,52.83,20.78,6.56,0
Tecido,175.86,55.77,20.39,5.45,0
Tecido,171.72,53.70,21.18,5.54,0
Tecido,175.86,55.77,20.39,6.96,0
Tecido,174.00,56.60,20.78,6.61,0
Tecido,172.00,55.56,21.18,7.46,0
Tecido,175.86,55.77,20.39,7.16,0
Tecido,173.57,52.83,20.78,6.81,0
Tecido,174.00,56.60,20.78,5.95,0
Tecido,174.00,56.60,20.78,6.23,0
Tecido,173.57,52.83,20.78,6.00,0
Tecido,175.86,55.77,20.39,7.48,0
Tecido,171.72,53.70,21.18,8.34,0
Tecido,175.86,55.77,20.39,7.92,0
Tecido,174.00,56.60,20.78,6.76,0
Tecido,171.43,52.83,20.78,5.78,0
Tecido,173.79,55.77,20.39,5.73,0
Tecido,172.00,55.56,21.18,6.33,0
Tecido,175.86,55.77,20.39,6.16,0
Tecido,174.19,58.49,20.78,7.34,0
Tecido,171.72,53.70,21.18,6.73,0
Tecido,175.86,55.77,20.39,7.50,0
Tecido,172.00,55.56,21.18,6.76,0
Tecido,175.86,55.77,20.39,6.17,0
Tecido,175.86,55.77,20.39,8.57,0
Tecido,171.72,53.70,21.18,8.50,0
Tecido,175.86,55.77,20.39,7.34,0
Tecido,172.00,55.56,21.18,7.16,0
Tecido,175.86,55.77,20.39,6.01,0
Tecido,175.86,55.77,20.39,5.19,0
Tecido,171.72,53.70,21.18,4.60,0
Tecido,175.86,55.77,20.39,4.86,0
Tecido,173.79,54.72,20.78,5.29,0
Tecido,175.71,53.85,20.39,5.84,0
Tecido,175.86,55.77,20.39,5.22,0
Tecido,171.72,53.70,21.18,6.58,0
Tecido,175.86,55.77,20.39,6.27,0
Tecido,172.26,57.41,21.18,6.08,0
Tecido,173.79,54.72,20.78,6.73,0
Tecido,174.00,56.60,20.78,6.06,0
Tecido,171.72,53.70,21.18,7.44,0
Tecido,174.00,56.60,20.78,7.83,0
Tecido,172.26,57.41,21.18,7.97,0
Tecido,175.56,51.92,20.39,7.22,0
Tecido,175.86,55.77,20.39,6.75,0
Tecido,169.66,53.70,21.18,5.94,0
Tecido,175.86,55.77,20.39,6.63,0
Tecido,173.79,54.72,20.78,5.94,0
Tecido,173.57,52.83,20.78,7.28,0
Tecido,175.86,55.77,20.39,7.38,0
Tecido,173.79,54.72,20.78,6.67,0
Tecido,175.86,55.77,20.39,6.22,0
Tecido,174.00,56.60,20.78,7.09,0
Tecido,173.57,52.83,20.78,6.71,0
Tecido,175.86,55.77,20.39,8.66,0
Tecido,172.00,55.56,21.18,7.57,0
Tecido,174.00,56.60,20.78,7.42,0
Tecido,174.00,56.60,20.78,7.78,0
Tecido,173.57,52.83,20.78,7.86,0
Tecido,174.00,56.60,20.78,8.45,0
Tecido,171.72,53.70,21.18,8.52,0
Tecido,175.86,55.77,20.39,7.51,0
Tecido,175.86,55.77,20.39,6.32,0
Tecido,171.43,52.83,20.78,7.35,0
Tecido,173.79,55.77,20.39,9.45,0
Tecido,172.00,55.56,21.18,9.28,0
Tecido,175.86,55.77,20.39,9.77,0
Tecido,175.86,55.77,20.39,9.75,0
Tecido,173.57,52.83,20.78,8.65,0
Tecido,175.86,55.77,20.39,7.16,0
Tecido,173.79,54.72,20.78,6.29,0
Tecido,175.86,55.77,20.39,6.32,0
Tecido,175.86,55.77,20.39,5.73,0
Tecido,171.72,53.70,21.18,6.64,0
Tecido,173.79,55.77,20.39,6.09,0
Tecido,172.00,55.56,21.18,6.47,0
Tecido,175.86,55.77,20.39,6.26,0
Tecido,173.79,55.77,20.39,6.48,0
Tecido,171.72,53.70,21.18,5.71,0
Tecido,175.86,55.77,20.39,5.11,0
Tecido,355.88,67.18,76.47,3.83,0
Tecido,353.55,65.05,72.94,3.91,0
Tecido,356.89,67.84,78.04,4.02,0
Tecido,350.56,67.50,62.75,5.28,0
Tecido,349.35,65.24,64.31,5.61,0
Tecido,356.39,65.52,79.61,5.18,0
Tecido,350.64,67.70,63.14,4.90,0
Tecido,348.89,67.50,62.75,6.25,0
Tecido,354.46,65.66,77.65,5.48,0
Tecido,354.10,67.78,70.59,5.56,0
Tecido,350.00,67.50,62.75,5.93,0
Tecido,352.82,64.29,71.37,6.00,0
Tecido,357.41,67.48,80.78,7.65,0
Tecido,350.00,67.50,62.75,7.83,0
Tecido,349.25,65.84,63.14,7.32,0
Tecido,355.45,65.35,79.22,6.19,0
Tecido,351.05,68.26,65.49,5.27,0
Tecido,350.00,67.50,62.75,4.53,0
Tecido,354.33,65.13,76.47,4.20,0
Tecido,355.65,66.67,72.94,3.50,0
Tecido,350.00,67.50,62.75,3.11,0
Tecido,350.97,64.57,68.63,2.79,0
Tecido,356.87,66.01,79.61,2.59,0
Tecido,350.56,67.50,62.75,2.40,0
Tecido,348.68,66.25,62.75,2.41,0
Tecido,355.42,65.17,78.82,3.13,0
Tecido,352.88,68.21,67.84,2.89,0
Tecido,350.00,67.50,62.75,2.86,0
Tecido,353.71,64.92,74.90,2.62,0
Tecido,356.31,67.36,75.69,3.10,0
Tecido,350.56,67.50,62.75,3.50,0
Tecido,350.09,64.88,65.88,3.93,0
Tecido,356.82,65.35,79.22,3.59,0
Tecido,350.56,67.50,62.75,3.39,0
Tecido,348.89,67.50,62.75,3.01,0
Tecido,354.92,65.33,78.04,3.25,0
Tecido,353.55,67.98,69.80,2.96,0
Tecido,350.00,67.50,62.75,3.17,0
Tecido,352.00,65.22,72.16,3.78,0
Tecido,356.42,67.00,78.43,3.93,0
Tecido,350.00,67.50,62.75,4.88,0
Tecido,349.35,65.24,64.31,4.81,0
Tecido,355.52,66.01,79.61,4.46,0
Tecido,350.64,67.28,63.53,4.47,0
Tecido,349.44,67.50,62.75,4.00,0
Tecido,354.42,65.48,77.25,4.73,0
Tecido,354.63,67.58,71.37,4.57,0
Tecido,349.44,67.50,62.75,4.36,0
Tecido,352.11,64.41,69.41,3.69,0
Tecido,356.84,66.50,78.43,3.34,0
Tecido,350.09,67.70,63.14,3.15,0
Tecido,349.25,65.84,63.14,2.75,0
Tecido,355.88,65.17,78.82,3.64,0
Tecido,350.61,68.45,65.88,3.97,0
Tecido,350.00,67.50,62.75,3.63,0
Tecido,353.91,65.64,76.47,3.23,0
Tecido,354.84,68.09,73.73,3.04,0
Tecido,350.00,67.50,62.75,3.09,0
Tecido,351.65,64.97,69.41,2.76,0
Tecido,357.27,65.67,78.82,2.93,0
Tecido,349.44,67.50,62.75,2.75,0
Tecido,348.68,66.25,62.75,3.38,0
Tecido,355.45,65.35,79.22,5.68,0
Tecido,351.21,68.24,66.67,4.94,0
Tecido,350.00,67.50,62.75,4.29,0
Tecido,353.81,65.28,75.69,3.60,0
Tecido,355.81,67.19,75.29,3.01,0
Tecido,350.09,67.70,63.14,2.71,0
Tecido,350.27,64.91,67.06,2.28,0
Tecido,356.89,65.85,80.39,2.20,0
Tecido,350.00,67.50,62.75,2.10,0
Tecido,348.79,66.88,62.75,1.84,0
Tecido,354.92,65.33,78.04,1.60,0
Tecido,353.00,68.18,69.02,1.59,0
Tecido,350.00,67.50,62.75,1.69,0
Tecido,353.11,64.89,73.73,1.69,0
Tecido,356.36,67.01,77.25,1.78,0
Tecido,350.00,67.50,62.75,1.72,0
Tecido,350.00,64.67,65.49,1.72,0
Tecido,356.44,65.85,80.39,2.06,0
Tecido,349.54,67.70,63.14,2.96,0
Tecido,348.99,67.70,63.14,3.49,0
Tecido,354.96,65.50,78.43,3.32,0
Tecido,354.19,68.13,71.37,4.27,0
Tecido,350.00,67.50,62.75,3.53,0
Tecido,352.00,65.22,72.16,3.81,0
Tecido,356.87,66.67,78.82,3.45,0
Tecido,350.09,67.70,63.14,3.67,0
Tecido,348.68,65.43,63.53,3.19,0
Tecido,355.59,66.02,80.78,2.80,0
Tecido,350.97,68.07,65.10,2.61,0
Tecido,349.44,67.50,62.75,2.38,0
Tecido,354.84,64.97,77.25,2.59,0
Tecido,354.76,67.74,72.94,2.44,0
Tecido,350.09,67.70,63.14,2.22,0
Tecido,351.21,65.17,69.80,2.03,0
Tecido,356.89,66.50,79.61,1.79,0
Tecido,349.44,67.50,62.75,1.55,0
Tecido,348.68,66.25,62.75,2.71,0
Tecido,355.00,65.67,78.82,3.68,0
Tecido,352.17,67.65,66.67,3.39,0
Tecido,349.54,67.70,63.14,3.41,0
Tecido,353.81,65.28,75.69,3.65,0
Tecido,356.25,67.02,74.90,3.33,0
Tecido,349.44,67.50,62.75,3.41,0
Tecido,350.36,65.12,67.45,3.33,0
Tecido,356.91,66.02,80.78,3.05,0
Tecido,349.44,67.50,62.75,2.75,0
Tecido,348.79,66.88,62.75,2.50,0
Tecido,355.49,65.52,79.61,2.43,0
Tecido,351.72,67.84,67.06,2.70,0
Tecido,350.00,67.50,62.75,2.70,0
Tecido,353.66,64.74,74.51,2.68,0
Tecido,355.91,67.35,76.86,2.30,0
Tecido,349.91,66.88,62.75,1.99,0
Tecido,349.64,65.09,66.27,1.72,0
Tecido,356.36,65.35,79.22,1.84,0
Tecido,350.09,67.70,63.14,1.86,0
Tecido,348.89,67.50,62.75,2.05,0
Tecido,355.49,65.52,79.61,2.75,0
Tecido,352.50,68.18,69.02,2.97,0
Tecido,349.54,67.70,63.14,3.77,0
Tecido,353.11,64.89,73.73,4.97,0
Tecido,356.87,67.00,78.43,8.40,0
Tecido,350.09,67.70,63.14,7.41,0
Tecido,349.64,65.48,65.88,6.86,0
Tecido,355.91,65.35,79.22,6.32,0
Tecido,350.56,67.08,63.14,5.55,0
Tecido,349.44,67.50,62.75,4.77,0
Tecido,354.55,66.00,78.43,4.22,0
Tecido,354.00,67.04,70.20,3.57,0
Tecido,349.73,68.10,63.92,3.12,0
Tecido,352.00,65.22,72.16,2.99,0
Tecido,356.91,67.00,79.61,2.63,0
Tecido,349.44,67.50,62.75,2.30,0
Tecido,349.14,65.22,63.14,2.08,0
Tecido,355.45,65.35,79.22,1.93,0
Tecido,350.53,68.26,65.49,1.99,0
Tecido,349.44,67.50,62.75,1.87,0
Tecido,354.42,65.48,77.25,1.85,0
Tecido,354.80,67.91,73.33,2.46,0
Tecido,349.54,67.70,63.14,3.07,0
Tecido,351.13,64.97,69.41,4.34,0
Tecido,356.91,66.34,80.39,3.69,0
Tecido,349.91,66.88,62.75,3.43,0
Tecido,349.14,65.63,62.75,3.03,0
Tecido,355.38,65.00,78.43,2.66,0
Tecido,351.86,68.21,67.84,3.01,0
Tecido,349.54,67.70,63.14,2.91,0
Tecido,353.66,64.74,74.51,2.74,0
Tecido,356.36,67.35,76.86,2.56,0
Tecido,350.00,67.50,62.75,2.90,0
Tecido,348.99,64.88,65.88,2.53,0
Tecido,356.50,66.18,81.18,2.27,0
Tecido,349.54,67.70,63.14,2.37,0
Tecido,349.19,67.68,64.31,2.21,0
Tecido,354.92,65.33,78.04,2.02,0
Tecido,353.55,67.98,69.80,1.87,0
Tecido,349.64,67.90,63.53,1.84,0
Tecido,352.50,64.86,72.55,1.86,0
Tecido,357.35,67.00,79.61,1.88,0
Tecido,350.09,67.28,63.53,2.00,0
Tecido,348.00,65.22,63.14,2.27,0
Tecido,355.94,65.52,79.61,2.21,0
Tecido,350.18,67.48,63.92,6.36,0
Tecido,349.35,66.88,62.75,5.18,0
Tecido,354.46,65.66,77.65,5.08,0
Tecido,354.72,67.57,72.55,4.97,0
Tecido,350.00,67.08,63.14,4.20,0
Tecido,350.61,64.97,69.41,3.46,0
Tecido,356.52,66.67,81.18,3.33,0
Tecido,350.00,67.50,62.75,3.16,0
Tecido,349.25,65.84,63.14,2.72,0
Tecido,355.42,65.17,78.82,2.62,0
Tecido,352.31,68.02,67.45,2.84,0
Tecido,350.00,67.08,63.14,2.80,0
Tecido,353.71,64.92,74.90,2.80,0
Tecido,356.84,67.51,77.25,2.62,0
Tecido,349.64,67.90,63.53,4.37,0
Tecido,349.64,65.09,66.27,3.93,0
Tecido,356.00,65.85,80.39,4.74,0
Tecido,349.54,67.70,63.14,4.52,0
Tecido,349.91,66.88,62.75,4.37,0
Tecido,355.45,65.35,79.22,6.04,0
Tecido,353.50,67.42,69.80,5.81,0
Tecido,350.56,67.08,63.14,5.15,0
Tecido,352.00,65.22,72.16,4.78,0
Tecido,356.50,67.49,79.61,4.35,0
Tecido,350.00,67.50,62.75,3.79,0
Tecido,348.57,65.22,63.14,3.08,0
Tecido,355.56,65.85,80.39,2.76,0
Tecido,350.53,68.26,65.49,2.91,0
Tecido,349.54,67.70,63.14,2.58,0
Tecido,354.42,65.48,77.25,2.48,0
Tecido,355.28,67.55,73.73,2.34,0
Tecido,350.00,67.08,63.14,3.96,0
Tecido,351.65,64.97,69.41,3.77,0
Tecido,357.37,66.18,81.18,3.48,0
Tecido,349.44,67.50,62.75,3.15,0
Tecido,348.79,66.46,63.14,2.68,0
Tecido,355.45,65.35,79.22,2.49,0
Tecido,352.00,68.57,68.63,2.63,0
Tecido,349.91,66.88,62.75,2.70,0
Tecido,353.23,65.26,74.51,2.53,0
Tecido,356.39,67.17,77.65,2.29,0
Tecido,349.44,67.50,62.75,2.24,0
Tecido,349.64,65.48,65.88,2.11,0
Tecido,356.50,66.18,81.18,2.40,0
Tecido,350.00,67.08,63.14,2.32,0
Tecido,349.35,66.88,62.75,2.61,0
Tecido,355.04,65.84,79.22,2.31,0
Tecido,353.66,67.96,70.98,1.92,0
Tecido,349.54,67.70,63.14,1.85,0
Tecido,352.07,65.41,72.55,1.97,0
Tecido,356.52,67.32,80.39,1.98,0
Tecido,350.00,67.50,62.75,3.16,0
Tecido,348.79,65.64,63.92,2.96,0
Tecido,355.59,66.02,80.78,2.67,0
Tecido,350.89,67.47,65.10,2.46,0
Tecido,349.64,67.90,63.53,2.48,0
Tecido,354.88,65.15,77.65,2.65,0
Tecido,354.72,67.57,72.55,2.38,0
Tecido,350.00,67.08,63.14,2.11,0
Tecido,351.21,64.80,70.20,2.15,0
Tecido,356.93,66.83,80.39,2.19,0
Tecido,350.47,66.46,63.14,2.35,0
Tecido,348.11,65.84,63.14,2.30,0
Tecido,355.56,65.85,80.39,2.18,0
Tecido,350.61,68.45,65.88,2.45,0
Tecido,350.00,67.08,63.14,2.38,0
Tecido,354.42,65.48,77.25,2.45,0
Tecido,355.68,66.84,73.33,2.35,0
Tecido,350.00,67.08,63.14,2.24,0
Tecido,350.53,64.77,69.02,2.51,0
Tecido,356.96,66.67,81.18,2.39,0
Tecido,350.09,67.28,63.53,2.06,0
Tecido,348.68,66.25,62.75,1.85,0
Tecido,355.49,65.52,79.61,1.93,0
Tecido,351.21,68.24,66.67,1.88,0
Tecido,350.09,67.28,63.53,1.90,0
Tecido,354.33,65.13,76.47,2.13,0
Tecido,355.78,67.02,74.90,2.19,0
Tecido,349.64,67.90,63.53,2.34,0
Tecido,350.97,64.94,68.24,2.34,0
Tecido,356.50,66.50,80.78,2.32,0
Tecido,350.18,67.90,63.53,2.02,0
Tecido,348.89,67.08,63.14,1.96,0
Tecido,355.42,65.17,78.82,2.04,0
Tecido,352.31,67.63,67.84,2.11,0
Tecido,349.54,67.70,63.14,5.10,0
Tecido,353.76,65.10,75.29,4.60,0
Tecido,355.38,67.36,75.69,4.36,0
Tecido,350.00,67.50,62.75,4.06,0
Tecido,349.82,65.12,67.45,3.87,0
Tecido,356.93,66.18,81.18,3.92,0
Tecido,349.44,67.50,62.75,3.33,0
Tecido,348.99,67.28,63.53,3.91,0
Tecido,355.42,65.17,78.82,3.24,0
Tecido,353.00,68.18,69.02,2.94,0
Tecido,349.54,67.70,63.14,2.87,0
Tecido,353.11,64.89,73.73,2.69,0
Tecido,356.34,66.84,76.86,2.46,0
Tecido,349.44,67.50,62.75,2.34,0
Tecido,349.82,65.50,67.06,2.66,0
Tecido,356.06,66.50,80.78,2.41,0
Tecido,349.44,67.50,62.75,2.03,0
Tecido,349.44,67.08,63.14,1.96,0
Tecido,355.56,65.85,80.39,1.71,0
Tecido,353.00,67.80,69.41,8.18,0
Tecido,350.09,67.28,63.53,8.09,0
Tecido,353.00,64.52,72.94,6.77,0
Tecido,356.89,67.16,78.82,7.03,0
Tecido,350.18,67.90,63.53,6.11,0
Tecido,348.99,65.66,65.10,5.66,0
Tecido,356.03,66.02,80.78,5.21,0
Tecido,350.73,67.07,64.31,4.32,0
Tecido,349.44,67.08,63.14,3.71,0
Tecido,354.92,65.33,78.04,3.35,0
Tecido,353.71,68.13,71.37,2.94,0
Tecido,349.91,66.88,62.75,3.03,0
Tecido,351.93,65.03,71.76,2.88,0
Tecido,356.96,67.32,80.39,2.50,0
Tecido,349.91,66.88,62.75,2.66,0
Tecido,348.57,65.22,63.14,2.64,0
Tecido,355.18,66.50,80.78,3.18,0
Tecido,350.36,67.88,64.71,3.02,0
Tecido,350.00,67.08,63.14,3.12,0
Tecido,354.84,64.97,77.25,3.89,0
Tecido,354.68,67.39,72.16,3.47,0
Tecido,350.00,67.08,63.14,3.13,0
Tecido,351.13,64.61,69.80,2.69,0
Tecido,356.96,66.67,81.18,2.35,0
Tecido,350.00,67.08,63.14,2.20,0
Tecido,348.68,65.84,63.14,1.99,0
Tecido,355.49,65.52,79.61,2.15,0
Tecido,351.13,68.05,66.27,2.15,0
Tecido,349.64,67.90,63.53,1.96,0
Tecido,354.37,65.31,76.86,2.21,0
Tecido,355.71,67.02,73.73,2.27,0
Tecido,349.54,67.70,63.14,2.24,0
Tecido,351.05,64.77,69.02,2.10,0
Tecido,356.96,66.67,81.18,2.08,0
Tecido,350.56,66.67,63.53,1.96,0
Tecido,348.79,66.46,63.14,2.12,0
Tecido,355.49,65.52,79.61,2.36,0
Tecido,351.72,67.84,67.06,2.96,0
Tecido,349.54,67.70,63.14,4.27,0
Tecido,353.81,65.28,75.69,4.37,0
Tecido,355.85,67.36,75.69,4.49,0
Tecido,349.54,67.70,63.14,3.87,0
Tecido,350.53,65.14,68.63,3.23,0
Tecido,356.93,66.18,81.18,2.95,0
Tecido,350.00,67.08,63.14,2.73,0
Tecido,348.99,67.28,63.53,2.33,0
Tecido,355.42,65.17,78.82,2.43,0
Tecido,352.50,68.18,69.02,2.27,0
Tecido,349.54,67.70,63.14,2.14,0
Tecido,353.50,64.17,73.33,2.15,0
Tecido,356.84,66.83,78.04,14.12,0
Tecido,350.00,67.08,63.14,11.91,0
Tecido,349.54,65.27,65.49,9.77,0
Tecido,356.03,66.02,80.78,8.36,0
Tecido,350.00,67.08,63.14,7.17,0
Tecido,348.89,67.08,63.14,5.98,0
Tecido,355.42,65.17,78.82,5.25,0
Tecido,354.10,67.40,70.98,7.67,0
Tecido,350.00,67.08,63.14,6.96,0
Tecido,351.86,64.84,71.37,6.34,0
Tecido,356.47,67.00,79.61,5.63,0
Tecido,350.00,67.08,63.14,4.80,0
Tecido,348.11,65.84,63.14,4.64,0
Tecido,355.45,65.35,79.22,3.96,0
Tecido,351.13,68.05,66.27,3.56,0
Tecido,349.54,67.70,63.14,3.22,0
Tecido,354.33,65.13,76.47,3.11,0
Tecido,355.78,67.02,74.90,5.69,0
Tecido,349.54,67.70,63.14,5.00,0
Tecido,350.53,65.14,68.63,4.56,0
Tecido,356.89,65.85,80.39,8.36,0
Tecido,350.00,67.08,63.14,7.44,0
Tecido,348.89,66.67,63.53,6.67,0
Tecido,355.59,66.02,80.78,5.92,0
Tecido,352.50,68.18,69.02,4.91,0
Tecido,350.00,67.08,63.14,4.51,0
Tecido,353.61,64.55,74.12,3.98,0
Tecido,355.91,67.35,76.86,3.69,0
Tecido,350.47,66.46,63.14,3.36,0
Tecido,349.54,65.27,65.49,3.18,0
Tecido,356.50,66.18,81.18,2.99,0
Tecido,350.27,67.68,64.31,2.88,0
Tecido,349.35,66.88,62.75,2.56,0
Tecido,355.35,64.82,78.04,2.23,0
Tecido,353.61,67.78,70.59,2.08,0
Tecido,350.00,67.08,63.14,1.91,0
Tecido,351.93,65.03,71.76,1.95,0
Tecido,357.33,66.50,79.61,1.83,0
Tecido,350.56,67.08,63.14,3.00,0
Tecido,348.22,66.05,63.53,3.08,0
Tecido,355.49,65.52,79.61,5.13,0
Tecido,350.97,67.66,65.49,4.71,0
Tecido,350.00,67.08,63.14,4.49,0
Tecido,354.42,65.48,77.25,3.75,0
Tecido,356.25,67.37,74.51,3.19,0
Tecido,350.00,67.08,63.14,2.94,0
Tecido,350.53,64.77,69.02,2.93,0
Tecido,356.06,66.83,80.39,2.70,0
Tecido,349.73,68.10,63.92,2.69,0
Tecido,348.79,66.46,63.14,3.24,0
Tecido,355.59,66.02,80.78,3.06,0
Tecido,352.44,68.00,68.63,2.79,0
Tecido,349.54,67.70,63.14,2.80,0
Tecido,353.17,65.08,74.12,2.49,0
Tecido,356.77,66.33,76.86,2.23,0
Tecido,350.18,67.48,63.92,2.14,0
Tecido,349.44,65.06,65.10,2.08,0
Tecido,356.06,66.18,81.18,1.96,0
Tecido,350.47,66.46,63.14,1.73,0
Tecido,348.99,67.70,63.14,1.85,0
Tecido,355.35,64.82,78.04,2.99,0
Tecido,354.10,67.40,70.98,2.56,0
Tecido,349.54,67.70,63.14,2.53,0
Tecido,351.93,65.03,71.76,2.51,0
Tecido,357.33,66.50,79.61,2.40,0
Tecido,350.09,67.28,63.53,2.27,0
Tecido,348.22,66.05,63.53,2.40,0
Tecido,355.49,65.52,79.61,2.23,0
Tecido,351.50,67.26,65.88,2.25,0
Tecido,350.00,67.08,63.14,2.21,0
Tecido,354.42,65.48,77.25,2.17,0
Tecido,355.31,67.37,74.51,2.20,0
Tecido,350.47,66.46,63.14,2.84,0
Tecido,350.53,65.14,68.63,2.58,0
Tecido,356.93,66.18,81.18,2.36,0
Tecido,350.56,67.08,63.14,2.29,0
Tecido,348.44,67.28,63.53,2.07,0
Tecido,355.45,65.35,79.22,1.80,0
Tecido,352.94,67.61,69.02,2.02,0
Tecido,350.00,67.08,63.14,2.24,0
Tecido,353.06,64.71,73.33,2.37,0
Tecido,356.89,67.16,78.82,4.02,0
Tecido,350.00,67.08,63.14,3.87,0
Tecido,349.25,65.03,63.92,4.89,0
Tecido,356.03,66.02,80.78,4.71,0
Tecido,350.97,67.66,65.49,4.86,0
Tecido,349.44,67.50,62.75,4.35,0
Tecido,354.84,64.97,77.25,4.22,0
Tecido,355.68,66.84,73.33,4.01,0
Tecido,350.00,67.08,63.14,3.49,0
Tecido,351.05,64.77,69.02,3.28,0
Tecido,356.87,66.01,79.61,2.76,0
Tecido,350.09,67.70,63.14,2.42,0
Tecido,348.33,66.67,63.53,2.19,0
Tecido,355.45,65.35,79.22,1.99,0
Tecido,352.44,68.00,68.63,1.76,0
Tecido,350.00,67.08,63.14,1.69,0
Tecido,353.23,65.26,74.51,1.66,0
Tecido,356.77,66.33,76.86,2.07,0
Tecido,350.00,67.08,63.14,2.36,0
Tecido,349.54,65.27,65.49,2.47,0
Tecido,356.03,66.02,80.78,2.23,0
Tecido,350.18,67.48,63.92,1.93,0
Tecido,349.54,67.28,63.53,1.77,0
Tecido,355.38,65.00,78.43,1.82,0
Tecido,354.63,67.21,71.76,2.22,0
Tecido,350.00,67.08,63.14,2.14,0
Tecido,351.21,64.80,70.20,1.98,0
Tecido,357.35,66.34,80.39,2.00,0
Tecido,350.00,67.08,63.14,2.05,0
Tecido,347.66,66.46,63.14,1.99,0
Tecido,355.49,65.52,79.61,2.12,0
Tecido,351.72,67.84,67.06,1.99,0
Tecido,349.54,67.70,63.14,1.86,0
Tecido,354.42,65.48,77.25,1.94,0
Tecido,355.78,67.02,74.90,1.64,0
Tecido,349.44,67.50,62.75,2.10,0
Tecido,350.44,65.32,67.84,1.89,0
Tecido,356.93,66.18,81.18,1.94,0
Tecido,349.91,66.88,62.75,1.92,0
Tecido,348.89,67.08,63.14,2.16,0
Tecido,355.38,65.00,78.43,2.26,0
Tecido,352.94,67.61,69.02,2.34,0
Tecido,350.00,67.08,63.14,2.31,0
Tecido,353.06,64.71,73.33,2.45,0
Tecido,356.89,67.16,78.82,2.14,0
Tecido,350.09,67.28,63.53,2.60,0
Tecido,348.89,65.45,64.71,2.33,0
Tecido,356.03,66.02,80.78,2.14,0
Tecido,350.18,67.48,63.92,2.23,0
Tecido,348.89,67.50,62.75,2.07,0
Tecido,354.96,65.50,78.43,1.73,0
Tecido,354.63,67.21,71.76,1.66,0
Tecido,350.00,67.08,63.14,1.85,0
Tecido,351.36,65.19,70.98,1.90,0
Tecido,356.89,66.50,79.61,2.02,0
Tecido,350.09,67.28,63.53,1.77,0
Tecido,348.68,65.84,63.14,1.94,0
Tecido,355.45,65.35,79.22,2.11,0
Tecido,351.13,68.05,66.27,2.08,0
Tecido,350.56,67.08,63.14,1.79,0
Tecido,354.33,65.13,76.47,2.06,0
Tecido,355.31,67.37,74.51,2.18,0
Tecido,350.00,67.08,63.14,3.15,0
Tecido,351.43,64.00,68.63,3.79,0
Tecido,356.09,66.67,81.18,6.87,0
Tecido,350.00,67.08,63.14,5.60,0
Tecido,348.99,66.87,63.92,5.24,0
Tecido,355.11,65.85,80.39,4.91,0
Tecido,352.82,67.24,68.24,4.81,0
Tecido,350.00,67.08,63.14,3.99,0
Tecido,353.76,65.10,75.29,3.50,0
Tecido,356.44,67.84,78.04,3.46,0
Tecido,350.00,67.08,63.14,3.99,0
Tecido,349.54,64.88,65.88,3.54,0
Tecido,356.47,66.02,80.78,3.35,0
Tecido,350.18,67.48,63.92,2.89,0
Tecido,349.35,66.46,63.14,3.35,0
Tecido,355.04,65.52,79.61,2.76,0
Tecido,353.55,67.60,70.20,2.81,0
Tecido,350.00,67.08,63.14,3.53,0
Tecido,352.50,64.86,72.55,3.24,0
Tecido,356.89,66.83,79.22,3.60,0
Tecido,350.00,67.08,63.14,3.73,0
Tecido,348.99,65.66,65.10,3.94,0
Tecido,355.94,65.52,79.61,3.92,0
Tecido,350.89,67.47,65.10,3.63,0
Tecido,349.44,67.08,63.14,3.28,0
Tecido,354.88,65.15,77.65,2.98,0
Tecido,354.72,67.57,72.55,2.87,0
Tecido,350.09,67.28,63.53,2.79,0
Tecido,351.28,65.00,70.59,2.35,0
Tecido,357.35,66.34,80.39,2.54,0
Tecido,350.09,67.28,63.53,2.71,0
Tecido,348.68,65.84,63.14,2.71,0
Tecido,355.45,65.35,79.22,2.34,0
Tecido,351.58,67.46,66.27,2.04,0
Tecido,350.00,67.08,63.14,2.46,0
Tecido,354.37,65.31,76.86,2.24,0
Tecido,355.28,67.20,74.12,2.35,0
Tecido,350.00,67.08,63.14,2.23,0
Tecido,351.05,64.77,69.02,2.21,0
Tecido,20.00,62.16,87.06,0.95,0
Tecido,18.26,65.71,96.08,1.66,0
Tecido,19.85,61.82,86.27,2.00,0
Tecido,17.31,62.40,98.04,2.82,0
Tecido,18.77,63.92,100.00,3.22,0
Tecido,19.42,62.33,87.45,3.35,0
Tecido,19.25,60.91,86.27,3.57,0
Tecido,18.63,63.14,100.00,4.08,0
Tecido,18.40,63.92,100.00,4.30,0
Tecido,19.57,62.16,87.06,4.18,0
Tecido,19.25,60.91,86.27,3.98,0
Tecido,18.89,63.53,100.00,3.48,0
Tecido,18.40,63.92,100.00,3.07,0
Tecido,18.88,63.00,89.02,3.16,0
Tecido,18.22,60.81,87.06,2.85,0
Tecido,18.89,63.53,100.00,2.91,0
Tecido,18.66,64.31,100.00,2.92,0
Tecido,19.13,62.16,87.06,2.70,0
Tecido,19.40,60.73,85.88,2.69,0
Tecido,18.38,63.75,98.43,2.52,0
Tecido,18.63,63.14,100.00,2.23,0
Tecido,17.48,63.45,93.33,2.45,0
Tecido,19.42,62.33,87.45,2.57,0
Tecido,18.09,59.65,89.41,2.54,0
Tecido,19.01,63.14,100.00,2.34,0
Tecido,18.18,64.71,100.00,1.92,0
Tecido,19.29,62.50,87.84,2.04,0
Tecido,18.53,60.99,87.45,2.44,0
Tecido,18.63,63.14,100.00,2.37,0
Tecido,17.93,64.31,100.00,2.24,0
Tecido,20.00,61.64,85.88,2.12,0
Tecido,19.69,60.09,85.49,2.19,0
Tecido,18.63,63.14,100.00,2.28,0
Tecido,19.38,63.14,100.00,2.17,0
Tecido,18.18,64.71,100.00,2.40,0
Tecido,19.42,62.05,87.84,2.30,0
Tecido,20.00,59.72,84.71,1.99,0
Tecido,19.01,63.14,100.00,1.87,0
Tecido,19.38,63.14,100.00,1.72,0
Tecido,18.28,64.26,92.16,1.67,0
Tecido,20.00,61.64,85.88,1.65,0
Tecido,18.77,63.92,100.00,1.96,0
Tecido,19.75,63.14,100.00,1.85,0
Tecido,17.82,64.71,100.00,1.87,0
Tecido,18.78,63.64,90.59,2.10,0
Tecido,19.29,62.50,87.84,1.93,0
Tecido,18.52,63.53,100.00,2.12,0
Tecido,19.76,64.31,100.00,1.99,0
Tecido,19.15,62.67,88.24,1.81,0
Tecido,19.09,60.00,86.27,1.90,0
Tecido,19.38,63.14,100.00,1.82,0
Tecido,19.01,63.14,100.00,1.58,0
Tecido,17.71,65.10,100.00,1.67,0
Tecido,18.78,63.64,90.59,1.80,0
Tecido,19.27,61.71,87.06,1.98,0
Tecido,18.89,63.53,100.00,1.98,0
Tecido,19.01,63.14,100.00,1.88,0
Tecido,18.07,65.10,100.00,1.83,0
Tecido,18.49,62.93,90.98,1.72,0
Tecido,19.86,62.33,87.45,1.77,0
Tecido,18.68,63.18,93.73,1.91,0
Tecido,19.38,63.14,100.00,1.75,0
Tecido,20.12,63.14,100.00,1.54,0
Tecido,17.67,64.43,99.22,1.56,0
Tecido,19.42,62.05,87.84,1.57,0
Tecido,18.67,60.54,87.45,1.68,0
Tecido,18.63,63.14,100.00,1.86,0
Tecido,19.38,63.14,100.00,1.63,0
Tecido,18.40,64.43,99.22,1.62,0
Tecido,19.85,61.82,86.27,1.59,0
Tecido,19.86,62.33,87.45,1.49,0
Tecido,18.77,63.92,100.00,1.31,0
Tecido,18.63,63.14,100.00,1.24,0
Tecido,17.93,64.31,100.00,1.27,0
Tecido,18.68,64.26,92.16,1.30,0
Tecido,19.57,62.67,88.24,1.17,0
Tecido,18.75,62.34,90.59,1.54,0
Tecido,18.63,63.14,100.00,1.34,0
Tecido,19.38,63.14,100.00,1.32,0
Tecido,18.66,64.31,100.00,1.34,0
Tecido,17.76,63.60,93.73,1.33,0
Tecido,19.13,61.88,87.45,1.30,0
Tecido,19.44,62.28,89.41,1.62,0
Tecido,18.63,63.14,100.00,2.10,0
Tecido,19.38,63.14,100.00,2.14,0
Tecido,18.89,63.53,100.00,2.80,0
Tecido,17.58,64.08,96.08,2.36,0
Tecido,19.71,62.50,87.84,2.21,0
Tecido,17.91,59.56,88.24,2.00,0
Tecido,20.00,63.53,100.00,1.87,0
Tecido,17.41,64.80,98.04,1.75,0
Tecido,19.42,62.33,87.45,1.51,0
Tecido,18.22,60.27,87.84,1.57,0
Tecido,19.01,63.14,100.00,1.42,0
Tecido,19.38,63.14,100.00,1.37,0
Tecido,17.93,64.82,99.22,1.28,0
Tecido,18.59,62.28,89.41,1.79,0
Tecido,19.57,61.88,87.45,1.79,0
Tecido,18.93,62.61,93.33,1.79,0
Tecido,18.63,63.14,100.00,1.74,0
Tecido,20.73,64.71,100.00,2.00,0
Tecido,18.12,63.40,92.16,3.02,0
Tecido,19.57,62.67,88.24,2.76,0
Tecido,19.86,62.33,87.45,2.93,0
Tecido,18.90,62.39,91.76,2.70,0
Tecido,18.26,63.14,100.00,2.93,0
Tecido,19.01,63.14,100.00,2.50,0
Tecido,18.29,64.31,100.00,2.29,0
Tecido,18.43,64.29,93.33,2.80,0
Tecido,19.42,62.05,87.84,2.71,0
Tecido,18.11,62.85,99.22,2.47,0
Tecido,19.38,63.14,100.00,2.46,0
Tecido,18.15,63.53,100.00,2.55,0
Tecido,17.69,63.93,95.69,2.56,0
Tecido,19.13,61.88,87.45,2.53,0
Tecido,17.59,59.11,88.24,2.60,0
Tecido,18.63,63.14,100.00,2.50,0
Tecido,19.75,63.14,100.00,2.25,0
Tecido,17.47,63.97,96.86,2.13,0
Tecido,18.86,62.22,88.24,1.97,0
Tecido,18.30,62.11,89.02,1.82,0
Tecido,19.26,63.53,100.00,1.61,0
Tecido,19.63,63.53,100.00,1.36,0
Tecido,18.46,62.72,89.41,1.23,0
Tecido,19.13,61.61,87.84,1.18,0
Tecido,18.89,63.53,100.00,1.17,0
Tecido,19.38,63.14,100.00,1.32,0
Tecido,18.24,63.25,91.76,1.32,0
Tecido,19.30,63.00,89.02,1.56,0
Tecido,18.49,62.39,91.76,1.43,0
Tecido,19.38,63.14,100.00,2.08,0
Tecido,20.61,63.92,100.00,2.29,0
Tecido,17.92,63.90,94.51,2.63,0
Tecido,19.29,62.22,88.24,2.30,0
Tecido,19.71,62.50,87.84,1.95,0
Tecido,19.57,62.11,89.02,2.43,0
Tecido,18.63,63.14,100.00,2.25,0
Tecido,19.63,63.53,100.00,2.55,0
Tecido,18.55,66.00,98.04,2.73,0
Tecido,19.57,62.67,88.24,2.99,0
Tecido,18.19,63.52,95.69,2.74,0
Tecido,18.63,63.14,100.00,2.66,0
Tecido,20.96,65.10,100.00,2.35,0
Tecido,18.65,63.79,90.98,2.16,0
Tecido,18.86,62.22,88.24,1.89,0
Tecido,18.26,63.14,100.00,1.87,0
Tecido,19.75,63.14,100.00,1.76,0
Tecido,18.40,63.83,92.16,1.86,0
Tecido,18.99,61.78,88.24,1.87,0
Tecido,19.29,62.22,88.24,1.78,0
Tecido,18.11,62.85,99.22,1.83,0
Tecido,19.75,63.14,100.00,1.92,0
Tecido,16.92,63.93,95.69,1.79,0
Tecido,19.29,62.22,88.24,1.91,0
Tecido,19.29,62.22,88.24,2.48,0
Tecido,17.31,62.40,98.04,4.82,0
Tecido,20.37,63.53,100.00,7.47,0
Tecido,17.78,64.54,98.43,7.21,0
Tecido,18.33,62.61,90.20,5.92,0
Tecido,19.13,61.61,87.84,5.76,0
Tecido,18.99,61.78,88.24,4.99,0
Tecido,18.72,62.11,89.02,4.74,0
Tecido,18.52,63.53,100.00,4.00,0
Tecido,20.12,63.14,100.00,3.86,0
Tecido,19.38,63.14,100.00,3.61,0
Tecido,18.66,64.31,100.00,5.31,0
Tecido,17.88,63.45,93.33,4.96,0
Tecido,19.42,62.05,87.84,4.31,0
Tecido,19.44,62.28,89.41,4.12,0
Tecido,19.38,63.14,100.00,3.65,0
Tecido,18.89,63.53,100.00,3.06,0
Tecido,17.85,63.97,96.86,2.83,0
Tecido,19.01,62.56,89.02,2.43,0
Tecido,19.57,61.88,87.45,2.23,0
Tecido,18.26,64.40,98.04,2.09,0
Tecido,19.38,63.14,100.00,2.19,0
Tecido,20.37,63.53,100.00,2.20,0
Tecido,18.59,62.28,89.41,2.39,0
Tecido,19.13,61.61,87.84,2.10,0
Tecido,18.43,63.22,94.90,1.86,0
Tecido,18.89,63.53,100.00,1.89,0
Tecido,19.38,63.14,100.00,1.63,0
Tecido,19.38,63.14,100.00,1.74,0
Tecido,18.00,63.56,92.55,1.71,0
Tecido,18.99,62.05,87.84,1.73,0
Tecido,18.26,63.14,100.00,1.86,0
Tecido,20.12,63.14,100.00,1.63,0
Tecido,17.09,63.18,93.73,1.73,0
Tecido,19.29,62.22,88.24,2.47,0
Tecido,19.29,62.22,88.24,2.48,0
Tecido,17.96,62.55,98.43,2.13,0
Tecido,19.63,63.53,100.00,2.11,0
Tecido,18.11,64.90,96.08,2.01,0
Tecido,18.83,61.16,87.84,1.89,0
Tecido,18.08,62.90,97.25,1.72,0
Tecido,19.75,63.14,100.00,1.59,0
Tecido,17.78,64.80,98.04,1.65,0
Tecido,18.99,61.78,88.24,1.73,0
Tecido,19.57,62.67,88.24,1.66,0
Tecido,17.83,60.79,89.02,1.61,0
Tecido,18.89,63.53,100.00,1.76,0
Tecido,20.49,64.31,100.00,1.87,0
Tecido,18.49,62.93,90.98,1.79,0
Tecido,19.13,61.61,87.84,1.83,0
Tecido,18.90,62.13,92.16,1.67,0
Tecido,18.52,63.53,100.00,1.72,0
Tecido,19.38,63.14,100.00,1.68,0
Tecido,19.29,65.88,100.00,1.48,0
Tecido,19.27,61.43,87.45,1.53,0
Tecido,18.72,62.11,89.02,1.53,0
Tecido,18.63,63.14,100.00,2.31,0
Tecido,19.88,65.10,100.00,3.07,0
Tecido,18.72,62.11,89.02,4.06,0
Tecido,18.99,61.78,88.24,5.15,0
Tecido,18.82,62.70,95.69,6.36,0
Tecido,19.50,62.75,100.00,6.13,0
Tecido,18.80,66.14,98.43,6.02,0
Tecido,19.29,62.22,88.24,7.95,0
Tecido,18.95,63.07,94.51,7.33,0
Tecido,18.63,63.14,100.00,6.35,0
Tecido,20.12,64.31,100.00,5.57,0
Tecido,17.43,62.98,92.16,5.31,0
Tecido,19.29,62.22,88.24,4.72,0
Tecido,18.67,60.54,87.45,4.20,0
Tecido,17.78,63.53,100.00,3.73,0
Tecido,19.88,63.92,100.00,3.23,0
Tecido,18.16,63.60,93.73,3.81,0
Tecido,19.57,62.67,88.24,3.84,0
Tecido,19.13,61.61,87.84,3.27,0
Tecido,19.15,61.84,89.41,2.94,0
Tecido,19.01,63.14,100.00,2.75,0
Tecido,17.96,64.08,96.08,2.57,0
Tecido,19.57,62.67,88.24,2.48,0
Tecido,19.42,62.05,87.84,2.39,0
Tecido,19.13,61.61,87.84,2.35,0
Tecido,18.89,63.53,100.00,2.30,0
Tecido,19.38,63.14,100.00,2.08,0
Tecido,17.78,64.54,98.43,2.04,0
Tecido,18.62,63.04,90.20,2.32,0
Tecido,19.01,62.56,89.02,2.60,0
Tecido,18.63,63.14,100.00,2.22,0
Tecido,20.12,63.14,100.00,1.98,0
Tecido,18.29,64.31,100.00,2.16,0
Tecido,17.96,62.82,91.76,2.07,0
Tecido,18.99,61.78,88.24,2.06,0
Tecido,19.03,62.50,90.98,2.34,0
Tecido,19.38,63.14,100.00,2.03,0
Tecido,19.29,65.88,100.00,2.50,0
Tecido,19.57,62.67,88.24,2.32,0
Tecido,18.75,62.34,90.59,2.24,0
Tecido,19.01,63.14,100.00,2.38,0
Tecido,18.04,63.49,94.51,2.12,0
Tecido,19.27,61.43,87.45,2.00,0
Tecido,19.57,61.88,87.45,1.76,0
Tecido,19.11,63.31,97.25,1.67,0
Tecido,18.63,63.14,100.00,1.61,0
Tecido,20.12,65.49,100.00,1.60,0
Tecido,18.99,61.78,88.24,1.45,0
Tecido,19.57,62.67,88.24,1.51,0
Tecido,18.99,61.78,88.24,1.48,0
Tecido,19.01,63.14,100.00,2.72,0
Tecido,17.89,64.40,98.04,2.81,0
Tecido,19.29,62.22,88.24,3.10,0
Tecido,17.91,59.82,87.84,5.07,0
Tecido,20.12,63.14,100.00,4.39,0
Tecido,18.59,62.28,89.41,4.95,0
Tecido,19.01,62.56,89.02,4.55,0
Tecido,18.72,62.11,89.02,5.35,0
Tecido,17.88,61.89,95.69,4.69,0
Tecido,20.12,63.14,100.00,4.72,0
Tecido,18.04,62.17,90.20,4.58,0
Tecido,18.72,62.11,89.02,4.00,0
Tecido,19.27,61.43,87.45,3.81,0
Tecido,17.38,60.67,93.73,3.88,0
Tecido,19.38,63.14,100.00,3.80,0
Tecido,18.18,64.71,100.00,3.36,0
Tecido,18.21,62.50,90.98,2.89,0
Tecido,18.99,61.78,88.24,2.70,0
Tecido,18.99,61.78,88.24,2.35,0
Tecido,18.52,62.61,93.33,2.52,0
Tecido,19.38,63.14,100.00,2.84,0
Tecido,18.93,65.88,100.00,2.90,0
Tecido,19.42,62.05,87.84,2.52,0
Tecido,19.29,62.22,88.24,2.41,0
Tecido,18.72,62.11,89.02,2.52,0
Tecido,17.52,63.14,100.00,2.23,0
Tecido,18.63,63.14,100.00,2.24,0
Tecido,17.48,63.18,93.73,2.23,0
Tecido,19.57,62.67,88.24,2.21,0
Tecido,19.29,62.22,88.24,2.27,0
Tecido,18.75,63.75,98.43,2.05,0
Tecido,19.38,63.14,100.00,1.77,0
Tecido,20.12,63.14,100.00,2.05,0
Tecido,18.26,65.18,96.86,2.50,0
Tecido,19.42,62.05,87.84,2.49,0
Tecido,18.86,61.67,89.02,2.12,0
Tecido,19.38,63.14,100.00,2.62,0
Tecido,19.26,63.53,100.00,2.56,0
Tecido,18.72,62.11,89.02,2.38,0
Tecido,19.42,62.05,87.84,2.19,0
Tecido,18.49,64.11,97.25,2.45,0
Tecido,18.63,63.14,100.00,2.24,0
Tecido,19.75,63.14,100.00,1.97,0
Tecido,18.15,64.54,98.43,1.90,0
Tecido,18.88,62.72,89.41,1.81,0
Tecido,19.13,61.61,87.84,1.78,0
Tecido,18.12,61.57,94.90,2.32,0
Tecido,19.50,62.75,100.00,2.24,0
Tecido,17.82,64.71,100.00,1.97,0
Tecido,19.57,62.67,88.24,1.74,0
Tecido,19.13,61.61,87.84,1.55,0
Tecido,18.52,63.53,100.00,1.61,0
Tecido,19.75,63.14,100.00,5.20,0
Tecido,18.24,63.25,91.76,4.62,0
Tecido,19.01,62.56,89.02,3.85,0
Tecido,18.17,60.43,92.16,3.25,0
Tecido,19.75,63.14,100.00,2.89,0
Tecido,18.68,64.26,92.16,2.41,0
Tecido,18.72,62.11,89.02,2.25,0
Tecido,19.18,62.55,92.16,2.29,0
Tecido,19.38,63.14,100.00,2.23,0
Tecido,18.28,63.98,92.55,2.10,0
Tecido,19.86,62.33,87.45,1.93,0
Tecido,17.87,60.26,91.76,3.64,0
Tecido,20.85,64.31,100.00,4.12,0
Tecido,17.48,63.45,93.33,4.08,0
Tecido,19.42,62.05,87.84,3.95,0
Tecido,18.75,62.34,90.59,3.63,0
Tecido,18.73,62.55,98.43,3.59,0
Tecido,20.37,63.53,100.00,3.74,0
Tecido,18.16,63.60,93.73,3.95,0
Tecido,19.42,62.05,87.84,4.52,0
Tecido,19.01,62.56,89.02,3.89,0
Tecido,18.26,63.64,99.22,4.37,0
Tecido,19.75,63.14,100.00,4.03,0
Tecido,17.42,64.05,94.90,4.37,0
Tecido,19.30,63.00,89.02,3.86,0
Tecido,19.13,61.61,87.84,3.45,0
Tecido,18.61,63.20,98.04,2.92,0
Tecido,19.75,63.14,100.00,2.66,0
Tecido,18.77,63.92,100.00,2.46,0
Tecido,19.29,62.22,88.24,2.49,0
Tecido,19.57,62.67,88.24,2.10,0
Tecido,17.21,59.65,89.41,1.91,0
Tecido,20.00,63.53,100.00,2.05,0
Tecido,17.96,64.08,96.08,1.93,0
Tecido,19.29,62.22,88.24,2.19,0
Tecido,18.99,61.78,88.24,3.52,0
Tecido,17.69,62.40,98.04,2.99,0
Tecido,20.12,63.14,100.00,2.70,0
Tecido,18.11,64.37,96.86,2.77,0
Tecido,18.72,62.11,89.02,2.48,0
Tecido,19.41,61.26,87.06,2.28,0
Tecido,18.00,64.00,98.04,2.13,0
Tecido,18.63,63.14,100.00,2.00,0
Tecido,19.38,63.14,100.00,2.41,0
Tecido,18.72,62.11,89.02,2.18,0
Tecido,18.30,62.11,89.02,2.35,0
Tecido,18.63,63.14,100.00,2.32,0
Tecido,19.38,63.14,100.00,2.52,0
Tecido,19.17,63.16,89.41,2.70,0
Tecido,19.01,62.56,89.02,2.35,0
Tecido,17.53,62.35,96.86,2.35,0
Tecido,19.13,62.75,100.00,2.31,0
Tecido,17.89,64.40,98.04,2.47,0
Tecido,18.72,62.11,89.02,2.63,0
Tecido,18.72,62.11,89.02,3.03,0
Tecido,18.63,63.14,100.00,2.70,0
Tecido,20.60,65.10,100.00,2.52,0
Tecido,19.01,62.56,89.02,2.17,0
Tecido,18.99,61.78,88.24,2.21,0
Tecido,18.46,63.67,96.08,2.35,0
Tecido,18.63,63.14,100.00,2.60,0
Tecido,19.38,63.14,100.00,2.86,0
Tecido,19.30,63.00,89.02,3.97,0
Tecido,19.30,63.00,89.02,3.46,0
Tecido,18.12,61.57,94.90,3.01,0
Tecido,19.38,63.14,100.00,3.22,0
Tecido,18.26,64.40,98.04,3.31,0
Tecido,18.72,62.11,89.02,2.90,0
Tecido,19.29,62.22,88.24,2.56,0
Tecido,18.23,63.97,96.86,2.30,0
Tecido,18.63,63.14,100.00,2.51,0
Tecido,20.60,65.10,100.00,2.02,0
Tecido,19.30,63.00,89.02,2.46,0
Tecido,18.99,61.78,88.24,2.44,0
Tecido,19.38,63.14,100.00,2.52,0
Tecido,17.52,64.40,98.04,2.41,0
Tecido,19.42,62.05,87.84,2.25,0
Tecido,19.13,61.61,87.84,3.26,0
Tecido,18.00,64.00,98.04,4.03,0
Tecido,20.12,63.14,100.00,4.96,0
Tecido,17.52,64.40,98.04,5.27,0
Tecido,19.71,61.71,87.06,4.58,0
Tecido,19.13,61.61,87.84,5.33,0
Tecido,18.63,63.14,100.00,5.02,0
Tecido,17.74,64.11,97.25,4.31,0
Tecido,19.29,62.22,88.24,3.82,0
Tecido,19.30,63.00,89.02,3.46,0
Tecido,18.46,63.16,96.86,3.11,0
Tecido,19.38,63.14,100.00,2.92,0
Tecido,19.88,65.10,100.00,2.52,0
Tecido,18.72,62.11,89.02,2.34,0
Tecido,19.29,62.22,88.24,2.28,0
Tecido,17.65,59.91,89.02,2.09,0
Tecido,19.75,63.14,100.00,2.25,0
Tecido,18.11,64.37,96.86,2.01,0
Tecido,19.57,61.88,87.45,1.93,0
Tecido,18.83,61.16,87.84,2.25,0
Tecido,19.38,63.14,100.00,3.95,0
Tecido,20.12,65.49,100.00,3.66,0
Tecido,18.99,61.78,88.24,3.39,0
Tecido,19.01,62.56,89.02,3.19,0
Tecido,19.44,62.28,89.41,2.97,0
Tecido,19.75,63.14,100.00,3.13,0
Tecido,17.69,63.93,95.69,2.85,0
Tecido,19.30,63.00,89.02,2.78,0
Tecido,19.01,62.56,89.02,2.95,0
Tecido,18.75,62.34,90.59,2.60,0
Tecido,19.38,63.14,100.00,2.64,0
Tecido,18.40,63.92,100.00,2.36,0
Tecido,18.99,61.78,88.24,2.16,0
Tecido,19.42,62.05,87.84,2.14,0
Tecido,17.89,63.14,100.00,2.13,0
Tecido,20.61,63.92,100.00,2.47,0
Tecido,19.71,62.50,87.84,2.41,0
Tecido,18.43,61.67,89.02,1.99,0
Tecido,18.49,62.85,99.22,1.97,0
Tecido,19.88,63.92,100.00,1.89,0
Tecido,19.29,62.22,88.24,1.65,0
Tecido,19.42,62.05,87.84,1.73,0
Tecido,17.89,63.14,100.00,1.59,0
Tecido,20.50,63.14,100.00,1.56,0
Tecido,18.00,63.56,92.55,1.50,0
Tecido,19.42,62.05,87.84,1.70,0
Tecido,18.52,63.53,100.00,2.05,0
Tecido,21.09,64.71,100.00,1.73,0
Tecido,19.57,62.67,88.24,2.30,0
Tecido,17.83,60.79,89.02,2.74,0
Tecido,20.12,63.14,100.00,2.87,0
Tecido,18.62,62.77,90.59,4.45,0
Tecido,19.57,62.67,88.24,4.48,0
Tecido,19.30,63.00,89.02,4.00,0
Tecido,18.43,63.22,94.90,3.49,0
Tecido,18.63,63.14,100.00,3.65,0
Tecido,20.00,64.71,100.00,3.36,0
Tecido,19.30,63.00,89.02,2.92,0
Tecido,19.42,62.05,87.84,2.56,0
Tecido,19.13,61.61,87.84,2.30,0
Tecido,18.63,63.14,100.00,2.05,0
Tecido,18.18,65.74,98.43,2.10,0
Tecido,19.01,62.56,89.02,1.96,0
Tecido,17.65,61.94,96.86,1.88,0
Tecido,19.38,63.14,100.00,2.16,0
Tecido,18.59,62.28,89.41,2.09,0
Tecido,19.86,62.33,87.45,2.66,0
Tecido,18.83,61.16,87.84,3.18,0
Tecido,19.38,63.14,100.00,2.95,0
Tecido,20.12,63.14,100.00,3.28,0
Tecido,17.89,65.18,96.86,3.03,0
Tecido,18.72,62.11,89.02,2.94,0
Tecido,18.08,62.40,98.04,2.66,0
Tecido,20.12,63.14,100.00,3.63,0
Tecido,18.38,65.31,96.08,3.14,0
Tecido,19.29,62.22,88.24,2.76,0
Tecido,18.26,63.64,99.22,2.60,0
Tecido,19.63,63.53,100.00,2.61,0
Tecido,19.29,62.22,88.24,2.97,0
Tecido,19.13,61.61,87.84,3.02,0
Tecido,17.89,63.14,100.00,3.73,0
Tecido,20.12,63.14,100.00,3.38,0
Tecido,18.08,64.73,94.51,2.94,0
Tecido,19.01,62.56,89.02,2.59,0
Tecido,18.26,63.14,100.00,2.88,0
Tecido,19.50,62.75,100.00,2.76,0
Tecido,19.64,65.88,100.00,2.49,0
Tecido,19.42,62.05,87.84,2.28,0
Tecido,19.01,62.56,89.02,1.92,0
Tecido,18.49,62.39,91.76,1.83,0
Tecido,18.26,63.14,100.00,1.61,0
Tecido,19.38,63.14,100.00,1.65,0
Tecido,17.76,63.87,93.33,2.10,0
Tecido,18.72,62.11,89.02,2.25,0
Tecido,18.63,63.14,100.00,4.03,0
Tecido,18.93,65.88,100.00,3.60,0
Tecido,19.42,62.05,87.84,4.28,0
Tecido,19.01,62.56,89.02,3.80,0
Tecido,19.01,62.56,89.02,3.28,0
Tecido,18.52,63.53,100.00,3.81,0
Tecido,19.38,63.14,100.00,4.37,0
Tecido,17.76,63.87,93.33,3.90,0
Tecido,19.01,62.56,89.02,3.91,0
Tecido,19.26,63.53,100.00,3.67,0
Tecido,19.88,62.75,100.00,3.32,0
Tecido,18.49,62.93,90.98,2.91,0
Tecido,18.72,62.11,89.02,4.03,0
Tecido,18.19,63.52,95.69,4.80,0
Tecido,18.63,63.14,100.00,4.05,0
Tecido,18.40,65.20,98.04,3.57,0
Tecido,18.99,61.78,88.24,3.33,0
Tecido,0.00,100.00,24.31,3.14,0
Tecido,0.00,100.00,32.94,3.46,0
Tecido,354.40,100.00,29.41,3.66,0
Tecido,355.34,95.87,47.45,3.78,0
Tecido,354.00,100.00,39.22,3.88,0
Tecido,350.97,97.41,45.49,3.90,0
Tecido,355.74,90.97,60.78,3.70,0
Tecido,352.62,98.48,51.76,3.50,0
Tecido,350.56,100.00,42.35,3.74,0
Tecido,355.12,94.62,50.98,3.43,0
Tecido,354.84,100.00,36.47,3.92,0
Tecido,348.87,100.00,38.04,3.78,0
Tecido,355.97,95.04,55.29,3.44,0
Tecido,352.31,100.00,45.88,3.13,0
Tecido,350.53,98.28,45.49,2.98,0
Tecido,355.59,91.89,58.04,3.72,0
Tecido,352.37,100.00,46.27,4.03,0
Tecido,349.74,100.00,45.88,4.85,0
Tecido,355.49,93.66,55.69,4.60,0
Tecido,353.27,100.00,41.96,4.58,0
Tecido,349.04,99.05,41.18,4.60,0
Tecido,355.56,95.07,55.69,4.43,0
Tecido,352.07,100.00,47.45,3.94,0
Tecido,352.56,94.53,50.20,3.62,0
Tecido,356.06,94.48,56.86,3.44,0
Tecido,352.50,100.00,43.92,3.83,0
Tecido,352.86,93.33,52.94,3.50,0
Tecido,355.85,91.38,68.24,3.35,0
Tecido,352.84,97.10,54.12,2.77,0
Tecido,348.68,100.00,41.57,2.87,0
Tecido,356.98,94.56,57.65,2.89,0
Tecido,351.07,100.00,47.45,3.08,0
Tecido,354.35,92.00,58.82,3.09,0
Tecido,353.96,97.20,56.08,2.81,0
Tecido,351.68,96.48,55.69,2.37,0
Tecido,355.10,90.74,63.53,2.43,0
Tecido,354.09,98.51,52.55,2.88,0
Tecido,351.57,100.00,47.45,3.54,0
Tecido,352.73,92.96,55.69,3.15,0
Tecido,355.97,93.12,62.75,2.94,0
Tecido,351.50,99.22,50.20,2.65,0
Tecido,352.94,92.52,57.65,2.70,0
Tecido,355.87,91.95,68.24,2.39,0
Tecido,352.00,97.83,54.12,2.57,0
Tecido,353.33,91.84,57.65,4.20,0
Tecido,356.49,92.22,65.49,3.68,0
Tecido,351.43,100.00,49.41,3.67,0
Tecido,353.23,91.72,56.86,3.81,0
Tecido,355.87,92.49,67.84,3.74,0
Tecido,351.94,98.53,53.33,3.48,0
Tecido,353.38,91.28,58.43,3.40,0
Tecido,356.54,91.76,66.67,3.69,0
Tecido,351.76,98.50,52.16,3.11,0
Tecido,353.87,91.33,58.82,2.80,0
Tecido,356.56,91.81,67.06,3.71,0
Tecido,351.88,98.52,52.94,3.60,0
Tecido,353.38,91.28,58.43,3.05,0
Tecido,356.60,91.91,67.84,2.78,0
Tecido,351.88,98.52,52.94,2.43,0
Tecido,353.48,92.00,58.82,2.41,0
Tecido,356.25,92.49,67.84,2.39,0
Tecido,351.88,98.52,52.94,2.06,0
Tecido,353.53,92.05,59.22,1.88,0
Tecido,356.23,92.44,67.45,1.80,0
Tecido,351.88,98.52,52.94,1.81,0
Tecido,353.04,92.00,58.82,1.67,0
Tecido,356.20,92.40,67.06,1.62,0
Tecido,351.76,98.50,52.16,1.49,0
Tecido,353.78,91.22,58.04,1.68,0
Tecido,356.20,92.40,67.06,1.78,0
Tecido,351.88,98.52,52.94,2.06,0
Tecido,353.82,91.28,58.43,2.03,0
Tecido,356.25,92.49,67.84,2.01,0
Tecido,351.88,98.52,52.94,1.91,0
Tecido,353.09,92.05,59.22,1.88,0
Tecido,356.20,92.40,67.06,1.95,0
Tecido,351.94,98.53,53.33,2.62,0
Tecido,353.43,91.95,58.43,2.67,0
Tecido,356.23,92.44,67.45,2.57,0
Tecido,351.88,98.52,52.94,2.77,0
Tecido,350.77,96.30,52.94,3.56,0
Tecido,356.10,90.06,67.06,3.06,0
Tecido,352.50,97.84,54.51,2.94,0
Tecido,351.02,95.49,52.16,2.65,0
Tecido,355.71,90.59,66.67,2.75,0
Tecido,352.06,98.55,54.12,2.53,0
Tecido,351.09,95.52,52.55,4.92,0
Tecido,356.08,90.00,66.67,4.15,0
Tecido,352.06,98.55,54.12,4.85,0
Tecido,351.16,95.56,52.94,4.29,0
Tecido,355.74,90.64,67.06,3.81,0
Tecido,352.00,98.54,53.73,3.68,0
Tecido,351.23,95.59,53.33,3.47,0
Tecido,355.69,90.53,66.27,3.66,0
Tecido,352.00,98.54,53.73,3.62,0
Tecido,351.16,94.85,53.33,3.14,0
Tecido,356.13,90.64,67.06,2.98,0
Tecido,352.00,98.54,53.73,2.67,0
Tecido,350.62,94.12,53.33,3.03,0
Tecido,355.77,92.86,65.88,3.16,0
Tecido,351.82,98.51,52.55,2.87,0
Tecido,351.30,94.93,54.12,3.09,0
Tecido,356.15,90.70,67.45,3.61,0
Tecido,351.82,98.51,52.55,3.57,0
Tecido,351.09,93.43,53.73,3.30,0
Tecido,355.80,93.45,65.88,3.68,0
Tecido,351.94,98.53,53.33,4.34,0
Tecido,351.30,94.24,54.51,3.80,0
Tecido,356.18,90.75,67.84,3.75,0
Tecido,351.88,98.52,52.94,3.23,0
Tecido,351.23,93.53,54.51,3.04,0
Tecido,355.41,94.01,65.49,2.78,0
Tecido,351.88,98.52,52.94,3.23,0
Tecido,354.13,91.08,61.57,2.73,0
Tecido,355.38,93.98,65.10,2.54,0
Tecido,351.88,98.52,52.94,2.41,0
Tecido,354.21,91.19,62.35,2.40,0
Tecido,355.74,93.94,64.71,2.39,0
Tecido,351.88,98.52,52.94,2.12,0
Tecido,351.82,93.62,55.29,2.09,0
Tecido,355.74,91.18,66.67,2.06,0
Tecido,351.88,98.52,52.94,1.96,0
Tecido,350.62,96.97,51.76,1.87,0
Tecido,355.66,89.94,66.27,2.00,0
Tecido,352.77,97.92,56.47,1.82,0
Tecido,350.70,96.99,52.16,1.61,0
Tecido,355.29,90.53,66.27,1.40,0
Tecido,352.77,97.92,56.47,1.39,0
Tecido,350.84,97.04,52.94,1.32,0
Tecido,355.71,90.06,67.06,1.31,0
Tecido,352.77,97.92,56.47,1.56,0
Tecido,350.84,97.04,52.94,1.68,0
Tecido,355.69,90.00,66.67,1.77,0
Tecido,352.66,97.89,55.69,1.73,0
Tecido,350.77,96.30,52.94,2.28,0
Tecido,355.66,89.94,66.27,2.22,0
Tecido,352.17,98.57,54.90,1.97,0
Tecido,350.70,96.27,52.55,1.98,0
Tecido,356.05,89.94,66.27,1.99,0
Tecido,352.55,97.86,54.90,2.46,0
Tecido,350.23,95.56,52.94,2.48,0
Tecido,356.58,91.86,67.45,2.11,0
Tecido,351.82,98.51,52.55,2.12,0
Tecido,351.16,95.56,52.94,2.28,0
Tecido,355.77,90.70,67.45,2.12,0
Tecido,352.12,98.56,54.51,3.02,0
Tecido,350.16,94.81,52.94,3.12,0
Tecido,356.10,92.22,65.49,3.42,0
Tecido,351.88,98.52,52.94,3.45,0
Tecido,351.09,94.81,52.94,3.66,0
Tecido,355.74,90.64,67.06,3.55,0
Tecido,352.00,98.54,53.73,3.25,0
Tecido,350.70,94.16,53.73,3.17,0
Tecido,356.54,92.31,66.27,3.07,0
Tecido,351.88,98.52,52.94,3.45,0
Tecido,350.70,94.16,53.73,3.31,0
Tecido,356.90,92.26,65.88,3.16,0
Tecido,351.94,98.53,53.33,4.04,0
Tecido,354.00,90.91,60.39,3.76,0
Tecido,355.80,93.45,65.88,3.93,0
Tecido,351.82,98.51,52.55,3.78,0
Tecido,354.08,91.03,61.18,3.24,0
Tecido,355.77,93.41,65.49,3.33,0
Tecido,351.69,98.48,51.76,3.72,0
Tecido,354.51,90.45,61.57,3.45,0
Tecido,355.35,93.94,64.71,5.11,0
Tecido,351.82,98.51,52.55,4.68,0
Tecido,354.51,90.45,61.57,5.86,0
Tecido,355.71,93.90,64.31,5.62,0
Tecido,351.82,98.51,52.55,4.76,0
Tecido,354.62,90.62,62.75,4.06,0
Tecido,355.29,94.44,63.53,4.25,0
Tecido,351.88,98.52,52.94,5.04,0
Tecido,354.66,90.68,63.14,5.15,0
Tecido,354.94,95.06,63.53,5.64,0
Tecido,351.88,98.52,52.94,4.93,0
Tecido,355.07,90.12,63.53,4.57,0
Tecido,355.23,94.37,62.75,4.52,0
Tecido,351.82,98.51,52.55,5.04,0
Tecido,352.94,91.89,58.04,5.01,0
Tecido,356.23,91.91,67.84,4.27,0
Tecido,351.88,98.52,52.94,5.97,0
Tecido,353.43,91.95,58.43,6.00,0
Tecido,356.20,92.40,67.06,6.19,0
Tecido,351.82,98.51,52.55,5.71,0
Tecido,353.43,91.33,58.82,5.38,0
Tecido,356.15,92.31,66.27,4.82,0
Tecido,351.88,98.52,52.94,4.60,0
Tecido,351.16,94.85,53.33,4.66,0
Tecido,355.74,90.64,67.06,5.05,0
Tecido,351.88,98.52,52.94,6.11,0
Tecido,351.09,93.43,53.73,6.05,0
Tecido,355.77,93.41,65.49,5.17,0
Tecido,351.88,98.52,52.94,4.48,0
Tecido,354.13,91.08,61.57,4.13,0
Tecido,355.32,93.90,64.31,3.91,0
Tecido,351.88,98.52,52.94,3.47,0
Tecido,354.25,91.25,62.75,3.68,0
Tecido,355.35,94.51,64.31,3.70,0
Tecido,351.88,98.52,52.94,3.26,0
Tecido,354.66,90.68,63.14,2.86,0
Tecido,355.29,94.44,63.53,2.66,0
Tecido,351.88,98.52,52.94,3.75,0
Tecido,355.07,90.12,63.53,3.92,0
Tecido,354.90,95.03,63.14,3.75,0
Tecido,351.88,98.52,52.94,3.48,0
Tecido,355.10,90.18,63.92,3.19,0
Tecido,354.80,95.54,61.57,3.03,0
Tecido,351.23,98.48,51.76,3.11,0
Tecido,355.17,90.30,64.71,2.84,0
Tecido,354.40,96.15,61.18,2.58,0
Tecido,350.91,98.51,52.55,2.34,0
Tecido,355.20,90.36,65.10,2.08,0
Tecido,354.29,96.08,60.00,2.15,0
Tecido,350.91,98.51,52.55,2.91,0
Tecido,355.23,90.42,65.49,2.67,0
Tecido,354.25,96.05,59.61,2.89,0
Tecido,349.38,97.74,52.16,2.99,0
Tecido,356.10,90.59,66.67,3.23,0
Tecido,351.94,98.53,53.33,2.90,0
Tecido,349.09,97.78,52.94,2.76,0
Tecido,356.15,90.70,67.45,3.00,0
Tecido,351.94,98.53,53.33,2.69,0
Tecido,349.09,97.78,52.94,2.57,0
Tecido,356.05,90.48,65.88,2.67,0
Tecido,351.82,98.51,52.55,3.14,0
Tecido,349.09,97.78,52.94,5.04,0
Tecido,356.10,90.59,66.67,4.42,0
Tecido,351.88,98.52,52.94,4.27,0
Tecido,349.47,97.04,52.94,4.39,0
Tecido,356.05,90.48,65.88,4.11,0
Tecido,351.88,98.52,52.94,3.53,0
Tecido,349.30,96.99,52.16,3.17,0
Tecido,356.08,91.07,65.88,2.87,0
Tecido,351.76,98.50,52.16,2.54,0
Tecido,349.47,97.04,52.94,2.30,0
Tecido,356.47,90.53,66.27,2.19,0
Tecido,351.88,98.52,52.94,2.56,0
Tecido,349.92,96.32,53.33,2.66,0
Tecido,356.15,91.23,67.06,2.56,0
Tecido,351.82,98.51,52.55,2.32,0
Tecido,349.85,96.30,52.94,2.33,0
Tecido,356.18,91.28,67.45,2.95,0
Tecido,351.94,98.53,53.33,2.58,0
Tecido,349.77,96.27,52.55,2.63,0
Tecido,356.52,91.18,66.67,2.36,0
Tecido,351.76,98.50,52.16,2.18,0
Tecido,349.61,96.21,51.76,2.06,0
Tecido,356.52,91.18,66.67,1.98,0
Tecido,351.69,98.48,51.76,2.18,0
Tecido,349.77,96.27,52.55,2.30,0
Tecido,356.13,91.72,66.27,2.95,0
Tecido,351.88,98.52,52.94,2.88,0
Tecido,349.61,96.21,51.76,3.18,0
Tecido,356.15,91.76,66.67,2.74,0
Tecido,351.82,98.51,52.55,2.43,0
Tecido,350.23,95.56,52.94,2.22,0
Tecido,356.54,91.23,67.06,2.57,0
Tecido,351.82,98.51,52.55,2.69,0
Tecido,349.85,96.30,52.94,3.31,0
Tecido,356.18,91.28,67.45,3.94,0
Tecido,351.82,98.51,52.55,3.80,0
Tecido,349.85,96.30,52.94,3.69,0
Tecido,356.52,91.18,66.67,3.48,0
Tecido,351.76,98.50,52.16,4.38,0
Tecido,349.77,96.27,52.55,4.64,0
Tecido,356.08,91.07,65.88,5.53,0
Tecido,351.76,98.50,52.16,5.25,0
Tecido,349.77,96.27,52.55,4.68,0
Tecido,356.15,91.23,67.06,4.29,0
Tecido,351.88,98.52,52.94,3.90,0
Tecido,349.85,96.30,52.94,3.94,0
Tecido,356.13,91.18,66.67,3.82,0
Tecido,351.94,98.53,53.33,3.37,0
Tecido,349.77,96.27,52.55,2.96,0
Tecido,356.15,91.23,67.06,3.00,0
Tecido,351.76,98.50,52.16,2.50,0
Tecido,349.92,96.32,53.33,2.98,0
Tecido,356.13,91.18,66.67,2.52,0
Tecido,351.88,98.52,52.94,3.73,0
Tecido,352.33,93.01,56.08,4.14,0
Tecido,356.18,91.28,67.45,4.03,0
Tecido,351.88,98.52,52.94,5.08,0
Tecido,349.85,96.30,52.94,4.96,0
Tecido,356.15,91.23,67.06,4.43,0
Tecido,351.88,98.52,52.94,5.31,0
Tecido,349.85,96.30,52.94,5.38,0
Tecido,355.71,91.12,66.27,4.46,0
Tecido,351.88,98.52,52.94,3.73,0
Tecido,351.82,92.96,55.69,3.66,0
Tecido,355.66,93.83,63.53,3.18,0
Tecido,351.82,98.51,52.55,2.96,0
Tecido,352.15,92.86,54.90,4.53,0
Tecido,356.10,91.12,66.27,4.18,0
Tecido,351.88,98.52,52.94,3.85,0
Tecido,349.55,97.06,53.33,4.13,0
Tecido,356.10,90.59,66.67,3.70,0
Tecido,351.94,98.53,53.33,6.05,0
Tecido,349.47,97.04,52.94,6.74,0
Tecido,356.13,90.64,67.06,7.14,0
Tecido,351.94,98.53,53.33,6.61,0
Tecido,349.09,97.78,52.94,5.66,0
Tecido,355.69,90.53,66.27,5.04,0
Tecido,351.88,98.52,52.94,5.37,0
Tecido,349.55,97.78,52.94,5.12,0
Tecido,355.71,90.59,66.67,4.85,0
Tecido,352.00,98.54,53.73,4.41,0
Tecido,349.85,97.74,52.16,4.40,0
Tecido,355.69,90.53,66.27,4.12,0
Tecido,352.39,97.81,53.73,3.75,0
Tecido,350.00,97.78,52.94,3.37,0
Tecido,356.08,90.00,66.67,2.90,0
Tecido,352.39,97.81,53.73,2.75,0
Tecido,349.62,98.52,52.94,2.46,0
Tecido,355.77,90.70,67.45,2.69,0
Tecido,352.50,97.84,54.51,2.58,0
Tecido,350.08,98.52,52.94,3.42,0
Tecido,355.71,90.59,66.67,4.27,0
Tecido,352.55,97.86,54.90,4.22,0
Tecido,350.08,98.52,52.94,4.88,0
Tecido,355.74,90.64,67.06,4.48,0
Tecido,352.55,97.86,54.90,4.34,0
Tecido,351.16,96.27,52.55,3.98,0
Tecido,355.71,90.06,67.06,3.50,0
Tecido,352.71,97.90,56.08,3.07,0
Tecido,350.16,95.52,52.55,3.08,0
Tecido,356.23,91.38,68.24,2.63,0
Tecido,351.69,98.48,51.76,3.23,0
Tecido,352.00,93.75,56.47,2.86,0
Tecido,356.20,91.33,67.84,2.96,0
Tecido,351.94,98.53,53.33,2.65,0
Tecido,352.15,92.86,54.90,2.96,0
Tecido,356.49,90.59,66.67,3.70,0
Tecido,351.88,98.52,52.94,3.49,0
Tecido,349.55,97.06,53.33,3.70,0
Tecido,356.10,90.59,66.67,3.74,0
Tecido,351.88,98.52,52.94,3.45,0
Tecido,349.47,97.76,52.55,4.32,0
Tecido,355.69,90.53,66.27,4.39,0
Tecido,352.00,98.54,53.73,4.11,0
Tecido,349.47,97.76,52.55,3.61,0
Tecido,355.69,90.53,66.27,3.44,0
Tecido,352.84,97.81,53.73,3.14,0
Tecido,349.62,98.52,52.94,5.28,0
Tecido,355.66,90.48,65.88,5.88,0
Tecido,352.50,97.84,54.51,5.71,0
Tecido,350.15,98.53,53.33,4.99,0
Tecido,355.69,90.53,66.27,5.71,0
Tecido,352.55,97.86,54.90,6.78,0
Tecido,350.00,98.51,52.55,6.11,0
Tecido,355.69,90.00,66.67,6.27,0
Tecido,352.66,97.89,55.69,5.31,0
Tecido,351.76,98.50,52.16,5.27,0
Tecido,354.66,90.68,63.14,4.65,0
Tecido,354.94,95.06,63.53,4.98,0
Tecido,351.88,98.52,52.94,5.27,0
Tecido,351.88,93.66,55.69,7.89,0
Tecido,356.15,91.23,67.06,12.57,0
Tecido,351.82,98.51,52.55,13.47,0
Tecido,351.36,94.29,54.90,12.21,0
Tecido,356.03,90.42,65.49,10.10,0
Tecido,351.94,98.53,53.33,8.93,0
Tecido,351.69,94.20,54.12,8.94,0
Tecido,355.66,90.48,65.88,8.20,0
Tecido,351.94,98.53,53.33,7.15,0
Tecido,351.16,94.85,53.33,7.17,0
Tecido,356.15,90.70,67.45,6.48,0
Tecido,351.94,98.53,53.33,5.51,0
Tecido,349.92,97.76,52.55,5.50,0
Tecido,355.77,90.70,67.45,5.76,0
Tecido,352.50,97.84,54.51,5.31,0
Tecido,350.00,97.78,52.94,4.84,0
Tecido,356.05,89.94,66.27,4.47,0
Tecido,352.50,97.84,54.51,3.87,0
Tecido,350.08,98.52,52.94,3.64,0
Tecido,355.66,89.94,66.27,3.43,0
Tecido,353.38,97.14,54.90,3.02,0
Tecido,350.45,98.51,52.55,3.04,0
Tecido,355.26,90.48,65.88,2.91,0
Tecido,353.14,97.22,56.47,2.73,0
Tecido,350.38,98.50,52.16,2.74,0
Tecido,355.23,90.42,65.49,2.49,0
Tecido,353.66,96.60,57.65,2.27,0
Tecido,350.84,98.50,52.16,2.63,0
Tecido,355.23,90.42,65.49,2.78,0
Tecido,354.17,96.00,58.82,3.10,0
Tecido,351.76,98.50,52.16,2.84,0
Tecido,353.53,91.45,59.61,3.08,0
Tecido,356.49,91.67,65.88,3.52,0
Tecido,351.88,98.52,52.94,4.57,0
Tecido,353.78,91.22,58.04,5.53,0
Tecido,356.15,91.76,66.67,4.81,0
Tecido,351.88,98.52,52.94,5.10,0
Tecido,352.44,93.10,56.86,4.86,0
Tecido,356.52,91.18,66.67,4.75,0
Tecido,351.88,98.52,52.94,4.49,0
Tecido,352.21,92.25,55.69,3.78,0
Tecido,355.32,94.48,63.92,3.63,0
Tecido,352.33,98.52,52.94,3.23,0
Tecido,351.69,92.86,54.90,3.09,0
Tecido,355.74,93.94,64.71,3.13,0
Tecido,351.76,98.50,52.16,2.87,0
Tecido,351.16,93.48,54.12,2.51,0
Tecido,355.82,93.49,66.27,2.41,0
Tecido,351.76,98.50,52.16,2.79,0
Tecido,351.23,94.89,53.73,2.58,0
Tecido,355.71,90.59,66.67,2.36,0
Tecido,352.06,98.55,54.12,2.14,0
Tecido,351.16,95.56,52.94,2.76,0
Tecido,355.74,90.64,67.06,2.53,0
Tecido,352.39,97.81,53.73,2.58,0
Tecido,351.30,98.50,52.16,2.89,0
Tecido,355.14,90.24,64.31,2.88,0
Tecido,355.17,94.90,61.57,3.31,0
Tecido,351.76,98.50,52.16,4.66,0
Tecido,353.28,91.78,57.25,3.92,0
Tecido,356.15,91.76,66.67,3.38,0
Tecido,351.82,98.51,52.55,3.52,0
Tecido,352.44,93.10,56.86,3.67,0
Tecido,356.15,91.23,67.06,4.77,0
Tecido,351.88,98.52,52.94,5.33,0
Tecido,351.88,93.66,55.69,4.73,0
Tecido,356.13,91.18,66.67,4.13,0
Tecido,351.88,98.52,52.94,3.49,0
Tecido,351.76,93.57,54.90,3.01,0
Tecido,356.05,91.02,65.49,2.49,0
Tecido,351.88,98.52,52.94,2.41,0
Tecido,351.30,94.24,54.51,2.45,0
Tecido,355.71,91.12,66.27,3.21,0
Tecido,351.88,98.52,52.94,2.86,0
Tecido,351.30,94.93,54.12,3.10,0
Tecido,355.66,90.48,65.88,3.68,0
Tecido,351.94,98.53,53.33,4.17,0
Tecido,351.16,94.85,53.33,3.87,0
Tecido,355.71,90.59,66.67,3.67,0
Tecido,352.00,98.54,53.73,3.08,0
Tecido,351.23,95.59,53.33,2.67,0
Tecido,356.08,90.00,66.67,3.68,0
Tecido,352.39,97.81,53.73,3.40,0
Tecido,351.43,98.52,52.94,3.23,0
Tecido,355.14,90.24,64.31,3.14,0
Tecido,355.14,94.87,61.18,3.22,0
Tecido,351.30,98.50,52.16,2.89,0
Tecido,354.69,90.74,63.53,2.99,0
Tecido,355.17,94.90,61.57,2.60,0
Tecido,351.82,98.51,52.55,2.86,0
Tecido,352.44,93.10,56.86,2.72,0
Tecido,356.13,91.18,66.67,3.42,0
Tecido,351.76,98.50,52.16,3.73,0
Tecido,349.85,96.30,52.94,3.61,0
Tecido,355.77,91.76,66.67,4.40,0
Tecido,351.82,98.51,52.55,5.05,0
Tecido,350.84,97.04,52.94,4.57,0
Tecido,355.23,90.42,65.49,4.22,0
Tecido,352.71,97.90,56.08,3.66,0
Tecido,350.70,96.99,52.16,3.31,0
Tecido,355.23,90.42,65.49,4.50,0
Tecido,352.71,97.90,56.08,4.40,0
Tecido,350.70,96.99,52.16,3.86,0
Tecido,355.29,90.53,66.27,3.49,0
Tecido,352.77,97.92,56.47,3.42,0
Tecido,350.38,97.04,52.94,3.64,0
Tecido,355.66,90.48,65.88,4.17,0
Tecido,352.77,97.92,56.47,4.59,0
Tecido,350.84,97.04,52.94,4.44,0
Tecido,355.23,90.42,65.49,5.18,0
Tecido,353.09,97.20,56.08,5.21,0
Tecido,351.69,98.48,51.76,4.88,0
Tecido,354.13,91.08,61.57,4.53,0
Tecido,355.66,93.83,63.53,4.02,0
Tecido,351.82,98.51,52.55,4.09,0
Tecido,354.13,91.08,61.57,4.64,0
Tecido,356.05,93.25,63.92,5.46,0
Tecido,351.82,98.51,52.55,6.10,0
Tecido,351.23,94.20,54.12,6.93,0
Tecido,355.66,91.02,65.49,6.62,0
Tecido,351.82,98.51,52.55,6.17,0
Tecido,351.36,94.29,54.90,6.10,0
Tecido,355.66,91.02,65.49,6.50,0
Tecido,351.82,98.51,52.55,5.52,0
Tecido,351.36,94.29,54.90,6.96,0
Tecido,355.69,90.53,66.27,7.27,0
Tecido,351.82,98.51,52.55,7.50,0
Tecido,351.30,94.24,54.51,7.07,0
Tecido,356.05,90.48,65.88,6.04,0
Tecido,351.88,98.52,52.94,5.37,0
Tecido,351.09,93.43,53.73,4.96,0
Tecido,355.80,93.45,65.88,5.57,0
Tecido,351.88,98.52,52.94,5.27,0
Tecido,351.23,94.89,53.73,4.57,0
Tecido,355.66,90.48,65.88,4.26,0
Tecido,351.88,98.52,52.94,3.73,0
Tecido,351.23,94.89,53.73,3.37,0
Tecido,355.74,90.64,67.06,4.27,0
Tecido,352.00,98.54,53.73,4.70,0
Tecido,351.16,94.85,53.33,4.22,0
Tecido,355.69,90.53,66.27,5.90,0
Tecido,352.00,98.54,53.73,6.88,0
Tecido,351.16,94.85,53.33,8.13,0
Tecido,355.69,90.53,66.27,6.74,0
Tecido,180.00,6.67,100.00,0.99,0
Tecido,0.00,0.00,100.00,1.77,0
Tecido,0.00,0.00,100.00,2.49,0
Tecido,0.00,0.00,100.00,2.64,0
Tecido,0.00,0.00,100.00,3.09,0
Tecido,180.00,5.10,100.00,3.21,0
Tecido,180.00,5.49,100.00,3.28,0
Tecido,180.00,6.67,100.00,3.57,0
Tecido,180.00,6.27,100.00,3.69,0
Tecido,180.00,3.92,100.00,3.52,0
Tecido,0.00,0.00,100.00,4.78,0
Tecido,0.00,0.00,100.00,5.74,0
Tecido,0.00,0.00,100.00,6.63,0
Tecido,0.00,0.00,100.00,5.87,0
Tecido,0.00,0.00,100.00,6.97,0
Tecido,180.00,1.96,100.00,6.65,0
Tecido,180.00,6.67,100.00,5.85,0
Tecido,180.00,6.27,100.00,6.14,0
Tecido,180.00,6.67,100.00,5.77,0
Tecido,180.00,6.27,100.00,7.09,0
Tecido,0.00,0.00,100.00,7.36,0
Tecido,0.00,0.00,100.00,7.20,0
Tecido,0.00,0.00,100.00,6.24,0
Tecido,0.00,0.00,100.00,6.17,0
Tecido,0.00,0.00,100.00,5.67,0
Tecido,0.00,0.00,100.00,5.73,0
Tecido,180.00,5.10,100.00,5.08,0
Tecido,180.00,6.27,100.00,6.27,0
Tecido,180.00,5.10,100.00,6.87,0
Tecido,180.00,5.49,100.00,5.96,0
Tecido,180.00,6.67,100.00,4.81,0
Tecido,0.00,0.00,100.00,4.99,0
Tecido,0.00,0.00,100.00,4.59,0
Tecido,0.00,0.00,100.00,5.07,0
Tecido,0.00,0.00,100.00,4.25,0
Tecido,0.00,0.00,100.00,3.64,0
Tecido,180.00,4.31,100.00,2.96,0
Tecido,180.00,6.67,100.00,2.66,0
Tecido,180.00,6.67,100.00,2.59,0
Tecido,180.00,6.67,100.00,2.46,0
Tecido,180.00,6.67,100.00,3.69,0
Tecido,180.00,2.75,100.00,3.81,0
Tecido,0.00,0.00,100.00,3.30,0
Tecido,0.00,0.00,100.00,3.96,0
Tecido,0.00,0.00,100.00,4.25,0
Tecido,0.00,0.00,100.00,4.06,0
Tecido,0.00,0.00,100.00,4.99,0
Tecido,180.00,3.14,100.00,4.75,0
Tecido,180.00,4.31,100.00,4.10,0
Tecido,180.00,5.10,100.00,3.85,0
Tecido,180.00,5.49,100.00,4.90,0
Tecido,180.00,2.75,100.00,5.36,0
Tecido,0.00,0.00,100.00,5.05,0
Tecido,0.00,0.00,100.00,6.95,0
Tecido,0.00,0.00,100.00,7.30,0
Tecido,0.00,0.00,100.00,7.92,0
Tecido,0.00,0.00,100.00,7.46,0
Tecido,180.00,5.10,100.00,7.39,0
Tecido,180.00,6.67,100.00,7.55,0
Tecido,180.00,5.10,100.00,6.99,0
Tecido,180.00,4.31,100.00,6.48,0
Tecido,180.00,6.67,100.00,6.33,0
Tecido,0.00,0.00,100.00,9.06,0
Tecido,0.00,0.00,100.00,8.47,0
Tecido,0.00,0.00,100.00,10.87,0
Tecido,0.00,0.00,100.00,9.74,0
Tecido,0.00,0.00,100.00,9.29,0
Tecido,180.00,1.96,100.00,7.96,0
Tecido,180.00,6.67,100.00,7.09,0
Tecido,180.00,6.67,100.00,6.05,0
Tecido,180.00,6.67,100.00,5.14,0
Tecido,180.00,6.67,100.00,4.79,0
Tecido,180.00,5.10,100.00,5.36,0
Tecido,0.00,0.00,100.00,4.52,0
Tecido,0.00,0.00,100.00,4.49,0
Tecido,0.00,0.00,100.00,4.41,0
Tecido,0.00,0.00,100.00,4.06,0
Tecido,0.00,0.00,100.00,4.08,0
Tecido,180.00,6.27,100.00,5.25,0
Tecido,180.00,6.67,100.00,4.51,0
Tecido,180.00,7.45,100.00,4.40,0
Tecido,180.00,7.45,100.00,4.61,0
Tecido,180.00,7.84,100.00,4.36,0
Tecido,0.00,0.00,100.00,5.84,0
Tecido,0.00,0.00,100.00,5.90,0
Tecido,0.00,0.00,100.00,5.81,0
Tecido,0.00,0.00,100.00,6.93,0
Tecido,0.00,0.00,100.00,5.85,0
Tecido,180.00,2.75,100.00,5.31,0
Tecido,180.00,6.67,100.00,4.94,0
Tecido,180.00,6.67,100.00,4.08,0
Tecido,180.00,6.67,100.00,4.01,0
Tecido,180.00,6.67,100.00,4.37,0
Tecido,180.00,3.14,100.00,5.28,0
Tecido,0.00,0.00,100.00,4.60,0
Tecido,0.00,0.00,100.00,3.98,0
Tecido,0.00,0.00,100.00,3.63,0
Tecido,0.00,0.00,100.00,3.05,0
Tecido,0.00,0.00,100.00,3.24,0
Tecido,180.00,6.67,100.00,2.88,0
Tecido,180.00,6.67,100.00,2.87,0
Tecido,180.00,6.67,100.00,2.93,0
Tecido,180.00,6.67,100.00,3.22,0
Tecido,180.00,6.67,100.00,2.91,0
Tecido,0.00,0.00,100.00,2.95,0
Tecido,0.00,0.00,100.00,2.83,0
Tecido,0.00,0.00,100.00,2.53,0
Tecido,0.00,0.00,100.00,2.38,0
Tecido,0.00,0.00,100.00,2.47,0
Tecido,180.00,2.75,100.00,2.27,0
Tecido,180.00,6.67,100.00,2.39,0
Tecido,180.00,6.67,100.00,2.34,0
Tecido,180.00,6.67,100.00,2.31,0
Tecido,180.00,6.67,100.00,2.36,0
Tecido,180.00,3.14,100.00,2.15,0
Tecido,0.00,0.00,100.00,1.83,0
Tecido,0.00,0.00,100.00,1.68,0
Tecido,0.00,0.00,100.00,1.58,0
Tecido,0.00,0.00,100.00,1.46,0
Tecido,0.00,0.00,100.00,1.47,0
Tecido,180.00,2.75,100.00,1.52,0
Tecido,180.00,5.10,100.00,1.58,0
Tecido,180.00,5.10,100.00,1.61,0
Tecido,180.00,5.49,100.00,1.64,0
Tecido,180.00,6.27,100.00,1.60,0
Tecido,0.00,0.00,100.00,1.71,0
Tecido,0.00,0.00,100.00,1.72,0
Tecido,0.00,0.00,100.00,2.05,0
Tecido,0.00,0.00,100.00,2.46,0
Tecido,0.00,0.00,100.00,2.14,0
Tecido,180.00,1.57,100.00,1.96,0
Tecido,180.00,6.27,100.00,1.66,0
Tecido,180.00,6.67,100.00,1.74,0
Tecido,180.00,6.67,100.00,1.59,0
Tecido,180.00,6.67,100.00,1.74,0
Tecido,180.00,4.31,100.00,1.83,0
Tecido,0.00,0.00,100.00,1.83,0
Tecido,0.00,0.00,100.00,2.32,0
Tecido,0.00,0.00,100.00,2.13,0
Tecido,0.00,0.00,100.00,2.15,0
Tecido,0.00,0.00,100.00,1.99,0
Tecido,180.00,6.67,100.00,1.93,0
Tecido,180.00,6.67,100.00,1.81,0
Tecido,180.00,6.67,100.00,1.87,0
Tecido,180.00,6.67,100.00,2.34,0
Tecido,180.00,6.67,100.00,2.24,0
Tecido,0.00,0.00,100.00,2.05,0
Tecido,0.00,0.00,100.00,2.12,0
Tecido,0.00,0.00,100.00,2.20,0
Tecido,0.00,0.00,100.00,2.07,0
Tecido,0.00,0.00,100.00,2.32,0
Tecido,180.00,1.96,100.00,1.97,0
Tecido,180.00,6.67,100.00,2.26,0
Tecido,180.00,6.67,100.00,2.08,0
Tecido,180.00,6.67,100.00,2.50,0
Tecido,180.00,7.84,100.00,2.62,0
Tecido,180.00,6.67,100.00,2.51,0
Tecido,0.00,0.00,100.00,2.69,0
Tecido,0.00,0.00,100.00,2.87,0
Tecido,0.00,0.00,100.00,3.06,0
Tecido,0.00,0.00,100.00,3.11,0
Tecido,0.00,0.00,100.00,3.21,0
Tecido,180.00,6.27,100.00,2.67,0
Tecido,180.00,7.84,100.00,2.72,0
Tecido,180.00,6.67,100.00,2.60,0
Tecido,180.00,6.67,100.00,2.51,0
Tecido,180.00,6.67,100.00,2.72,0
Tecido,180.00,4.31,100.00,3.61,0
Tecido,0.00,0.00,100.00,4.79,0
Tecido,0.00,0.00,100.00,4.81,0
Tecido,0.00,0.00,100.00,5.06,0
Tecido,0.00,0.00,100.00,6.42,0
Tecido,180.00,3.14,100.00,6.34,0
Tecido,180.00,9.80,100.00,5.42,0
Tecido,180.00,10.98,100.00,5.11,0
Tecido,180.00,10.98,100.00,5.27,0
Tecido,180.00,10.98,100.00,5.20,0
Tecido,180.00,10.98,100.00,4.71,0
Tecido,180.00,2.75,100.00,4.50,0
Tecido,0.00,0.00,100.00,4.39,0
Tecido,0.00,0.00,100.00,4.58,0
Tecido,0.00,0.00,100.00,5.65,0
Tecido,0.00,0.00,100.00,5.28,0
Tecido,180.00,7.84,100.00,4.75,0
Tecido,180.00,10.98,100.00,4.27,0
Tecido,180.00,10.98,100.00,4.27,0
Tecido,180.00,10.98,100.00,5.71,0
Tecido,180.00,10.98,100.00,5.11,0
Tecido,180.00,7.84,100.00,4.58,0
Tecido,0.00,0.00,100.00,4.03,0
Tecido,0.00,0.00,100.00,4.14,0
Tecido,0.00,0.00,100.00,6.90,0
Tecido,0.00,0.00,100.00,9.30,0
Tecido,0.00,0.00,100.00,8.99,0
Tecido,180.00,7.45,100.00,8.52,0
Tecido,180.00,8.24,100.00,7.69,0
Tecido,180.00,9.41,100.00,7.23,0
Tecido,180.00,10.59,100.00,7.22,0
Tecido,180.00,9.02,100.00,6.54,0
Tecido,180.00,1.57,100.00,5.89,0
Tecido,0.00,0.00,100.00,6.06,0
Tecido,0.00,0.00,100.00,5.25,0
Tecido,0.00,0.00,100.00,4.42,0
Tecido,0.00,0.00,100.00,4.55,0
Tecido,180.00,6.27,100.00,4.94,0
Tecido,180.00,9.41,100.00,4.63,0
Tecido,180.00,9.80,100.00,4.13,0
Tecido,180.00,9.02,100.00,3.62,0
Tecido,180.00,9.41,100.00,3.85,0
Tecido,180.00,6.27,100.00,3.80,0
Tecido,0.00,0.00,100.00,3.20,0
Tecido,0.00,0.00,100.00,2.76,0
Tecido,0.00,0.00,100.00,2.46,0
Tecido,0.00,0.00,100.00,2.52,0
Tecido,0.00,0.00,100.00,2.74,0
Tecido,180.00,9.41,100.00,3.29,0
Tecido,180.00,9.41,100.00,3.47,0
Tecido,180.00,9.80,100.00,4.26,0
Tecido,180.00,9.80,100.00,3.58,0
Tecido,180.00,9.80,100.00,3.55,0
Tecido,180.00,1.57,100.00,3.53,0
Tecido,0.00,0.00,100.00,4.07,0
Tecido,0.00,0.00,100.00,4.12,0
Tecido,0.00,0.00,100.00,3.56,0
Tecido,0.00,0.00,100.00,3.72,0
Tecido,180.00,1.96,100.00,4.18,0
Tecido,180.00,7.45,100.00,4.17,0
Tecido,180.00,7.84,100.00,4.80,0
Tecido,180.00,7.84,100.00,4.84,0
Tecido,180.00,7.84,100.00,4.62,0
Tecido,180.00,6.67,100.00,8.87,0
Tecido,0.00,0.00,100.00,7.85,0
Tecido,0.00,0.00,100.00,7.76,0
Tecido,0.00,0.00,100.00,7.23,0
Tecido,0.00,0.00,100.00,6.53,0
Tecido,0.00,0.00,100.00,5.43,0
Tecido,180.00,4.31,100.00,5.15,0
Tecido,180.00,9.02,100.00,4.62,0
Tecido,180.00,8.24,100.00,4.95,0
Tecido,180.00,8.24,100.00,6.18,0
Tecido,180.00,7.45,100.00,7.58,0
Tecido,180.00,6.27,100.00,7.84,0
Tecido,0.00,0.00,100.00,7.12,0
Tecido,0.00,0.00,100.00,6.07,0
Tecido,0.00,0.00,100.00,5.61,0
Tecido,0.00,0.00,100.00,5.10,0
Tecido,0.00,0.00,100.00,6.57,0
Tecido,180.00,5.49,100.00,6.58,0
Tecido,180.00,6.67,100.00,6.68,0
Tecido,180.00,6.67,100.00,8.01,0
Tecido,180.00,6.67,100.00,7.19,0
Tecido,180.00,6.67,100.00,6.62,0
Tecido,180.00,2.75,100.00,6.60,0
Tecido,0.00,0.00,100.00,6.97,0
Tecido,0.00,0.00,100.00,6.35,0
Tecido,0.00,0.00,100.00,6.83,0
Tecido,0.00,0.00,100.00,8.32,0
Tecido,0.00,0.00,100.00,7.29,0
Tecido,180.00,5.49,100.00,6.24,0
Tecido,180.00,6.67,100.00,5.21,0
Tecido,180.00,6.67,100.00,4.45,0
Tecido,180.00,7.84,100.00,3.77,0
Tecido,180.00,10.98,100.00,3.24,0
Tecido,180.00,4.31,100.00,3.48,0
Tecido,0.00,0.00,100.00,3.00,0
Tecido,0.00,0.00,100.00,2.47,0
Tecido,0.00,0.00,100.00,2.26,0
Tecido,0.00,0.00,100.00,2.12,0
Tecido,180.00,4.31,100.00,1.92,0
Tecido,180.00,10.98,100.00,1.78,0
Tecido,180.00,10.98,100.00,1.74,0
Tecido,180.00,10.98,100.00,1.77,0
Tecido,180.00,10.59,100.00,2.23,0
Tecido,180.00,7.84,100.00,2.02,0
Tecido,180.00,0.78,100.00,1.88,0
Tecido,0.00,0.00,100.00,1.77,0
Tecido,0.00,0.00,100.00,1.82,0
Tecido,0.00,0.00,100.00,1.54,0
Tecido,0.00,0.00,100.00,1.74,0
Tecido,180.00,5.10,100.00,1.60,0
Tecido,180.00,10.59,100.00,1.48,0
Tecido,180.00,10.98,100.00,1.90,0
Tecido,180.00,10.98,100.00,1.94,0
Tecido,180.00,10.98,100.00,2.20,0
Tecido,180.00,10.59,100.00,2.36,0
Tecido,180.00,1.57,100.00,2.18,0
Tecido,0.00,0.00,100.00,2.36,0
Tecido,0.00,0.00,100.00,2.27,0
Tecido,0.00,0.00,100.00,2.22,0
Tecido,0.00,0.00,100.00,2.39,0
Tecido,180.00,6.27,100.00,2.13,0
Tecido,180.00,10.98,100.00,2.18,0
Tecido,180.00,10.98,100.00,2.26,0
Tecido,180.00,10.98,100.00,2.12,0
Tecido,180.00,10.98,100.00,2.25,0
Tecido,180.00,9.41,100.00,2.87,0
Tecido,0.00,0.00,100.00,2.80,0
Tecido,0.00,0.00,100.00,2.69,0
Tecido,0.00,0.00,100.00,2.39,0
Tecido,0.00,0.00,100.00,2.64,0
Tecido,0.00,0.00,100.00,2.65,0
Tecido,180.00,6.67,100.00,2.49,0
Tecido,180.00,10.98,100.00,2.06,0
Tecido,180.00,10.98,100.00,2.40,0
Tecido,180.00,10.98,100.00,3.02,0
Tecido,180.00,10.98,100.00,2.89,0
Tecido,180.00,7.84,100.00,4.17,0
Tecido,0.00,0.00,100.00,4.05,0
Tecido,0.00,0.00,100.00,4.46,0
Tecido,0.00,0.00,100.00,4.20,0
Tecido,0.00,0.00,100.00,3.64,0
Tecido,0.00,0.00,100.00,4.08,0
Tecido,180.00,7.45,100.00,4.53,0
Tecido,180.00,10.98,100.00,4.68,0
Tecido,180.00,10.98,100.00,4.14,0
Tecido,180.00,10.98,100.00,5.79,0
Tecido,180.00,10.98,100.00,6.67,0
Tecido,180.00,8.24,100.00,5.96,0
Tecido,0.00,0.00,100.00,6.61,0
Tecido,0.00,0.00,100.00,6.54,0
Tecido,0.00,0.00,100.00,6.15,0
Tecido,0.00,0.00,100.00,5.60,0
Tecido,180.00,0.78,100.00,5.95,0
Tecido,180.00,9.41,100.00,5.78,0
Tecido,180.00,10.98,100.00,7.07,0
Tecido,180.00,10.98,100.00,6.72,0
Tecido,180.00,10.98,100.00,6.58,0
Tecido,180.00,10.98,100.00,7.67,0
Tecido,180.00,5.49,100.00,7.54,0
Tecido,0.00,0.00,100.00,6.31,0
Tecido,0.00,0.00,100.00,9.11,0
Tecido,0.00,0.00,100.00,7.74,0
Tecido,0.00,0.00,100.00,7.02,0
Tecido,180.00,2.75,100.00,6.91,0
Tecido,180.00,10.59,100.00,6.68,0
Tecido,180.00,10.98,100.00,6.09,0
Tecido,180.00,10.98,100.00,6.68,0
Tecido,180.00,10.98,100.00,6.25,0
Tecido,180.00,10.98,100.00,6.92,0
Tecido,180.00,3.14,100.00,6.63,0
Tecido,0.00,0.00,100.00,6.26,0
Tecido,0.00,0.00,100.00,7.28,0
Tecido,0.00,0.00,100.00,8.08,0
Tecido,0.00,0.00,100.00,7.73,0
Tecido,180.00,6.27,100.00,7.33,0
Tecido,180.00,10.98,100.00,6.72,0
Tecido,180.00,10.98,100.00,6.18,0
Tecido,180.00,10.98,100.00,5.33,0
Tecido,180.00,10.98,100.00,5.27,0
Tecido,180.00,10.59,100.00,5.04,0
Tecido,180.00,1.96,100.00,5.19,0
Tecido,0.00,0.00,100.00,5.68,0
Tecido,0.00,0.00,100.00,6.25,0
Tecido,0.00,0.00,100.00,5.71,0
Tecido,180.00,1.96,100.00,5.92,0
Tecido,180.00,9.41,100.00,6.67,0
Tecido,180.00,10.98,100.00,6.72,0
Tecido,180.00,10.98,100.00,6.41,0
Tecido,180.00,10.98,100.00,6.39,0
Tecido,180.00,10.98,100.00,6.13,0
Tecido,180.00,7.84,100.00,5.79,0
Tecido,0.00,0.00,100.00,5.60,0
Tecido,0.00,0.00,100.00,5.89,0
Tecido,0.00,0.00,100.00,4.91,0
Tecido,0.00,0.00,100.00,4.51,0
Tecido,180.00,5.10,100.00,5.05,0
Tecido,180.00,10.98,100.00,4.58,0
Tecido,180.00,10.98,100.00,7.24,0
Tecido,180.00,10.98,100.00,6.51,0
Tecido,180.00,10.98,100.00,7.51,0
Tecido,180.00,10.98,100.00,7.81,0
Tecido,180.00,3.14,100.00,6.88,0
Tecido,0.00,0.00,100.00,6.53,0
Tecido,0.00,0.00,100.00,5.68,0
Tecido,0.00,0.00,100.00,7.12,0
Tecido,180.00,1.57,100.00,9.95,0
Tecido,180.00,8.24,100.00,8.65,0
Tecido,180.00,10.98,100.00,8.35,0
Tecido,180.00,11.76,100.00,7.22,0
Tecido,180.00,10.98,100.00,6.05,0
Tecido,180.00,11.76,100.00,5.79,0
Tecido,180.00,7.84,100.00,7.78,0
Tecido,180.00,0.78,100.00,7.05,0
Tecido,0.00,0.00,100.00,6.83,0
Tecido,0.00,0.00,100.00,6.94,0
Tecido,0.00,0.00,100.00,6.96,0
Tecido,180.00,5.10,100.00,6.18,0
Tecido,180.00,10.98,100.00,7.56,0
Tecido,180.00,12.55,100.00,7.11,0
Tecido,180.00,12.16,100.00,5.86,0
Tecido,180.00,12.55,100.00,5.82,0
Tecido,180.00,11.76,100.00,6.27,0
Tecido,180.00,4.31,100.00,5.49,0
Tecido,0.00,0.00,100.00,5.06,0
Tecido,0.00,0.00,100.00,5.31,0
Tecido,0.00,0.00,100.00,6.50,0
Tecido,180.00,0.78,100.00,7.14,0
Tecido,180.00,8.24,100.00,6.77,0
Tecido,180.00,12.94,100.00,7.36,0
Tecido,180.00,12.16,100.00,6.44,0
Tecido,180.00,12.94,100.00,5.62,0
Tecido,180.00,12.55,100.00,5.96,0
Tecido,180.00,9.80,100.00,5.53,0
Tecido,180.00,1.57,100.00,5.64,0
Tecido,0.00,0.00,100.00,6.74,0
Tecido,0.00,0.00,100.00,6.57,0
Tecido,0.00,0.00,100.00,7.33,0
Tecido,180.00,1.96,100.00,6.08,0
Tecido,180.00,10.98,100.00,5.40,0
Tecido,180.00,12.55,100.00,5.05,0
Tecido,180.00,12.94,100.00,5.02,0
Tecido,180.00,12.16,100.00,4.50,0
Tecido,180.00,14.12,100.00,4.17,0
Tecido,180.00,8.24,100.00,3.83,0
Tecido,0.00,0.00,100.00,3.54,0
Tecido,0.00,0.00,100.00,3.10,0
Tecido,0.00,0.00,100.00,2.72,0
Tecido,0.00,0.00,100.00,2.46,0
Tecido,180.00,5.10,100.00,2.20,0
Tecido,180.00,10.98,100.00,2.14,0
Tecido,180.00,13.73,100.00,2.20,0
Tecido,180.00,12.94,100.00,2.36,0
Tecido,180.00,11.76,100.00,2.27,0
Tecido,180.00,13.73,100.00,2.22,0
Tecido,180.00,6.27,100.00,2.28,0
Tecido,0.00,0.00,100.00,2.09,0
Tecido,0.00,0.00,100.00,2.41,0
Tecido,0.00,0.00,100.00,2.35,0
Tecido,0.00,0.00,100.00,2.82,0
Tecido,180.00,7.45,100.00,3.54,0
Tecido,180.00,12.94,100.00,3.15,0
Tecido,180.00,12.94,100.00,2.84,0
Tecido,180.00,14.12,100.00,2.71,0
Tecido,180.00,12.94,100.00,2.42,0
Tecido,180.00,10.98,100.00,3.01,0
Tecido,180.00,1.96,100.00,3.12,0
Tecido,0.00,0.00,100.00,3.40,0
Tecido,0.00,0.00,100.00,3.79,0
Tecido,0.00,0.00,100.00,3.58,0
Tecido,180.00,1.96,100.00,3.39,0
Tecido,180.00,9.41,100.00,3.64,0
Tecido,180.00,12.55,100.00,5.38,0
Tecido,180.00,13.73,100.00,5.50,0
Tecido,180.00,13.73,100.00,6.37,0
Tecido,180.00,12.94,100.00,5.54,0
Tecido,180.00,9.80,100.00,5.35,0
Tecido,180.00,2.75,100.00,5.50,0
Tecido,0.00,0.00,100.00,5.22,0
Tecido,0.00,0.00,100.00,5.49,0
Tecido,0.00,0.00,100.00,5.63,0
Tecido,180.00,2.75,100.00,7.48,0
Tecido,180.00,10.98,100.00,9.28,0
Tecido,180.00,13.73,100.00,10.84,0
Tecido,180.00,14.12,100.00,11.28,0
Tecido,180.00,14.12,100.00,12.34,0
Tecido,180.00,12.94,100.00,12.49,0
Tecido,180.00,10.59,100.00,12.51,0
Tecido,180.00,2.75,100.00,10.97,0
Tecido,0.00,0.00,100.00,9.80,0
Tecido,0.00,0.00,100.00,10.40,0
Tecido,0.00,0.00,100.00,10.59,0
Tecido,180.00,3.92,100.00,9.58,0
Tecido,180.00,10.59,100.00,9.34,0
Tecido,180.00,13.73,100.00,8.29,0
Tecido,180.00,15.29,100.00,6.96,0
Tecido,180.00,13.73,100.00,6.80,0
Tecido,180.00,12.94,100.00,7.00,0
Tecido,180.00,10.98,100.00,5.94,0
Tecido,180.00,1.96,100.00,6.78,0
Tecido,0.00,0.00,100.00,6.29,0
Tecido,0.00,0.00,100.00,6.09,0
Tecido,0.00,0.00,100.00,6.61,0
Tecido,180.00,3.92,100.00,6.92,0
Tecido,180.00,11.76,100.00,7.00,0
Tecido,180.00,14.12,100.00,8.14,0
Tecido,180.00,14.51,100.00,6.77,0
Tecido,180.00,15.29,100.00,5.62,0
Tecido,180.00,15.29,100.00,5.47,0
Tecido,180.00,9.80,100.00,5.71,0
Tecido,180.00,1.96,100.00,7.04,0
Tecido,0.00,0.00,100.00,6.88,0
Tecido,0.00,0.00,100.00,7.35,0
Tecido,0.00,0.00,100.00,9.27,0
Tecido,180.00,5.10,100.00,8.44,0
Tecido,180.00,12.16,100.00,8.55,0
Tecido,180.00,15.29,100.00,8.21,0
Tecido,180.00,15.29,100.00,8.88,0
Tecido,180.00,15.29,100.00,8.24,0
Tecido,180.00,15.29,100.00,8.60,0
Tecido,180.00,9.41,100.00,7.39,0
Tecido,180.00,1.57,100.00,6.53,0
Tecido,0.00,0.00,100.00,6.61,0
Tecido,0.00,0.00,100.00,7.15,0
Tecido,0.00,0.00,100.00,8.87,0
Tecido,180.00,6.67,100.00,8.35,0
Tecido,180.00,14.51,100.00,7.61,0
Tecido,180.00,15.29,100.00,8.01,0
Tecido,180.00,15.29,100.00,8.11,0
Tecido,180.00,15.29,100.00,8.01,0
Tecido,180.00,15.29,100.00,9.81,0
Tecido,68.11,16.30,89.02,1.17,0
Tecido,60.00,15.95,90.98,2.46,0
Tecido,51.92,21.05,96.86,3.19,0
Tecido,49.41,20.40,98.04,3.31,0
Tecido,49.20,20.00,98.04,3.64,0
Tecido,52.94,20.65,96.86,3.98,0
Tecido,61.67,15.58,90.59,4.21,0
Tecido,76.22,16.37,88.63,4.15,0
Tecido,75.00,16.00,88.24,4.33,0
Tecido,73.71,15.62,87.84,4.58,0
Tecido,78.46,17.11,89.41,4.31,0
Tecido,78.00,17.39,90.20,3.97,0
Tecido,58.50,17.02,92.16,4.76,0
Tecido,50.18,22.00,98.04,4.93,0
Tecido,49.62,20.72,98.43,6.08,0
Tecido,51.76,20.40,98.04,5.63,0
Tecido,52.65,19.84,96.86,4.83,0
Tecido,64.86,16.02,90.59,4.48,0
Tecido,76.22,16.16,89.80,4.08,0
Tecido,80.00,17.03,89.80,4.74,0
Tecido,76.22,16.16,89.80,4.57,0
Tecido,77.56,17.75,90.59,4.96,0
Tecido,77.37,16.52,90.20,5.37,0
Tecido,55.81,18.07,93.33,4.86,0
Tecido,49.62,20.80,98.04,4.27,0
Tecido,48.46,20.72,98.43,3.80,0
Tecido,48.98,19.60,98.04,3.59,0
Tecido,49.79,19.18,96.08,3.41,0
Tecido,65.00,15.58,90.59,3.28,0
Tecido,76.67,15.93,88.63,3.01,0
Tecido,72.00,15.56,88.24,3.28,0
Tecido,77.37,16.74,89.02,3.00,0
Tecido,70.29,15.77,87.06,2.80,0
Tecido,78.33,15.86,89.02,2.97,0
Tecido,54.55,18.49,93.33,2.95,0
Tecido,50.00,21.60,98.04,2.78,0
Tecido,49.20,20.00,98.04,2.55,0
Tecido,46.42,20.95,99.22,2.33,0
Tecido,54.89,19.42,94.90,3.14,0
Tecido,66.32,16.45,90.59,3.43,0
Tecido,71.35,16.44,88.24,4.09,0
Tecido,78.00,17.54,89.41,4.37,0
Tecido,74.21,16.89,88.24,6.95,0
Tecido,73.33,16.07,87.84,7.45,0
Tecido,71.35,16.44,88.24,6.52,0
Tecido,52.86,17.80,92.55,5.90,0
Tecido,52.08,21.37,97.25,5.65,0
Tecido,50.00,21.60,98.04,5.05,0
Tecido,50.18,22.00,98.04,4.51,0
Tecido,52.17,19.09,94.51,4.55,0
Tecido,65.00,15.79,89.41,4.08,0
Tecido,70.29,15.77,87.06,3.75,0
Tecido,72.97,16.52,87.84,3.32,0
Tecido,70.29,15.77,87.06,3.38,0
Tecido,70.29,15.77,87.06,4.31,0
Tecido,71.35,16.37,88.63,4.37,0
Tecido,55.61,17.45,92.16,4.21,0
Tecido,52.08,21.37,97.25,4.21,0
Tecido,50.00,21.60,98.04,4.22,0
Tecido,50.00,21.60,98.04,4.64,0
Tecido,50.45,18.41,93.73,5.03,0
Tecido,63.16,16.59,89.80,6.02,0
Tecido,72.97,16.52,87.84,5.76,0
Tecido,73.33,16.07,87.84,4.77,0
Tecido,74.21,16.89,88.24,4.33,0
Tecido,74.21,16.89,88.24,3.57,0
Tecido,71.05,16.59,89.80,3.35,0
Tecido,54.42,18.07,93.33,3.41,0
Tecido,50.18,22.00,98.04,3.80,0
Tecido,49.62,20.80,98.04,4.18,0
Tecido,50.18,22.00,98.04,4.65,0
Tecido,55.50,17.02,92.16,4.21,0
Tecido,71.67,15.86,89.02,3.68,0
Tecido,71.25,14.41,87.06,3.14,0
Tecido,74.12,15.18,87.84,3.46,0
Tecido,77.37,16.74,89.02,3.45,0
Tecido,74.59,16.44,88.24,3.81,0
Tecido,60.00,15.58,90.59,3.93,0
Tecido,55.20,20.41,96.08,3.99,0
Tecido,49.41,20.40,98.04,4.22,0
Tecido,49.41,20.40,98.04,4.16,0
Tecido,50.18,22.00,98.04,4.93,0
Tecido,58.38,15.95,90.98,5.91,0
Tecido,80.49,17.83,90.20,5.34,0
Tecido,76.50,17.47,89.80,5.18,0
Tecido,76.67,15.93,88.63,4.97,0
Tecido,75.43,15.56,88.24,4.80,0
Tecido,73.85,17.18,89.02,4.76,0
Tecido,60.00,15.58,90.59,4.97,0
Tecido,55.00,19.67,95.69,5.56,0
Tecido,49.20,20.00,98.04,5.44,0
Tecido,48.26,18.40,98.04,4.77,0
Tecido,49.62,21.05,96.86,5.56,0
Tecido,58.33,15.65,90.20,5.03,0
Tecido,75.79,16.81,88.63,4.56,0
Tecido,75.79,16.81,88.63,4.15,0
Tecido,75.43,15.56,88.24,4.47,0
Tecido,73.33,16.07,87.84,3.95,0
Tecido,75.38,17.26,88.63,3.58,0
Tecido,54.15,17.37,92.55,3.70,0
Tecido,52.08,21.37,97.25,3.40,0
Tecido,50.00,21.60,98.04,3.29,0
Tecido,49.41,20.40,98.04,5.05,0
Tecido,52.65,20.08,95.69,4.70,0
Tecido,66.49,16.02,90.59,4.78,0
Tecido,72.97,16.37,88.63,9.45,0
Tecido,76.92,17.18,89.02,8.61,0
Tecido,78.95,16.67,89.41,9.75,0
Tecido,70.91,14.86,87.06,8.17,0
Tecido,75.79,16.52,90.20,7.05,0
Tecido,55.81,18.07,93.33,6.70,0
Tecido,49.62,20.80,98.04,6.28,0
Tecido,49.20,20.00,98.04,5.27,0
Tecido,48.24,20.32,98.43,4.91,0
Tecido,52.34,19.42,94.90,4.62,0
Tecido,66.32,16.45,90.59,4.35,0
Tecido,76.67,15.93,88.63,4.06,0
Tecido,73.85,17.18,89.02,3.70,0
Tecido,80.49,17.83,90.20,3.61,0
Tecido,80.93,18.61,90.59,3.61,0
Tecido,64.74,16.52,90.20,3.32,0
Tecido,62.67,18.75,94.12,3.37,0
Tecido,50.18,22.00,98.04,3.78,0
Tecido,49.41,20.40,98.04,3.89,0
Tecido,49.41,20.40,98.04,3.27,0
Tecido,55.81,18.07,93.33,3.07,0
Tecido,71.35,16.16,89.80,2.92,0
Tecido,76.22,16.23,89.41,2.87,0
Tecido,80.49,17.83,90.20,2.78,0
Tecido,75.38,17.11,89.41,2.55,0
Tecido,72.35,14.98,89.02,3.11,0
Tecido,61.67,15.58,90.59,3.24,0
Tecido,56.33,20.08,95.69,3.23,0
Tecido,49.41,20.40,98.04,3.70,0
Tecido,49.20,20.00,98.04,3.85,0
Tecido,50.00,21.60,98.04,4.25,0
Tecido,56.92,16.67,91.76,4.22,0
Tecido,75.38,17.11,89.41,4.04,0
Tecido,79.02,17.90,89.80,3.86,0
Tecido,76.36,14.67,88.24,3.68,0
Tecido,74.59,16.44,88.24,3.69,0
Tecido,76.92,17.18,89.02,3.68,0
Tecido,60.00,16.45,90.59,3.35,0
Tecido,51.92,21.05,96.86,3.53,0
Tecido,48.75,19.20,98.04,3.25,0
Tecido,48.98,19.60,98.04,3.40,0
Tecido,52.08,21.37,97.25,3.75,0
Tecido,61.67,15.58,90.59,3.91,0
Tecido,74.21,16.74,89.02,3.76,0
Tecido,71.67,16.00,88.24,4.19,0
Tecido,75.00,17.54,89.41,4.68,0
Tecido,76.22,16.37,88.63,4.47,0
Tecido,79.02,17.90,89.80,5.49,0
Tecido,63.08,16.67,91.76,6.26,0
Tecido,50.00,21.60,98.04,6.01,0
Tecido,49.20,20.00,98.04,5.10,0
Tecido,49.41,20.40,98.04,4.57,0
Tecido,52.65,20.08,95.69,4.43,0
Tecido,65.00,15.58,90.59,3.88,0
Tecido,78.33,15.86,89.02,3.34,0
Tecido,73.33,16.07,87.84,3.19,0
Tecido,75.00,16.00,88.24,3.02,0
Tecido,76.92,17.18,89.02,2.79,0
Tecido,72.63,16.81,88.63,2.63,0
Tecido,51.63,18.07,93.33,2.64,0
Tecido,53.08,21.05,96.86,3.05,0
Tecido,50.00,21.60,98.04,4.42,0
Tecido,50.00,21.60,98.04,3.72,0
Tecido,53.48,19.09,94.51,3.67,0
Tecido,66.00,17.32,90.59,4.54,0
Tecido,70.59,15.32,87.06,3.96,0
Tecido,74.59,16.44,88.24,3.85,0
Tecido,77.84,16.30,89.02,3.41,0
Tecido,72.97,16.52,87.84,3.92,0
Tecido,73.17,17.98,89.41,3.80,0
Tecido,51.63,18.07,93.33,3.67,0
Tecido,50.18,22.00,98.04,4.39,0
Tecido,50.18,22.00,98.04,4.67,0
Tecido,50.18,22.00,98.04,4.35,0
Tecido,54.42,18.07,93.33,4.13,0
Tecido,64.50,17.54,89.41,3.48,0
Tecido,72.97,16.52,87.84,3.28,0
Tecido,70.29,15.77,87.06,2.90,0
Tecido,70.29,15.77,87.06,2.76,0
Tecido,70.29,15.77,87.06,4.84,0
Tecido,72.31,17.11,89.41,4.73,0
Tecido,54.29,17.80,92.55,4.33,0
Tecido,50.18,22.00,98.04,4.98,0
Tecido,50.18,22.00,98.04,5.07,0
Tecido,49.09,22.00,98.04,5.22,0
Tecido,55.71,17.87,92.16,4.52,0
Tecido,66.32,16.81,88.63,4.78,0
Tecido,70.29,15.77,87.06,4.57,0
Tecido,70.29,15.77,87.06,4.54,0
Tecido,70.29,15.77,87.06,4.01,0
Tecido,74.21,16.89,88.24,4.49,0
Tecido,69.47,16.45,90.59,5.22,0
Tecido,57.21,18.07,93.33,5.33,0
Tecido,50.00,21.60,98.04,4.92,0
Tecido,50.00,21.60,98.04,5.73,0
Tecido,49.09,22.00,98.04,5.55,0
Tecido,54.15,17.37,92.55,5.48,0
Tecido,67.06,15.32,87.06,5.08,0
Tecido,72.97,16.52,87.84,4.30,0
Tecido,70.29,15.77,87.06,4.26,0
Tecido,73.33,16.07,87.84,4.01,0
Tecido,70.29,15.77,87.06,4.61,0
Tecido,64.50,17.32,90.59,4.26,0
Tecido,48.98,20.08,95.69,4.36,0
Tecido,50.18,22.00,98.04,4.60,0
Tecido,50.18,22.00,98.04,4.29,0
Tecido,48.46,21.05,96.86,3.68,0
Tecido,64.86,16.09,90.20,3.03,0
Tecido,70.29,15.77,87.06,2.59,0
Tecido,70.29,15.77,87.06,2.21,0
Tecido,73.33,16.07,87.84,1.99,0
Tecido,72.97,16.52,87.84,2.84,0
Tecido,74.21,16.89,88.24,2.69,0
Tecido,58.50,17.24,90.98,2.61,0
Tecido,51.92,21.05,96.86,2.29,0
Tecido,50.00,21.60,98.04,2.19,0
Tecido,49.41,20.40,98.04,2.79,0
Tecido,51.60,20.41,96.08,2.50,0
Tecido,61.58,16.45,90.59,2.46,0
Tecido,76.22,16.37,88.63,2.34,0
Tecido,70.59,15.32,87.06,2.02,0
Tecido,72.97,16.52,87.84,2.16,0
Tecido,74.21,16.89,88.24,1.97,0
Tecido,73.33,15.93,88.63,2.04,0
Tecido,54.15,17.37,92.55,2.22,0
Tecido,50.18,22.00,98.04,2.00,0
Tecido,50.18,22.00,98.04,2.55,0
Tecido,50.18,22.00,98.04,2.43,0
Tecido,50.23,18.07,93.33,2.30,0
Tecido,64.74,16.74,89.02,3.28,0
Tecido,74.21,16.89,88.24,3.36,0
Tecido,74.21,16.89,88.24,3.67,0
Tecido,72.97,16.52,87.84,3.85,0
Tecido,75.38,17.26,88.63,3.52,0
Tecido,67.89,16.67,89.41,3.78,0
Tecido,58.60,18.07,93.33,3.35,0
Tecido,50.18,22.00,98.04,3.34,0
Tecido,48.75,19.20,98.04,3.62,0
Tecido,50.18,22.00,98.04,3.39,0
Tecido,51.63,18.07,93.33,3.18,0
Tecido,70.00,15.93,88.63,2.85,0
Tecido,75.00,16.00,88.24,4.28,0
Tecido,73.71,15.62,87.84,3.90,0
Tecido,74.59,16.44,88.24,4.24,0
Tecido,70.29,15.77,87.06,4.03,0
Tecido,66.15,16.88,90.59,4.49,0
Tecido,54.55,18.41,93.73,5.01,0
Tecido,50.18,22.00,98.04,4.35,0
Tecido,50.18,22.00,98.04,3.76,0
Tecido,51.92,21.05,96.86,3.27,0
Tecido,58.54,17.67,90.98,3.84,0
Tecido,68.11,16.52,87.84,5.29,0
Tecido,70.29,15.77,87.06,5.08,0
Tecido,70.29,15.77,87.06,5.33,0
Tecido,70.29,15.77,87.06,6.07,0
Tecido,74.21,16.89,88.24,5.70,0
Tecido,60.00,16.88,90.59,7.29,0
Tecido,53.62,19.42,94.90,7.08,0
Tecido,50.00,21.60,98.04,8.02,0
Tecido,49.62,20.80,98.04,9.00,0
Tecido,49.20,20.41,96.08,10.50,0
Tecido,65.14,15.22,90.20,12.12,0
Tecido,72.97,16.52,87.84,10.16,0
Tecido,70.29,15.77,87.06,9.02,0
Tecido,70.29,15.77,87.06,8.87,0
Tecido,70.29,15.77,87.06,7.80,0
Tecido,72.97,16.52,87.84,6.84,0
Tecido,58.38,15.95,90.98,6.94,0
Tecido,48.68,21.37,97.25,5.92,0
Tecido,50.18,22.00,98.04,6.34,0
Tecido,50.18,22.00,98.04,6.58,0
Tecido,53.33,18.83,93.73,5.98,0
Tecido,67.32,17.83,90.20,5.86,0
Tecido,70.29,15.77,87.06,6.03,0
Tecido,70.29,15.77,87.06,6.59,0
Tecido,74.21,16.89,88.24,5.74,0
Tecido,75.00,16.00,88.24,5.40,0
Tecido,76.92,17.18,89.02,4.85,0
Tecido,57.07,17.37,92.55,4.55,0
Tecido,53.08,21.05,96.86,4.92,0
Tecido,50.18,22.00,98.04,4.66,0
Tecido,50.00,21.60,98.04,4.43,0
Tecido,53.18,18.41,93.73,4.01,0
Tecido,63.24,16.30,89.02,4.21,0
Tecido,74.59,16.44,88.24,4.06,0
Tecido,74.21,16.89,88.24,3.74,0
Tecido,70.29,15.77,87.06,3.95,0
Tecido,70.29,15.77,87.06,3.75,0
Tecido,71.35,16.30,89.02,3.69,0
Tecido,57.07,17.37,92.55,3.50,0
Tecido,46.91,22.00,98.04,2.92,0
Tecido,50.18,22.00,98.04,2.63,0
Tecido,50.18,22.00,98.04,2.36,0
Tecido,52.86,17.80,92.55,2.52,0
Tecido,65.00,15.93,88.63,2.27,0
Tecido,70.29,15.77,87.06,2.27,0
Tecido,70.29,15.77,87.06,2.15,0
Tecido,70.29,15.77,87.06,2.30,0
Tecido,70.29,15.77,87.06,2.39,0
Tecido,70.77,16.96,90.20,2.28,0
Tecido,57.27,18.41,93.73,3.48,0
Tecido,50.18,22.00,98.04,3.31,0
Tecido,50.18,22.00,98.04,2.99,0
Tecido,50.18,22.00,98.04,3.43,0
Tecido,57.07,17.37,92.55,3.56,0
Tecido,71.05,16.74,89.02,4.07,0
Tecido,73.33,16.07,87.84,3.68,0
Tecido,70.29,15.77,87.06,3.16,0
Tecido,72.97,16.52,87.84,2.97,0
Tecido,72.97,16.52,87.84,3.14,0
Tecido,64.86,16.09,90.20,2.81,0
Tecido,58.64,18.41,93.73,3.16,0
Tecido,50.18,22.00,98.04,3.15,0
Tecido,50.18,22.00,98.04,2.65,0
Tecido,49.62,21.05,96.86,2.93,0
Tecido,61.46,17.75,90.59,3.43,0
Tecido,71.05,16.89,88.24,3.57,0
Tecido,74.21,16.89,88.24,3.82,0
Tecido,70.29,15.77,87.06,3.46,0
Tecido,72.97,16.52,87.84,4.16,0
Tecido,70.29,15.77,87.06,4.52,0
Tecido,63.43,15.22,90.20,4.52,0
Tecido,53.62,19.42,94.90,5.69,0
Tecido,50.18,22.00,98.04,5.77,0
Tecido,50.00,21.60,98.04,7.20,0
Tecido,55.10,20.08,95.69,6.92,0
Tecido,64.86,16.02,90.59,6.19,0
Tecido,74.21,16.89,88.24,6.40,0
Tecido,72.97,16.52,87.84,6.06,0
Tecido,70.29,15.77,87.06,5.17,0
Tecido,70.29,15.77,87.06,4.84,0
Tecido,72.97,16.52,87.84,4.09,0
Tecido,61.62,16.02,90.59,4.30,0
Tecido,51.60,20.41,96.08,4.17,0
Tecido,50.18,22.00,98.04,5.07,0
Tecido,50.18,22.00,98.04,6.72,0
Tecido,50.45,18.41,93.73,6.49,0
Tecido,67.32,17.83,90.20,6.24,0
Tecido,72.97,16.52,87.84,6.51,0
Tecido,70.29,15.77,87.06,5.70,0
Tecido,70.29,15.77,87.06,6.69,0
Tecido,70.29,15.77,87.06,6.27,0
Tecido,73.71,15.62,87.84,6.78,0
Tecido,54.15,17.37,92.55,6.37,0
Tecido,50.94,21.37,97.25,6.41,0
Tecido,50.00,21.60,98.04,6.66,0
Tecido,49.62,20.80,98.04,6.35,0
Tecido,50.23,18.07,93.33,6.08,0
Tecido,64.86,16.30,89.02,5.53,0
Tecido,74.21,16.89,88.24,5.67,0
Tecido,70.91,14.86,87.06,5.11,0
Tecido,70.59,15.32,87.06,4.56,0
Tecido,72.97,16.52,87.84,4.66,0
Tecido,66.15,16.96,90.20,4.35,0
Tecido,52.17,19.09,94.51,3.96,0
Tecido,50.18,22.00,98.04,3.42,0
Tecido,50.18,22.00,98.04,3.77,0
Tecido,51.92,21.05,96.86,3.34,0
Tecido,60.00,16.09,90.20,3.21,0
Tecido,74.21,16.89,88.24,3.23,0
Tecido,72.97,16.52,87.84,3.06,0
Tecido,70.29,15.77,87.06,2.95,0
Tecido,70.29,15.77,87.06,3.57,0
Tecido,70.59,15.32,87.06,3.63,0
Tecido,55.38,16.67,91.76,3.50,0
Tecido,53.08,21.05,96.86,3.47,0
Tecido,50.18,22.00,98.04,4.04,0
Tecido,50.00,21.60,98.04,4.40,0
Tecido,52.17,19.09,94.51,4.61,0
Tecido,60.00,15.79,89.41,4.50,0
Tecido,70.59,15.32,87.06,3.97,0
Tecido,72.97,16.52,87.84,3.46,0
Tecido,70.29,15.77,87.06,3.78,0
Tecido,70.29,15.77,87.06,3.73,0
Tecido,73.33,16.07,87.84,3.56,0
Tecido,60.00,15.58,90.59,3.55,0
Tecido,48.46,21.05,96.86,3.59,0
Tecido,50.18,22.00,98.04,3.84,0
Tecido,50.18,22.00,98.04,3.95,0
Tecido,54.42,18.07,93.33,3.46,0
Tecido,60.00,17.18,89.02,3.46,0
Tecido,70.29,15.77,87.06,3.71,0
Tecido,70.29,15.77,87.06,3.48,0
Tecido,70.29,15.77,87.06,3.13,0
Tecido,70.29,15.77,87.06,2.62,0
Tecido,70.29,15.77,87.06,2.74,0
Tecido,61.43,18.18,90.59,2.58,0
Tecido,50.40,20.41,96.08,4.30,0
Tecido,49.09,22.00,98.04,3.79,0
Tecido,49.09,22.00,98.04,3.82,0
Tecido,50.67,18.91,93.33,3.43,0
Tecido,64.74,16.81,88.63,3.54,0
Tecido,70.29,15.77,87.06,4.94,0
Tecido,70.29,15.77,87.06,6.94,0
Tecido,70.29,15.77,87.06,8.82,0
Tecido,70.29,15.77,87.06,7.28,0
Tecido,70.77,17.26,88.63,6.35,0
Tecido,54.00,17.02,92.16,6.46,0
Tecido,47.31,21.05,96.86,7.16,0
Tecido,49.09,22.00,98.04,5.79,0
Tecido,50.18,22.00,98.04,5.32,0
Tecido,52.86,17.87,92.16,4.67,0
Tecido,68.11,16.52,87.84,4.03,0
Tecido,70.29,15.77,87.06,3.79,0
Tecido,70.29,15.77,87.06,3.22,0
Tecido,70.29,15.77,87.06,3.94,0
Tecido,70.29,15.77,87.06,3.57,0
Tecido,68.11,16.44,88.24,2.94,0
Tecido,50.23,18.07,93.33,2.71,0
Tecido,44.73,22.00,98.04,2.49,0
Tecido,50.18,22.00,98.04,2.19,0
Tecido,50.18,22.00,98.04,2.16,0
Tecido,54.15,17.45,92.16,2.01,0
Tecido,71.05,16.89,88.24,1.99,0
Tecido,70.29,15.77,87.06,1.92,0
Tecido,70.29,15.77,87.06,2.60,0
Tecido,70.29,15.77,87.06,2.70,0
Tecido,70.29,15.77,87.06,2.42,0
Tecido,70.50,17.47,89.80,2.06,0
Tecido,54.42,18.07,93.33,2.21,0
Tecido,46.91,22.00,98.04,1.87,0
Tecido,49.09,22.00,98.04,1.68,0
Tecido,47.31,21.05,96.86,2.82,0
Tecido,61.50,17.47,89.80,2.84,0
Tecido,66.86,15.77,87.06,2.57,0
Tecido,70.29,15.77,87.06,2.26,0
Tecido,72.00,15.77,87.06,2.29,0
Tecido,70.29,15.77,87.06,2.95,0
Tecido,70.29,15.77,87.06,2.93,0
Tecido,63.00,17.47,89.80,2.93,0
Tecido,54.55,18.49,93.33,3.50,0
Tecido,46.91,22.00,98.04,4.57,0
Tecido,46.91,22.00,98.04,4.05,0
Tecido,51.60,20.41,96.08,4.07,0
Tecido,60.00,16.88,90.59,3.95,0
Tecido,70.29,15.77,87.06,3.47,0
Tecido,70.29,15.77,87.06,3.11,0
Tecido,70.29,15.77,87.06,3.74,0
Tecido,70.29,15.77,87.06,3.51,0
Tecido,70.29,15.77,87.06,3.93,0
Tecido,64.50,17.39,90.20,4.10,0
Tecido,54.55,18.41,93.73,3.46,0
Tecido,50.18,22.00,98.04,3.48,0
Tecido,50.18,22.00,98.04,3.36,0
Tecido,50.40,20.41,96.08,2.96,0
Tecido,65.85,17.75,90.59,2.75,0
Tecido,70.29,15.77,87.06,3.32,0
Tecido,70.29,15.77,87.06,2.91,0
Tecido,70.29,15.77,87.06,2.82,0
Tecido,70.29,15.77,87.06,2.89,0
Tecido,70.29,15.77,87.06,2.58,0
Tecido,65.85,17.90,89.80,2.78,0
Tecido,51.82,18.49,93.33,2.59,0
Tecido,46.91,22.00,98.04,2.92,0
Tecido,49.09,22.00,98.04,3.52,0
Tecido,47.78,21.77,97.25,3.61,0
Tecido,60.00,16.96,90.20,3.21,0
Tecido,70.29,15.77,87.06,3.54,0
Tecido,70.29,15.77,87.06,4.01,0
Tecido,70.29,15.77,87.06,3.51,0
Tecido,72.97,16.52,87.84,2.98,0
Tecido,70.29,15.77,87.06,2.98,0
Tecido,64.50,17.32,90.59,3.10,0
Tecido,57.27,18.41,93.73,2.93,0
Tecido,50.18,22.00,98.04,3.62,0
Tecido,50.18,22.00,98.04,3.88,0
Tecido,47.31,21.05,96.86,5.05,0
Tecido,58.46,16.96,90.20,6.48,0
Tecido,70.29,15.77,87.06,7.07,0
Tecido,70.29,15.77,87.06,6.81,0
Tecido,70.29,15.77,87.06,6.07,0
Tecido,70.29,15.77,87.06,5.43,0
Tecido,70.29,15.77,87.06,5.86,0
Tecido,58.50,17.39,90.20,7.16,0
Tecido,52.17,19.09,94.51,6.77,0
Tecido,49.09,22.00,98.04,6.93,0
Tecido,49.09,22.00,98.04,7.70,0
Tecido,49.20,20.41,96.08,6.32,0
Tecido,61.62,16.23,89.41,6.14,0
Tecido,70.29,15.77,87.06,5.71,0
Tecido,70.29,15.77,87.06,4.85,0
Tecido,70.59,15.32,87.06,4.16,0
Tecido,70.29,15.77,87.06,3.62,0
Tecido,74.59,16.44,88.24,3.47,0
Tecido,64.50,17.32,90.59,3.14,0
Tecido,53.48,19.09,94.51,2.99,0
Tecido,50.18,22.00,98.04,3.54,0
Tecido,50.18,22.00,98.04,3.78,0
Tecido,49.20,20.41,96.08,3.99,0
Tecido,64.50,17.39,90.20,3.38,0
Tecido,70.29,15.77,87.06,3.58,0
Tecido,70.29,15.77,87.06,3.30,0
Tecido,70.29,15.77,87.06,4.09,0
Tecido,70.29,15.77,87.06,4.28,0
Tecido,70.29,15.77,87.06,4.03,0
Tecido,220.78,57.54,70.20,1.17,0
Tecido,218.36,70.52,67.84,1.67,0
Tecido,220.38,58.10,70.20,2.40,0
Tecido,225.77,56.73,67.06,2.93,0
Tecido,218.00,70.18,67.06,3.49,0
Tecido,217.82,66.48,70.20,3.59,0
Tecido,224.84,52.30,68.24,4.16,0
Tecido,218.00,70.18,67.06,3.97,0
Tecido,217.92,71.02,69.02,3.81,0
Tecido,222.42,55.31,70.20,3.78,0
Tecido,222.22,63.16,67.06,3.76,0
Tecido,218.00,70.18,67.06,4.91,0
Tecido,218.38,62.01,70.20,4.34,0
Tecido,226.81,53.22,67.06,3.71,0
Tecido,218.50,70.18,67.06,3.16,0
Tecido,216.96,70.22,69.80,3.08,0
Tecido,222.86,55.06,69.80,2.99,0
Tecido,219.49,68.42,67.06,2.69,0
Tecido,218.00,70.18,67.06,2.50,0
Tecido,220.78,57.54,70.20,2.25,0
Tecido,224.40,58.48,67.06,1.91,0
Tecido,218.00,70.18,67.06,1.89,0
Tecido,217.63,65.92,70.20,2.01,0
Tecido,225.17,51.74,67.45,2.10,0
Tecido,218.00,70.18,67.06,2.04,0
Tecido,218.27,71.35,69.80,2.26,0
Tecido,222.86,54.75,70.20,2.20,0
Tecido,221.83,63.74,67.06,2.06,0
Tecido,218.00,70.18,67.06,1.85,0
Tecido,218.73,61.45,70.20,1.80,0
Tecido,226.96,53.80,67.06,1.90,0
Tecido,218.00,70.18,67.06,1.59,0
Tecido,216.67,70.39,70.20,1.54,0
Tecido,222.50,54.24,69.41,1.50,0
Tecido,219.15,69.01,67.06,1.35,0
Tecido,218.00,70.18,67.06,1.40,0
Tecido,221.18,56.98,70.20,1.51,0
Tecido,224.55,59.06,67.06,1.48,0
Tecido,218.00,70.18,67.06,1.50,0
Tecido,217.12,65.92,70.20,1.53,0
Tecido,225.68,51.46,67.06,1.40,0
Tecido,218.00,70.18,67.06,1.41,0
Tecido,217.62,71.19,69.41,1.51,0
Tecido,222.42,55.31,70.20,1.58,0
Tecido,221.45,64.33,67.06,1.41,0
Tecido,218.50,70.18,67.06,1.32,0
Tecido,219.81,59.78,70.20,1.35,0
Tecido,225.81,54.39,67.06,1.17,0
Tecido,218.00,70.18,67.06,1.42,0
Tecido,216.48,69.83,70.20,1.68,0
Tecido,223.23,53.14,68.63,2.61,0
Tecido,218.64,69.01,67.06,3.10,0
Tecido,218.36,70.52,67.84,3.47,0
Tecido,221.18,56.98,70.20,3.60,0
Tecido,224.12,59.65,67.06,3.27,0
Tecido,218.00,70.18,67.06,2.72,0
Tecido,217.24,64.80,70.20,2.64,0
Tecido,225.68,51.46,67.06,2.37,0
Tecido,218.00,70.18,67.06,2.34,0
Tecido,217.50,71.51,70.20,2.25,0
Tecido,222.86,54.75,70.20,2.62,0
Tecido,220.71,65.50,67.06,2.27,0
Tecido,218.00,70.18,67.06,2.11,0
Tecido,219.25,59.78,70.20,2.42,0
Tecido,227.10,54.39,67.06,2.09,0
Tecido,218.32,69.59,67.06,1.98,0
Tecido,216.96,69.83,70.20,2.05,0
Tecido,223.87,52.84,69.02,2.00,0
Tecido,218.32,69.59,67.06,2.04,0
Tecido,218.00,70.18,67.06,2.57,0
Tecido,221.58,56.42,70.20,2.50,0
Tecido,224.55,59.06,67.06,2.18,0
Tecido,218.50,70.18,67.06,1.88,0
Tecido,217.76,64.80,70.20,1.67,0
Tecido,223.75,53.63,70.20,1.52,0
Tecido,220.53,66.67,67.06,1.65,0
Tecido,218.00,70.18,67.06,1.91,0
Tecido,219.62,59.22,70.20,1.71,0
Tecido,226.11,55.56,67.06,1.68,0
Tecido,218.00,70.18,67.06,1.66,0
Tecido,217.38,68.16,70.20,1.63,0
Tecido,222.86,52.60,67.84,1.45,0
Tecido,218.32,69.59,67.06,1.31,0
Tecido,217.69,70.35,67.45,1.50,0
Tecido,222.00,55.87,70.20,1.41,0
Tecido,224.27,60.23,67.06,1.43,0
Tecido,218.00,70.18,67.06,1.73,0
Tecido,217.89,63.69,70.20,1.69,0
Tecido,224.67,52.63,67.06,1.85,0
Tecido,218.00,70.18,67.06,2.32,0
Tecido,217.62,71.19,69.41,3.53,0
Tecido,223.30,54.19,70.20,3.27,0
Tecido,220.88,66.08,67.06,3.41,0
Tecido,218.00,70.18,67.06,3.29,0
Tecido,219.25,59.78,70.20,2.98,0
Tecido,227.10,54.39,67.06,2.85,0
Tecido,218.00,70.18,67.06,2.65,0
Tecido,216.96,69.83,70.20,2.37,0
Tecido,223.40,53.41,69.02,2.46,0
Tecido,218.64,69.01,67.06,2.20,0
Tecido,218.18,70.35,67.45,2.00,0
Tecido,221.18,56.98,70.20,1.92,0
Tecido,225.00,58.48,67.06,1.85,0
Tecido,218.00,70.18,67.06,1.61,0
Tecido,217.76,64.80,70.20,1.64,0
Tecido,225.00,51.46,67.06,1.73,0
Tecido,218.50,70.18,67.06,1.65,0
Tecido,217.44,71.02,69.02,1.59,0
Tecido,222.86,54.75,70.20,1.73,0
Tecido,221.08,64.91,67.06,1.76,0
Tecido,218.00,70.18,67.06,2.04,0
Tecido,218.73,61.45,70.20,2.05,0
Tecido,226.81,53.22,67.06,2.40,0
Tecido,218.50,70.18,67.06,3.12,0
Tecido,217.14,70.39,70.20,3.00,0
Tecido,222.68,54.49,69.80,3.29,0
Tecido,218.97,68.42,67.06,3.65,0
Tecido,218.18,70.35,67.45,3.19,0
Tecido,221.54,58.10,70.20,2.93,0
Tecido,225.31,57.31,67.06,2.56,0
Tecido,218.50,70.18,67.06,2.91,0
Tecido,217.19,67.60,70.20,2.52,0
Tecido,223.75,53.63,70.20,2.26,0
Tecido,222.00,64.33,67.06,2.04,0
Tecido,218.00,70.18,67.06,1.72,0
Tecido,218.73,61.45,70.20,1.75,0
Tecido,226.81,53.22,67.06,1.60,0
Tecido,218.50,70.18,67.06,8.39,0
Tecido,216.85,70.95,70.20,7.24,0
Tecido,222.32,53.98,69.02,6.06,0
Tecido,219.65,67.25,67.06,5.38,0
Tecido,218.18,70.35,67.45,4.79,0
Tecido,220.00,58.66,70.20,4.04,0
Tecido,225.15,56.73,67.06,3.64,0
Tecido,218.50,70.18,67.06,3.29,0
Tecido,216.89,68.16,70.20,2.94,0
Tecido,224.35,52.57,68.63,2.39,0
Tecido,218.32,69.59,67.06,2.11,0
Tecido,217.69,70.35,67.45,2.42,0
Tecido,221.18,56.98,70.20,2.54,0
Tecido,224.27,60.23,67.06,3.01,0
Tecido,218.00,70.18,67.06,3.17,0
Tecido,217.76,64.80,70.20,2.84,0
Tecido,225.84,52.05,67.06,2.81,0
Tecido,218.00,70.18,67.06,3.38,0
Tecido,217.44,71.02,69.02,3.03,0
Tecido,222.42,55.31,70.20,3.56,0
Tecido,222.00,64.33,67.06,3.99,0
Tecido,218.18,70.76,67.06,5.04,0
Tecido,218.73,61.45,70.20,4.41,0
Tecido,222.77,53.71,68.63,3.98,0
Tecido,218.64,69.01,67.06,3.36,0
Tecido,218.18,70.35,67.45,3.33,0
Tecido,220.78,57.54,70.20,3.23,0
Tecido,224.85,57.89,67.06,3.15,0
Tecido,218.00,70.18,67.06,2.77,0
Tecido,217.50,67.04,70.20,2.42,0
Tecido,224.32,51.46,67.06,2.32,0
Tecido,218.50,70.18,67.06,2.19,0
Tecido,218.40,71.02,69.02,1.92,0
Tecido,222.42,55.31,70.20,1.97,0
Tecido,223.43,61.40,67.06,2.27,0
Tecido,218.00,70.18,67.06,1.94,0
Tecido,217.24,64.80,70.20,1.94,0
Tecido,226.36,51.46,67.06,2.14,0
Tecido,218.00,70.18,67.06,2.15,0
Tecido,217.26,70.86,68.63,2.10,0
Tecido,222.42,55.31,70.20,2.08,0
Tecido,221.08,64.91,67.06,1.78,0
Tecido,218.50,70.18,67.06,1.87,0
Tecido,218.73,61.45,70.20,1.72,0
Tecido,226.45,54.39,67.06,1.85,0
Tecido,218.00,70.18,67.06,1.68,0
Tecido,216.67,70.39,70.20,1.98,0
Tecido,223.12,54.24,69.41,2.09,0
Tecido,219.31,67.84,67.06,2.17,0
Tecido,218.18,70.35,67.45,1.95,0
Tecido,220.00,58.66,70.20,1.76,0
Tecido,225.15,56.73,67.06,1.84,0
Tecido,218.00,70.18,67.06,1.90,0
Tecido,217.07,68.72,70.20,1.74,0
Tecido,223.70,52.87,68.24,1.73,0
Tecido,218.00,70.18,67.06,1.60,0
Tecido,218.54,70.69,68.24,1.37,0
Tecido,221.58,56.42,70.20,1.63,0
Tecido,223.27,60.82,67.06,1.70,0
Tecido,218.00,70.18,67.06,1.58,0
Tecido,217.44,65.36,70.20,1.67,0
Tecido,225.33,52.33,67.45,2.28,0
Tecido,218.00,70.18,67.06,2.18,0
Tecido,217.92,71.02,69.02,2.17,0
Tecido,222.42,55.31,70.20,2.25,0
Tecido,221.83,63.74,67.06,2.21,0
Tecido,218.00,70.18,67.06,2.12,0
Tecido,218.73,61.45,70.20,2.18,0
Tecido,227.33,52.63,67.06,2.38,0
Tecido,218.50,70.18,67.06,2.37,0
Tecido,217.32,70.95,70.20,2.72,0
Tecido,222.68,54.49,69.80,2.60,0
Tecido,219.65,67.25,67.06,2.58,0
Tecido,218.68,70.35,67.45,2.49,0
Tecido,219.81,59.78,70.20,2.53,0
Tecido,225.96,54.97,67.06,2.29,0
Tecido,218.50,70.18,67.06,2.23,0
Tecido,217.07,68.72,70.20,1.95,0
Tecido,223.87,52.84,69.02,1.84,0
Tecido,219.15,69.01,67.06,1.54,0
Tecido,217.50,70.18,67.06,1.39,0
Tecido,220.78,57.54,70.20,1.59,0
Tecido,225.00,58.48,67.06,1.56,0
Tecido,218.50,70.18,67.06,1.57,0
Tecido,217.31,66.48,70.20,1.45,0
Tecido,224.18,52.60,67.84,1.40,0
Tecido,218.50,70.18,67.06,1.51,0
Tecido,218.23,70.86,68.63,1.49,0
Tecido,222.00,55.87,70.20,1.44,0
Tecido,223.85,60.82,67.06,1.54,0
Tecido,218.00,70.18,67.06,1.54,0
Tecido,218.23,63.13,70.20,1.98,0
Tecido,225.84,51.74,67.45,1.99,0
Tecido,218.50,70.18,67.06,1.90,0
Tecido,217.62,71.19,69.41,1.98,0
Tecido,222.42,55.31,70.20,1.95,0
Tecido,222.78,63.16,67.06,1.99,0
Tecido,218.00,70.18,67.06,1.96,0
Tecido,218.38,62.01,70.20,2.25,0
Tecido,223.23,53.14,68.63,2.10,0
Tecido,218.64,69.01,67.06,1.93,0
Tecido,218.50,70.18,67.06,1.94,0
Tecido,220.00,58.66,70.20,1.87,0
Tecido,225.45,57.89,67.06,1.82,0
Tecido,218.50,70.18,67.06,1.89,0
Tecido,217.69,67.60,70.20,1.76,0
Tecido,224.67,52.02,67.84,1.85,0
Tecido,219.33,69.59,67.06,1.76,0
Tecido,218.18,70.35,67.45,1.93,0
Tecido,222.00,55.87,70.20,1.82,0
Tecido,224.27,60.23,67.06,1.57,0
Tecido,218.00,70.18,67.06,1.62,0
Tecido,217.12,65.92,70.20,1.78,0
Tecido,225.68,51.46,67.06,1.77,0
Tecido,218.32,69.59,67.06,1.50,0
Tecido,218.10,71.19,69.41,1.61,0
Tecido,222.42,55.31,70.20,1.67,0
Tecido,221.83,63.74,67.06,1.79,0
Tecido,218.00,70.18,67.06,1.55,0
Tecido,218.73,61.45,70.20,1.47,0
Tecido,226.15,53.22,67.06,1.38,0
Tecido,218.50,70.18,67.06,1.47,0
Tecido,217.14,70.79,69.80,1.72,0
Tecido,222.86,54.75,70.20,1.64,0
Tecido,226.06,57.89,67.06,1.55,0
Tecido,218.50,70.18,67.06,1.37,0
Tecido,217.19,67.60,70.20,2.27,0
Tecido,224.00,52.33,67.45,2.47,0
Tecido,218.00,70.18,67.06,2.32,0
Tecido,218.23,70.86,68.63,2.09,0
Tecido,222.00,55.87,70.20,2.07,0
Tecido,223.02,61.99,67.06,1.99,0
Tecido,218.18,70.76,67.06,1.66,0
Tecido,218.57,62.57,70.20,2.00,0
Tecido,225.84,52.05,67.06,2.03,0
Tecido,218.00,70.18,67.06,1.88,0
Tecido,217.32,71.35,69.80,2.49,0
Tecido,222.50,54.24,69.41,2.32,0
Tecido,220.35,66.08,67.06,2.33,0
Tecido,218.18,70.76,67.06,3.02,0
Tecido,218.89,60.34,70.20,2.69,0
Tecido,226.45,54.39,67.06,2.32,0
Tecido,218.00,70.18,67.06,2.02,0
Tecido,216.96,69.83,70.20,1.86,0
Tecido,223.87,52.84,69.02,1.78,0
Tecido,219.49,68.42,67.06,1.70,0
Tecido,218.00,70.18,67.06,1.45,0
Tecido,220.78,57.54,70.20,1.25,0
Tecido,224.55,59.06,67.06,1.32,0
Tecido,218.00,70.18,67.06,1.20,0
Tecido,217.31,66.48,70.20,1.30,0
Tecido,225.17,51.74,67.45,1.26,0
Tecido,218.00,70.18,67.06,2.17,0
Tecido,217.92,71.02,69.02,2.15,0
Tecido,222.00,55.87,70.20,2.16,0
Tecido,223.27,61.18,66.67,2.27,0
Tecido,218.00,70.18,67.06,2.18,0
Tecido,218.76,63.13,70.20,2.00,0
Tecido,227.73,51.46,67.06,1.81,0
Tecido,218.00,70.18,67.06,1.58,0
Tecido,217.44,71.02,69.02,4.50,0
Tecido,222.68,54.49,69.80,5.03,0
Tecido,220.54,65.29,66.67,4.56,0
Tecido,218.18,70.76,67.06,4.11,0
Tecido,219.44,60.34,70.20,3.94,0
Tecido,226.96,53.80,67.06,3.84,0
Tecido,218.50,70.18,67.06,3.38,0
Tecido,216.96,69.83,70.20,3.25,0
Tecido,223.30,54.19,70.20,2.95,0
Tecido,224.27,60.23,67.06,2.80,0
Tecido,218.00,70.18,67.06,2.82,0
Tecido,217.76,64.80,70.20,2.52,0
Tecido,225.00,51.46,67.06,2.53,0
Tecido,218.00,70.18,67.06,2.19,0
Tecido,217.62,71.19,69.41,2.09,0
Tecido,222.42,55.31,70.20,1.99,0
Tecido,222.39,63.74,67.06,2.17,0
Tecido,219.33,70.00,66.67,2.13,0
Tecido,219.08,60.89,70.20,2.04,0
Tecido,226.81,53.22,67.06,1.94,0
Tecido,219.00,70.18,67.06,1.67,0
Tecido,217.44,69.83,70.20,1.70,0
Tecido,223.12,53.93,69.80,1.54,0
Tecido,220.00,68.42,67.06,2.04,0
Tecido,218.50,70.18,67.06,2.10,0
Tecido,220.38,58.10,70.20,2.43,0
Tecido,225.77,57.06,66.67,2.28,0
Tecido,218.68,70.76,67.06,2.35,0
Tecido,217.82,66.48,70.20,2.33,0
Tecido,224.49,51.74,67.45,2.26,0
Tecido,218.50,70.18,67.06,2.45,0
Tecido,218.18,70.35,67.45,2.24,0
Tecido,222.00,55.87,70.20,2.36,0
Tecido,224.42,60.82,67.06,2.24,0
Tecido,217.69,70.76,67.06,2.07,0
Tecido,217.89,63.69,70.20,2.08,0
Tecido,225.84,52.05,67.06,1.96,0
Tecido,218.50,70.18,67.06,2.46,0
Tecido,217.14,71.59,69.02,2.46,0
Tecido,222.42,55.31,70.20,2.18,0
Tecido,221.45,64.33,67.06,2.28,0
Tecido,219.00,70.18,67.06,1.93,0
Tecido,218.38,62.01,70.20,2.18,0
Tecido,227.33,52.63,67.06,1.99,0
Tecido,218.50,70.18,67.06,1.94,0
Tecido,216.96,70.62,69.41,1.90,0
Tecido,222.68,54.49,69.80,2.08,0
Tecido,220.00,66.67,67.06,2.05,0
Tecido,218.00,70.18,67.06,1.77,0
Tecido,219.81,59.78,70.20,1.66,0
Tecido,227.61,53.80,67.06,2.33,0
Tecido,218.00,70.18,67.06,2.18,0
Tecido,217.14,70.39,70.20,2.34,0
Tecido,223.58,53.67,69.41,2.17,0
Tecido,220.00,68.42,67.06,2.16,0
Tecido,218.50,70.18,67.06,2.93,0
Tecido,220.78,57.54,70.20,2.74,0
Tecido,224.85,57.89,67.06,2.89,0
Tecido,218.50,70.18,67.06,2.62,0
Tecido,217.00,67.04,70.20,2.63,0
Tecido,224.49,51.74,67.45,2.42,0
Tecido,218.50,70.18,67.06,2.32,0
Tecido,218.54,70.69,68.24,2.07,0
Tecido,222.42,55.31,70.20,2.40,0
Tecido,222.22,63.16,67.06,2.47,0
Tecido,218.00,70.18,67.06,2.16,0
Tecido,218.57,62.57,70.20,2.43,0
Tecido,227.05,51.46,67.06,2.46,0
Tecido,217.63,69.82,66.27,2.36,0
Tecido,217.32,70.95,70.20,2.34,0
Tecido,222.68,54.49,69.80,1.92,0
Tecido,220.53,66.67,67.06,1.84,0
Tecido,218.00,70.18,67.06,1.51,0
Tecido,219.62,59.22,70.20,1.46,0
Tecido,227.10,54.39,67.06,1.46,0
Tecido,218.50,70.18,67.06,1.55,0
Tecido,218.05,68.72,70.20,1.73,0
Tecido,223.04,52.87,68.24,1.69,0
Tecido,218.82,69.59,67.06,1.81,0
Tecido,218.18,70.35,67.45,1.66,0
Tecido,220.78,57.54,70.20,1.53,0
Tecido,225.15,59.06,67.06,1.97,0
Tecido,218.46,69.64,65.88,2.19,0
Tecido,217.63,65.92,70.20,2.21,0
Tecido,224.00,52.33,67.45,2.39,0
Tecido,218.50,70.18,67.06,2.40,0
Tecido,218.10,71.19,69.41,3.02,0
Tecido,222.42,55.31,70.20,3.25,0
Tecido,224.15,61.99,67.06,3.17,0
Tecido,219.00,70.18,67.06,2.83,0
Tecido,218.23,63.13,70.20,2.70,0
Tecido,225.84,52.05,67.06,2.96,0
Tecido,218.32,70.00,66.67,2.97,0
Tecido,217.32,71.35,69.80,2.63,0
Tecido,222.86,54.75,70.20,2.50,0
Tecido,221.25,65.50,67.06,2.28,0
Tecido,218.00,70.18,67.06,2.06,0
Tecido,219.25,59.78,70.20,1.87,0
Tecido,225.81,54.39,67.06,1.75,0
Tecido,217.82,70.00,66.67,1.91,0
Tecido,216.77,69.66,69.80,1.88,0
Tecido,224.21,53.37,69.80,1.78,0
Tecido,219.49,68.42,67.06,1.62,0
Tecido,218.00,70.18,67.06,1.81,0
Tecido,220.78,57.54,70.20,1.69,0
Tecido,224.85,57.89,67.06,1.78,0
Tecido,218.50,70.18,67.06,1.58,0
Tecido,217.19,67.60,70.20,1.69,0
Tecido,224.00,52.02,67.84,1.50,0
Tecido,219.00,70.18,67.06,1.67,0
Tecido,218.71,70.86,68.63,1.77,0
Tecido,222.42,55.31,70.20,1.85,0
Tecido,223.43,61.40,67.06,1.82,0
Tecido,219.00,70.18,67.06,1.99,0
Tecido,217.89,63.69,70.20,1.86,0
Tecido,226.36,51.46,67.06,2.01,0
Tecido,218.50,70.18,67.06,2.25,0
Tecido,217.50,71.51,70.20,2.29,0
Tecido,222.86,54.75,70.20,2.09,0
Tecido,220.54,65.29,66.67,1.75,0
Tecido,218.00,70.18,67.06,1.64,0
Tecido,218.89,60.34,70.20,1.49,0
Tecido,226.81,53.22,67.06,1.71,0
Tecido,217.82,70.00,66.67,1.65,0
Tecido,217.14,70.39,70.20,1.77,0
Tecido,222.58,53.14,68.63,1.50,0
Tecido,219.15,69.01,67.06,1.28,0
Tecido,218.18,70.35,67.45,1.41,0
Tecido,220.78,57.54,70.20,1.36,0
Tecido,225.00,58.48,67.06,2.01,0
Tecido,218.50,70.18,67.06,2.06,0
Tecido,217.63,65.92,70.20,2.12,0
Tecido,224.49,52.05,67.06,1.88,0
Tecido,218.50,70.18,67.06,1.95,0
Tecido,217.56,70.69,68.24,1.99,0
Tecido,222.42,55.31,70.20,2.01,0
Tecido,222.22,63.16,67.06,1.79,0
Tecido,218.00,70.18,67.06,1.95,0
Tecido,219.08,60.89,70.20,2.10,0
Tecido,226.81,53.22,67.06,1.93,0
Tecido,218.50,70.18,67.06,2.18,0
Tecido,217.14,70.39,70.20,2.05,0
Tecido,222.58,53.14,68.63,2.12,0
Tecido,218.97,68.82,66.67,1.81,0
Tecido,218.68,70.35,67.45,1.81,0
Tecido,220.78,57.54,70.20,1.73,0
Tecido,225.45,57.89,67.06,1.77,0
Tecido,218.50,70.18,67.06,1.57,0
Tecido,217.50,67.04,70.20,1.46,0
Tecido,224.18,52.60,67.84,1.60,0
Tecido,218.00,70.18,67.06,1.52,0
Tecido,218.05,70.69,68.24,1.79,0
Tecido,222.00,55.87,70.20,1.66,0
Tecido,223.02,61.99,67.06,2.12,0
Tecido,218.50,70.18,67.06,1.87,0
Tecido,218.57,62.57,70.20,2.06,0
Tecido,225.84,52.05,67.06,2.18,0
Tecido,218.32,70.00,66.67,2.25,0
Tecido,216.96,71.02,69.02,2.32,0
Tecido,222.86,54.75,70.20,3.26,0
Tecido,220.35,66.47,66.67,3.32,0
Tecido,218.00,70.18,67.06,5.51,0
Tecido,219.62,59.22,70.20,5.06,0
Tecido,226.45,54.39,67.06,4.25,0
Tecido,218.50,70.18,67.06,4.65,0
Tecido,217.26,69.27,70.20,3.93,0
Tecido,224.04,53.41,69.02,3.32,0
Tecido,218.32,69.59,67.06,2.92,0
Tecido,218.18,70.35,67.45,2.63,0
Tecido,222.00,55.87,70.20,2.55,0
Tecido,224.71,59.65,67.06,2.51,0
Tecido,219.00,70.18,67.06,2.41,0
Tecido,218.09,64.25,70.20,2.20,0
Tecido,225.68,51.46,67.06,1.90,0
Tecido,219.00,70.18,67.06,1.86,0
Tecido,217.80,71.35,69.80,1.75,0
Tecido,222.86,54.75,70.20,1.65,0
Tecido,220.18,65.88,66.67,1.97,0
Tecido,219.00,70.18,67.06,2.37,0
Tecido,219.62,59.22,70.20,2.12,0
Tecido,227.23,54.97,67.06,2.39,0
Tecido,218.00,70.18,67.06,2.27,0
Tecido,217.38,68.16,70.20,2.17,0
Tecido,224.00,52.02,67.84,2.08,0
Tecido,218.32,69.59,67.06,1.99,0
Tecido,218.36,70.52,67.84,2.58,0
Tecido,222.00,55.87,70.20,2.49,0
Tecido,223.02,61.99,67.06,2.73,0
Tecido,219.00,70.18,67.06,2.55,0
Tecido,218.04,62.57,70.20,2.32,0
Tecido,227.05,51.46,67.06,2.43,0
Tecido,218.50,70.18,67.06,2.04,0
Tecido,217.80,70.95,70.20,1.79,0
Tecido,222.68,54.49,69.80,1.65,0
Tecido,220.00,66.67,67.06,1.47,0
Tecido,218.00,70.18,67.06,1.41,0
Tecido,219.62,59.22,70.20,1.31,0
Tecido,226.11,55.56,67.06,1.22,0
Tecido,218.00,70.18,67.06,1.48,0
Tecido,217.07,68.72,70.20,1.41,0
Tecido,222.86,52.60,67.84,1.41,0
Tecido,218.32,70.00,66.67,1.41,0
Tecido,217.87,70.52,67.84,1.25,0
Tecido,221.58,56.42,70.20,1.79,0
Tecido,222.86,61.40,67.06,4.86,0
Tecido,218.18,70.76,67.06,4.17,0
Tecido,217.76,64.80,70.20,4.21,0
Tecido,226.36,51.46,67.06,3.45,0
Tecido,218.50,70.18,67.06,3.00,0
Tecido,216.59,70.69,68.24,2.62,0
Tecido,222.77,53.41,69.02,2.41,0
Tecido,220.35,66.08,67.06,2.49,0
Tecido,217.69,70.76,67.06,2.52,0
Tecido,354.86,88.80,98.04,1.29,0
Tecido,357.21,84.31,100.00,2.13,0
Tecido,354.41,89.87,89.02,3.12,0
Tecido,353.23,89.86,81.18,3.38,0
Tecido,356.33,86.34,89.02,3.43,0
Tecido,354.63,91.79,81.18,3.48,0
Tecido,354.07,91.92,77.65,3.86,0
Tecido,355.38,86.67,88.24,3.90,0
Tecido,356.99,88.31,97.25,3.73,0
Tecido,354.22,90.34,81.18,3.91,0
Tecido,353.68,87.96,84.71,3.86,0
Tecido,356.99,85.88,100.00,3.94,0
Tecido,354.24,90.41,85.88,3.84,0
Tecido,353.76,90.18,87.84,3.89,0
Tecido,356.16,85.88,100.00,3.85,0
Tecido,355.89,89.75,95.69,3.41,0
Tecido,354.15,90.70,84.31,3.36,0
Tecido,355.07,86.97,93.33,3.43,0
Tecido,357.30,87.06,100.00,3.22,0
Tecido,354.00,90.48,82.35,3.09,0
Tecido,353.47,89.35,84.71,2.81,0
Tecido,356.71,85.88,100.00,2.65,0
Tecido,355.02,90.31,89.02,2.69,0
Tecido,354.18,90.74,84.71,2.98,0
Tecido,356.00,86.07,95.69,2.87,0
Tecido,356.74,88.40,98.04,2.65,0
Tecido,354.43,90.65,83.92,2.31,0
Tecido,354.06,88.07,85.49,2.23,0
Tecido,357.00,86.27,100.00,2.83,0
Tecido,354.43,90.65,83.92,5.10,0
Tecido,353.85,90.70,84.31,9.28,0
Tecido,356.11,86.40,98.04,9.04,0
Tecido,356.06,89.50,93.33,8.20,0
Tecido,354.32,90.48,82.35,8.43,0
Tecido,354.63,87.39,90.20,8.28,0
Tecido,357.53,86.56,99.22,7.26,0
Tecido,354.40,90.61,83.53,6.16,0
Tecido,353.40,89.67,83.53,5.73,0
Tecido,356.45,86.27,100.00,6.19,0
Tecido,355.27,90.22,88.24,7.06,0
Tecido,354.32,90.48,82.35,6.21,0
Tecido,355.34,86.55,93.33,5.95,0
Tecido,357.01,88.05,98.43,4.99,0
Tecido,354.26,90.38,81.57,4.67,0
Tecido,353.97,88.32,83.92,4.21,0
Tecido,356.97,86.17,99.22,3.82,0
Tecido,354.18,91.16,84.31,4.27,0
Tecido,353.62,90.38,81.57,3.90,0
Tecido,356.67,86.40,98.04,5.57,0
Tecido,356.02,89.41,92.55,5.25,0
Tecido,354.22,90.34,81.18,5.67,0
Tecido,354.57,87.28,89.41,6.21,0
Tecido,357.27,86.96,99.22,5.74,0
Tecido,353.97,90.87,81.57,6.73,0
Tecido,353.30,89.52,82.35,5.94,0
Tecido,356.65,86.00,98.04,6.22,0
Tecido,354.98,90.62,87.84,5.62,0
Tecido,353.97,90.87,81.57,5.19,0
Tecido,355.90,86.13,93.33,5.30,0
Tecido,357.25,87.90,97.25,5.18,0
Tecido,354.29,90.43,81.96,6.16,0
Tecido,353.62,88.26,83.53,5.66,0
Tecido,356.97,86.17,99.22,5.96,0
Tecido,354.40,90.61,83.53,6.55,0
Tecido,353.72,90.95,82.35,6.28,0
Tecido,356.39,86.40,98.04,8.12,0
Tecido,356.36,89.54,93.73,7.02,0
Tecido,353.94,90.82,81.18,7.06,0
Tecido,354.46,87.44,87.45,8.80,0
Tecido,356.97,86.85,98.43,9.87,0
Tecido,353.94,90.82,81.18,8.40,0
Tecido,353.55,89.86,81.18,8.01,0
Tecido,356.39,86.40,98.04,6.85,0
Tecido,355.38,90.43,90.20,6.14,0
Tecido,354.03,90.95,82.35,6.18,0
Tecido,355.22,86.64,90.98,8.47,0
Tecido,357.25,87.20,98.04,8.44,0
Tecido,353.94,90.82,81.18,7.48,0
Tecido,352.86,89.37,81.18,7.44,0
Tecido,356.41,86.45,98.43,6.96,0
Tecido,354.85,90.41,85.88,9.44,0
Tecido,353.94,90.82,81.18,8.17,0
Tecido,355.90,86.13,93.33,7.44,0
Tecido,356.73,88.71,97.25,6.86,0
Tecido,353.97,90.87,81.57,6.64,0
Tecido,353.65,88.32,83.92,6.18,0
Tecido,356.67,86.40,98.04,5.58,0
Tecido,354.32,90.48,82.35,5.59,0
Tecido,353.90,90.34,81.18,4.82,0
Tecido,356.36,86.29,97.25,4.26,0
Tecido,356.02,89.79,92.16,5.53,0
Tecido,353.94,90.82,81.18,5.21,0
Tecido,354.77,87.05,87.84,5.15,0
Tecido,357.24,86.80,98.04,4.96,0
Tecido,353.94,90.82,81.18,6.02,0
Tecido,353.55,89.86,81.18,6.94,0
Tecido,356.39,86.40,98.04,5.69,0
Tecido,355.27,90.22,88.24,5.14,0
Tecido,353.94,90.82,81.18,5.28,0
Tecido,355.59,86.44,92.55,4.51,0
Tecido,357.27,88.00,98.04,5.30,0
Tecido,353.94,90.82,81.18,5.45,0
Tecido,353.55,88.57,82.35,10.42,0
Tecido,356.41,86.45,98.43,9.97,0
Tecido,354.43,90.65,83.92,8.63,0
Tecido,353.62,90.82,81.18,10.87,0
Tecido,356.30,86.12,96.08,9.33,0
Tecido,356.37,89.21,94.51,10.88,0
Tecido,353.94,90.82,81.18,10.77,0
Tecido,354.35,87.61,85.49,9.11,0
Tecido,357.22,86.40,98.04,8.53,0
Tecido,354.26,90.82,81.18,9.11,0
Tecido,353.58,90.34,81.18,10.60,0
Tecido,356.36,86.29,97.25,10.82,0
Tecido,355.96,90.04,90.59,10.74,0
Tecido,354.26,90.82,81.18,9.72,0
Tecido,354.85,86.84,89.41,9.02,0
Tecido,357.25,87.20,98.04,8.52,0
Tecido,353.94,90.82,81.18,7.16,0
Tecido,353.51,89.37,81.18,6.62,0
Tecido,356.39,86.40,98.04,6.46,0
Tecido,355.22,90.54,87.06,6.49,0
Tecido,353.94,90.82,81.18,6.73,0
Tecido,355.63,86.55,93.33,6.52,0
Tecido,356.71,88.66,96.86,5.38,0
Tecido,353.94,90.82,81.18,4.99,0
Tecido,353.90,88.21,83.14,4.17,0
Tecido,356.67,86.40,98.04,3.77,0
Tecido,354.00,90.91,81.96,4.30,0
Tecido,353.62,90.82,81.18,4.01,0
Tecido,356.29,86.07,95.69,5.32,0
Tecido,356.02,89.79,92.16,5.06,0
Tecido,353.94,90.82,81.18,5.11,0
Tecido,354.46,87.05,87.84,5.38,0
Tecido,357.24,86.80,98.04,5.53,0
Tecido,354.26,90.82,81.18,4.67,0
Tecido,353.23,89.86,81.18,5.12,0
Tecido,356.39,86.40,98.04,5.12,0
Tecido,355.25,90.58,87.45,5.15,0
Tecido,354.26,90.82,81.18,4.59,0
Tecido,355.63,86.55,93.33,3.83,0
Tecido,357.26,88.31,97.25,3.24,0
Tecido,353.94,90.82,81.18,3.31,0
Tecido,353.80,88.04,81.96,4.00,0
Tecido,356.94,86.40,98.04,3.58,0
Tecido,354.35,90.95,82.35,4.16,0
Tecido,353.62,90.82,81.18,5.19,0
Tecido,356.29,86.07,95.69,4.37,0
Tecido,355.96,89.66,90.98,6.61,0
Tecido,354.26,90.82,81.18,6.50,0
Tecido,354.77,87.05,87.84,5.94,0
Tecido,357.25,87.20,98.04,7.02,0
Tecido,354.26,90.82,81.18,6.40,0
Tecido,353.23,89.86,81.18,7.26,0
Tecido,356.39,86.40,98.04,8.30,0
Tecido,355.18,90.45,86.27,8.08,0
Tecido,354.26,90.82,81.18,8.05,0
Tecido,355.54,86.32,91.76,7.46,0
Tecido,357.29,88.40,98.04,6.52,0
Tecido,353.94,90.82,81.18,10.44,0
Tecido,353.90,88.21,83.14,9.19,0
Tecido,356.94,86.40,98.04,8.13,0
Tecido,354.32,90.91,81.96,7.11,0
Tecido,353.62,90.82,81.18,6.46,0
Tecido,356.30,86.12,96.08,6.36,0
Tecido,356.04,89.83,92.55,5.37,0
Tecido,354.26,90.82,81.18,6.15,0
Tecido,354.46,87.44,87.45,5.72,0
Tecido,357.24,86.80,98.04,5.61,0
Tecido,354.26,90.82,81.18,8.38,0
Tecido,353.55,89.86,81.18,10.01,0
Tecido,356.39,86.40,98.04,9.48,0
Tecido,355.27,90.62,87.84,7.97,0
Tecido,354.26,90.82,81.18,8.28,0
Tecido,355.27,86.75,91.76,9.05,0
Tecido,357.01,88.40,98.04,8.18,0
Tecido,354.26,90.82,81.18,7.31,0
Tecido,353.84,88.52,81.96,9.53,0
Tecido,356.94,86.40,98.04,8.27,0
Tecido,354.35,90.95,82.35,7.90,0
Tecido,353.62,90.82,81.18,6.53,0
Tecido,356.34,86.23,96.86,9.19,0
Tecido,356.30,89.41,92.55,8.02,0
Tecido,353.94,90.82,81.18,8.31,0
Tecido,354.74,87.00,87.45,7.95,0
Tecido,357.24,86.80,98.04,7.76,0
Tecido,354.26,90.82,81.18,8.56,0
Tecido,353.55,89.86,81.18,8.55,0
Tecido,356.39,86.40,98.04,8.22,0
Tecido,354.98,90.62,87.84,7.02,0
Tecido,353.94,90.82,81.18,6.44,0
Tecido,355.57,86.38,92.16,6.13,0
Tecido,357.01,88.40,98.04,5.19,0
Tecido,354.26,90.82,81.18,6.54,0
Tecido,353.77,87.98,81.57,6.52,0
Tecido,356.67,86.40,98.04,5.67,0
Tecido,354.03,90.95,82.35,5.12,0
Tecido,353.62,90.82,81.18,4.73,0
Tecido,356.30,86.12,96.08,5.37,0
Tecido,356.27,89.32,91.76,5.05,0
Tecido,354.26,90.82,81.18,5.99,0
Tecido,355.08,87.05,87.84,5.80,0
Tecido,357.24,86.80,98.04,5.09,0
Tecido,354.26,90.82,81.18,5.07,0
Tecido,353.55,89.86,81.18,4.77,0
Tecido,356.39,86.40,98.04,4.24,0
Tecido,355.29,90.67,88.24,3.58,0
Tecido,354.26,90.82,81.18,3.98,0
Tecido,355.27,86.75,91.76,3.94,0
Tecido,356.99,88.31,97.25,4.03,0
Tecido,354.26,90.82,81.18,4.65,0
Tecido,353.80,88.46,81.57,5.00,0
Tecido,356.67,86.40,98.04,4.27,0
Tecido,354.63,90.48,82.35,4.03,0
Tecido,353.94,90.82,81.18,3.83,0
Tecido,355.98,86.36,94.90,4.23,0
Tecido,356.06,89.50,93.33,6.69,0
Tecido,354.26,90.82,81.18,8.01,0
Tecido,354.40,87.73,86.27,7.72,0
Tecido,357.24,86.80,98.04,6.97,0
Tecido,354.26,90.82,81.18,6.42,0
Tecido,353.26,90.34,81.18,5.70,0
Tecido,356.39,86.40,98.04,5.08,0
Tecido,355.29,90.67,88.24,4.31,0
Tecido,353.94,90.82,81.18,4.36,0
Tecido,355.57,86.75,91.76,4.51,0
Tecido,357.27,88.00,98.04,4.37,0
Tecido,353.94,90.82,81.18,5.06,0
Tecido,353.80,88.46,81.57,4.57,0
Tecido,356.67,86.40,98.04,4.97,0
Tecido,354.46,91.12,83.92,4.70,0
Tecido,353.62,90.82,81.18,5.18,0
Tecido,356.20,85.77,93.73,6.60,0
Tecido,356.07,89.54,93.73,5.85,0
Tecido,354.26,90.82,81.18,6.01,0
Tecido,354.32,87.56,85.10,8.06,0
Tecido,357.50,86.40,98.04,7.07,0
Tecido,354.26,90.82,81.18,5.92,0
Tecido,353.58,90.34,81.18,5.09,0
Tecido,356.36,86.29,97.25,6.44,0
Tecido,355.61,90.31,89.02,5.40,0
Tecido,354.26,90.82,81.18,5.20,0
Tecido,355.50,86.58,90.59,5.01,0
Tecido,357.26,87.60,98.04,5.09,0
Tecido,354.26,90.82,81.18,5.54,0
Tecido,353.80,88.89,81.18,5.14,0
Tecido,356.94,86.40,98.04,5.11,0
Tecido,354.72,91.04,83.14,6.56,0
Tecido,354.29,91.30,81.18,8.80,0
Tecido,356.14,86.32,91.76,12.56,0
Tecido,356.89,89.08,93.33,10.39,0
Tecido,354.29,91.30,81.18,10.67,0
Tecido,354.22,88.21,83.14,9.10,0
Tecido,357.21,86.69,97.25,8.29,0
Tecido,354.29,91.30,81.18,7.94,0
Tecido,353.62,90.82,81.18,7.17,0
Tecido,356.59,86.48,95.69,7.01,0
Tecido,355.54,90.58,87.45,7.36,0
Tecido,353.97,91.30,81.18,6.27,0
Tecido,355.38,86.67,88.24,6.54,0
Tecido,357.21,87.76,96.08,5.77,0
Tecido,354.29,91.30,81.18,4.83,0
Tecido,353.51,89.37,81.18,4.07,0
Tecido,356.92,86.64,96.86,3.55,0
Tecido,354.29,91.30,81.18,3.44,0
Tecido,353.68,91.79,81.18,3.37,0
Tecido,355.92,86.55,93.33,3.18,0
Tecido,356.50,89.18,90.59,3.28,0
Tecido,354.29,91.30,81.18,3.41,0
Tecido,354.29,87.91,84.31,5.36,0
Tecido,357.49,87.04,96.86,5.83,0
Tecido,354.29,91.30,81.18,6.32,0
Tecido,353.30,90.82,81.18,6.71,0
Tecido,356.59,86.48,95.69,9.12,0
Tecido,355.15,90.83,85.49,8.29,0
Tecido,354.00,91.79,81.18,7.49,0
Tecido,355.78,86.52,90.20,8.36,0
Tecido,356.94,88.52,95.69,6.98,0
Tecido,354.00,91.79,81.18,6.61,0
Tecido,353.48,88.89,81.18,5.55,0
Tecido,356.96,86.80,98.04,4.89,0
Tecido,354.29,91.30,81.18,6.80,0
Tecido,353.65,91.30,81.18,6.58,0
Tecido,356.50,86.19,93.73,8.05,0
Tecido,356.18,89.87,89.02,6.72,0
Tecido,354.29,91.30,81.18,5.98,0
Tecido,354.72,87.73,86.27,7.02,0
Tecido,357.24,87.50,97.25,6.76,0
Tecido,354.29,91.30,81.18,6.14,0
Tecido,352.98,90.82,81.18,6.54,0
Tecido,356.92,86.29,97.25,8.51,0
Tecido,354.72,91.04,83.14,8.53,0
Tecido,354.29,91.30,81.18,7.07,0
Tecido,355.90,86.86,92.55,6.64,0
Tecido,356.89,89.08,93.33,6.13,0
Tecido,354.00,91.79,81.18,6.89,0
Tecido,354.13,88.04,81.96,6.11,0
Tecido,357.51,86.80,98.04,5.88,0
Tecido,354.29,91.30,81.18,5.31,0
Tecido,353.33,91.30,81.18,4.33,0
Tecido,356.56,86.36,94.90,3.97,0
Tecido,355.52,90.54,87.06,4.25,0
Tecido,354.29,91.30,81.18,4.77,0
Tecido,355.15,87.22,89.02,4.79,0
Tecido,357.55,88.00,98.04,4.80,0
Tecido,354.29,91.30,81.18,4.61,0
Tecido,353.51,89.37,81.18,4.48,0
Tecido,356.92,86.64,96.86,5.36,0
Tecido,354.29,91.30,81.18,5.33,0
Tecido,353.68,91.79,81.18,7.15,0
Tecido,356.21,86.55,93.33,8.59,0
Tecido,356.25,89.66,90.98,8.65,0
Tecido,354.60,91.30,81.18,8.03,0
Tecido,354.66,87.21,85.88,8.26,0
Tecido,357.24,87.50,97.25,8.36,0
Tecido,354.29,91.30,81.18,8.74,0
Tecido,353.26,90.34,81.18,8.20,0
Tecido,356.54,86.31,94.51,7.43,0
Tecido,354.74,91.08,83.53,6.26,0
Tecido,353.97,91.30,81.18,5.56,0
Tecido,355.86,86.75,91.76,5.55,0
Tecido,356.59,89.03,92.94,5.25,0
Tecido,354.00,91.79,81.18,5.39,0
Tecido,354.16,88.10,82.35,5.13,0
Tecido,357.51,86.80,98.04,4.58,0
Tecido,354.29,91.30,81.18,3.90,0
Tecido,353.30,90.82,81.18,3.57,0
Tecido,356.83,85.95,94.90,2.91,0
Tecido,355.18,90.87,85.88,2.38,0
Tecido,354.29,91.30,81.18,3.01,0
Tecido,355.52,87.01,90.59,3.13,0
Tecido,356.94,88.52,95.69,3.27,0
Tecido,354.29,91.30,81.18,4.75,0
Tecido,353.48,88.89,81.18,5.30,0
Tecido,356.93,86.69,97.25,6.57,0
Tecido,354.29,91.30,81.18,6.41,0
Tecido,353.65,91.30,81.18,7.75,0
Tecido,356.50,86.19,93.73,8.14,0
Tecido,355.54,90.18,87.84,8.21,0
Tecido,354.29,91.30,81.18,6.85,0
Tecido,354.87,87.67,89.02,5.73,0
Tecido,357.51,87.50,97.25,5.92,0
Tecido,353.97,91.30,81.18,6.81,0
Tecido,353.23,89.86,81.18,6.74,0
Tecido,356.65,86.69,97.25,5.78,0
Tecido,354.63,90.91,81.96,4.83,0
Tecido,353.97,91.30,81.18,4.01,0
Tecido,356.21,86.55,93.33,3.74,0
Tecido,356.56,89.32,91.76,3.58,0
Tecido,354.29,91.30,81.18,3.24,0
Tecido,354.66,87.61,85.49,3.24,0
Tecido,357.25,87.20,98.04,3.48,0
Tecido,354.29,91.30,81.18,3.88,0
Tecido,353.58,90.34,81.18,3.74,0
Tecido,356.62,86.23,96.86,3.61,0
Tecido,355.13,90.78,85.10,3.12,0
Tecido,354.29,91.30,81.18,4.04,0
Tecido,355.57,86.75,91.76,3.74,0
Tecido,357.18,88.38,94.51,4.78,0
Tecido,354.29,91.30,81.18,4.59,0
Tecido,353.84,88.52,81.96,4.53,0
Tecido,357.24,86.80,98.04,4.85,0
Tecido,354.29,91.30,81.18,4.76,0
Tecido,353.33,91.30,81.18,4.43,0
Tecido,356.59,86.48,95.69,3.81,0
Tecido,355.57,90.62,87.84,3.30,0
Tecido,354.00,91.79,81.18,3.09,0
Tecido,355.10,87.11,88.24,3.37,0
Tecido,357.52,87.90,97.25,3.36,0
Tecido,354.29,91.30,81.18,3.43,0
Tecido,353.51,89.37,81.18,4.15,0
Tecido,356.96,86.80,98.04,4.19,0
Tecido,354.32,91.35,81.57,5.02,0
Tecido,353.97,91.30,81.18,5.27,0
Tecido,355.92,86.55,93.33,7.96,0
Tecido,356.23,89.61,90.59,7.91,0
Tecido,353.97,91.30,81.18,6.97,0
Tecido,354.69,87.67,85.88,6.07,0
Tecido,357.50,87.10,97.25,5.85,0
Tecido,354.29,91.30,81.18,5.23,0
Tecido,353.26,90.34,81.18,5.68,0
Tecido,356.68,86.80,98.04,5.41,0
Tecido,355.08,90.70,84.31,4.79,0
Tecido,353.97,91.30,81.18,4.24,0
Tecido,355.86,86.75,91.76,4.08,0
Tecido,357.20,88.80,94.51,4.42,0
Tecido,354.29,91.30,81.18,4.34,0
Tecido,354.16,88.10,82.35,4.25,0
Tecido,357.24,86.80,98.04,7.01,0
Tecido,354.00,91.79,81.18,8.02,0
Tecido,353.62,90.82,81.18,8.13,0
Tecido,356.32,86.53,96.08,8.04,0
Tecido,355.54,90.58,87.45,8.51,0
Tecido,354.29,91.30,81.18,10.87,0
Tecido,354.85,87.22,89.02,10.30,0
Tecido,357.52,87.90,97.25,13.40,0
Tecido,354.29,91.30,81.18,15.82,0
Tecido,353.51,89.37,81.18,15.91,0
Tecido,356.93,86.69,97.25,15.53,0
Tecido,354.57,90.82,81.18,13.30,0
Tecido,353.97,91.30,81.18,11.46,0
Tecido,356.21,86.55,93.33,9.73,0
Tecido,356.52,89.22,90.98,8.58,0
Tecido,354.29,91.30,81.18,8.23,0
Tecido,354.72,87.73,86.27,7.22,0
Tecido,357.77,86.69,97.25,6.30,0
Tecido,353.97,91.30,81.18,6.17,0
Tecido,353.58,90.34,81.18,5.38,0
Tecido,356.92,86.29,97.25,5.59,0
Tecido,355.15,90.83,85.49,7.84,0
Tecido,354.00,91.79,81.18,8.29,0
Tecido,355.80,86.58,90.59,7.38,0
Tecido,357.16,88.28,93.73,8.71,0
Tecido,354.29,91.30,81.18,7.73,0
Tecido,353.51,88.94,81.57,7.03,0
Tecido,357.21,86.69,97.25,6.60,0
Tecido,354.29,91.30,81.18,6.87,0
Tecido,353.33,91.30,81.18,7.89,0
Tecido,356.54,86.31,94.51,7.56,0
Tecido,355.90,90.31,89.02,7.55,0
Tecido,354.29,91.30,81.18,6.50,0
Tecido,355.08,87.05,87.84,6.11,0
Tecido,357.50,87.45,96.86,7.08,0
Tecido,354.29,91.30,81.18,6.38,0
Tecido,353.23,89.86,81.18,5.56,0
Tecido,356.94,86.40,98.04,5.45,0
Tecido,354.63,90.91,81.96,5.58,0
Tecido,353.97,91.30,81.18,7.86,0
Tecido,356.20,86.13,93.33,12.19,0
Tecido,356.56,89.32,91.76,11.92,0
Tecido,354.29,91.30,81.18,11.49,0
Tecido,354.26,87.44,84.31,10.62,0
Tecido,357.25,87.20,98.04,9.62,0
Tecido,354.29,91.30,81.18,9.29,0
Tecido,353.30,90.82,81.18,8.13,0
Tecido,356.90,86.23,96.86,9.45,0
Tecido,355.15,90.83,85.49,12.43,0
Tecido,354.00,91.79,81.18,12.57,0
Tecido,355.78,86.52,90.20,15.65,0
Tecido,356.93,88.84,94.90,14.93,0
Tecido,354.29,91.30,81.18,14.29,0
Tecido,353.51,88.94,81.57,16.25,0
Tecido,357.21,86.69,97.25,13.84,0
Tecido,354.29,91.30,81.18,13.52,0
Tecido,353.65,91.30,81.18,11.09,0
Tecido,356.27,86.72,94.51,10.06,0
Tecido,356.18,89.87,89.02,8.98,0
Tecido,354.29,91.30,81.18,8.99,0
Tecido,355.08,87.44,87.45,9.31,0
Tecido,357.51,87.50,97.25,8.68,0
Tecido,354.29,91.30,81.18,7.51,0
Tecido,353.26,90.34,81.18,6.48,0
Tecido,356.60,86.53,96.08,5.98,0
Tecido,354.72,91.04,83.14,10.48,0
Tecido,353.68,91.79,81.18,8.95,0
Tecido,356.16,86.38,92.16,7.93,0
Tecido,356.89,89.08,93.33,8.49,0
Tecido,354.29,91.30,81.18,7.57,0
Tecido,353.87,88.57,82.35,7.81,0
Tecido,357.17,86.53,96.08,7.50,0
Tecido,354.00,91.79,81.18,6.50,0
Tecido,353.33,91.30,81.18,6.42,0
Tecido,356.56,86.36,94.90,5.58,0
Tecido,355.22,90.54,87.06,7.81,0
Tecido,354.29,91.30,81.18,7.48,0
Tecido,355.10,87.11,88.24,6.82,0
Tecido,357.52,87.90,97.25,6.70,0
Tecido,354.32,91.79,81.18,6.96,0
Tecido,353.51,89.37,81.18,6.18,0
Tecido,356.87,86.48,95.69,5.40,0
Tecido,354.29,91.30,81.18,4.92,0
Tecido,353.68,91.79,81.18,5.06,0
Tecido,356.21,86.55,93.33,6.94,0
Tecido,356.23,89.61,90.59,6.01,0
Tecido,354.29,91.30,81.18,5.71,0
Tecido,354.63,87.56,85.10,6.25,0
Tecido,357.22,87.10,97.25,7.86,0
Tecido,354.00,91.79,81.18,8.28,0
Tecido,353.58,90.34,81.18,8.32,0
Tecido,356.64,86.64,96.86,10.89,0
Tecido,354.80,91.16,84.31,9.28,0
Tecido,354.00,91.79,81.18,9.40,0
Tecido,355.80,86.58,90.59,11.68,0
Tecido,357.17,88.70,93.73,9.72,0
Tecido,354.29,91.30,81.18,8.35,0
Tecido,353.77,88.41,81.18,7.47,0
Tecido,357.21,86.69,97.25,6.33,0
Tecido,354.29,91.30,81.18,5.93,0
Tecido,353.33,91.30,81.18,5.14,0
Tecido,356.50,86.19,93.73,4.57,0
Tecido,355.82,90.13,87.45,3.78,0
Tecido,354.00,91.79,81.18,3.95,0
Tecido,355.08,87.05,87.84,4.10,0
Tecido,357.52,87.90,97.25,4.90,0
Tecido,354.00,91.79,81.18,5.49,0
Tecido,353.23,89.86,81.18,5.25,0
Tecido,356.87,86.48,95.69,4.51,0
Tecido,354.35,91.39,81.96,4.08,0
Tecido,353.97,91.30,81.18,3.87,0
Tecido,356.21,86.55,93.33,3.17,0
Tecido,182.22,18.62,56.86,0.81,0
Tecido,187.06,23.45,56.86,1.38,0
Tecido,188.82,23.45,56.86,2.19,0
Tecido,182.07,20.00,56.86,2.60,0
Tecido,182.31,17.93,56.86,2.98,0
Tecido,184.14,20.00,56.86,2.95,0
Tecido,186.86,24.14,56.86,3.27,0
Tecido,188.82,23.45,56.86,3.13,0
Tecido,188.82,23.45,56.86,3.20,0
Tecido,190.29,24.14,56.86,3.03,0
Tecido,182.14,19.31,56.86,3.08,0
Tecido,182.40,17.24,56.86,3.26,0
Tecido,182.50,16.55,56.86,3.19,0
Tecido,182.14,19.31,56.86,3.16,0
Tecido,185.62,22.07,56.86,3.39,0
Tecido,188.57,24.14,56.86,2.96,0
Tecido,190.29,24.14,56.86,2.68,0
Tecido,188.57,24.14,56.86,2.89,0
Tecido,182.14,19.31,56.86,2.79,0
Tecido,182.22,18.62,56.86,2.78,0
Tecido,182.40,17.24,56.86,3.17,0
Tecido,183.87,21.38,56.86,3.70,0
Tecido,190.91,22.76,56.86,3.43,0
Tecido,190.29,24.14,56.86,3.63,0
Tecido,190.59,23.45,56.86,3.39,0
Tecido,187.06,23.45,56.86,3.43,0
Tecido,185.29,23.45,56.86,3.04,0
Tecido,183.87,21.38,56.86,2.62,0
Tecido,182.22,18.62,56.86,2.59,0
Tecido,182.31,17.93,56.86,2.28,0
Tecido,182.40,17.24,56.86,2.11,0
Tecido,184.29,19.31,56.86,1.99,0
Tecido,188.57,24.14,56.86,1.91,0
Tecido,188.57,24.14,56.86,2.31,0
Tecido,188.57,24.14,56.86,2.00,0
Tecido,188.82,23.45,56.86,2.51,0
Tecido,182.14,19.31,56.86,2.50,0
Tecido,182.31,17.93,56.86,2.73,0
Tecido,184.29,19.31,56.86,2.63,0
Tecido,186.86,24.14,56.86,2.54,0
Tecido,190.29,24.14,56.86,2.71,0
Tecido,190.59,23.45,56.86,3.23,0
Tecido,182.14,19.31,56.86,3.19,0
Tecido,182.50,16.55,56.86,2.93,0
Tecido,183.87,21.38,56.86,2.69,0
Tecido,190.29,24.14,56.86,2.35,0
Tecido,186.86,24.14,56.86,2.41,0
Tecido,187.06,23.45,56.86,2.54,0
Tecido,184.14,20.00,56.86,3.43,0
Tecido,182.22,18.62,56.86,2.92,0
Tecido,182.50,16.55,56.86,2.41,0
Tecido,182.50,16.55,56.86,3.21,0
Tecido,187.06,23.45,56.86,3.37,0
Tecido,190.29,24.14,56.86,3.70,0
Tecido,190.29,24.14,56.86,4.31,0
Tecido,190.29,24.14,56.86,4.16,0
Tecido,190.29,24.14,56.86,3.76,0
Tecido,183.75,22.07,56.86,4.23,0
Tecido,182.14,19.31,56.86,4.81,0
Tecido,182.31,17.93,56.86,4.43,0
Tecido,187.27,22.76,56.86,4.60,0
Tecido,190.29,24.14,56.86,3.91,0
Tecido,190.29,24.14,56.86,3.54,0
Tecido,190.29,24.14,56.86,3.79,0
Tecido,188.82,23.45,56.86,3.62,0
Tecido,182.31,17.93,56.86,3.56,0
Tecido,182.50,16.55,56.86,3.61,0
Tecido,182.22,18.62,56.86,3.80,0
Tecido,187.06,23.45,56.86,3.41,0
Tecido,190.29,24.14,56.86,3.32,0
Tecido,188.57,24.14,56.86,3.17,0
Tecido,190.59,23.45,56.86,3.53,0
Tecido,184.00,20.69,56.86,3.17,0
Tecido,182.22,18.62,56.86,3.53,0
Tecido,182.50,16.55,56.86,3.45,0
Tecido,184.14,20.00,56.86,4.01,0
Tecido,190.00,24.83,56.86,4.17,0
Tecido,190.29,24.14,56.86,4.17,0
Tecido,190.29,24.14,56.86,3.95,0
Tecido,183.75,22.07,56.86,3.64,0
Tecido,182.22,18.62,56.86,3.43,0
Tecido,182.50,16.55,56.86,3.57,0
Tecido,187.27,22.76,56.86,3.98,0
Tecido,190.29,24.14,56.86,3.71,0
Tecido,190.59,23.45,56.86,3.47,0
Tecido,188.82,23.45,56.86,3.31,0
Tecido,185.45,22.76,56.86,3.22,0
Tecido,182.50,16.55,56.86,3.31,0
Tecido,182.50,16.55,56.86,3.21,0
Tecido,182.22,18.62,56.86,2.93,0
Tecido,185.62,22.07,56.86,3.30,0
Tecido,188.82,23.45,56.86,3.07,0
Tecido,188.57,24.14,56.86,2.82,0
Tecido,190.59,23.45,56.86,2.66,0
Tecido,188.82,23.45,56.86,2.44,0
Tecido,182.14,19.31,56.86,2.24,0
Tecido,182.40,17.24,56.86,2.45,0
Tecido,184.00,20.69,56.86,2.14,0
Tecido,188.82,23.45,56.86,2.33,0
Tecido,188.82,23.45,56.86,2.59,0
Tecido,190.29,24.14,56.86,2.58,0
Tecido,190.29,24.14,56.86,2.58,0
Tecido,181.94,21.38,56.86,2.51,0
Tecido,182.22,18.62,56.86,2.47,0
Tecido,182.50,16.55,56.86,2.53,0
Tecido,182.07,20.00,56.86,2.13,0
Tecido,188.57,24.14,56.86,1.87,0
Tecido,190.59,23.45,56.86,1.87,0
Tecido,186.86,24.14,56.86,1.78,0
Tecido,187.06,23.45,56.86,2.60,0
Tecido,182.14,19.31,56.86,2.64,0
Tecido,182.31,17.93,56.86,2.43,0
Tecido,182.31,17.93,56.86,2.49,0
Tecido,185.62,22.07,56.86,2.48,0
Tecido,190.29,24.14,56.86,2.49,0
Tecido,188.57,24.14,56.86,2.59,0
Tecido,188.57,24.14,56.86,2.54,0
Tecido,190.91,22.76,56.86,2.46,0
Tecido,182.22,18.62,56.86,2.42,0
Tecido,182.31,17.93,56.86,2.67,0
Tecido,182.31,17.93,56.86,3.23,0
Tecido,186.00,20.69,56.86,3.11,0
Tecido,190.29,24.14,56.86,2.74,0
Tecido,190.59,23.45,56.86,2.85,0
Tecido,190.59,23.45,56.86,3.83,0
Tecido,190.59,23.45,56.86,3.67,0
Tecido,182.07,20.00,56.86,4.61,0
Tecido,182.22,18.62,56.86,3.86,0
Tecido,182.31,17.93,56.86,3.43,0
Tecido,182.40,17.24,56.86,3.32,0
Tecido,190.91,22.76,56.86,3.37,0
Tecido,188.57,24.14,56.86,3.22,0
Tecido,188.82,23.45,56.86,3.25,0
Tecido,190.29,24.14,56.86,2.99,0
Tecido,187.06,23.45,56.86,3.20,0
Tecido,185.81,21.38,56.86,3.08,0
Tecido,182.22,18.62,56.86,3.18,0
Tecido,182.50,16.55,56.86,3.11,0
Tecido,184.14,20.00,56.86,3.49,0
Tecido,188.82,23.45,56.86,2.98,0
Tecido,188.57,24.14,56.86,2.75,0
Tecido,190.59,23.45,56.86,2.36,0
Tecido,190.29,24.14,56.86,2.30,0
Tecido,190.29,24.14,56.86,2.16,0
Tecido,185.45,22.76,56.86,1.93,0
Tecido,182.22,18.62,56.86,2.53,0
Tecido,182.50,16.55,56.86,2.35,0
Tecido,182.40,17.24,56.86,2.25,0
Tecido,182.14,19.31,56.86,2.06,0
Tecido,185.62,22.07,56.86,2.14,0
Tecido,186.67,24.83,56.86,2.22,0
Tecido,188.82,23.45,56.86,2.75,0
Tecido,185.29,23.45,56.86,3.13,0
Tecido,182.14,19.31,56.86,3.11,0
Tecido,182.14,19.31,56.86,2.96,0
Tecido,182.50,16.55,56.86,2.92,0
Tecido,186.21,20.00,56.86,3.37,0
Tecido,190.59,23.45,56.86,2.94,0
Tecido,190.59,23.45,56.86,2.82,0
Tecido,190.29,24.14,56.86,2.98,0
Tecido,190.59,23.45,56.86,2.80,0
Tecido,182.07,20.00,56.86,2.50,0
Tecido,182.14,19.31,56.86,2.56,0
Tecido,182.50,16.55,56.86,2.39,0
Tecido,182.07,20.00,56.86,2.45,0
Tecido,187.27,22.76,56.86,2.20,0
Tecido,186.86,24.14,56.86,2.03,0
Tecido,186.86,24.14,56.86,2.50,0
Tecido,190.29,24.14,56.86,2.58,0
Tecido,187.74,21.38,56.86,2.47,0
Tecido,182.14,19.31,56.86,3.09,0
Tecido,182.31,17.93,56.86,4.88,0
Tecido,184.29,19.31,56.86,5.76,0
Tecido,183.75,22.07,56.86,5.88,0
Tecido,190.29,24.14,56.86,4.95,0
Tecido,190.59,23.45,56.86,4.63,0
Tecido,190.29,24.14,56.86,4.45,0
Tecido,187.27,22.76,56.86,4.49,0
Tecido,182.31,17.93,56.86,4.01,0
Tecido,182.40,17.24,56.86,3.56,0
Tecido,182.31,17.93,56.86,3.38,0
Tecido,183.87,21.38,56.86,3.10,0
Tecido,187.27,22.76,56.86,2.95,0
Tecido,190.00,24.83,56.86,3.15,0
Tecido,190.29,24.14,56.86,3.61,0
Tecido,190.59,23.45,56.86,5.08,0
Tecido,188.00,20.69,56.86,5.06,0
Tecido,182.22,18.62,56.86,5.05,0
Tecido,182.31,17.93,56.86,4.97,0
Tecido,182.07,20.00,56.86,4.22,0
Tecido,189.09,22.76,56.86,3.56,0
Tecido,188.57,24.14,56.86,3.73,0
Tecido,188.57,24.14,56.86,3.24,0
Tecido,183.75,22.07,56.86,3.42,0
Tecido,184.29,19.31,56.86,3.25,0
Tecido,182.40,17.24,56.86,3.36,0
Tecido,182.14,19.31,56.86,3.29,0
Tecido,187.27,22.76,56.86,3.96,0
Tecido,186.86,24.14,56.86,4.01,0
Tecido,188.57,24.14,56.86,4.00,0
Tecido,191.25,22.07,56.86,3.48,0
Tecido,182.07,20.00,56.86,3.30,0
Tecido,182.22,18.62,56.86,2.97,0
Tecido,182.22,18.62,56.86,2.73,0
Tecido,183.87,21.38,56.86,2.35,0
Tecido,188.82,23.45,56.86,2.21,0
Tecido,190.29,24.14,56.86,2.31,0
Tecido,187.06,23.45,56.86,2.17,0
Tecido,184.14,20.00,56.86,2.59,0
Tecido,182.22,18.62,56.86,3.66,0
Tecido,182.31,17.93,56.86,4.28,0
Tecido,182.00,20.69,56.86,3.58,0
Tecido,190.59,23.45,56.86,3.60,0
Tecido,190.59,23.45,56.86,3.18,0
Tecido,188.57,24.14,56.86,3.20,0
Tecido,183.75,22.07,56.86,3.23,0
Tecido,182.14,19.31,56.86,3.01,0
Tecido,182.31,17.93,56.86,2.92,0
Tecido,182.31,17.93,56.86,3.30,0
Tecido,182.14,19.31,56.86,3.30,0
Tecido,188.57,24.14,56.86,3.10,0
Tecido,190.59,23.45,56.86,3.18,0
Tecido,190.59,23.45,56.86,3.44,0
Tecido,190.59,23.45,56.86,4.18,0
Tecido,187.06,23.45,56.86,3.79,0
Tecido,182.07,20.00,56.86,3.48,0
Tecido,182.22,18.62,56.86,3.43,0
Tecido,182.31,17.93,56.86,3.00,0
Tecido,189.09,22.76,56.86,3.14,0
Tecido,190.00,24.83,56.86,2.67,0
Tecido,190.29,24.14,56.86,3.11,0
Tecido,190.00,24.83,56.86,2.84,0
Tecido,190.29,24.14,56.86,3.78,0
Tecido,181.94,21.38,56.86,4.61,0
Tecido,182.14,19.31,56.86,4.58,0
Tecido,182.22,18.62,56.86,3.89,0
Tecido,182.14,19.31,56.86,3.58,0
Tecido,187.27,22.76,56.86,3.14,0
Tecido,188.57,24.14,56.86,2.59,0
Tecido,190.29,24.14,56.86,2.36,0
Tecido,190.29,24.14,56.86,2.33,0
Tecido,182.14,19.31,56.86,2.25,0
Tecido,182.31,17.93,56.86,2.23,0
Tecido,182.40,17.24,56.86,2.98,0
Tecido,185.81,21.38,56.86,3.24,0
Tecido,190.59,23.45,56.86,2.86,0
Tecido,190.29,24.14,56.86,2.44,0
Tecido,190.29,24.14,56.86,2.95,0
Tecido,190.29,24.14,56.86,3.16,0
Tecido,188.57,24.14,56.86,3.13,0
Tecido,184.29,19.31,56.86,2.72,0
Tecido,182.22,18.62,56.86,2.50,0
Tecido,182.31,17.93,56.86,2.33,0
Tecido,182.31,17.93,56.86,2.26,0
Tecido,182.07,20.00,56.86,2.32,0
Tecido,188.57,24.14,56.86,2.27,0
Tecido,190.29,24.14,56.86,3.74,0
Tecido,186.86,24.14,56.86,3.56,0
Tecido,182.00,20.69,56.86,3.18,0
Tecido,182.31,17.93,56.86,3.56,0
Tecido,182.50,16.55,56.86,3.10,0
Tecido,189.09,22.76,56.86,2.82,0
Tecido,190.29,24.14,56.86,2.91,0
Tecido,190.00,24.83,56.86,3.16,0
Tecido,183.87,21.38,56.86,3.11,0
Tecido,182.14,19.31,56.86,3.23,0
Tecido,182.14,19.31,56.86,2.75,0
Tecido,182.50,16.55,56.86,3.55,0
Tecido,182.14,19.31,56.86,3.79,0
Tecido,183.75,22.07,56.86,4.44,0
Tecido,190.29,24.14,56.86,3.98,0
Tecido,188.82,23.45,56.86,3.48,0
Tecido,186.67,24.83,56.86,3.36,0
Tecido,187.06,23.45,56.86,3.39,0
Tecido,184.14,20.00,56.86,3.06,0
Tecido,182.31,17.93,56.86,3.26,0
Tecido,182.50,16.55,56.86,2.95,0
Tecido,182.31,17.93,56.86,2.95,0
Tecido,186.00,20.69,56.86,2.48,0
Tecido,188.33,24.83,56.86,2.26,0
Tecido,187.06,23.45,56.86,2.00,0
Tecido,183.87,21.38,56.86,2.52,0
Tecido,182.14,19.31,56.86,2.55,0
Tecido,182.50,16.55,56.86,3.02,0
Tecido,182.40,17.24,56.86,3.44,0
Tecido,187.50,22.07,56.86,3.22,0
Tecido,188.57,24.14,56.86,3.11,0
Tecido,186.86,24.14,56.86,2.88,0
Tecido,187.27,22.76,56.86,2.60,0
Tecido,184.14,20.00,56.86,2.30,0
Tecido,182.31,17.93,56.86,2.12,0
Tecido,182.31,17.93,56.86,2.00,0
Tecido,181.94,21.38,56.86,1.88,0
Tecido,187.06,23.45,56.86,1.92,0
Tecido,190.59,23.45,56.86,2.05,0
Tecido,190.29,24.14,56.86,2.34,0
Tecido,188.82,23.45,56.86,2.54,0
Tecido,188.82,23.45,56.86,2.94,0
Tecido,185.81,21.38,56.86,3.35,0
Tecido,182.14,19.31,56.86,3.70,0
Tecido,182.50,16.55,56.86,3.22,0
Tecido,182.14,19.31,56.86,2.82,0
Tecido,185.62,22.07,56.86,3.23,0
Tecido,190.29,24.14,56.86,3.30,0
Tecido,190.00,24.83,56.86,2.80,0
Tecido,188.82,23.45,56.86,2.73,0
Tecido,185.45,22.76,56.86,2.66,0
Tecido,182.14,19.31,56.86,2.64,0
Tecido,182.31,17.93,56.86,2.56,0
Tecido,182.50,16.55,56.86,2.56,0
Tecido,182.22,18.62,56.86,2.42,0
Tecido,184.00,20.69,56.86,2.55,0
Tecido,189.09,22.76,56.86,2.85,0
Tecido,190.29,24.14,56.86,2.44,0
Tecido,190.29,24.14,56.86,2.55,0
Tecido,182.14,19.31,56.86,2.77,0
Tecido,182.31,17.93,56.86,2.92,0
Tecido,182.50,16.55,56.86,2.90,0
Tecido,184.29,19.31,56.86,2.48,0
Tecido,187.50,22.07,56.86,2.15,0
Tecido,190.59,23.45,56.86,1.87,0
Tecido,190.29,24.14,56.86,1.93,0
Tecido,187.27,22.76,56.86,2.73,0
Tecido,182.22,18.62,56.86,2.57,0
Tecido,182.50,16.55,56.86,2.40,0
Tecido,182.22,18.62,56.86,2.38,0
Tecido,190.59,23.45,56.86,3.09,0
Tecido,190.29,24.14,56.86,5.28,0
Tecido,190.59,23.45,56.86,4.44,0
Tecido,181.94,21.38,56.86,3.77,0
Tecido,182.22,18.62,56.86,4.48,0
Tecido,182.31,17.93,56.86,4.61,0
Tecido,182.31,17.93,56.86,4.15,0
Tecido,189.09,22.76,56.86,4.47,0
Tecido,190.29,24.14,56.86,4.03,0
Tecido,190.59,23.45,56.86,3.73,0
Tecido,181.87,22.07,56.86,3.14,0
Tecido,182.14,19.31,56.86,2.96,0
Tecido,182.50,16.55,56.86,2.58,0
Tecido,182.50,16.55,56.86,2.64,0
Tecido,182.14,19.31,56.86,3.04,0
Tecido,185.62,22.07,56.86,2.91,0
Tecido,190.29,24.14,56.86,3.29,0
Tecido,188.82,23.45,56.86,3.39,0
Tecido,188.57,24.14,56.86,3.05,0
Tecido,190.59,23.45,56.86,3.79,0
Tecido,182.07,20.00,56.86,4.24,0
Tecido,182.31,17.93,56.86,4.26,0
Tecido,182.50,16.55,56.86,4.46,0
Tecido,183.87,21.38,56.86,4.82,0
Tecido,189.09,22.92,56.47,4.56,0
Tecido,190.59,23.45,56.86,3.91,0
Tecido,188.82,23.45,56.86,3.89,0
Tecido,181.94,21.38,56.86,4.01,0
Tecido,182.31,17.93,56.86,4.22,0
Tecido,182.40,17.24,56.86,3.72,0
Tecido,182.40,17.24,56.86,4.08,0
Tecido,190.91,22.76,56.86,4.49,0
Tecido,190.29,24.14,56.86,3.91,0
Tecido,190.59,23.45,56.86,3.50,0
Tecido,182.14,19.31,56.86,3.29,0
Tecido,182.40,17.24,56.86,3.50,0
Tecido,182.40,17.24,56.86,3.97,0
Tecido,187.27,22.76,56.86,3.66,0
Tecido,188.33,24.83,56.86,3.30,0
Tecido,190.00,24.83,56.86,2.90,0
Tecido,190.29,24.14,56.86,3.15,0
Tecido,182.14,19.31,56.86,3.27,0
Tecido,182.31,17.93,56.86,3.74,0
Tecido,182.50,16.55,56.86,3.24,0
Tecido,187.27,22.76,56.86,2.82,0
Tecido,188.57,24.14,56.86,3.51,0
Tecido,190.29,24.14,56.86,3.86,0
Tecido,182.07,20.00,56.86,3.90,0
Tecido,182.40,17.24,56.86,3.49,0
Tecido,182.22,18.62,56.86,4.10,0
Tecido,182.22,18.62,56.86,4.93,0
Tecido,183.75,22.07,56.86,4.56,0
Tecido,190.59,23.45,56.86,4.78,0
Tecido,190.59,23.45,56.86,4.79,0
Tecido,188.57,24.14,56.86,4.77,0
Tecido,190.29,24.14,56.86,4.99,0
Tecido,188.57,24.14,56.86,5.64,0
Tecido,184.14,20.00,56.86,5.77,0
Tecido,182.31,17.93,56.86,7.13,0
Tecido,182.31,17.93,56.86,7.62,0
Tecido,182.31,17.93,56.86,7.56,0
Tecido,184.00,20.69,56.86,6.68,0
Tecido,190.29,24.14,56.86,5.56,0
Tecido,190.59,23.45,56.86,4.80,0
Tecido,190.29,24.14,56.86,4.75,0
Tecido,186.00,20.69,56.86,4.89,0
Tecido,182.50,16.55,56.86,4.70,0
Tecido,182.31,17.93,56.86,4.58,0
Tecido,184.29,19.31,56.86,4.08,0
Tecido,190.59,23.45,56.86,4.25,0
Tecido,190.59,23.45,56.86,3.86,0
Tecido,181.87,22.07,56.86,3.68,0
Tecido,182.14,19.31,56.86,3.52,0
Tecido,182.50,16.55,56.86,3.17,0
Tecido,182.50,16.55,56.86,3.04,0
Tecido,189.09,22.76,56.86,3.15,0
Tecido,188.57,24.14,56.86,3.08,0
Tecido,188.33,24.83,56.86,2.76,0
Tecido,185.62,22.07,56.86,2.83,0
Tecido,182.14,19.31,56.86,2.39,0
Tecido,182.40,17.24,56.86,2.30,0
Tecido,182.50,16.55,56.86,2.17,0
Tecido,182.14,19.31,56.86,2.91,0
Tecido,190.29,24.14,56.86,2.49,0
Tecido,188.82,23.45,56.86,3.33,0
Tecido,185.62,22.07,56.86,3.03,0
Tecido,182.40,17.24,56.86,3.11,0
Tecido,182.40,17.24,56.86,3.33,0
Tecido,182.22,18.62,56.86,3.27,0
Tecido,183.75,22.07,56.86,2.84,0
Tecido,190.59,23.45,56.86,2.72,0
Tecido,188.82,23.45,56.86,3.93,0
Tecido,187.06,23.45,56.86,5.30,0
Tecido,187.06,23.45,56.86,4.97,0
Tecido,182.14,19.31,56.86,5.06,0
Tecido,182.14,19.31,56.86,5.09,0
Tecido,188.82,23.45,56.86,4.40,0
Tecido,190.59,23.45,56.86,3.89,0
Tecido,190.29,24.14,56.86,3.53,0
Tecido,190.59,23.45,56.86,3.26,0
Tecido,183.87,21.38,56.86,4.05,0
Tecido,182.14,19.31,56.86,4.25,0
Tecido,182.31,17.93,56.86,3.80,0
Tecido,182.31,17.93,56.86,3.28,0
Tecido,182.07,20.00,56.86,2.94,0
Tecido,190.91,22.76,56.86,3.49,0
Tecido,188.57,24.14,56.86,3.33,0
Tecido,190.29,24.14,56.86,3.15,0
Tecido,182.14,19.31,56.86,3.56,0
Tecido,182.40,17.24,56.86,3.19,0
Tecido,182.31,17.93,56.86,3.02,0
Tecido,182.14,19.31,56.86,2.79,0
Tecido,183.75,22.07,56.86,2.82,0
Tecido,190.29,24.14,56.86,3.11,0
Tecido,190.59,23.45,56.86,2.67,0
Tecido,190.29,24.14,56.86,2.94,0
Tecido,190.29,24.14,56.86,3.57,0
Tecido,190.91,22.76,56.86,3.46,0
Tecido,182.14,19.31,56.86,3.26,0
Tecido,182.31,17.93,56.86,3.06,0
Tecido,184.62,17.93,56.86,2.61,0
Tecido,187.74,21.38,56.86,2.40,0
Tecido,190.29,24.14,56.86,2.48,0
Tecido,190.29,24.14,56.86,2.51,0
Tecido,182.07,20.00,56.86,2.55,0
Tecido,182.50,16.55,56.86,2.50,0
Tecido,182.31,17.93,56.86,2.67,0
Tecido,184.14,20.00,56.86,2.51,0
Tecido,190.91,22.76,56.86,2.61,0
Tecido,188.82,23.45,56.86,2.20,0
Tecido,190.59,23.45,56.86,2.44,0
Tecido,182.22,18.62,56.86,2.20,0
Tecido,182.50,16.55,56.86,2.60,0
Tecido,182.31,17.93,56.86,2.43,0
Tecido,182.14,19.31,56.86,2.24,0
Tecido,183.64,22.76,56.86,2.08,0
Tecido,190.29,24.14,56.86,2.49,0
Tecido,186.67,24.83,56.86,3.59,0
Tecido,190.29,24.14,56.86,3.45,0
Tecido,182.14,19.31,56.86,3.15,0
Tecido,182.31,17.93,56.86,3.04,0
Tecido,182.31,17.93,56.86,3.01,0
Tecido,182.22,18.62,56.86,3.78,0
Tecido,185.81,21.38,56.86,3.99,0
Tecido,188.57,24.14,56.86,3.50,0
Tecido,190.29,24.14,56.86,4.20,0
Tecido,184.14,20.00,56.86,3.77,0
Tecido,182.22,18.62,56.86,3.54,0
Tecido,182.31,17.93,56.86,3.14,0
Tecido,184.00,20.69,56.86,3.08,0
Tecido,190.59,23.45,56.86,3.04,0
Tecido,190.29,24.14,56.86,3.35,0
Tecido,183.87,21.38,56.86,3.04,0
Tecido,182.40,17.24,56.86,2.77,0
Tecido,182.31,17.93,56.86,2.39,0
Tecido,184.14,20.00,56.86,2.86,0
Tecido,190.91,22.76,56.86,3.05,0
Tecido,190.29,24.14,56.86,3.11,0
Tecido,190.29,24.14,56.86,3.29,0
Tecido,190.00,24.83,56.86,3.60,0
Tecido,185.62,22.07,56.86,3.63,0
Tecido,182.14,19.31,56.86,3.92,0
Tecido,182.40,17.24,56.86,4.03,0
Tecido,184.29,19.31,56.86,3.89,0
Tecido,183.75,22.07,56.86,4.23,0
Tecido,190.29,24.14,56.86,3.65,0
Tecido,190.29,24.14,56.86,3.33,0
Tecido,189.09,22.76,56.86,2.97,0
Tecido,182.50,16.55,56.86,2.99,0
Tecido,182.40,17.24,56.86,2.66,0
Tecido,182.22,18.62,56.86,2.84,0
Tecido,185.81,21.38,56.86,3.59,0
Tecido,186.67,24.83,56.86,5.25,0
Tecido,190.59,23.45,56.86,5.18,0
